datetime,sym,price,size,side,ordertype,orderid,channelno,seqno,bizindex
2021-11-30 09:15:00.020,300557.SZ,26.15,100.0,1,2,1686,2014,-9223372036854775808,-9223372036854775808
2021-11-30 09:15:00.030,300557.SZ,27.51,1000.0,1,2,1995,2014,-9223372036854775808,-9223372036854775808
2021-11-30 09:15:00.030,300557.SZ,26.81,2000.0,1,2,2014,2014,-9223372036854775808,-9223372036854775808
2021-11-30 09:15:00.030,300557.SZ,26.11,2000.0,1,2,2055,2014,-9223372036854775808,-9223372036854775808
2021-11-30 09:15:00.040,300557.SZ,25.41,3000.0,1,2,3378,2014,-9223372036854775808,-9223372036854775808
2021-11-30 09:15:00.060,300557.SZ,28.96,200.0,-1,2,6879,2014,-9223372036854775808,-9223372036854775808
2021-11-30 09:15:00.060,300557.SZ,29.29,200.0,-1,2,6889,2014,-9223372036854775808,-9223372036854775808
2021-11-30 09:15:00.060,300557.SZ,29.8,100.0,-1,2,7328,2014,-9223372036854775808,-9223372036854775808
2021-11-30 09:15:00.060,300557.SZ,30.24,200.0,-1,2,7331,2014,-9223372036854775808,-9223372036854775808
2021-11-30 09:15:00.060,300557.SZ,29.8,100.0,-1,2,7333,2014,-9223372036854775808,-9223372036854775808
2021-11-30 09:15:00.100,300557.SZ,23.5,300.0,1,2,11020,2014,-9223372036854775808,-9223372036854775808
2021-11-30 09:15:00.190,300557.SZ,33.77,700.0,-1,2,19987,2014,-9223372036854775808,-9223372036854775808
2021-11-30 09:15:00.230,300557.SZ,33.76,3000.0,-1,2,23683,2014,-9223372036854775808,-9223372036854775808
2021-11-30 09:15:00.230,300557.SZ,23.0,3000.0,1,2,23701,2014,-9223372036854775808,-9223372036854775808
2021-11-30 09:15:00.230,300557.SZ,24.0,2000.0,1,2,23841,2014,-9223372036854775808,-9223372036854775808
2021-11-30 09:15:00.240,300557.SZ,26.0,2000.0,1,2,23997,2014,-9223372036854775808,-9223372036854775808
2021-11-30 09:15:00.240,300557.SZ,30.0,500.0,-1,2,24364,2014,-9223372036854775808,-9223372036854775808
2021-11-30 09:15:00.240,300557.SZ,32.0,500.0,-1,2,24365,2014,-9223372036854775808,-9223372036854775808
2021-11-30 09:15:00.240,300557.SZ,26.0,500.0,1,2,24366,2014,-9223372036854775808,-9223372036854775808
2021-11-30 09:15:00.240,300557.SZ,24.0,500.0,1,2,24367,2014,-9223372036854775808,-9223372036854775808
2021-11-30 09:15:00.240,300557.SZ,30.0,200.0,-1,2,24375,2014,-9223372036854775808,-9223372036854775808
2021-11-30 09:15:00.240,300557.SZ,32.0,200.0,-1,2,24376,2014,-9223372036854775808,-9223372036854775808
2021-11-30 09:15:00.240,300557.SZ,26.0,200.0,1,2,24377,2014,-9223372036854775808,-9223372036854775808
2021-11-30 09:15:00.240,300557.SZ,24.0,200.0,1,2,24378,2014,-9223372036854775808,-9223372036854775808
2021-11-30 09:15:00.250,300557.SZ,28.96,100.0,-1,2,25259,2014,-9223372036854775808,-9223372036854775808
2021-11-30 09:15:00.250,300557.SZ,29.09,300.0,-1,2,25260,2014,-9223372036854775808,-9223372036854775808
2021-11-30 09:15:00.250,300557.SZ,29.29,200.0,-1,2,25264,2014,-9223372036854775808,-9223372036854775808
2021-11-30 09:15:00.250,300557.SZ,28.96,100.0,-1,2,25276,2014,-9223372036854775808,-9223372036854775808
2021-11-30 09:15:00.250,300557.SZ,29.09,300.0,-1,2,25277,2014,-9223372036854775808,-9223372036854775808
2021-11-30 09:15:00.250,300557.SZ,29.29,200.0,-1,2,25278,2014,-9223372036854775808,-9223372036854775808
2021-11-30 09:15:00.270,300557.SZ,28.24,200.0,-1,2,27507,2014,-9223372036854775808,-9223372036854775808
2021-11-30 09:15:00.290,300557.SZ,30.9,300.0,-1,2,29015,2014,-9223372036854775808,-9223372036854775808
2021-11-30 09:15:00.480,300557.SZ,31.0,19900.0,-1,2,43865,2014,-9223372036854775808,-9223372036854775808
2021-11-30 09:15:00.520,300557.SZ,33.44,1000.0,-1,2,46635,2014,-9223372036854775808,-9223372036854775808
2021-11-30 09:15:00.550,300557.SZ,28.7,200.0,-1,2,48574,2014,-9223372036854775808,-9223372036854775808
2021-11-30 09:15:00.550,300557.SZ,29.0,300.0,-1,2,48575,2014,-9223372036854775808,-9223372036854775808
2021-11-30 09:15:00.550,300557.SZ,27.0,600.0,1,2,48578,2014,-9223372036854775808,-9223372036854775808
2021-11-30 09:15:00.800,300557.SZ,23.22,600.0,1,2,62893,2014,-9223372036854775808,-9223372036854775808
2021-11-30 09:15:00.820,300557.SZ,28.88,1000.0,-1,2,63961,2014,-9223372036854775808,-9223372036854775808
2021-11-30 09:15:00.870,300557.SZ,28.88,200.0,-1,2,66058,2014,-9223372036854775808,-9223372036854775808
2021-11-30 09:15:00.920,300557.SZ,31.61,200.0,-1,2,68894,2014,-9223372036854775808,-9223372036854775808
2021-11-30 09:15:01.020,300557.SZ,27.41,400.0,1,2,73183,2014,-9223372036854775808,-9223372036854775808
2021-11-30 09:15:01.190,300557.SZ,30.5,4000.0,-1,2,81348,2014,-9223372036854775808,-9223372036854775808
2021-11-30 09:15:01.310,300557.SZ,26.5,4100.0,1,2,87003,2014,-9223372036854775808,-9223372036854775808
2021-11-30 09:15:01.510,300557.SZ,28.66,700.0,-1,2,94624,2014,-9223372036854775808,-9223372036854775808
2021-11-30 09:15:01.510,300557.SZ,27.7,800.0,1,2,94627,2014,-9223372036854775808,-9223372036854775808
2021-11-30 09:15:01.660,300557.SZ,23.01,100.0,1,2,99729,2014,-9223372036854775808,-9223372036854775808
2021-11-30 09:15:01.740,300557.SZ,27.8,200.0,1,2,102400,2014,-9223372036854775808,-9223372036854775808
2021-11-30 09:15:01.740,300557.SZ,27.0,1000.0,1,2,102401,2014,-9223372036854775808,-9223372036854775808
2021-11-30 09:15:01.740,300557.SZ,27.5,500.0,1,2,102402,2014,-9223372036854775808,-9223372036854775808
2021-11-30 09:15:01.740,300557.SZ,28.5,300.0,-1,2,102403,2014,-9223372036854775808,-9223372036854775808
2021-11-30 09:15:01.740,300557.SZ,28.7,400.0,-1,2,102404,2014,-9223372036854775808,-9223372036854775808
2021-11-30 09:15:01.740,300557.SZ,29.0,400.0,-1,2,102405,2014,-9223372036854775808,-9223372036854775808
2021-11-30 09:15:01.840,300557.SZ,29.29,3400.0,-1,2,105831,2014,-9223372036854775808,-9223372036854775808
2021-11-30 09:15:01.840,300557.SZ,28.5,300.0,-1,2,105926,2014,-9223372036854775808,-9223372036854775808
2021-11-30 09:15:01.840,300557.SZ,28.7,300.0,-1,2,105927,2014,-9223372036854775808,-9223372036854775808
2021-11-30 09:15:01.840,300557.SZ,29.0,400.0,-1,2,105928,2014,-9223372036854775808,-9223372036854775808
2021-11-30 09:15:01.840,300557.SZ,27.5,400.0,1,2,105929,2014,-9223372036854775808,-9223372036854775808
2021-11-30 09:15:01.840,300557.SZ,27.0,800.0,1,2,105930,2014,-9223372036854775808,-9223372036854775808
2021-11-30 09:15:01.920,300557.SZ,28.38,400.0,-1,2,108756,2014,-9223372036854775808,-9223372036854775808
2021-11-30 09:15:01.920,300557.SZ,28.56,400.0,-1,2,108758,2014,-9223372036854775808,-9223372036854775808
2021-11-30 09:15:01.920,300557.SZ,28.78,400.0,-1,2,108759,2014,-9223372036854775808,-9223372036854775808
2021-11-30 09:15:02.310,300557.SZ,25.55,400.0,1,2,121706,2014,-9223372036854775808,-9223372036854775808
2021-11-30 09:15:02.330,300557.SZ,22.51,700.0,1,2,122402,2014,-9223372036854775808,-9223372036854775808
2021-11-30 09:15:02.420,300557.SZ,26.5,800.0,1,2,124147,2014,-9223372036854775808,-9223372036854775808
2021-11-30 09:15:02.420,300557.SZ,26.0,1500.0,1,2,124148,2014,-9223372036854775808,-9223372036854775808
2021-11-30 09:15:02.420,300557.SZ,27.0,600.0,1,2,124152,2014,-9223372036854775808,-9223372036854775808
2021-11-30 09:15:02.420,300557.SZ,27.0,800.0,1,2,124162,2014,-9223372036854775808,-9223372036854775808
2021-11-30 09:15:02.420,300557.SZ,28.7,200.0,-1,2,124166,2014,-9223372036854775808,-9223372036854775808
2021-11-30 09:15:02.420,300557.SZ,29.0,300.0,-1,2,124167,2014,-9223372036854775808,-9223372036854775808
2021-11-30 09:15:02.420,300557.SZ,27.95,500.0,1,2,124298,2014,-9223372036854775808,-9223372036854775808
2021-11-30 09:15:02.650,300557.SZ,23.01,100.0,1,2,128508,2014,-9223372036854775808,-9223372036854775808
2021-11-30 09:15:02.730,300557.SZ,29.0,300.0,-1,2,129961,2014,-9223372036854775808,-9223372036854775808
2021-11-30 09:15:02.860,300557.SZ,22.79,1000.0,1,2,132506,2014,-9223372036854775808,-9223372036854775808
2021-11-30 09:15:03.040,300557.SZ,29.78,400.0,-1,2,136584,2014,-9223372036854775808,-9223372036854775808
2021-11-30 09:15:03.140,300557.SZ,28.22,800.0,-1,2,138936,2014,-9223372036854775808,-9223372036854775808
2021-11-30 09:15:03.300,300557.SZ,23.1,16400.0,-1,2,142354,2014,-9223372036854775808,-9223372036854775808
2021-11-30 09:15:03.340,300557.SZ,33.33,100.0,-1,2,143166,2014,-9223372036854775808,-9223372036854775808
2021-11-30 09:15:03.410,300557.SZ,33.73,1800.0,-1,2,143972,2014,-9223372036854775808,-9223372036854775808
2021-11-30 09:15:03.750,300557.SZ,30.96,500.0,-1,2,148808,2014,-9223372036854775808,-9223372036854775808
2021-11-30 09:15:04.150,300557.SZ,27.27,500.0,1,2,156593,2014,-9223372036854775808,-9223372036854775808
2021-11-30 09:15:04.310,300557.SZ,33.7,600.0,-1,2,158971,2014,-9223372036854775808,-9223372036854775808
2021-11-30 09:15:04.800,300557.SZ,29.97,500.0,-1,2,163814,2014,-9223372036854775808,-9223372036854775808
2021-11-30 09:15:04.800,300557.SZ,30.77,500.0,-1,2,163822,2014,-9223372036854775808,-9223372036854775808
2021-11-30 09:15:04.800,300557.SZ,31.77,1000.0,-1,2,163831,2014,-9223372036854775808,-9223372036854775808
2021-11-30 09:15:05.070,300557.SZ,29.97,500.0,-1,2,166971,2014,-9223372036854775808,-9223372036854775808
2021-11-30 09:15:05.070,300557.SZ,32.96,600.0,-1,2,166972,2014,-9223372036854775808,-9223372036854775808
2021-11-30 09:15:07.330,300557.SZ,27.51,300.0,1,2,183844,2014,-9223372036854775808,-9223372036854775808
2021-11-30 09:15:12.740,300557.SZ,22.51,100.0,1,2,197972,2014,-9223372036854775808,-9223372036854775808
2021-11-30 09:15:14.560,300557.SZ,30.0,1000.0,-1,2,199860,2014,-9223372036854775808,-9223372036854775808
2021-11-30 09:15:44.870,300557.SZ,27.9,500.0,1,2,206071,2014,-9223372036854775808,-9223372036854775808
2021-11-30 09:15:53.400,300557.SZ,26.45,3000.0,1,2,207680,2014,-9223372036854775808,-9223372036854775808
2021-11-30 09:15:59.030,300557.SZ,33.76,5000.0,-1,2,211031,2014,-9223372036854775808,-9223372036854775808
2021-11-30 09:16:35.590,300557.SZ,22.51,30000.0,-1,2,218913,2014,-9223372036854775808,-9223372036854775808
2021-11-30 09:16:39.950,300557.SZ,26.54,900.0,1,2,219871,2014,-9223372036854775808,-9223372036854775808
2021-11-30 09:16:59.120,300557.SZ,33.7,4800.0,-1,2,225466,2014,-9223372036854775808,-9223372036854775808
2021-11-30 09:17:07.200,300557.SZ,23.1,600.0,1,2,227505,2014,-9223372036854775808,-9223372036854775808
2021-11-30 09:17:26.740,300557.SZ,31.98,6000.0,-1,2,232362,2014,-9223372036854775808,-9223372036854775808
2021-11-30 09:17:29.710,300557.SZ,26.5,300.0,1,2,233083,2014,-9223372036854775808,-9223372036854775808
2021-11-30 09:18:03.570,300557.SZ,33.76,500.0,-1,2,241860,2014,-9223372036854775808,-9223372036854775808
2021-11-30 09:18:26.180,300557.SZ,26.51,1000.0,1,2,248003,2014,-9223372036854775808,-9223372036854775808
2021-11-30 09:18:29.440,300557.SZ,24.44,400.0,1,2,248933,2014,-9223372036854775808,-9223372036854775808
2021-11-30 09:18:34.320,300557.SZ,27.88,600.0,1,2,250252,2014,-9223372036854775808,-9223372036854775808
2021-11-30 09:18:50.660,300557.SZ,28.39,1100.0,-1,2,254873,2014,-9223372036854775808,-9223372036854775808
2021-11-30 09:19:05.260,300557.SZ,26.55,1800.0,1,2,259007,2014,-9223372036854775808,-9223372036854775808
2021-11-30 09:19:12.770,300557.SZ,26.6,300.0,1,2,261171,2014,-9223372036854775808,-9223372036854775808
2021-11-30 09:19:44.020,300557.SZ,26.53,8700.0,1,2,269916,2014,-9223372036854775808,-9223372036854775808
2021-11-30 09:21:35.600,300557.SZ,28.21,1100.0,-1,2,301074,2014,-9223372036854775808,-9223372036854775808
2021-11-30 09:21:40.060,300557.SZ,24.88,1600.0,1,2,302418,2014,-9223372036854775808,-9223372036854775808
2021-11-30 09:21:55.870,300557.SZ,23.14,1300.0,1,2,307275,2014,-9223372036854775808,-9223372036854775808
2021-11-30 09:22:05.540,300557.SZ,24.42,1500.0,1,2,310521,2014,-9223372036854775808,-9223372036854775808
2021-11-30 09:22:13.050,300557.SZ,33.77,100.0,-1,2,313032,2014,-9223372036854775808,-9223372036854775808
2021-11-30 09:22:21.270,300557.SZ,33.77,100.0,-1,2,315770,2014,-9223372036854775808,-9223372036854775808
2021-11-30 09:22:34.460,300557.SZ,30.5,300.0,-1,2,320456,2014,-9223372036854775808,-9223372036854775808
2021-11-30 09:22:48.090,300557.SZ,33.77,700.0,-1,2,325270,2014,-9223372036854775808,-9223372036854775808
2021-11-30 09:23:28.060,300557.SZ,28.38,1000.0,-1,2,340427,2014,-9223372036854775808,-9223372036854775808
2021-11-30 09:23:53.440,300557.SZ,26.5,1700.0,1,2,351013,2014,-9223372036854775808,-9223372036854775808
2021-11-30 09:23:58.870,300557.SZ,28.87,400.0,-1,2,353443,2014,-9223372036854775808,-9223372036854775808
2021-11-30 09:24:59.850,300557.SZ,28.48,700.0,-1,2,403482,2014,-9223372036854775808,-9223372036854775808
2021-11-30 09:30:00.070,300557.SZ,27.77,3600.0,1,2,474092,2014,-9223372036854775808,-9223372036854775808
2021-11-30 09:30:00.070,300557.SZ,26.78,1000.0,1,2,474154,2014,-9223372036854775808,-9223372036854775808
2021-11-30 09:30:00.090,300557.SZ,28.9,100.0,1,2,477686,2014,-9223372036854775808,-9223372036854775808
2021-11-30 09:30:00.130,300557.SZ,27.96,200.0,1,2,484711,2014,-9223372036854775808,-9223372036854775808
2021-11-30 09:30:00.170,300557.SZ,33.77,10000.0,-1,2,493134,2014,-9223372036854775808,-9223372036854775808
2021-11-30 09:30:00.200,300557.SZ,27.95,1000.0,1,2,499626,2014,-9223372036854775808,-9223372036854775808
2021-11-30 09:30:00.300,300557.SZ,28.2,1000.0,-1,2,515850,2014,-9223372036854775808,-9223372036854775808
2021-11-30 09:30:00.310,300557.SZ,28.3,600.0,-1,2,516771,2014,-9223372036854775808,-9223372036854775808
2021-11-30 09:30:00.330,300557.SZ,27.96,200.0,1,2,519966,2014,-9223372036854775808,-9223372036854775808
2021-11-30 09:30:00.440,300557.SZ,27.96,1400.0,1,2,531687,2014,-9223372036854775808,-9223372036854775808
2021-11-30 09:30:00.470,300557.SZ,27.91,200.0,1,2,535745,2014,-9223372036854775808,-9223372036854775808
2021-11-30 09:30:00.510,300557.SZ,28.18,500.0,-1,2,538880,2014,-9223372036854775808,-9223372036854775808
2021-11-30 09:30:01.040,300557.SZ,27.81,5000.0,1,2,583666,2014,-9223372036854775808,-9223372036854775808
2021-11-30 09:30:01.170,300557.SZ,33.58,200.0,-1,2,594748,2014,-9223372036854775808,-9223372036854775808
2021-11-30 09:30:01.580,300557.SZ,29.71,500.0,-1,2,616019,2014,-9223372036854775808,-9223372036854775808
2021-11-30 09:30:01.630,300557.SZ,27.91,1000.0,1,2,619043,2014,-9223372036854775808,-9223372036854775808
2021-11-30 09:30:01.850,300557.SZ,33.68,6000.0,-1,2,632543,2014,-9223372036854775808,-9223372036854775808
2021-11-30 09:30:02.170,300557.SZ,28.45,100.0,1,2,650525,2014,-9223372036854775808,-9223372036854775808
2021-11-30 09:30:02.170,300557.SZ,28.45,100.0,1,2,650530,2014,-9223372036854775808,-9223372036854775808
2021-11-30 09:30:02.170,300557.SZ,28.45,100.0,1,2,650547,2014,-9223372036854775808,-9223372036854775808
2021-11-30 09:30:02.460,300557.SZ,27.71,200.0,1,2,664156,2014,-9223372036854775808,-9223372036854775808
2021-11-30 09:30:02.740,300557.SZ,28.0,400.0,1,2,676559,2014,-9223372036854775808,-9223372036854775808
2021-11-30 09:30:02.910,300557.SZ,27.5,500.0,1,2,683672,2014,-9223372036854775808,-9223372036854775808
2021-11-30 09:30:03.480,300557.SZ,28.37,1100.0,-1,2,708961,2014,-9223372036854775808,-9223372036854775808
2021-11-30 09:30:03.560,300557.SZ,28.45,100.0,1,2,712016,2014,-9223372036854775808,-9223372036854775808
2021-11-30 09:30:03.560,300557.SZ,28.45,100.0,1,2,712030,2014,-9223372036854775808,-9223372036854775808
2021-11-30 09:30:03.560,300557.SZ,28.45,100.0,1,2,712032,2014,-9223372036854775808,-9223372036854775808
2021-11-30 09:30:03.630,300557.SZ,30.0,8400.0,-1,2,715118,2014,-9223372036854775808,-9223372036854775808
2021-11-30 09:30:04.520,300557.SZ,27.97,100.0,1,2,758403,2014,-9223372036854775808,-9223372036854775808
2021-11-30 09:30:04.560,300557.SZ,28.21,200.0,1,2,759933,2014,-9223372036854775808,-9223372036854775808
2021-11-30 09:30:04.610,300557.SZ,28.18,100.0,1,2,762395,2014,-9223372036854775808,-9223372036854775808
2021-11-30 09:30:04.670,300557.SZ,28.1,100.0,1,2,765269,2014,-9223372036854775808,-9223372036854775808
2021-11-30 09:30:04.670,300557.SZ,28.1,100.0,1,2,765289,2014,-9223372036854775808,-9223372036854775808
2021-11-30 09:30:04.720,300557.SZ,28.37,200.0,-1,2,766586,2014,-9223372036854775808,-9223372036854775808
2021-11-30 09:30:05.010,300557.SZ,27.97,500.0,1,2,775618,2014,-9223372036854775808,-9223372036854775808
2021-11-30 09:30:05.030,300557.SZ,27.96,400.0,1,2,776237,2014,-9223372036854775808,-9223372036854775808
2021-11-30 09:30:05.210,300557.SZ,28.2,100.0,1,2,781354,2014,-9223372036854775808,-9223372036854775808
2021-11-30 09:30:05.330,300557.SZ,28.0,400.0,1,2,785551,2014,-9223372036854775808,-9223372036854775808
2021-11-30 09:30:07.520,300557.SZ,28.19,400.0,-1,2,845204,2014,-9223372036854775808,-9223372036854775808
2021-11-30 09:30:07.520,300557.SZ,28.19,400.0,-1,2,845210,2014,-9223372036854775808,-9223372036854775808
2021-11-30 09:30:07.520,300557.SZ,28.19,400.0,-1,2,845513,2014,-9223372036854775808,-9223372036854775808
2021-11-30 09:30:07.520,300557.SZ,28.19,400.0,-1,2,845515,2014,-9223372036854775808,-9223372036854775808
2021-11-30 09:30:07.520,300557.SZ,28.19,400.0,-1,2,845519,2014,-9223372036854775808,-9223372036854775808
2021-11-30 09:30:07.520,300557.SZ,28.19,400.0,-1,2,845520,2014,-9223372036854775808,-9223372036854775808
2021-11-30 09:30:07.520,300557.SZ,28.19,400.0,-1,2,845523,2014,-9223372036854775808,-9223372036854775808
2021-11-30 09:30:07.520,300557.SZ,28.19,400.0,-1,2,845526,2014,-9223372036854775808,-9223372036854775808
2021-11-30 09:30:07.520,300557.SZ,28.19,400.0,-1,2,845527,2014,-9223372036854775808,-9223372036854775808
2021-11-30 09:30:07.520,300557.SZ,28.19,400.0,-1,2,845535,2014,-9223372036854775808,-9223372036854775808
2021-11-30 09:30:07.540,300557.SZ,28.2,100.0,1,2,845970,2014,-9223372036854775808,-9223372036854775808
2021-11-30 09:30:07.600,300557.SZ,28.2,200.0,1,2,848345,2014,-9223372036854775808,-9223372036854775808
2021-11-30 09:30:07.600,300557.SZ,28.2,100.0,1,2,848347,2014,-9223372036854775808,-9223372036854775808
2021-11-30 09:30:07.680,300557.SZ,28.13,100.0,1,2,850434,2014,-9223372036854775808,-9223372036854775808
2021-11-30 09:30:08.140,300557.SZ,28.32,100.0,1,2,858639,2014,-9223372036854775808,-9223372036854775808
2021-11-30 09:30:08.240,300557.SZ,28.04,300.0,1,2,860253,2014,-9223372036854775808,-9223372036854775808
2021-11-30 09:30:09.960,300557.SZ,28.1,100.0,1,2,886492,2014,-9223372036854775808,-9223372036854775808
2021-11-30 09:30:10.090,300557.SZ,28.1,100.0,1,2,890418,2014,-9223372036854775808,-9223372036854775808
2021-11-30 09:30:10.110,300557.SZ,33.31,5900.0,-1,2,891093,2014,-9223372036854775808,-9223372036854775808
2021-11-30 09:30:10.180,300557.SZ,28.13,100.0,1,2,892762,2014,-9223372036854775808,-9223372036854775808
2021-11-30 09:30:10.530,300557.SZ,28.2,100.0,1,2,902840,2014,-9223372036854775808,-9223372036854775808
2021-11-30 09:30:10.540,300557.SZ,28.2,100.0,1,2,902953,2014,-9223372036854775808,-9223372036854775808
2021-11-30 09:30:10.590,300557.SZ,28.22,100.0,1,2,903683,2014,-9223372036854775808,-9223372036854775808
2021-11-30 09:30:10.740,300557.SZ,28.2,300.0,1,2,907022,2014,-9223372036854775808,-9223372036854775808
2021-11-30 09:30:12.240,300557.SZ,28.18,100.0,-1,2,922515,2014,-9223372036854775808,-9223372036854775808
2021-11-30 09:30:12.240,300557.SZ,28.18,100.0,-1,2,922517,2014,-9223372036854775808,-9223372036854775808
2021-11-30 09:30:12.310,300557.SZ,28.18,100.0,-1,2,923752,2014,-9223372036854775808,-9223372036854775808
2021-11-30 09:30:12.310,300557.SZ,28.18,100.0,-1,2,923753,2014,-9223372036854775808,-9223372036854775808
2021-11-30 09:30:12.610,300557.SZ,28.18,100.0,-1,2,926337,2014,-9223372036854775808,-9223372036854775808
2021-11-30 09:30:12.610,300557.SZ,28.18,100.0,-1,2,926338,2014,-9223372036854775808,-9223372036854775808
2021-11-30 09:30:13.510,300557.SZ,28.19,100.0,1,2,947015,2014,-9223372036854775808,-9223372036854775808
2021-11-30 09:30:13.520,300557.SZ,28.22,100.0,1,2,947535,2014,-9223372036854775808,-9223372036854775808
2021-11-30 09:30:13.540,300557.SZ,28.22,200.0,1,2,947818,2014,-9223372036854775808,-9223372036854775808
2021-11-30 09:30:13.600,300557.SZ,28.22,200.0,1,2,949635,2014,-9223372036854775808,-9223372036854775808
2021-11-30 09:30:16.460,300557.SZ,28.18,100.0,1,2,998756,2014,-9223372036854775808,-9223372036854775808
2021-11-30 09:30:16.460,300557.SZ,28.18,100.0,1,2,998820,2014,-9223372036854775808,-9223372036854775808
2021-11-30 09:30:16.460,300557.SZ,28.18,100.0,1,2,998840,2014,-9223372036854775808,-9223372036854775808
2021-11-30 09:30:16.460,300557.SZ,28.18,100.0,1,2,998844,2014,-9223372036854775808,-9223372036854775808
2021-11-30 09:30:16.460,300557.SZ,28.18,100.0,1,2,998845,2014,-9223372036854775808,-9223372036854775808
2021-11-30 09:30:16.490,300557.SZ,28.19,100.0,1,2,999941,2014,-9223372036854775808,-9223372036854775808
2021-11-30 09:30:16.560,300557.SZ,28.19,100.0,1,2,1001925,2014,-9223372036854775808,-9223372036854775808
2021-11-30 09:30:16.770,300557.SZ,28.2,100.0,1,2,1005489,2014,-9223372036854775808,-9223372036854775808
2021-11-30 09:30:16.780,300557.SZ,28.2,100.0,1,2,1005546,2014,-9223372036854775808,-9223372036854775808
2021-11-30 09:30:16.870,300557.SZ,28.2,100.0,1,2,1006675,2014,-9223372036854775808,-9223372036854775808
2021-11-30 09:30:16.970,300557.SZ,28.2,200.0,1,2,1007827,2014,-9223372036854775808,-9223372036854775808
2021-11-30 09:30:17.480,300557.SZ,28.21,100.0,1,2,1016598,2014,-9223372036854775808,-9223372036854775808
2021-11-30 09:30:18.300,300557.SZ,28.21,100.0,1,2,1028368,2014,-9223372036854775808,-9223372036854775808
2021-11-30 09:30:18.300,300557.SZ,28.21,100.0,1,2,1028370,2014,-9223372036854775808,-9223372036854775808
2021-11-30 09:30:18.300,300557.SZ,28.21,100.0,1,2,1028372,2014,-9223372036854775808,-9223372036854775808
2021-11-30 09:30:18.300,300557.SZ,28.21,100.0,1,2,1028374,2014,-9223372036854775808,-9223372036854775808
2021-11-30 09:30:18.330,300557.SZ,28.21,100.0,1,2,1028870,2014,-9223372036854775808,-9223372036854775808
2021-11-30 09:30:18.340,300557.SZ,28.21,600.0,1,2,1028919,2014,-9223372036854775808,-9223372036854775808
2021-11-30 09:30:19.440,300557.SZ,28.19,100.0,1,2,1050895,2014,-9223372036854775808,-9223372036854775808
2021-11-30 09:30:19.450,300557.SZ,28.2,100.0,1,2,1051016,2014,-9223372036854775808,-9223372036854775808
2021-11-30 09:30:19.450,300557.SZ,28.2,100.0,1,2,1051141,2014,-9223372036854775808,-9223372036854775808
2021-11-30 09:30:19.450,300557.SZ,28.2,100.0,1,2,1051155,2014,-9223372036854775808,-9223372036854775808
2021-11-30 09:30:19.450,300557.SZ,28.2,100.0,1,2,1051160,2014,-9223372036854775808,-9223372036854775808
2021-11-30 09:30:19.450,300557.SZ,28.2,100.0,1,2,1051165,2014,-9223372036854775808,-9223372036854775808
2021-11-30 09:30:19.450,300557.SZ,28.2,100.0,1,2,1051181,2014,-9223372036854775808,-9223372036854775808
2021-11-30 09:30:19.450,300557.SZ,28.2,100.0,1,2,1051191,2014,-9223372036854775808,-9223372036854775808
2021-11-30 09:30:19.460,300557.SZ,28.22,100.0,1,2,1051314,2014,-9223372036854775808,-9223372036854775808
2021-11-30 09:30:19.480,300557.SZ,28.23,100.0,1,2,1051740,2014,-9223372036854775808,-9223372036854775808
2021-11-30 09:30:19.550,300557.SZ,28.23,100.0,1,2,1053001,2014,-9223372036854775808,-9223372036854775808
2021-11-30 09:30:20.420,300557.SZ,28.49,500.0,-1,2,1065049,2014,-9223372036854775808,-9223372036854775808
2021-11-30 09:30:22.050,300557.SZ,28.2,200.0,1,2,1088787,2014,-9223372036854775808,-9223372036854775808
2021-11-30 09:30:22.070,300557.SZ,28.22,100.0,1,2,1089296,2014,-9223372036854775808,-9223372036854775808
2021-11-30 09:30:22.090,300557.SZ,28.22,200.0,1,2,1089710,2014,-9223372036854775808,-9223372036854775808
2021-11-30 09:30:22.090,300557.SZ,28.22,400.0,1,2,1089809,2014,-9223372036854775808,-9223372036854775808
2021-11-30 09:30:22.440,300557.SZ,28.22,100.0,1,2,1096783,2014,-9223372036854775808,-9223372036854775808
2021-11-30 09:30:22.450,300557.SZ,28.22,100.0,1,2,1096985,2014,-9223372036854775808,-9223372036854775808
2021-11-30 09:30:22.450,300557.SZ,28.22,100.0,1,2,1096992,2014,-9223372036854775808,-9223372036854775808
2021-11-30 09:30:22.450,300557.SZ,28.22,100.0,1,2,1096993,2014,-9223372036854775808,-9223372036854775808
2021-11-30 09:30:22.450,300557.SZ,28.22,100.0,1,2,1097197,2014,-9223372036854775808,-9223372036854775808
2021-11-30 09:30:22.450,300557.SZ,28.22,100.0,1,2,1097198,2014,-9223372036854775808,-9223372036854775808
2021-11-30 09:30:22.450,300557.SZ,28.22,100.0,1,2,1097199,2014,-9223372036854775808,-9223372036854775808
2021-11-30 09:30:22.470,300557.SZ,28.24,100.0,1,2,1097760,2014,-9223372036854775808,-9223372036854775808
2021-11-30 09:30:23.550,300557.SZ,28.18,600.0,-1,2,1110849,2014,-9223372036854775808,-9223372036854775808
2021-11-30 09:30:23.560,300557.SZ,27.01,100.0,1,2,1110878,2014,-9223372036854775808,-9223372036854775808
2021-11-30 09:30:25.430,300557.SZ,28.24,100.0,1,2,1136890,2014,-9223372036854775808,-9223372036854775808
2021-11-30 09:30:25.450,300557.SZ,28.24,100.0,1,2,1137163,2014,-9223372036854775808,-9223372036854775808
2021-11-30 09:30:25.460,300557.SZ,28.26,100.0,1,2,1137680,2014,-9223372036854775808,-9223372036854775808
2021-11-30 09:30:28.480,300557.SZ,28.31,100.0,1,2,1177377,2014,-9223372036854775808,-9223372036854775808
2021-11-30 09:30:30.310,300557.SZ,28.26,100.0,1,2,1199048,2014,-9223372036854775808,-9223372036854775808
2021-11-30 09:30:30.630,300557.SZ,28.26,100.0,1,2,1202509,2014,-9223372036854775808,-9223372036854775808
2021-11-30 09:30:31.480,300557.SZ,28.3,100.0,1,2,1219448,2014,-9223372036854775808,-9223372036854775808
2021-11-30 09:30:31.480,300557.SZ,28.3,100.0,1,2,1219456,2014,-9223372036854775808,-9223372036854775808
2021-11-30 09:30:31.490,300557.SZ,28.27,100.0,1,2,1219700,2014,-9223372036854775808,-9223372036854775808
2021-11-30 09:30:32.300,300557.SZ,28.36,500.0,-1,2,1230422,2014,-9223372036854775808,-9223372036854775808
2021-11-30 09:30:34.260,300557.SZ,27.97,400.0,1,2,1256668,2014,-9223372036854775808,-9223372036854775808
2021-11-30 09:30:34.460,300557.SZ,28.3,100.0,1,2,1260289,2014,-9223372036854775808,-9223372036854775808
2021-11-30 09:30:38.680,300557.SZ,28.33,1100.0,1,2,1311493,2014,-9223372036854775808,-9223372036854775808
2021-11-30 09:30:38.690,300557.SZ,28.27,100.0,1,2,1311583,2014,-9223372036854775808,-9223372036854775808
2021-11-30 09:30:38.700,300557.SZ,28.33,100.0,1,2,1311636,2014,-9223372036854775808,-9223372036854775808
2021-11-30 09:30:41.910,300557.SZ,28.28,1200.0,-1,2,1348382,2014,-9223372036854775808,-9223372036854775808
2021-11-30 09:30:41.920,300557.SZ,28.28,100.0,1,2,1348539,2014,-9223372036854775808,-9223372036854775808
2021-11-30 09:30:42.010,300557.SZ,28.28,200.0,1,2,1349144,2014,-9223372036854775808,-9223372036854775808
2021-11-30 09:30:42.060,300557.SZ,28.29,100.0,1,2,1349808,2014,-9223372036854775808,-9223372036854775808
2021-11-30 09:30:44.900,300557.SZ,28.24,100.0,1,2,1380602,2014,-9223372036854775808,-9223372036854775808
2021-11-30 09:30:46.410,300557.SZ,28.29,100.0,1,2,1397102,2014,-9223372036854775808,-9223372036854775808
2021-11-30 09:30:46.470,300557.SZ,28.27,400.0,-1,2,1397871,2014,-9223372036854775808,-9223372036854775808
2021-11-30 09:30:46.490,300557.SZ,28.27,100.0,1,2,1398151,2014,-9223372036854775808,-9223372036854775808
2021-11-30 09:30:46.550,300557.SZ,28.35,300.0,-1,2,1398889,2014,-9223372036854775808,-9223372036854775808
2021-11-30 09:30:48.310,300557.SZ,28.29,300.0,-1,2,1415136,2014,-9223372036854775808,-9223372036854775808
2021-11-30 09:31:03.780,300557.SZ,28.31,1600.0,1,2,1572610,2014,-9223372036854775808,-9223372036854775808
2021-11-30 09:31:04.070,300557.SZ,28.35,300.0,1,2,1576996,2014,-9223372036854775808,-9223372036854775808
2021-11-30 09:31:04.070,300557.SZ,28.32,400.0,1,2,1576998,2014,-9223372036854775808,-9223372036854775808
2021-11-30 09:31:04.170,300557.SZ,28.77,100.0,1,2,1578946,2014,-9223372036854775808,-9223372036854775808
2021-11-30 09:31:07.460,300557.SZ,28.36,100.0,1,2,1620902,2014,-9223372036854775808,-9223372036854775808
2021-11-30 09:31:12.820,300557.SZ,28.8,100.0,-1,2,1680624,2014,-9223372036854775808,-9223372036854775808
2021-11-30 09:31:13.140,300557.SZ,28.36,400.0,-1,2,1685540,2014,-9223372036854775808,-9223372036854775808
2021-11-30 09:31:13.690,300557.SZ,28.36,300.0,1,2,1692769,2014,-9223372036854775808,-9223372036854775808
2021-11-30 09:31:13.730,300557.SZ,28.36,300.0,1,2,1693025,2014,-9223372036854775808,-9223372036854775808
2021-11-30 09:31:14.330,300557.SZ,28.36,100.0,1,2,1699248,2014,-9223372036854775808,-9223372036854775808
2021-11-30 09:31:22.150,300557.SZ,28.36,1100.0,-1,2,1782957,2014,-9223372036854775808,-9223372036854775808
2021-11-30 09:31:22.530,300557.SZ,28.36,100.0,1,2,1788043,2014,-9223372036854775808,-9223372036854775808
2021-11-30 09:31:24.420,300557.SZ,27.0,100.0,1,2,1805244,2014,-9223372036854775808,-9223372036854775808
2021-11-30 09:31:27.560,300557.SZ,28.33,100.0,-1,2,1835824,2014,-9223372036854775808,-9223372036854775808
2021-11-30 09:31:27.580,300557.SZ,28.49,300.0,-1,2,1835942,2014,-9223372036854775808,-9223372036854775808
2021-11-30 09:31:30.620,300557.SZ,28.32,100.0,1,2,1864648,2014,-9223372036854775808,-9223372036854775808
2021-11-30 09:31:30.740,300557.SZ,28.3,100.0,-1,2,1865924,2014,-9223372036854775808,-9223372036854775808
2021-11-30 09:31:32.060,300557.SZ,28.33,200.0,1,2,1880146,2014,-9223372036854775808,-9223372036854775808
2021-11-30 09:31:32.150,300557.SZ,28.36,200.0,1,2,1880948,2014,-9223372036854775808,-9223372036854775808
2021-11-30 09:31:32.260,300557.SZ,28.37,700.0,1,2,1882151,2014,-9223372036854775808,-9223372036854775808
2021-11-30 09:31:35.160,300557.SZ,28.35,100.0,-1,2,1909897,2014,-9223372036854775808,-9223372036854775808
2021-11-30 09:31:35.460,300557.SZ,28.35,100.0,1,2,1912585,2014,-9223372036854775808,-9223372036854775808
2021-11-30 09:31:37.430,300557.SZ,28.37,100.0,1,2,1931078,2014,-9223372036854775808,-9223372036854775808
2021-11-30 09:31:37.460,300557.SZ,28.33,700.0,1,2,1931330,2014,-9223372036854775808,-9223372036854775808
2021-11-30 09:31:37.480,300557.SZ,28.33,700.0,1,2,1931474,2014,-9223372036854775808,-9223372036854775808
2021-11-30 09:31:37.480,300557.SZ,28.33,400.0,1,2,1931502,2014,-9223372036854775808,-9223372036854775808
2021-11-30 09:31:37.730,300557.SZ,28.33,200.0,1,2,1933774,2014,-9223372036854775808,-9223372036854775808
2021-11-30 09:31:38.030,300557.SZ,28.37,100.0,1,2,1936060,2014,-9223372036854775808,-9223372036854775808
2021-11-30 09:31:38.140,300557.SZ,28.33,100.0,1,2,1937098,2014,-9223372036854775808,-9223372036854775808
2021-11-30 09:31:38.140,300557.SZ,28.34,400.0,1,2,1937113,2014,-9223372036854775808,-9223372036854775808
2021-11-30 09:31:38.140,300557.SZ,28.38,1400.0,1,2,1937181,2014,-9223372036854775808,-9223372036854775808
2021-11-30 09:31:38.160,300557.SZ,28.39,1100.0,1,2,1937363,2014,-9223372036854775808,-9223372036854775808
2021-11-30 09:31:38.160,300557.SZ,28.39,1400.0,1,2,1937376,2014,-9223372036854775808,-9223372036854775808
2021-11-30 09:31:38.170,300557.SZ,28.35,400.0,1,2,1937391,2014,-9223372036854775808,-9223372036854775808
2021-11-30 09:31:38.250,300557.SZ,28.34,100.0,1,2,1938352,2014,-9223372036854775808,-9223372036854775808
2021-11-30 09:31:40.460,300557.SZ,28.37,100.0,1,2,1959359,2014,-9223372036854775808,-9223372036854775808
2021-11-30 09:31:40.460,300557.SZ,28.37,100.0,1,2,1959361,2014,-9223372036854775808,-9223372036854775808
2021-11-30 09:31:40.460,300557.SZ,28.37,100.0,1,2,1959388,2014,-9223372036854775808,-9223372036854775808
2021-11-30 09:31:40.460,300557.SZ,28.37,100.0,1,2,1959391,2014,-9223372036854775808,-9223372036854775808
2021-11-30 09:31:40.460,300557.SZ,28.37,100.0,1,2,1959393,2014,-9223372036854775808,-9223372036854775808
2021-11-30 09:31:40.490,300557.SZ,28.4,700.0,1,2,1959761,2014,-9223372036854775808,-9223372036854775808
2021-11-30 09:31:40.540,300557.SZ,28.39,100.0,1,2,1960403,2014,-9223372036854775808,-9223372036854775808
2021-11-30 09:31:40.540,300557.SZ,28.39,100.0,1,2,1960423,2014,-9223372036854775808,-9223372036854775808
2021-11-30 09:31:40.560,300557.SZ,28.4,100.0,1,2,1960563,2014,-9223372036854775808,-9223372036854775808
2021-11-30 09:31:40.560,300557.SZ,28.4,100.0,1,2,1960564,2014,-9223372036854775808,-9223372036854775808
2021-11-30 09:31:40.630,300557.SZ,28.41,100.0,1,2,1961245,2014,-9223372036854775808,-9223372036854775808
2021-11-30 09:31:40.630,300557.SZ,28.41,100.0,1,2,1961247,2014,-9223372036854775808,-9223372036854775808
2021-11-30 09:31:40.700,300557.SZ,28.33,400.0,1,2,1961960,2014,-9223372036854775808,-9223372036854775808
2021-11-30 09:31:42.010,300557.SZ,28.35,300.0,-1,2,1972382,2014,-9223372036854775808,-9223372036854775808
2021-11-30 09:31:42.020,300557.SZ,28.4,100.0,1,2,1972484,2014,-9223372036854775808,-9223372036854775808
2021-11-30 09:31:42.020,300557.SZ,28.4,100.0,1,2,1972493,2014,-9223372036854775808,-9223372036854775808
2021-11-30 09:31:42.020,300557.SZ,28.4,100.0,1,2,1972514,2014,-9223372036854775808,-9223372036854775808
2021-11-30 09:31:42.110,300557.SZ,28.49,700.0,1,2,1973746,2014,-9223372036854775808,-9223372036854775808
2021-11-30 09:31:42.230,300557.SZ,28.41,700.0,1,2,1974778,2014,-9223372036854775808,-9223372036854775808
2021-11-30 09:31:42.290,300557.SZ,28.5,800.0,1,2,1975311,2014,-9223372036854775808,-9223372036854775808
2021-11-30 09:31:42.970,300557.SZ,28.41,100.0,1,2,1981995,2014,-9223372036854775808,-9223372036854775808
2021-11-30 09:31:42.990,300557.SZ,28.41,200.0,1,2,1982319,2014,-9223372036854775808,-9223372036854775808
2021-11-30 09:31:43.430,300557.SZ,28.42,500.0,1,2,1988384,2014,-9223372036854775808,-9223372036854775808
2021-11-30 09:31:43.440,300557.SZ,28.48,100.0,1,2,1988507,2014,-9223372036854775808,-9223372036854775808
2021-11-30 09:31:43.500,300557.SZ,28.4,100.0,1,2,1989349,2014,-9223372036854775808,-9223372036854775808
2021-11-30 09:31:44.220,300557.SZ,28.37,100.0,1,2,1996047,2014,-9223372036854775808,-9223372036854775808
2021-11-30 09:31:46.380,300557.SZ,28.49,500.0,1,2,2015058,2014,-9223372036854775808,-9223372036854775808
2021-11-30 09:31:46.390,300557.SZ,28.5,100.0,1,2,2015170,2014,-9223372036854775808,-9223372036854775808
2021-11-30 09:31:46.500,300557.SZ,28.51,500.0,1,2,2016265,2014,-9223372036854775808,-9223372036854775808
2021-11-30 09:31:47.060,300557.SZ,28.52,200.0,1,2,2020881,2014,-9223372036854775808,-9223372036854775808
2021-11-30 09:31:49.460,300557.SZ,28.49,100.0,1,2,2040782,2014,-9223372036854775808,-9223372036854775808
2021-11-30 09:31:49.470,300557.SZ,28.5,100.0,1,2,2040821,2014,-9223372036854775808,-9223372036854775808
2021-11-30 09:31:49.490,300557.SZ,28.49,100.0,1,2,2041042,2014,-9223372036854775808,-9223372036854775808
2021-11-30 09:31:49.570,300557.SZ,28.49,100.0,1,2,2041858,2014,-9223372036854775808,-9223372036854775808
2021-11-30 09:31:51.210,300557.SZ,28.32,500.0,-1,2,2054573,2014,-9223372036854775808,-9223372036854775808
2021-11-30 09:31:52.450,300557.SZ,28.56,100.0,1,2,2066067,2014,-9223372036854775808,-9223372036854775808
2021-11-30 09:31:52.640,300557.SZ,28.49,500.0,-1,2,2067724,2014,-9223372036854775808,-9223372036854775808
2021-11-30 09:31:53.750,300557.SZ,28.49,200.0,-1,2,2075891,2014,-9223372036854775808,-9223372036854775808
2021-11-30 09:31:53.760,300557.SZ,28.48,300.0,-1,2,2075966,2014,-9223372036854775808,-9223372036854775808
2021-11-30 09:31:53.820,300557.SZ,28.43,100.0,1,2,2076298,2014,-9223372036854775808,-9223372036854775808
2021-11-30 09:31:53.860,300557.SZ,28.43,200.0,1,2,2076520,2014,-9223372036854775808,-9223372036854775808
2021-11-30 09:31:53.920,300557.SZ,28.49,300.0,1,2,2076841,2014,-9223372036854775808,-9223372036854775808
2021-11-30 09:31:54.030,300557.SZ,28.44,200.0,1,2,2077608,2014,-9223372036854775808,-9223372036854775808
2021-11-30 09:31:54.070,300557.SZ,28.49,100.0,1,2,2077965,2014,-9223372036854775808,-9223372036854775808
2021-11-30 09:31:54.460,300557.SZ,28.44,200.0,1,2,2080936,2014,-9223372036854775808,-9223372036854775808
2021-11-30 09:31:54.470,300557.SZ,28.44,100.0,1,2,2080994,2014,-9223372036854775808,-9223372036854775808
2021-11-30 09:31:54.470,300557.SZ,28.45,100.0,1,2,2080995,2014,-9223372036854775808,-9223372036854775808
2021-11-30 09:31:54.480,300557.SZ,28.45,200.0,1,2,2081111,2014,-9223372036854775808,-9223372036854775808
2021-11-30 09:31:55.470,300557.SZ,28.49,100.0,1,2,2090280,2014,-9223372036854775808,-9223372036854775808
2021-11-30 09:31:57.840,300557.SZ,28.8,800.0,-1,2,2107516,2014,-9223372036854775808,-9223372036854775808
2021-11-30 09:31:59.730,300557.SZ,28.67,1200.0,1,2,2122658,2014,-9223372036854775808,-9223372036854775808
2021-11-30 09:31:59.730,300557.SZ,28.67,200.0,-1,2,2122676,2014,-9223372036854775808,-9223372036854775808
2021-11-30 09:31:59.730,300557.SZ,28.67,200.0,-1,2,2122678,2014,-9223372036854775808,-9223372036854775808
2021-11-30 09:31:59.730,300557.SZ,28.67,200.0,-1,2,2122679,2014,-9223372036854775808,-9223372036854775808
2021-11-30 09:31:59.730,300557.SZ,28.67,200.0,-1,2,2122680,2014,-9223372036854775808,-9223372036854775808
2021-11-30 09:31:59.730,300557.SZ,28.67,100.0,-1,2,2122681,2014,-9223372036854775808,-9223372036854775808
2021-11-30 09:31:59.730,300557.SZ,28.67,200.0,-1,2,2122682,2014,-9223372036854775808,-9223372036854775808
2021-11-30 09:31:59.730,300557.SZ,28.67,200.0,-1,2,2122683,2014,-9223372036854775808,-9223372036854775808
2021-11-30 09:31:59.730,300557.SZ,28.67,200.0,-1,2,2122686,2014,-9223372036854775808,-9223372036854775808
2021-11-30 09:31:59.730,300557.SZ,28.67,200.0,-1,2,2122687,2014,-9223372036854775808,-9223372036854775808
2021-11-30 09:31:59.730,300557.SZ,28.67,200.0,-1,2,2122688,2014,-9223372036854775808,-9223372036854775808
2021-11-30 09:31:59.730,300557.SZ,28.67,200.0,-1,2,2122690,2014,-9223372036854775808,-9223372036854775808
2021-11-30 09:31:59.730,300557.SZ,28.67,200.0,-1,2,2122691,2014,-9223372036854775808,-9223372036854775808
2021-11-30 09:31:59.740,300557.SZ,28.66,600.0,-1,2,2122750,2014,-9223372036854775808,-9223372036854775808
2021-11-30 09:31:59.740,300557.SZ,28.67,200.0,-1,2,2122783,2014,-9223372036854775808,-9223372036854775808
2021-11-30 09:32:00.630,300557.SZ,28.49,100.0,1,2,2131795,2014,-9223372036854775808,-9223372036854775808
2021-11-30 09:32:00.650,300557.SZ,28.49,200.0,1,2,2131983,2014,-9223372036854775808,-9223372036854775808
2021-11-30 09:32:00.690,300557.SZ,28.49,200.0,1,2,2132369,2014,-9223372036854775808,-9223372036854775808
2021-11-30 09:32:00.690,300557.SZ,28.49,200.0,1,2,2132399,2014,-9223372036854775808,-9223372036854775808
2021-11-30 09:32:00.720,300557.SZ,28.5,200.0,1,2,2132708,2014,-9223372036854775808,-9223372036854775808
2021-11-30 09:32:00.720,300557.SZ,28.5,200.0,1,2,2132862,2014,-9223372036854775808,-9223372036854775808
2021-11-30 09:32:00.970,300557.SZ,28.5,200.0,1,2,2135588,2014,-9223372036854775808,-9223372036854775808
2021-11-30 09:32:01.170,300557.SZ,28.66,300.0,-1,2,2138770,2014,-9223372036854775808,-9223372036854775808
2021-11-30 09:32:01.290,300557.SZ,28.5,200.0,1,2,2140610,2014,-9223372036854775808,-9223372036854775808
2021-11-30 09:32:02.410,300557.SZ,28.51,3000.0,1,2,2151808,2014,-9223372036854775808,-9223372036854775808
2021-11-30 09:32:02.470,300557.SZ,28.52,600.0,1,2,2152362,2014,-9223372036854775808,-9223372036854775808
2021-11-30 09:32:02.470,300557.SZ,28.52,200.0,1,2,2152391,2014,-9223372036854775808,-9223372036854775808
2021-11-30 09:32:02.500,300557.SZ,28.52,200.0,1,2,2152592,2014,-9223372036854775808,-9223372036854775808
2021-11-30 09:32:02.520,300557.SZ,28.52,200.0,1,2,2152764,2014,-9223372036854775808,-9223372036854775808
2021-11-30 09:32:04.440,300557.SZ,28.66,100.0,1,2,2174057,2014,-9223372036854775808,-9223372036854775808
2021-11-30 09:32:04.490,300557.SZ,28.5,200.0,1,2,2174836,2014,-9223372036854775808,-9223372036854775808
2021-11-30 09:32:04.510,300557.SZ,28.5,200.0,1,2,2175067,2014,-9223372036854775808,-9223372036854775808
2021-11-30 09:32:05.520,300557.SZ,28.69,300.0,-1,2,2186112,2014,-9223372036854775808,-9223372036854775808
2021-11-30 09:32:05.620,300557.SZ,28.52,200.0,1,2,2187033,2014,-9223372036854775808,-9223372036854775808
2021-11-30 09:32:07.550,300557.SZ,28.7,1000.0,-1,2,2207910,2014,-9223372036854775808,-9223372036854775808
2021-11-30 09:32:11.920,300557.SZ,28.4,500.0,-1,2,2250748,2014,-9223372036854775808,-9223372036854775808
2021-11-30 09:32:12.920,300557.SZ,28.98,500.0,-1,2,2259902,2014,-9223372036854775808,-9223372036854775808
2021-11-30 09:32:13.130,300557.SZ,28.65,600.0,-1,2,2262613,2014,-9223372036854775808,-9223372036854775808
2021-11-30 09:32:13.380,300557.SZ,28.66,2000.0,-1,2,2265900,2014,-9223372036854775808,-9223372036854775808
2021-11-30 09:32:13.660,300557.SZ,28.69,400.0,-1,2,2268718,2014,-9223372036854775808,-9223372036854775808
2021-11-30 09:32:13.770,300557.SZ,28.64,1000.0,-1,2,2269594,2014,-9223372036854775808,-9223372036854775808
2021-11-30 09:32:14.440,300557.SZ,28.98,200.0,-1,2,2275110,2014,-9223372036854775808,-9223372036854775808
2021-11-30 09:32:15.450,300557.SZ,28.65,1800.0,-1,2,2282655,2014,-9223372036854775808,-9223372036854775808
2021-11-30 09:32:16.090,300557.SZ,28.63,1600.0,-1,2,2288707,2014,-9223372036854775808,-9223372036854775808
2021-11-30 09:32:16.120,300557.SZ,28.62,1200.0,-1,2,2289129,2014,-9223372036854775808,-9223372036854775808
2021-11-30 09:32:16.730,300557.SZ,28.7,100.0,-1,2,2296223,2014,-9223372036854775808,-9223372036854775808
2021-11-30 09:32:17.610,300557.SZ,28.56,2700.0,1,2,2303032,2014,-9223372036854775808,-9223372036854775808
2021-11-30 09:32:18.510,300557.SZ,28.65,300.0,-1,2,2309601,2014,-9223372036854775808,-9223372036854775808
2021-11-30 09:32:20.890,300557.SZ,28.69,200.0,-1,2,2328691,2014,-9223372036854775808,-9223372036854775808
2021-11-30 09:32:21.710,300557.SZ,28.65,200.0,1,2,2334359,2014,-9223372036854775808,-9223372036854775808
2021-11-30 09:32:22.100,300557.SZ,28.65,900.0,1,2,2337889,2014,-9223372036854775808,-9223372036854775808
2021-11-30 09:32:23.420,300557.SZ,28.6,100.0,-1,2,2348472,2014,-9223372036854775808,-9223372036854775808
2021-11-30 09:32:27.080,300557.SZ,28.56,200.0,1,2,2374675,2014,-9223372036854775808,-9223372036854775808
2021-11-30 09:32:27.610,300557.SZ,28.66,200.0,-1,2,2377796,2014,-9223372036854775808,-9223372036854775808
2021-11-30 09:32:29.000,300557.SZ,28.96,400.0,-1,2,2388488,2014,-9223372036854775808,-9223372036854775808
2021-11-30 09:32:29.630,300557.SZ,28.79,300.0,-1,2,2393232,2014,-9223372036854775808,-9223372036854775808
2021-11-30 09:32:30.630,300557.SZ,28.6,100.0,1,2,2400581,2014,-9223372036854775808,-9223372036854775808
2021-11-30 09:32:30.670,300557.SZ,28.6,500.0,-1,2,2400896,2014,-9223372036854775808,-9223372036854775808
2021-11-30 09:32:31.630,300557.SZ,28.52,2600.0,-1,2,2410223,2014,-9223372036854775808,-9223372036854775808
2021-11-30 09:32:31.860,300557.SZ,28.6,100.0,1,2,2411810,2014,-9223372036854775808,-9223372036854775808
2021-11-30 09:32:32.090,300557.SZ,28.52,100.0,1,2,2413644,2014,-9223372036854775808,-9223372036854775808
2021-11-30 09:32:32.100,300557.SZ,28.52,200.0,1,2,2413688,2014,-9223372036854775808,-9223372036854775808
2021-11-30 09:32:32.110,300557.SZ,28.61,500.0,-1,2,2413774,2014,-9223372036854775808,-9223372036854775808
2021-11-30 09:32:32.210,300557.SZ,28.52,100.0,1,2,2414449,2014,-9223372036854775808,-9223372036854775808
2021-11-30 09:32:32.350,300557.SZ,28.52,100.0,1,2,2415407,2014,-9223372036854775808,-9223372036854775808
2021-11-30 09:32:32.410,300557.SZ,28.65,400.0,-1,2,2415673,2014,-9223372036854775808,-9223372036854775808
2021-11-30 09:32:32.470,300557.SZ,28.52,400.0,1,2,2416012,2014,-9223372036854775808,-9223372036854775808
2021-11-30 09:32:32.560,300557.SZ,28.52,100.0,1,2,2416618,2014,-9223372036854775808,-9223372036854775808
2021-11-30 09:32:32.740,300557.SZ,28.6,200.0,-1,2,2417599,2014,-9223372036854775808,-9223372036854775808
2021-11-30 09:32:32.910,300557.SZ,28.62,7900.0,-1,2,2418443,2014,-9223372036854775808,-9223372036854775808
2021-11-30 09:32:32.950,300557.SZ,28.52,100.0,1,2,2418686,2014,-9223372036854775808,-9223372036854775808
2021-11-30 09:32:33.000,300557.SZ,28.52,200.0,1,2,2418968,2014,-9223372036854775808,-9223372036854775808
2021-11-30 09:32:33.030,300557.SZ,28.51,100.0,-1,2,2419281,2014,-9223372036854775808,-9223372036854775808
2021-11-30 09:32:35.570,300557.SZ,28.6,400.0,1,2,2438778,2014,-9223372036854775808,-9223372036854775808
2021-11-30 09:32:37.420,300557.SZ,28.52,100.0,1,2,2453821,2014,-9223372036854775808,-9223372036854775808
2021-11-30 09:32:37.450,300557.SZ,28.52,100.0,1,2,2454086,2014,-9223372036854775808,-9223372036854775808
2021-11-30 09:32:37.460,300557.SZ,28.51,1200.0,1,2,2454150,2014,-9223372036854775808,-9223372036854775808
2021-11-30 09:32:37.490,300557.SZ,28.51,100.0,1,2,2454377,2014,-9223372036854775808,-9223372036854775808
2021-11-30 09:32:37.580,300557.SZ,28.51,200.0,1,2,2455195,2014,-9223372036854775808,-9223372036854775808
2021-11-30 09:32:37.630,300557.SZ,28.48,200.0,-1,2,2455696,2014,-9223372036854775808,-9223372036854775808
2021-11-30 09:32:37.700,300557.SZ,28.48,400.0,-1,2,2456381,2014,-9223372036854775808,-9223372036854775808
2021-11-30 09:32:39.500,300557.SZ,28.52,300.0,1,2,2468376,2014,-9223372036854775808,-9223372036854775808
2021-11-30 09:32:39.580,300557.SZ,28.59,600.0,-1,2,2468846,2014,-9223372036854775808,-9223372036854775808
2021-11-30 09:32:41.900,300557.SZ,28.64,100.0,-1,2,2487361,2014,-9223372036854775808,-9223372036854775808
2021-11-30 09:32:43.140,300557.SZ,28.52,700.0,1,2,2497249,2014,-9223372036854775808,-9223372036854775808
2021-11-30 09:32:43.620,300557.SZ,28.52,100.0,1,2,2501719,2014,-9223372036854775808,-9223372036854775808
2021-11-30 09:32:43.710,300557.SZ,28.52,200.0,1,2,2502346,2014,-9223372036854775808,-9223372036854775808
2021-11-30 09:32:43.710,300557.SZ,28.58,500.0,-1,2,2502378,2014,-9223372036854775808,-9223372036854775808
2021-11-30 09:32:44.570,300557.SZ,28.7,800.0,1,2,2508161,2014,-9223372036854775808,-9223372036854775808
2021-11-30 09:32:46.470,300557.SZ,28.52,100.0,1,2,2523852,2014,-9223372036854775808,-9223372036854775808
2021-11-30 09:32:46.540,300557.SZ,28.64,100.0,1,2,2524551,2014,-9223372036854775808,-9223372036854775808
2021-11-30 09:32:48.510,300557.SZ,28.61,200.0,-1,2,2536997,2014,-9223372036854775808,-9223372036854775808
2021-11-30 09:32:48.530,300557.SZ,28.61,100.0,-1,2,2537053,2014,-9223372036854775808,-9223372036854775808
2021-11-30 09:32:49.470,300557.SZ,28.59,100.0,1,2,2545496,2014,-9223372036854775808,-9223372036854775808
2021-11-30 09:32:49.570,300557.SZ,28.52,200.0,1,2,2546541,2014,-9223372036854775808,-9223372036854775808
2021-11-30 09:32:49.790,300557.SZ,28.52,400.0,1,2,2548386,2014,-9223372036854775808,-9223372036854775808
2021-11-30 09:32:52.430,300557.SZ,28.59,100.0,1,2,2568163,2014,-9223372036854775808,-9223372036854775808
2021-11-30 09:32:52.490,300557.SZ,28.52,600.0,1,2,2568666,2014,-9223372036854775808,-9223372036854775808
2021-11-30 09:32:52.490,300557.SZ,28.52,100.0,1,2,2568688,2014,-9223372036854775808,-9223372036854775808
2021-11-30 09:32:52.720,300557.SZ,28.52,700.0,1,2,2570563,2014,-9223372036854775808,-9223372036854775808
2021-11-30 09:32:53.990,300557.SZ,28.52,2700.0,1,2,2578368,2014,-9223372036854775808,-9223372036854775808
2021-11-30 09:32:55.400,300557.SZ,33.0,2000.0,-1,2,2590630,2014,-9223372036854775808,-9223372036854775808
2021-11-30 09:32:55.470,300557.SZ,28.52,100.0,1,2,2591349,2014,-9223372036854775808,-9223372036854775808
2021-11-30 09:32:55.490,300557.SZ,28.52,1000.0,1,2,2591487,2014,-9223372036854775808,-9223372036854775808
2021-11-30 09:32:55.490,300557.SZ,28.52,200.0,1,2,2591553,2014,-9223372036854775808,-9223372036854775808
2021-11-30 09:32:55.810,300557.SZ,28.52,100.0,1,2,2593739,2014,-9223372036854775808,-9223372036854775808
2021-11-30 09:32:56.270,300557.SZ,28.78,2000.0,-1,2,2596577,2014,-9223372036854775808,-9223372036854775808
2021-11-30 09:32:57.490,300557.SZ,30.6,3000.0,-1,2,2603909,2014,-9223372036854775808,-9223372036854775808
2021-11-30 09:32:58.460,300557.SZ,28.6,100.0,1,2,2613172,2014,-9223372036854775808,-9223372036854775808
2021-11-30 09:32:58.460,300557.SZ,28.6,100.0,1,2,2613178,2014,-9223372036854775808,-9223372036854775808
2021-11-30 09:32:58.460,300557.SZ,28.6,100.0,1,2,2613185,2014,-9223372036854775808,-9223372036854775808
2021-11-30 09:32:58.460,300557.SZ,28.6,2100.0,1,2,2613197,2014,-9223372036854775808,-9223372036854775808
2021-11-30 09:32:58.480,300557.SZ,28.6,400.0,1,2,2613450,2014,-9223372036854775808,-9223372036854775808
2021-11-30 09:32:58.480,300557.SZ,28.6,400.0,1,2,2613509,2014,-9223372036854775808,-9223372036854775808
2021-11-30 09:32:58.510,300557.SZ,28.52,200.0,1,2,2613972,2014,-9223372036854775808,-9223372036854775808
2021-11-30 09:32:58.590,300557.SZ,28.6,200.0,1,2,2614857,2014,-9223372036854775808,-9223372036854775808
2021-11-30 09:32:58.630,300557.SZ,28.61,100.0,1,2,2615206,2014,-9223372036854775808,-9223372036854775808
2021-11-30 09:32:58.780,300557.SZ,28.6,600.0,1,2,2616159,2014,-9223372036854775808,-9223372036854775808
2021-11-30 09:32:58.780,300557.SZ,28.61,100.0,1,2,2616194,2014,-9223372036854775808,-9223372036854775808
2021-11-30 09:32:58.780,300557.SZ,28.61,100.0,1,2,2616197,2014,-9223372036854775808,-9223372036854775808
2021-11-30 09:32:58.990,300557.SZ,28.62,500.0,1,2,2617529,2014,-9223372036854775808,-9223372036854775808
2021-11-30 09:32:59.130,300557.SZ,28.62,100.0,1,2,2618515,2014,-9223372036854775808,-9223372036854775808
2021-11-30 09:32:59.170,300557.SZ,28.62,1000.0,1,2,2618875,2014,-9223372036854775808,-9223372036854775808
2021-11-30 09:32:59.180,300557.SZ,28.62,400.0,1,2,2618925,2014,-9223372036854775808,-9223372036854775808
2021-11-30 09:32:59.180,300557.SZ,28.62,300.0,1,2,2618938,2014,-9223372036854775808,-9223372036854775808
2021-11-30 09:32:59.230,300557.SZ,28.62,1300.0,1,2,2619265,2014,-9223372036854775808,-9223372036854775808
2021-11-30 09:32:59.250,300557.SZ,28.62,2700.0,1,2,2619394,2014,-9223372036854775808,-9223372036854775808
2021-11-30 09:32:59.250,300557.SZ,28.62,100.0,1,2,2619439,2014,-9223372036854775808,-9223372036854775808
2021-11-30 09:32:59.250,300557.SZ,28.62,2100.0,1,2,2619442,2014,-9223372036854775808,-9223372036854775808
2021-11-30 09:32:59.310,300557.SZ,28.62,200.0,1,2,2619905,2014,-9223372036854775808,-9223372036854775808
2021-11-30 09:32:59.400,300557.SZ,28.64,100.0,1,2,2620389,2014,-9223372036854775808,-9223372036854775808
2021-11-30 09:32:59.750,300557.SZ,28.65,100.0,1,2,2622330,2014,-9223372036854775808,-9223372036854775808
2021-11-30 09:32:59.840,300557.SZ,28.61,1400.0,1,2,2622895,2014,-9223372036854775808,-9223372036854775808
2021-11-30 09:32:59.840,300557.SZ,28.6,200.0,1,2,2622925,2014,-9223372036854775808,-9223372036854775808
2021-11-30 09:32:59.880,300557.SZ,28.65,100.0,1,2,2623121,2014,-9223372036854775808,-9223372036854775808
2021-11-30 09:32:59.940,300557.SZ,28.65,200.0,1,2,2623444,2014,-9223372036854775808,-9223372036854775808
2021-11-30 09:33:00.060,300557.SZ,28.52,200.0,1,2,2625361,2014,-9223372036854775808,-9223372036854775808
2021-11-30 09:33:00.070,300557.SZ,28.66,300.0,1,2,2625593,2014,-9223372036854775808,-9223372036854775808
2021-11-30 09:33:00.080,300557.SZ,28.65,100.0,1,2,2625931,2014,-9223372036854775808,-9223372036854775808
2021-11-30 09:33:00.080,300557.SZ,28.65,100.0,1,2,2625934,2014,-9223372036854775808,-9223372036854775808
2021-11-30 09:33:00.080,300557.SZ,28.65,100.0,1,2,2626009,2014,-9223372036854775808,-9223372036854775808
2021-11-30 09:33:00.080,300557.SZ,28.65,100.0,1,2,2626013,2014,-9223372036854775808,-9223372036854775808
2021-11-30 09:33:00.090,300557.SZ,28.65,100.0,1,2,2626217,2014,-9223372036854775808,-9223372036854775808
2021-11-30 09:33:00.110,300557.SZ,28.65,200.0,1,2,2626528,2014,-9223372036854775808,-9223372036854775808
2021-11-30 09:33:00.110,300557.SZ,28.65,100.0,1,2,2626529,2014,-9223372036854775808,-9223372036854775808
2021-11-30 09:33:00.110,300557.SZ,28.65,100.0,1,2,2626530,2014,-9223372036854775808,-9223372036854775808
2021-11-30 09:33:00.120,300557.SZ,28.65,100.0,1,2,2626768,2014,-9223372036854775808,-9223372036854775808
2021-11-30 09:33:00.120,300557.SZ,28.65,100.0,1,2,2626775,2014,-9223372036854775808,-9223372036854775808
2021-11-30 09:33:00.330,300557.SZ,28.67,1400.0,1,2,2629372,2014,-9223372036854775808,-9223372036854775808
2021-11-30 09:33:00.340,300557.SZ,28.66,800.0,1,2,2629473,2014,-9223372036854775808,-9223372036854775808
2021-11-30 09:33:00.430,300557.SZ,28.69,100.0,1,2,2630225,2014,-9223372036854775808,-9223372036854775808
2021-11-30 09:33:01.430,300557.SZ,28.61,400.0,-1,2,2642833,2014,-9223372036854775808,-9223372036854775808
2021-11-30 09:33:01.480,300557.SZ,28.61,100.0,1,2,2643467,2014,-9223372036854775808,-9223372036854775808
2021-11-30 09:33:01.490,300557.SZ,28.6,100.0,1,2,2643607,2014,-9223372036854775808,-9223372036854775808
2021-11-30 09:33:01.490,300557.SZ,28.6,100.0,1,2,2643611,2014,-9223372036854775808,-9223372036854775808
2021-11-30 09:33:01.500,300557.SZ,28.61,300.0,1,2,2643702,2014,-9223372036854775808,-9223372036854775808
2021-11-30 09:33:01.500,300557.SZ,28.6,100.0,1,2,2643703,2014,-9223372036854775808,-9223372036854775808
2021-11-30 09:33:01.500,300557.SZ,28.6,200.0,1,2,2643821,2014,-9223372036854775808,-9223372036854775808
2021-11-30 09:33:01.520,300557.SZ,28.6,100.0,1,2,2644057,2014,-9223372036854775808,-9223372036854775808
2021-11-30 09:33:01.520,300557.SZ,28.6,100.0,1,2,2644120,2014,-9223372036854775808,-9223372036854775808
2021-11-30 09:33:01.530,300557.SZ,28.66,1500.0,1,2,2644213,2014,-9223372036854775808,-9223372036854775808
2021-11-30 09:33:02.840,300557.SZ,28.4,400.0,1,2,2656407,2014,-9223372036854775808,-9223372036854775808
2021-11-30 09:33:03.720,300557.SZ,28.61,200.0,1,2,2664722,2014,-9223372036854775808,-9223372036854775808
2021-11-30 09:33:04.220,300557.SZ,28.88,800.0,-1,2,2671952,2014,-9223372036854775808,-9223372036854775808
2021-11-30 09:33:04.430,300557.SZ,28.69,100.0,1,2,2674859,2014,-9223372036854775808,-9223372036854775808
2021-11-30 09:33:04.500,300557.SZ,28.65,200.0,1,2,2675843,2014,-9223372036854775808,-9223372036854775808
2021-11-30 09:33:04.510,300557.SZ,28.69,800.0,1,2,2675873,2014,-9223372036854775808,-9223372036854775808
2021-11-30 09:33:04.520,300557.SZ,28.65,200.0,1,2,2676068,2014,-9223372036854775808,-9223372036854775808
2021-11-30 09:33:04.530,300557.SZ,28.65,100.0,1,2,2676193,2014,-9223372036854775808,-9223372036854775808
2021-11-30 09:33:04.530,300557.SZ,28.65,100.0,1,2,2676195,2014,-9223372036854775808,-9223372036854775808
2021-11-30 09:33:04.600,300557.SZ,28.69,1400.0,1,2,2676948,2014,-9223372036854775808,-9223372036854775808
2021-11-30 09:33:04.710,300557.SZ,28.7,100.0,1,2,2678007,2014,-9223372036854775808,-9223372036854775808
2021-11-30 09:33:05.140,300557.SZ,28.68,1000.0,-1,2,2683810,2014,-9223372036854775808,-9223372036854775808
2021-11-30 09:33:05.510,300557.SZ,28.7,100.0,1,2,2687442,2014,-9223372036854775808,-9223372036854775808
2021-11-30 09:33:05.580,300557.SZ,28.7,2200.0,1,2,2688080,2014,-9223372036854775808,-9223372036854775808
2021-11-30 09:33:06.660,300557.SZ,28.96,1000.0,-1,2,2698951,2014,-9223372036854775808,-9223372036854775808
2021-11-30 09:33:06.660,300557.SZ,28.7,100.0,1,2,2699002,2014,-9223372036854775808,-9223372036854775808
2021-11-30 09:33:06.710,300557.SZ,28.61,100.0,-1,2,2699600,2014,-9223372036854775808,-9223372036854775808
2021-11-30 09:33:06.780,300557.SZ,28.79,400.0,1,2,2700184,2014,-9223372036854775808,-9223372036854775808
2021-11-30 09:33:07.470,300557.SZ,28.69,100.0,1,2,2709738,2014,-9223372036854775808,-9223372036854775808
2021-11-30 09:33:07.480,300557.SZ,28.66,100.0,1,2,2709881,2014,-9223372036854775808,-9223372036854775808
2021-11-30 09:33:07.480,300557.SZ,28.66,100.0,1,2,2709882,2014,-9223372036854775808,-9223372036854775808
2021-11-30 09:33:07.490,300557.SZ,28.66,100.0,1,2,2710014,2014,-9223372036854775808,-9223372036854775808
2021-11-30 09:33:07.490,300557.SZ,28.66,100.0,1,2,2710016,2014,-9223372036854775808,-9223372036854775808
2021-11-30 09:33:07.520,300557.SZ,28.69,200.0,1,2,2710374,2014,-9223372036854775808,-9223372036854775808
2021-11-30 09:33:07.530,300557.SZ,28.69,500.0,1,2,2710459,2014,-9223372036854775808,-9223372036854775808
2021-11-30 09:33:07.560,300557.SZ,28.66,100.0,1,2,2710965,2014,-9223372036854775808,-9223372036854775808
2021-11-30 09:33:09.250,300557.SZ,28.7,300.0,1,2,2729361,2014,-9223372036854775808,-9223372036854775808
2021-11-30 09:33:10.440,300557.SZ,28.7,100.0,1,2,2742793,2014,-9223372036854775808,-9223372036854775808
2021-11-30 09:33:10.470,300557.SZ,28.7,200.0,1,2,2743259,2014,-9223372036854775808,-9223372036854775808
2021-11-30 09:33:10.480,300557.SZ,28.7,200.0,1,2,2743297,2014,-9223372036854775808,-9223372036854775808
2021-11-30 09:33:10.500,300557.SZ,28.7,100.0,1,2,2743604,2014,-9223372036854775808,-9223372036854775808
2021-11-30 09:33:10.500,300557.SZ,28.78,100.0,1,2,2743678,2014,-9223372036854775808,-9223372036854775808
2021-11-30 09:33:10.500,300557.SZ,28.7,100.0,1,2,2743693,2014,-9223372036854775808,-9223372036854775808
2021-11-30 09:33:10.580,300557.SZ,28.7,400.0,1,2,2744686,2014,-9223372036854775808,-9223372036854775808
2021-11-30 09:33:10.580,300557.SZ,28.7,200.0,1,2,2744726,2014,-9223372036854775808,-9223372036854775808
2021-11-30 09:33:10.580,300557.SZ,28.7,500.0,1,2,2744732,2014,-9223372036854775808,-9223372036854775808
2021-11-30 09:33:10.600,300557.SZ,28.78,200.0,1,2,2744960,2014,-9223372036854775808,-9223372036854775808
2021-11-30 09:33:10.650,300557.SZ,28.71,500.0,1,2,2745481,2014,-9223372036854775808,-9223372036854775808
2021-11-30 09:33:10.660,300557.SZ,28.71,300.0,1,2,2745573,2014,-9223372036854775808,-9223372036854775808
2021-11-30 09:33:10.670,300557.SZ,28.71,800.0,1,2,2745606,2014,-9223372036854775808,-9223372036854775808
2021-11-30 09:33:12.260,300557.SZ,28.69,1000.0,1,2,2760606,2014,-9223372036854775808,-9223372036854775808
2021-11-30 09:33:16.250,300557.SZ,28.7,300.0,-1,2,2799333,2014,-9223372036854775808,-9223372036854775808
2021-11-30 09:33:16.250,300557.SZ,28.78,100.0,1,2,2799361,2014,-9223372036854775808,-9223372036854775808
2021-11-30 09:33:16.470,300557.SZ,28.71,200.0,1,2,2802203,2014,-9223372036854775808,-9223372036854775808
2021-11-30 09:33:16.510,300557.SZ,28.71,200.0,1,2,2802769,2014,-9223372036854775808,-9223372036854775808
2021-11-30 09:33:16.510,300557.SZ,28.78,500.0,1,2,2802774,2014,-9223372036854775808,-9223372036854775808
2021-11-30 09:33:17.690,300557.SZ,28.79,400.0,1,2,2812253,2014,-9223372036854775808,-9223372036854775808
2021-11-30 09:33:18.110,300557.SZ,28.71,200.0,1,2,2815413,2014,-9223372036854775808,-9223372036854775808
2021-11-30 09:33:18.670,300557.SZ,28.79,700.0,1,2,2819980,2014,-9223372036854775808,-9223372036854775808
2021-11-30 09:33:18.670,300557.SZ,28.72,300.0,1,2,2820001,2014,-9223372036854775808,-9223372036854775808
2021-11-30 09:33:18.920,300557.SZ,28.72,900.0,1,2,2821997,2014,-9223372036854775808,-9223372036854775808
2021-11-30 09:33:18.920,300557.SZ,28.72,100.0,1,2,2821998,2014,-9223372036854775808,-9223372036854775808
2021-11-30 09:33:18.920,300557.SZ,28.72,100.0,1,2,2822004,2014,-9223372036854775808,-9223372036854775808
2021-11-30 09:33:19.420,300557.SZ,28.78,100.0,1,2,2827795,2014,-9223372036854775808,-9223372036854775808
2021-11-30 09:33:22.480,300557.SZ,28.78,100.0,1,2,2852895,2014,-9223372036854775808,-9223372036854775808
2021-11-30 09:33:23.220,300557.SZ,28.77,100.0,-1,2,2859029,2014,-9223372036854775808,-9223372036854775808
2021-11-30 09:33:25.500,300557.SZ,28.78,400.0,1,2,2877082,2014,-9223372036854775808,-9223372036854775808
2021-11-30 09:33:26.460,300557.SZ,28.71,300.0,-1,2,2884190,2014,-9223372036854775808,-9223372036854775808
2021-11-30 09:33:27.390,300557.SZ,28.78,300.0,-1,2,2890330,2014,-9223372036854775808,-9223372036854775808
2021-11-30 09:33:28.320,300557.SZ,28.71,400.0,-1,2,2898317,2014,-9223372036854775808,-9223372036854775808
2021-11-30 09:33:31.470,300557.SZ,28.78,100.0,1,2,2923727,2014,-9223372036854775808,-9223372036854775808
2021-11-30 09:33:31.470,300557.SZ,28.72,100.0,1,2,2923798,2014,-9223372036854775808,-9223372036854775808
2021-11-30 09:33:31.520,300557.SZ,28.72,200.0,1,2,2924307,2014,-9223372036854775808,-9223372036854775808
2021-11-30 09:33:31.520,300557.SZ,28.72,400.0,1,2,2924320,2014,-9223372036854775808,-9223372036854775808
2021-11-30 09:33:31.590,300557.SZ,28.72,200.0,1,2,2924987,2014,-9223372036854775808,-9223372036854775808
2021-11-30 09:33:32.480,300557.SZ,28.72,100.0,1,2,2931246,2014,-9223372036854775808,-9223372036854775808
2021-11-30 09:33:32.480,300557.SZ,28.72,100.0,1,2,2931251,2014,-9223372036854775808,-9223372036854775808
2021-11-30 09:33:34.390,300557.SZ,28.72,2700.0,-1,2,2946393,2014,-9223372036854775808,-9223372036854775808
2021-11-30 09:33:35.220,300557.SZ,28.72,100.0,1,2,2953496,2014,-9223372036854775808,-9223372036854775808
2021-11-30 09:33:35.240,300557.SZ,28.72,300.0,1,2,2953673,2014,-9223372036854775808,-9223372036854775808
2021-11-30 09:33:35.270,300557.SZ,28.71,1800.0,1,2,2953858,2014,-9223372036854775808,-9223372036854775808
2021-11-30 09:33:35.360,300557.SZ,28.73,500.0,1,2,2954403,2014,-9223372036854775808,-9223372036854775808
2021-11-30 09:33:36.700,300557.SZ,28.87,300.0,-1,2,2964022,2014,-9223372036854775808,-9223372036854775808
2021-11-30 09:33:37.480,300557.SZ,28.71,100.0,1,2,2970923,2014,-9223372036854775808,-9223372036854775808
2021-11-30 09:33:37.520,300557.SZ,28.98,600.0,-1,2,2971168,2014,-9223372036854775808,-9223372036854775808
2021-11-30 09:33:37.810,300557.SZ,28.71,500.0,1,2,2973321,2014,-9223372036854775808,-9223372036854775808
2021-11-30 09:33:38.820,300557.SZ,28.83,500.0,-1,2,2980022,2014,-9223372036854775808,-9223372036854775808
2021-11-30 09:33:39.150,300557.SZ,28.8,400.0,1,2,2982785,2014,-9223372036854775808,-9223372036854775808
2021-11-30 09:33:40.490,300557.SZ,28.71,200.0,1,2,2994890,2014,-9223372036854775808,-9223372036854775808
2021-11-30 09:33:40.580,300557.SZ,28.71,100.0,1,2,2995833,2014,-9223372036854775808,-9223372036854775808
2021-11-30 09:33:42.090,300557.SZ,28.71,200.0,1,2,3006104,2014,-9223372036854775808,-9223372036854775808
2021-11-30 09:33:42.120,300557.SZ,28.71,200.0,1,2,3006419,2014,-9223372036854775808,-9223372036854775808
2021-11-30 09:33:43.270,300557.SZ,28.78,300.0,-1,2,3016545,2014,-9223372036854775808,-9223372036854775808
2021-11-30 09:33:43.580,300557.SZ,28.71,200.0,1,2,3019830,2014,-9223372036854775808,-9223372036854775808
2021-11-30 09:33:46.520,300557.SZ,28.71,100.0,1,2,3042212,2014,-9223372036854775808,-9223372036854775808
2021-11-30 09:33:46.850,300557.SZ,28.71,100.0,1,2,3044979,2014,-9223372036854775808,-9223372036854775808
2021-11-30 09:33:48.050,300557.SZ,28.78,5100.0,1,2,3052952,2014,-9223372036854775808,-9223372036854775808
2021-11-30 09:33:48.550,300557.SZ,28.94,500.0,-1,2,3056523,2014,-9223372036854775808,-9223372036854775808
2021-11-30 09:33:49.460,300557.SZ,28.71,100.0,1,2,3065561,2014,-9223372036854775808,-9223372036854775808
2021-11-30 09:33:49.480,300557.SZ,28.71,100.0,1,2,3065814,2014,-9223372036854775808,-9223372036854775808
2021-11-30 09:33:50.220,300557.SZ,28.71,100.0,1,2,3071238,2014,-9223372036854775808,-9223372036854775808
2021-11-30 09:33:51.140,300557.SZ,28.75,700.0,1,2,3076576,2014,-9223372036854775808,-9223372036854775808
2021-11-30 09:33:51.830,300557.SZ,28.86,1800.0,-1,2,3081241,2014,-9223372036854775808,-9223372036854775808
2021-11-30 09:33:52.160,300557.SZ,28.72,400.0,1,2,3084433,2014,-9223372036854775808,-9223372036854775808
2021-11-30 09:33:52.490,300557.SZ,28.78,300.0,1,2,3087340,2014,-9223372036854775808,-9223372036854775808
2021-11-30 09:33:52.500,300557.SZ,28.78,100.0,1,2,3087420,2014,-9223372036854775808,-9223372036854775808
2021-11-30 09:33:54.540,300557.SZ,28.82,1000.0,-1,2,3100320,2014,-9223372036854775808,-9223372036854775808
2021-11-30 09:33:56.650,300557.SZ,28.99,500.0,-1,2,3115830,2014,-9223372036854775808,-9223372036854775808
2021-11-30 09:33:58.010,300557.SZ,28.78,200.0,-1,2,3124974,2014,-9223372036854775808,-9223372036854775808
2021-11-30 09:33:59.290,300557.SZ,29.88,100.0,-1,2,3134452,2014,-9223372036854775808,-9223372036854775808
2021-11-30 09:33:59.610,300557.SZ,28.78,2000.0,-1,2,3136252,2014,-9223372036854775808,-9223372036854775808
2021-11-30 09:33:59.680,300557.SZ,28.81,1800.0,-1,2,3136599,2014,-9223372036854775808,-9223372036854775808
2021-11-30 09:33:59.680,300557.SZ,28.78,400.0,-1,2,3136609,2014,-9223372036854775808,-9223372036854775808
2021-11-30 09:34:00.270,300557.SZ,33.76,500.0,-1,2,3141539,2014,-9223372036854775808,-9223372036854775808
2021-11-30 09:34:01.490,300557.SZ,28.78,100.0,1,2,3152229,2014,-9223372036854775808,-9223372036854775808
2021-11-30 09:34:01.530,300557.SZ,28.78,300.0,1,2,3152612,2014,-9223372036854775808,-9223372036854775808
2021-11-30 09:34:01.660,300557.SZ,28.83,100.0,1,2,3153904,2014,-9223372036854775808,-9223372036854775808
2021-11-30 09:34:03.830,300557.SZ,28.83,1000.0,1,2,3172614,2014,-9223372036854775808,-9223372036854775808
2021-11-30 09:34:03.940,300557.SZ,28.8,300.0,-1,2,3173566,2014,-9223372036854775808,-9223372036854775808
2021-11-30 09:34:03.970,300557.SZ,28.78,5000.0,-1,2,3173921,2014,-9223372036854775808,-9223372036854775808
2021-11-30 09:34:04.490,300557.SZ,28.78,100.0,1,2,3180220,2014,-9223372036854775808,-9223372036854775808
2021-11-30 09:34:04.510,300557.SZ,28.78,100.0,1,2,3180439,2014,-9223372036854775808,-9223372036854775808
2021-11-30 09:34:04.510,300557.SZ,28.78,200.0,1,2,3180465,2014,-9223372036854775808,-9223372036854775808
2021-11-30 09:34:04.820,300557.SZ,28.78,300.0,-1,2,3183112,2014,-9223372036854775808,-9223372036854775808
2021-11-30 09:34:04.900,300557.SZ,28.77,100.0,-1,2,3183760,2014,-9223372036854775808,-9223372036854775808
2021-11-30 09:34:05.000,300557.SZ,28.77,200.0,-1,2,3184374,2014,-9223372036854775808,-9223372036854775808
2021-11-30 09:34:05.000,300557.SZ,28.77,200.0,-1,2,3184424,2014,-9223372036854775808,-9223372036854775808
2021-11-30 09:34:06.370,300557.SZ,28.81,300.0,-1,2,3198521,2014,-9223372036854775808,-9223372036854775808
2021-11-30 09:34:07.460,300557.SZ,28.99,400.0,-1,2,3209212,2014,-9223372036854775808,-9223372036854775808
2021-11-30 09:34:07.520,300557.SZ,28.75,100.0,1,2,3209979,2014,-9223372036854775808,-9223372036854775808
2021-11-30 09:34:07.530,300557.SZ,28.75,100.0,1,2,3210000,2014,-9223372036854775808,-9223372036854775808
2021-11-30 09:34:07.670,300557.SZ,28.75,900.0,1,2,3211712,2014,-9223372036854775808,-9223372036854775808
2021-11-30 09:34:08.590,300557.SZ,28.89,200.0,-1,2,3221037,2014,-9223372036854775808,-9223372036854775808
2021-11-30 09:34:09.050,300557.SZ,28.75,200.0,1,2,3225019,2014,-9223372036854775808,-9223372036854775808
2021-11-30 09:34:09.580,300557.SZ,32.5,2000.0,-1,2,3230464,2014,-9223372036854775808,-9223372036854775808
2021-11-30 09:34:13.480,300557.SZ,28.75,200.0,1,2,3263583,2014,-9223372036854775808,-9223372036854775808
2021-11-30 09:34:13.510,300557.SZ,28.75,100.0,1,2,3263795,2014,-9223372036854775808,-9223372036854775808
2021-11-30 09:34:13.730,300557.SZ,28.75,200.0,1,2,3265581,2014,-9223372036854775808,-9223372036854775808
2021-11-30 09:34:15.130,300557.SZ,28.88,400.0,-1,2,3276291,2014,-9223372036854775808,-9223372036854775808
2021-11-30 09:34:15.930,300557.SZ,28.8,200.0,-1,2,3283221,2014,-9223372036854775808,-9223372036854775808
2021-11-30 09:34:16.470,300557.SZ,28.77,1400.0,1,2,3289735,2014,-9223372036854775808,-9223372036854775808
2021-11-30 09:34:16.490,300557.SZ,28.77,200.0,1,2,3289898,2014,-9223372036854775808,-9223372036854775808
2021-11-30 09:34:16.550,300557.SZ,28.77,200.0,1,2,3290456,2014,-9223372036854775808,-9223372036854775808
2021-11-30 09:34:19.460,300557.SZ,28.78,100.0,1,2,3314329,2014,-9223372036854775808,-9223372036854775808
2021-11-30 09:34:19.470,300557.SZ,28.78,200.0,1,2,3314408,2014,-9223372036854775808,-9223372036854775808
2021-11-30 09:34:19.500,300557.SZ,28.78,100.0,1,2,3314665,2014,-9223372036854775808,-9223372036854775808
2021-11-30 09:34:19.670,300557.SZ,28.78,100.0,1,2,3316372,2014,-9223372036854775808,-9223372036854775808
2021-11-30 09:34:20.000,300557.SZ,28.79,400.0,1,2,3318255,2014,-9223372036854775808,-9223372036854775808
2021-11-30 09:34:20.020,300557.SZ,28.78,200.0,1,2,3318399,2014,-9223372036854775808,-9223372036854775808
2021-11-30 09:34:20.130,300557.SZ,28.78,100.0,1,2,3319491,2014,-9223372036854775808,-9223372036854775808
2021-11-30 09:34:20.700,300557.SZ,28.79,800.0,1,2,3322988,2014,-9223372036854775808,-9223372036854775808
2021-11-30 09:34:22.330,300557.SZ,28.85,400.0,-1,2,3335823,2014,-9223372036854775808,-9223372036854775808
2021-11-30 09:34:22.450,300557.SZ,28.78,100.0,1,2,3336885,2014,-9223372036854775808,-9223372036854775808
2021-11-30 09:34:22.470,300557.SZ,28.78,300.0,1,2,3337114,2014,-9223372036854775808,-9223372036854775808
2021-11-30 09:34:22.800,300557.SZ,28.83,100.0,1,2,3339384,2014,-9223372036854775808,-9223372036854775808
2021-11-30 09:34:24.090,300557.SZ,28.97,700.0,-1,2,3348670,2014,-9223372036854775808,-9223372036854775808
2021-11-30 09:34:25.520,300557.SZ,28.8,100.0,1,2,3359913,2014,-9223372036854775808,-9223372036854775808
2021-11-30 09:34:26.290,300557.SZ,28.78,700.0,1,2,3365049,2014,-9223372036854775808,-9223372036854775808
2021-11-30 09:34:26.940,300557.SZ,29.02,600.0,-1,2,3368946,2014,-9223372036854775808,-9223372036854775808
2021-11-30 09:34:27.770,300557.SZ,28.87,1000.0,-1,2,3375142,2014,-9223372036854775808,-9223372036854775808
2021-11-30 09:34:29.820,300557.SZ,28.84,1000.0,-1,2,3391038,2014,-9223372036854775808,-9223372036854775808
2021-11-30 09:34:30.300,300557.SZ,28.78,100.0,1,2,3394247,2014,-9223372036854775808,-9223372036854775808
2021-11-30 09:34:31.000,300557.SZ,28.77,500.0,-1,2,3399556,2014,-9223372036854775808,-9223372036854775808
2021-11-30 09:34:31.350,300557.SZ,28.99,300.0,-1,2,3403149,2014,-9223372036854775808,-9223372036854775808
2021-11-30 09:34:31.650,300557.SZ,28.28,1000.0,1,2,3406164,2014,-9223372036854775808,-9223372036854775808
2021-11-30 09:34:31.660,300557.SZ,28.78,100.0,1,2,3406182,2014,-9223372036854775808,-9223372036854775808
2021-11-30 09:34:34.460,300557.SZ,28.85,2000.0,-1,2,3425183,2014,-9223372036854775808,-9223372036854775808
2021-11-30 09:34:35.650,300557.SZ,28.0,400.0,1,2,3433178,2014,-9223372036854775808,-9223372036854775808
2021-11-30 09:34:37.220,300557.SZ,32.95,2000.0,-1,2,3444872,2014,-9223372036854775808,-9223372036854775808
2021-11-30 09:34:38.810,300557.SZ,28.8,200.0,-1,2,3455273,2014,-9223372036854775808,-9223372036854775808
2021-11-30 09:34:39.250,300557.SZ,28.78,200.0,-1,2,3457794,2014,-9223372036854775808,-9223372036854775808
2021-11-30 09:34:39.360,300557.SZ,28.8,100.0,-1,2,3458450,2014,-9223372036854775808,-9223372036854775808
2021-11-30 09:34:40.850,300557.SZ,28.81,3800.0,1,2,3469064,2014,-9223372036854775808,-9223372036854775808
2021-11-30 09:34:40.910,300557.SZ,28.78,100.0,1,2,3469475,2014,-9223372036854775808,-9223372036854775808
2021-11-30 09:34:42.930,300557.SZ,28.78,1000.0,-1,2,3481246,2014,-9223372036854775808,-9223372036854775808
2021-11-30 09:34:43.380,300557.SZ,28.8,300.0,-1,2,3485266,2014,-9223372036854775808,-9223372036854775808
2021-11-30 09:34:45.650,300557.SZ,28.98,200.0,-1,2,3499752,2014,-9223372036854775808,-9223372036854775808
2021-11-30 09:34:45.980,300557.SZ,28.82,1000.0,-1,2,3502640,2014,-9223372036854775808,-9223372036854775808
2021-11-30 09:34:47.620,300557.SZ,33.66,200.0,-1,2,3514128,2014,-9223372036854775808,-9223372036854775808
2021-11-30 09:34:48.240,300557.SZ,28.83,200.0,-1,2,3517688,2014,-9223372036854775808,-9223372036854775808
2021-11-30 09:34:51.840,300557.SZ,28.81,300.0,-1,2,3541570,2014,-9223372036854775808,-9223372036854775808
2021-11-30 09:34:52.520,300557.SZ,28.81,700.0,-1,2,3547582,2014,-9223372036854775808,-9223372036854775808
2021-11-30 09:34:52.710,300557.SZ,28.81,300.0,-1,2,3548643,2014,-9223372036854775808,-9223372036854775808
2021-11-30 09:34:53.550,300557.SZ,28.85,400.0,1,2,3553860,2014,-9223372036854775808,-9223372036854775808
2021-11-30 09:34:56.260,300557.SZ,28.82,1600.0,1,2,3574687,2014,-9223372036854775808,-9223372036854775808
2021-11-30 09:34:57.000,300557.SZ,28.83,300.0,-1,2,3578652,2014,-9223372036854775808,-9223372036854775808
2021-11-30 09:34:57.100,300557.SZ,28.97,100.0,-1,2,3579342,2014,-9223372036854775808,-9223372036854775808
2021-11-30 09:34:59.990,300557.SZ,28.81,1000.0,-1,2,3599349,2014,-9223372036854775808,-9223372036854775808
2021-11-30 09:35:00.100,300557.SZ,28.82,1000.0,1,2,3600548,2014,-9223372036854775808,-9223372036854775808
2021-11-30 09:35:00.720,300557.SZ,28.8,500.0,-1,2,3607196,2014,-9223372036854775808,-9223372036854775808
2021-11-30 09:35:01.080,300557.SZ,28.81,1800.0,-1,2,3611751,2014,-9223372036854775808,-9223372036854775808
2021-11-30 09:35:01.090,300557.SZ,28.82,600.0,1,2,3611832,2014,-9223372036854775808,-9223372036854775808
2021-11-30 09:35:01.420,300557.SZ,29.0,100.0,-1,2,3615777,2014,-9223372036854775808,-9223372036854775808
2021-11-30 09:35:01.500,300557.SZ,28.82,200.0,1,2,3616858,2014,-9223372036854775808,-9223372036854775808
2021-11-30 09:35:01.790,300557.SZ,28.82,1200.0,1,2,3619304,2014,-9223372036854775808,-9223372036854775808
2021-11-30 09:35:02.320,300557.SZ,28.83,800.0,1,2,3624636,2014,-9223372036854775808,-9223372036854775808
2021-11-30 09:35:02.970,300557.SZ,28.82,3300.0,1,2,3630059,2014,-9223372036854775808,-9223372036854775808
2021-11-30 09:35:02.970,300557.SZ,28.82,100.0,1,2,3630094,2014,-9223372036854775808,-9223372036854775808
2021-11-30 09:35:04.510,300557.SZ,28.81,100.0,1,2,3645059,2014,-9223372036854775808,-9223372036854775808
2021-11-30 09:35:04.510,300557.SZ,28.78,100.0,1,2,3645063,2014,-9223372036854775808,-9223372036854775808
2021-11-30 09:35:04.520,300557.SZ,28.78,100.0,1,2,3645145,2014,-9223372036854775808,-9223372036854775808
2021-11-30 09:35:04.530,300557.SZ,28.78,100.0,1,2,3645185,2014,-9223372036854775808,-9223372036854775808
2021-11-30 09:35:04.590,300557.SZ,28.78,200.0,1,2,3645775,2014,-9223372036854775808,-9223372036854775808
2021-11-30 09:35:05.320,300557.SZ,28.85,700.0,1,2,3651512,2014,-9223372036854775808,-9223372036854775808
2021-11-30 09:35:05.330,300557.SZ,28.83,100.0,1,2,3651539,2014,-9223372036854775808,-9223372036854775808
2021-11-30 09:35:06.560,300557.SZ,28.84,500.0,1,2,3662475,2014,-9223372036854775808,-9223372036854775808
2021-11-30 09:35:06.570,300557.SZ,28.83,100.0,1,2,3662507,2014,-9223372036854775808,-9223372036854775808
2021-11-30 09:35:06.570,300557.SZ,28.85,100.0,1,2,3662508,2014,-9223372036854775808,-9223372036854775808
2021-11-30 09:35:07.570,300557.SZ,28.85,1400.0,1,2,3673330,2014,-9223372036854775808,-9223372036854775808
2021-11-30 09:35:09.110,300557.SZ,28.83,200.0,1,2,3686672,2014,-9223372036854775808,-9223372036854775808
2021-11-30 09:35:09.110,300557.SZ,28.85,100.0,1,2,3686749,2014,-9223372036854775808,-9223372036854775808
2021-11-30 09:35:09.120,300557.SZ,28.85,100.0,1,2,3686907,2014,-9223372036854775808,-9223372036854775808
2021-11-30 09:35:09.120,300557.SZ,28.85,100.0,1,2,3686936,2014,-9223372036854775808,-9223372036854775808
2021-11-30 09:35:09.120,300557.SZ,28.85,100.0,1,2,3686938,2014,-9223372036854775808,-9223372036854775808
2021-11-30 09:35:09.120,300557.SZ,28.85,100.0,1,2,3686940,2014,-9223372036854775808,-9223372036854775808
2021-11-30 09:35:09.120,300557.SZ,28.85,100.0,1,2,3686942,2014,-9223372036854775808,-9223372036854775808
2021-11-30 09:35:09.120,300557.SZ,28.85,100.0,1,2,3686944,2014,-9223372036854775808,-9223372036854775808
2021-11-30 09:35:09.120,300557.SZ,28.85,100.0,1,2,3686946,2014,-9223372036854775808,-9223372036854775808
2021-11-30 09:35:09.130,300557.SZ,28.84,300.0,1,2,3687104,2014,-9223372036854775808,-9223372036854775808
2021-11-30 09:35:09.140,300557.SZ,28.84,100.0,1,2,3687416,2014,-9223372036854775808,-9223372036854775808
2021-11-30 09:35:09.140,300557.SZ,28.85,800.0,1,2,3687432,2014,-9223372036854775808,-9223372036854775808
2021-11-30 09:35:09.140,300557.SZ,28.84,400.0,1,2,3687484,2014,-9223372036854775808,-9223372036854775808
2021-11-30 09:35:09.150,300557.SZ,28.84,600.0,1,2,3687637,2014,-9223372036854775808,-9223372036854775808
2021-11-30 09:35:09.160,300557.SZ,28.84,700.0,1,2,3687706,2014,-9223372036854775808,-9223372036854775808
2021-11-30 09:35:09.160,300557.SZ,28.85,100.0,1,2,3687790,2014,-9223372036854775808,-9223372036854775808
2021-11-30 09:35:09.200,300557.SZ,28.85,200.0,1,2,3688142,2014,-9223372036854775808,-9223372036854775808
2021-11-30 09:35:09.220,300557.SZ,28.86,700.0,1,2,3688553,2014,-9223372036854775808,-9223372036854775808
2021-11-30 09:35:09.230,300557.SZ,28.86,300.0,1,2,3688693,2014,-9223372036854775808,-9223372036854775808
2021-11-30 09:35:09.240,300557.SZ,28.86,600.0,1,2,3688759,2014,-9223372036854775808,-9223372036854775808
2021-11-30 09:35:09.240,300557.SZ,28.86,100.0,1,2,3688859,2014,-9223372036854775808,-9223372036854775808
2021-11-30 09:35:09.250,300557.SZ,28.86,400.0,1,2,3688876,2014,-9223372036854775808,-9223372036854775808
2021-11-30 09:35:09.250,300557.SZ,28.86,100.0,1,2,3688898,2014,-9223372036854775808,-9223372036854775808
2021-11-30 09:35:09.280,300557.SZ,28.86,100.0,1,2,3689148,2014,-9223372036854775808,-9223372036854775808
2021-11-30 09:35:09.310,300557.SZ,28.86,200.0,1,2,3689436,2014,-9223372036854775808,-9223372036854775808
2021-11-30 09:35:09.500,300557.SZ,28.86,100.0,1,2,3690820,2014,-9223372036854775808,-9223372036854775808
2021-11-30 09:35:09.820,300557.SZ,28.87,1000.0,1,2,3693922,2014,-9223372036854775808,-9223372036854775808
2021-11-30 09:35:09.820,300557.SZ,28.88,2400.0,1,2,3693963,2014,-9223372036854775808,-9223372036854775808
2021-11-30 09:35:09.830,300557.SZ,28.87,100.0,1,2,3693990,2014,-9223372036854775808,-9223372036854775808
2021-11-30 09:35:09.840,300557.SZ,28.87,200.0,1,2,3694061,2014,-9223372036854775808,-9223372036854775808
2021-11-30 09:35:09.840,300557.SZ,28.88,1500.0,1,2,3694134,2014,-9223372036854775808,-9223372036854775808
2021-11-30 09:35:09.850,300557.SZ,28.89,100.0,1,2,3694358,2014,-9223372036854775808,-9223372036854775808
2021-11-30 09:35:10.230,300557.SZ,28.88,300.0,1,2,3699253,2014,-9223372036854775808,-9223372036854775808
2021-11-30 09:35:10.490,300557.SZ,28.85,900.0,1,2,3701956,2014,-9223372036854775808,-9223372036854775808
2021-11-30 09:35:10.520,300557.SZ,28.85,100.0,1,2,3702233,2014,-9223372036854775808,-9223372036854775808
2021-11-30 09:35:10.590,300557.SZ,28.85,100.0,1,2,3703119,2014,-9223372036854775808,-9223372036854775808
2021-11-30 09:35:10.910,300557.SZ,28.89,200.0,1,2,3705417,2014,-9223372036854775808,-9223372036854775808
2021-11-30 09:35:10.910,300557.SZ,28.89,400.0,1,2,3705420,2014,-9223372036854775808,-9223372036854775808
2021-11-30 09:35:10.910,300557.SZ,28.89,700.0,1,2,3705421,2014,-9223372036854775808,-9223372036854775808
2021-11-30 09:35:10.920,300557.SZ,28.94,100.0,1,2,3705504,2014,-9223372036854775808,-9223372036854775808
2021-11-30 09:35:11.010,300557.SZ,28.82,1000.0,1,2,3706169,2014,-9223372036854775808,-9223372036854775808
2021-11-30 09:35:11.110,300557.SZ,28.88,500.0,1,2,3707464,2014,-9223372036854775808,-9223372036854775808
2021-11-30 09:35:12.730,300557.SZ,28.81,100.0,-1,2,3721899,2014,-9223372036854775808,-9223372036854775808
2021-11-30 09:35:12.740,300557.SZ,28.89,100.0,1,2,3721932,2014,-9223372036854775808,-9223372036854775808
2021-11-30 09:35:12.740,300557.SZ,28.89,100.0,1,2,3721937,2014,-9223372036854775808,-9223372036854775808
2021-11-30 09:35:13.560,300557.SZ,28.94,600.0,1,2,3732201,2014,-9223372036854775808,-9223372036854775808
2021-11-30 09:35:14.100,300557.SZ,28.82,5000.0,-1,2,3736692,2014,-9223372036854775808,-9223372036854775808
2021-11-30 09:35:15.510,300557.SZ,28.85,1000.0,1,2,3747374,2014,-9223372036854775808,-9223372036854775808
2021-11-30 09:35:16.950,300557.SZ,28.8,200.0,1,2,3761315,2014,-9223372036854775808,-9223372036854775808
2021-11-30 09:35:17.950,300557.SZ,28.89,300.0,-1,2,3767879,2014,-9223372036854775808,-9223372036854775808
2021-11-30 09:35:18.360,300557.SZ,28.85,100.0,1,2,3770885,2014,-9223372036854775808,-9223372036854775808
2021-11-30 09:35:18.370,300557.SZ,28.85,500.0,1,2,3770893,2014,-9223372036854775808,-9223372036854775808
2021-11-30 09:35:18.380,300557.SZ,28.86,200.0,1,2,3770980,2014,-9223372036854775808,-9223372036854775808
2021-11-30 09:35:18.380,300557.SZ,28.85,100.0,1,2,3770989,2014,-9223372036854775808,-9223372036854775808
2021-11-30 09:35:18.380,300557.SZ,28.85,100.0,1,2,3770999,2014,-9223372036854775808,-9223372036854775808
2021-11-30 09:35:18.380,300557.SZ,28.85,400.0,1,2,3771001,2014,-9223372036854775808,-9223372036854775808
2021-11-30 09:35:18.400,300557.SZ,28.86,100.0,1,2,3771058,2014,-9223372036854775808,-9223372036854775808
2021-11-30 09:35:18.400,300557.SZ,28.86,100.0,1,2,3771067,2014,-9223372036854775808,-9223372036854775808
2021-11-30 09:35:18.400,300557.SZ,28.86,400.0,1,2,3771132,2014,-9223372036854775808,-9223372036854775808
2021-11-30 09:35:18.400,300557.SZ,28.86,100.0,1,2,3771134,2014,-9223372036854775808,-9223372036854775808
2021-11-30 09:35:18.470,300557.SZ,28.86,200.0,1,2,3771760,2014,-9223372036854775808,-9223372036854775808
2021-11-30 09:35:18.480,300557.SZ,28.86,100.0,1,2,3771788,2014,-9223372036854775808,-9223372036854775808
2021-11-30 09:35:19.540,300557.SZ,28.85,100.0,1,2,3783087,2014,-9223372036854775808,-9223372036854775808
2021-11-30 09:35:19.650,300557.SZ,28.89,3000.0,1,2,3784197,2014,-9223372036854775808,-9223372036854775808
2021-11-30 09:35:19.660,300557.SZ,28.97,100.0,1,2,3784247,2014,-9223372036854775808,-9223372036854775808
2021-11-30 09:35:19.670,300557.SZ,28.89,100.0,1,2,3784311,2014,-9223372036854775808,-9223372036854775808
2021-11-30 09:35:19.670,300557.SZ,28.89,100.0,1,2,3784313,2014,-9223372036854775808,-9223372036854775808
2021-11-30 09:35:19.670,300557.SZ,28.89,100.0,1,2,3784314,2014,-9223372036854775808,-9223372036854775808
2021-11-30 09:35:19.670,300557.SZ,28.89,100.0,1,2,3784315,2014,-9223372036854775808,-9223372036854775808
2021-11-30 09:35:19.670,300557.SZ,28.89,200.0,1,2,3784344,2014,-9223372036854775808,-9223372036854775808
2021-11-30 09:35:19.680,300557.SZ,28.89,100.0,1,2,3784440,2014,-9223372036854775808,-9223372036854775808
2021-11-30 09:35:19.680,300557.SZ,28.89,100.0,1,2,3784443,2014,-9223372036854775808,-9223372036854775808
2021-11-30 09:35:19.680,300557.SZ,28.89,100.0,1,2,3784444,2014,-9223372036854775808,-9223372036854775808
2021-11-30 09:35:19.680,300557.SZ,28.89,200.0,1,2,3784445,2014,-9223372036854775808,-9223372036854775808
2021-11-30 09:35:19.680,300557.SZ,28.89,100.0,1,2,3784512,2014,-9223372036854775808,-9223372036854775808
2021-11-30 09:35:19.680,300557.SZ,28.89,100.0,1,2,3784520,2014,-9223372036854775808,-9223372036854775808
2021-11-30 09:35:19.680,300557.SZ,28.9,200.0,1,2,3784536,2014,-9223372036854775808,-9223372036854775808
2021-11-30 09:35:19.680,300557.SZ,28.96,100.0,1,2,3784546,2014,-9223372036854775808,-9223372036854775808
2021-11-30 09:35:19.680,300557.SZ,28.89,400.0,1,2,3784564,2014,-9223372036854775808,-9223372036854775808
2021-11-30 09:35:19.680,300557.SZ,28.89,100.0,1,2,3784566,2014,-9223372036854775808,-9223372036854775808
2021-11-30 09:35:19.700,300557.SZ,28.9,200.0,1,2,3784632,2014,-9223372036854775808,-9223372036854775808
2021-11-30 09:35:19.700,300557.SZ,28.9,100.0,1,2,3784633,2014,-9223372036854775808,-9223372036854775808
2021-11-30 09:35:19.700,300557.SZ,28.96,100.0,1,2,3784636,2014,-9223372036854775808,-9223372036854775808
2021-11-30 09:35:19.710,300557.SZ,28.9,100.0,1,2,3784720,2014,-9223372036854775808,-9223372036854775808
2021-11-30 09:35:19.710,300557.SZ,28.9,100.0,1,2,3784722,2014,-9223372036854775808,-9223372036854775808
2021-11-30 09:35:19.710,300557.SZ,28.9,100.0,1,2,3784723,2014,-9223372036854775808,-9223372036854775808
2021-11-30 09:35:19.720,300557.SZ,28.9,100.0,1,2,3784813,2014,-9223372036854775808,-9223372036854775808
2021-11-30 09:35:19.730,300557.SZ,28.9,100.0,1,2,3784928,2014,-9223372036854775808,-9223372036854775808
2021-11-30 09:35:19.740,300557.SZ,28.9,100.0,1,2,3785030,2014,-9223372036854775808,-9223372036854775808
2021-11-30 09:35:19.740,300557.SZ,28.9,100.0,1,2,3785036,2014,-9223372036854775808,-9223372036854775808
2021-11-30 09:35:19.790,300557.SZ,28.96,100.0,1,2,3785322,2014,-9223372036854775808,-9223372036854775808
2021-11-30 09:35:19.810,300557.SZ,28.96,400.0,1,2,3785460,2014,-9223372036854775808,-9223372036854775808
2021-11-30 09:35:19.810,300557.SZ,28.96,100.0,1,2,3785462,2014,-9223372036854775808,-9223372036854775808
2021-11-30 09:35:20.260,300557.SZ,28.96,1400.0,1,2,3789777,2014,-9223372036854775808,-9223372036854775808
2021-11-30 09:35:20.270,300557.SZ,28.96,200.0,-1,2,3789795,2014,-9223372036854775808,-9223372036854775808
2021-11-30 09:35:20.270,300557.SZ,28.96,200.0,-1,2,3789797,2014,-9223372036854775808,-9223372036854775808
2021-11-30 09:35:20.270,300557.SZ,28.96,200.0,-1,2,3789799,2014,-9223372036854775808,-9223372036854775808
2021-11-30 09:35:20.270,300557.SZ,28.96,200.0,-1,2,3789803,2014,-9223372036854775808,-9223372036854775808
2021-11-30 09:35:20.310,300557.SZ,28.91,100.0,1,2,3790190,2014,-9223372036854775808,-9223372036854775808
2021-11-30 09:35:20.320,300557.SZ,28.91,100.0,1,2,3790255,2014,-9223372036854775808,-9223372036854775808
2021-11-30 09:35:20.320,300557.SZ,28.91,100.0,1,2,3790260,2014,-9223372036854775808,-9223372036854775808
2021-11-30 09:35:20.320,300557.SZ,28.92,200.0,1,2,3790268,2014,-9223372036854775808,-9223372036854775808
2021-11-30 09:35:20.330,300557.SZ,28.91,100.0,1,2,3790283,2014,-9223372036854775808,-9223372036854775808
2021-11-30 09:35:20.340,300557.SZ,28.92,100.0,1,2,3790327,2014,-9223372036854775808,-9223372036854775808
2021-11-30 09:35:20.340,300557.SZ,28.92,200.0,1,2,3790328,2014,-9223372036854775808,-9223372036854775808
2021-11-30 09:35:20.340,300557.SZ,28.92,100.0,1,2,3790329,2014,-9223372036854775808,-9223372036854775808
2021-11-30 09:35:20.340,300557.SZ,28.92,100.0,1,2,3790330,2014,-9223372036854775808,-9223372036854775808
2021-11-30 09:35:20.340,300557.SZ,28.92,100.0,1,2,3790331,2014,-9223372036854775808,-9223372036854775808
2021-11-30 09:35:20.340,300557.SZ,28.91,100.0,1,2,3790349,2014,-9223372036854775808,-9223372036854775808
2021-11-30 09:35:20.370,300557.SZ,28.92,100.0,1,2,3790507,2014,-9223372036854775808,-9223372036854775808
2021-11-30 09:35:21.040,300557.SZ,28.92,100.0,1,2,3794721,2014,-9223372036854775808,-9223372036854775808
2021-11-30 09:35:21.040,300557.SZ,28.92,100.0,1,2,3794763,2014,-9223372036854775808,-9223372036854775808
2021-11-30 09:35:21.040,300557.SZ,28.92,100.0,1,2,3794793,2014,-9223372036854775808,-9223372036854775808
2021-11-30 09:35:21.040,300557.SZ,28.92,100.0,1,2,3794798,2014,-9223372036854775808,-9223372036854775808
2021-11-30 09:35:21.050,300557.SZ,28.92,100.0,1,2,3794805,2014,-9223372036854775808,-9223372036854775808
2021-11-30 09:35:21.050,300557.SZ,28.92,100.0,1,2,3794807,2014,-9223372036854775808,-9223372036854775808
2021-11-30 09:35:21.050,300557.SZ,28.92,100.0,1,2,3794808,2014,-9223372036854775808,-9223372036854775808
2021-11-30 09:35:21.060,300557.SZ,28.92,100.0,1,2,3794924,2014,-9223372036854775808,-9223372036854775808
2021-11-30 09:35:22.180,300557.SZ,28.8,500.0,-1,2,3803857,2014,-9223372036854775808,-9223372036854775808
2021-11-30 09:35:22.290,300557.SZ,30.5,3000.0,-1,2,3805019,2014,-9223372036854775808,-9223372036854775808
2021-11-30 09:35:23.790,300557.SZ,29.8,1000.0,-1,2,3817127,2014,-9223372036854775808,-9223372036854775808
2021-11-30 09:35:24.760,300557.SZ,30.8,500.0,-1,2,3823699,2014,-9223372036854775808,-9223372036854775808
2021-11-30 09:35:24.800,300557.SZ,28.93,100.0,1,2,3824017,2014,-9223372036854775808,-9223372036854775808
2021-11-30 09:35:24.800,300557.SZ,28.92,100.0,1,2,3824023,2014,-9223372036854775808,-9223372036854775808
2021-11-30 09:35:24.810,300557.SZ,28.93,100.0,1,2,3824109,2014,-9223372036854775808,-9223372036854775808
2021-11-30 09:35:24.810,300557.SZ,28.93,100.0,1,2,3824132,2014,-9223372036854775808,-9223372036854775808
2021-11-30 09:35:24.820,300557.SZ,28.96,100.0,1,2,3824148,2014,-9223372036854775808,-9223372036854775808
2021-11-30 09:35:24.820,300557.SZ,28.93,100.0,1,2,3824155,2014,-9223372036854775808,-9223372036854775808
2021-11-30 09:35:24.820,300557.SZ,28.93,100.0,1,2,3824156,2014,-9223372036854775808,-9223372036854775808
2021-11-30 09:35:24.830,300557.SZ,28.93,100.0,1,2,3824231,2014,-9223372036854775808,-9223372036854775808
2021-11-30 09:35:24.830,300557.SZ,28.93,100.0,1,2,3824234,2014,-9223372036854775808,-9223372036854775808
2021-11-30 09:35:24.830,300557.SZ,28.93,100.0,1,2,3824235,2014,-9223372036854775808,-9223372036854775808
2021-11-30 09:35:24.830,300557.SZ,28.93,100.0,1,2,3824237,2014,-9223372036854775808,-9223372036854775808
2021-11-30 09:35:24.860,300557.SZ,28.93,100.0,1,2,3824463,2014,-9223372036854775808,-9223372036854775808
2021-11-30 09:35:24.860,300557.SZ,28.93,100.0,1,2,3824465,2014,-9223372036854775808,-9223372036854775808
2021-11-30 09:35:25.790,300557.SZ,28.92,100.0,1,2,3832968,2014,-9223372036854775808,-9223372036854775808
2021-11-30 09:35:26.520,300557.SZ,28.96,3300.0,1,2,3837979,2014,-9223372036854775808,-9223372036854775808
2021-11-30 09:35:26.520,300557.SZ,28.96,1800.0,-1,2,3837997,2014,-9223372036854775808,-9223372036854775808
2021-11-30 09:35:26.520,300557.SZ,28.96,100.0,-1,2,3838000,2014,-9223372036854775808,-9223372036854775808
2021-11-30 09:35:26.530,300557.SZ,28.96,700.0,-1,2,3838024,2014,-9223372036854775808,-9223372036854775808
2021-11-30 09:35:26.530,300557.SZ,28.96,600.0,-1,2,3838026,2014,-9223372036854775808,-9223372036854775808
2021-11-30 09:35:26.530,300557.SZ,28.96,200.0,-1,2,3838051,2014,-9223372036854775808,-9223372036854775808
2021-11-30 09:35:27.050,300557.SZ,28.96,100.0,1,2,3840859,2014,-9223372036854775808,-9223372036854775808
2021-11-30 09:35:27.150,300557.SZ,28.93,100.0,1,2,3841391,2014,-9223372036854775808,-9223372036854775808
2021-11-30 09:35:27.590,300557.SZ,33.33,25600.0,-1,2,3844050,2014,-9223372036854775808,-9223372036854775808
2021-11-30 09:35:30.170,300557.SZ,28.85,300.0,1,2,3862987,2014,-9223372036854775808,-9223372036854775808
2021-11-30 09:35:31.310,300557.SZ,33.77,100.0,-1,2,3871272,2014,-9223372036854775808,-9223372036854775808
2021-11-30 09:35:31.800,300557.SZ,28.96,2700.0,-1,2,3874885,2014,-9223372036854775808,-9223372036854775808
2021-11-30 09:35:32.710,300557.SZ,28.95,600.0,1,2,3880429,2014,-9223372036854775808,-9223372036854775808
2021-11-30 09:35:32.710,300557.SZ,28.95,200.0,-1,2,3880448,2014,-9223372036854775808,-9223372036854775808
2021-11-30 09:35:32.710,300557.SZ,28.95,300.0,-1,2,3880450,2014,-9223372036854775808,-9223372036854775808
2021-11-30 09:35:32.710,300557.SZ,28.95,200.0,-1,2,3880452,2014,-9223372036854775808,-9223372036854775808
2021-11-30 09:35:33.640,300557.SZ,28.95,500.0,-1,2,3886715,2014,-9223372036854775808,-9223372036854775808
2021-11-30 09:35:35.480,300557.SZ,28.97,200.0,-1,2,3903250,2014,-9223372036854775808,-9223372036854775808
2021-11-30 09:35:36.250,300557.SZ,28.96,2800.0,-1,2,3907872,2014,-9223372036854775808,-9223372036854775808
2021-11-30 09:35:38.360,300557.SZ,28.97,1000.0,1,2,3924362,2014,-9223372036854775808,-9223372036854775808
2021-11-30 09:35:38.370,300557.SZ,29.0,1000.0,1,2,3924532,2014,-9223372036854775808,-9223372036854775808
2021-11-30 09:35:39.200,300557.SZ,28.92,1000.0,1,2,3929865,2014,-9223372036854775808,-9223372036854775808
2021-11-30 09:35:39.220,300557.SZ,29.38,1000.0,-1,2,3930104,2014,-9223372036854775808,-9223372036854775808
2021-11-30 09:35:40.000,300557.SZ,29.09,500.0,-1,2,3937294,2014,-9223372036854775808,-9223372036854775808
2021-11-30 09:35:40.100,300557.SZ,28.65,300.0,-1,2,3938616,2014,-9223372036854775808,-9223372036854775808
2021-11-30 09:35:41.380,300557.SZ,28.95,500.0,-1,2,3948988,2014,-9223372036854775808,-9223372036854775808
2021-11-30 09:35:41.800,300557.SZ,28.97,700.0,-1,2,3950931,2014,-9223372036854775808,-9223372036854775808
2021-11-30 09:35:42.050,300557.SZ,28.96,500.0,1,2,3952291,2014,-9223372036854775808,-9223372036854775808
2021-11-30 09:35:42.240,300557.SZ,28.91,300.0,-1,2,3953436,2014,-9223372036854775808,-9223372036854775808
2021-11-30 09:35:42.400,300557.SZ,28.91,100.0,-1,2,3954411,2014,-9223372036854775808,-9223372036854775808
2021-11-30 09:35:43.500,300557.SZ,28.92,100.0,1,2,3963888,2014,-9223372036854775808,-9223372036854775808
2021-11-30 09:35:44.050,300557.SZ,29.42,600.0,-1,2,3967800,2014,-9223372036854775808,-9223372036854775808
2021-11-30 09:35:45.340,300557.SZ,28.95,1700.0,1,2,3976105,2014,-9223372036854775808,-9223372036854775808
2021-11-30 09:35:45.350,300557.SZ,28.95,700.0,-1,2,3976124,2014,-9223372036854775808,-9223372036854775808
2021-11-30 09:35:45.350,300557.SZ,28.95,700.0,-1,2,3976126,2014,-9223372036854775808,-9223372036854775808
2021-11-30 09:35:45.350,300557.SZ,28.95,400.0,-1,2,3976135,2014,-9223372036854775808,-9223372036854775808
2021-11-30 09:35:45.500,300557.SZ,28.95,1600.0,-1,2,3977567,2014,-9223372036854775808,-9223372036854775808
2021-11-30 09:35:46.710,300557.SZ,33.0,2000.0,-1,2,3988919,2014,-9223372036854775808,-9223372036854775808
2021-11-30 09:35:47.770,300557.SZ,29.05,500.0,-1,2,3994561,2014,-9223372036854775808,-9223372036854775808
2021-11-30 09:35:48.710,300557.SZ,28.95,200.0,-1,2,4000338,2014,-9223372036854775808,-9223372036854775808
2021-11-30 09:35:49.200,300557.SZ,28.95,100.0,-1,2,4004311,2014,-9223372036854775808,-9223372036854775808
2021-11-30 09:35:49.740,300557.SZ,28.95,200.0,-1,2,4008237,2014,-9223372036854775808,-9223372036854775808
2021-11-30 09:35:51.290,300557.SZ,28.64,600.0,-1,2,4016580,2014,-9223372036854775808,-9223372036854775808
2021-11-30 09:35:52.880,300557.SZ,28.95,200.0,-1,2,4027782,2014,-9223372036854775808,-9223372036854775808
2021-11-30 09:35:53.140,300557.SZ,28.8,5000.0,-1,2,4029164,2014,-9223372036854775808,-9223372036854775808
2021-11-30 09:35:53.150,300557.SZ,28.94,100.0,-1,2,4029199,2014,-9223372036854775808,-9223372036854775808
2021-11-30 09:35:53.160,300557.SZ,28.81,100.0,1,2,4029335,2014,-9223372036854775808,-9223372036854775808
2021-11-30 09:35:53.160,300557.SZ,28.81,100.0,1,2,4029336,2014,-9223372036854775808,-9223372036854775808
2021-11-30 09:35:53.160,300557.SZ,28.81,100.0,1,2,4029354,2014,-9223372036854775808,-9223372036854775808
2021-11-30 09:35:53.160,300557.SZ,28.81,100.0,1,2,4029355,2014,-9223372036854775808,-9223372036854775808
2021-11-30 09:35:53.170,300557.SZ,28.81,100.0,1,2,4029441,2014,-9223372036854775808,-9223372036854775808
2021-11-30 09:35:53.170,300557.SZ,28.81,100.0,1,2,4029442,2014,-9223372036854775808,-9223372036854775808
2021-11-30 09:35:53.170,300557.SZ,28.81,100.0,1,2,4029443,2014,-9223372036854775808,-9223372036854775808
2021-11-30 09:35:53.180,300557.SZ,28.81,100.0,1,2,4029476,2014,-9223372036854775808,-9223372036854775808
2021-11-30 09:35:53.180,300557.SZ,28.82,100.0,1,2,4029534,2014,-9223372036854775808,-9223372036854775808
2021-11-30 09:35:53.190,300557.SZ,28.82,100.0,1,2,4029588,2014,-9223372036854775808,-9223372036854775808
2021-11-30 09:35:53.190,300557.SZ,28.82,100.0,1,2,4029589,2014,-9223372036854775808,-9223372036854775808
2021-11-30 09:35:53.200,300557.SZ,28.82,100.0,1,2,4029629,2014,-9223372036854775808,-9223372036854775808
2021-11-30 09:35:53.200,300557.SZ,28.82,100.0,1,2,4029631,2014,-9223372036854775808,-9223372036854775808
2021-11-30 09:35:53.200,300557.SZ,28.82,100.0,1,2,4029637,2014,-9223372036854775808,-9223372036854775808
2021-11-30 09:35:53.210,300557.SZ,28.82,100.0,1,2,4029674,2014,-9223372036854775808,-9223372036854775808
2021-11-30 09:35:53.210,300557.SZ,28.82,100.0,1,2,4029675,2014,-9223372036854775808,-9223372036854775808
2021-11-30 09:35:53.210,300557.SZ,28.82,100.0,1,2,4029691,2014,-9223372036854775808,-9223372036854775808
2021-11-30 09:35:53.260,300557.SZ,28.92,100.0,-1,2,4029960,2014,-9223372036854775808,-9223372036854775808
2021-11-30 09:35:55.460,300557.SZ,28.89,100.0,1,2,4045069,2014,-9223372036854775808,-9223372036854775808
2021-11-30 09:35:55.680,300557.SZ,28.94,300.0,-1,2,4046564,2014,-9223372036854775808,-9223372036854775808
2021-11-30 09:35:55.890,300557.SZ,28.88,100.0,-1,2,4047803,2014,-9223372036854775808,-9223372036854775808
2021-11-30 09:35:56.400,300557.SZ,28.97,300.0,-1,2,4050474,2014,-9223372036854775808,-9223372036854775808
2021-11-30 09:35:56.860,300557.SZ,28.92,700.0,-1,2,4053325,2014,-9223372036854775808,-9223372036854775808
2021-11-30 09:35:57.070,300557.SZ,28.96,1000.0,-1,2,4054590,2014,-9223372036854775808,-9223372036854775808
2021-11-30 09:35:58.300,300557.SZ,28.92,500.0,-1,2,4065963,2014,-9223372036854775808,-9223372036854775808
2021-11-30 09:36:00.850,300557.SZ,29.97,2000.0,-1,2,4083403,2014,-9223372036854775808,-9223372036854775808
2021-11-30 09:36:01.320,300557.SZ,28.61,100.0,-1,2,4088099,2014,-9223372036854775808,-9223372036854775808
2021-11-30 09:36:01.750,300557.SZ,28.82,100.0,1,2,4092041,2014,-9223372036854775808,-9223372036854775808
2021-11-30 09:36:02.010,300557.SZ,29.0,400.0,1,2,4094459,2014,-9223372036854775808,-9223372036854775808
2021-11-30 09:36:03.980,300557.SZ,28.83,700.0,1,2,4109872,2014,-9223372036854775808,-9223372036854775808
2021-11-30 09:36:03.990,300557.SZ,28.83,100.0,1,2,4109955,2014,-9223372036854775808,-9223372036854775808
2021-11-30 09:36:04.010,300557.SZ,28.83,100.0,1,2,4110108,2014,-9223372036854775808,-9223372036854775808
2021-11-30 09:36:04.010,300557.SZ,28.83,100.0,1,2,4110109,2014,-9223372036854775808,-9223372036854775808
2021-11-30 09:36:04.010,300557.SZ,28.83,100.0,1,2,4110122,2014,-9223372036854775808,-9223372036854775808
2021-11-30 09:36:04.010,300557.SZ,28.83,100.0,1,2,4110142,2014,-9223372036854775808,-9223372036854775808
2021-11-30 09:36:04.010,300557.SZ,28.83,100.0,1,2,4110150,2014,-9223372036854775808,-9223372036854775808
2021-11-30 09:36:04.010,300557.SZ,28.83,100.0,1,2,4110172,2014,-9223372036854775808,-9223372036854775808
2021-11-30 09:36:04.010,300557.SZ,28.83,100.0,1,2,4110216,2014,-9223372036854775808,-9223372036854775808
2021-11-30 09:36:04.010,300557.SZ,28.83,100.0,1,2,4110236,2014,-9223372036854775808,-9223372036854775808
2021-11-30 09:36:04.030,300557.SZ,28.83,100.0,1,2,4110483,2014,-9223372036854775808,-9223372036854775808
2021-11-30 09:36:04.030,300557.SZ,28.83,100.0,1,2,4110488,2014,-9223372036854775808,-9223372036854775808
2021-11-30 09:36:04.050,300557.SZ,28.84,100.0,1,2,4110852,2014,-9223372036854775808,-9223372036854775808
2021-11-30 09:36:04.050,300557.SZ,28.84,100.0,1,2,4110853,2014,-9223372036854775808,-9223372036854775808
2021-11-30 09:36:04.050,300557.SZ,28.84,100.0,1,2,4110856,2014,-9223372036854775808,-9223372036854775808
2021-11-30 09:36:04.060,300557.SZ,28.84,100.0,1,2,4111018,2014,-9223372036854775808,-9223372036854775808
2021-11-30 09:36:04.070,300557.SZ,28.84,100.0,1,2,4111076,2014,-9223372036854775808,-9223372036854775808
2021-11-30 09:36:04.070,300557.SZ,28.84,100.0,1,2,4111141,2014,-9223372036854775808,-9223372036854775808
2021-11-30 09:36:04.070,300557.SZ,28.84,100.0,1,2,4111142,2014,-9223372036854775808,-9223372036854775808
2021-11-30 09:36:04.090,300557.SZ,28.84,100.0,1,2,4111414,2014,-9223372036854775808,-9223372036854775808
2021-11-30 09:36:04.090,300557.SZ,28.84,100.0,1,2,4111418,2014,-9223372036854775808,-9223372036854775808
2021-11-30 09:36:04.100,300557.SZ,28.84,100.0,1,2,4111609,2014,-9223372036854775808,-9223372036854775808
2021-11-30 09:36:04.100,300557.SZ,28.84,100.0,1,2,4111611,2014,-9223372036854775808,-9223372036854775808
2021-11-30 09:36:04.480,300557.SZ,28.82,100.0,1,2,4115860,2014,-9223372036854775808,-9223372036854775808
2021-11-30 09:36:05.210,300557.SZ,33.18,3000.0,-1,2,4122877,2014,-9223372036854775808,-9223372036854775808
2021-11-30 09:36:06.640,300557.SZ,28.85,2700.0,-1,2,4133976,2014,-9223372036854775808,-9223372036854775808
2021-11-30 09:36:09.150,300557.SZ,30.0,200.0,-1,2,4158761,2014,-9223372036854775808,-9223372036854775808
2021-11-30 09:36:10.990,300557.SZ,28.95,200.0,-1,2,4177282,2014,-9223372036854775808,-9223372036854775808
2021-11-30 09:36:11.120,300557.SZ,28.91,6800.0,-1,2,4178986,2014,-9223372036854775808,-9223372036854775808
2021-11-30 09:36:11.710,300557.SZ,28.9,500.0,-1,2,4182848,2014,-9223372036854775808,-9223372036854775808
2021-11-30 09:36:12.720,300557.SZ,29.3,100.0,-1,2,4190731,2014,-9223372036854775808,-9223372036854775808
2021-11-30 09:36:14.230,300557.SZ,28.98,200.0,1,2,4203714,2014,-9223372036854775808,-9223372036854775808
2021-11-30 09:36:14.300,300557.SZ,28.81,100.0,-1,2,4204199,2014,-9223372036854775808,-9223372036854775808
2021-11-30 09:36:14.470,300557.SZ,28.84,1000.0,1,2,4205365,2014,-9223372036854775808,-9223372036854775808
2021-11-30 09:36:14.550,300557.SZ,28.82,3000.0,-1,2,4205696,2014,-9223372036854775808,-9223372036854775808
2021-11-30 09:36:16.220,300557.SZ,28.95,1000.0,-1,2,4218094,2014,-9223372036854775808,-9223372036854775808
2021-11-30 09:36:16.910,300557.SZ,28.92,700.0,1,2,4224182,2014,-9223372036854775808,-9223372036854775808
2021-11-30 09:36:17.400,300557.SZ,29.12,600.0,-1,2,4227880,2014,-9223372036854775808,-9223372036854775808
2021-11-30 09:36:19.570,300557.SZ,28.94,700.0,-1,2,4245462,2014,-9223372036854775808,-9223372036854775808
2021-11-30 09:36:19.820,300557.SZ,28.81,100.0,-1,2,4247132,2014,-9223372036854775808,-9223372036854775808
2021-11-30 09:36:20.850,300557.SZ,28.95,500.0,-1,2,4253277,2014,-9223372036854775808,-9223372036854775808
2021-11-30 09:36:22.480,300557.SZ,28.81,100.0,1,2,4265131,2014,-9223372036854775808,-9223372036854775808
2021-11-30 09:36:27.720,300557.SZ,28.81,2000.0,-1,2,4298105,2014,-9223372036854775808,-9223372036854775808
2021-11-30 09:36:30.640,300557.SZ,28.82,300.0,1,2,4316692,2014,-9223372036854775808,-9223372036854775808
2021-11-30 09:36:30.640,300557.SZ,28.8,200.0,-1,2,4316709,2014,-9223372036854775808,-9223372036854775808
2021-11-30 09:36:33.260,300557.SZ,28.91,5000.0,1,2,4333860,2014,-9223372036854775808,-9223372036854775808
2021-11-30 09:36:33.900,300557.SZ,28.88,1000.0,-1,2,4338036,2014,-9223372036854775808,-9223372036854775808
2021-11-30 09:36:33.940,300557.SZ,29.98,1000.0,-1,2,4338331,2014,-9223372036854775808,-9223372036854775808
2021-11-30 09:36:34.470,300557.SZ,28.78,100.0,1,2,4343548,2014,-9223372036854775808,-9223372036854775808
2021-11-30 09:36:35.360,300557.SZ,29.2,500.0,-1,2,4349868,2014,-9223372036854775808,-9223372036854775808
2021-11-30 09:36:36.370,300557.SZ,28.71,1000.0,1,2,4355598,2014,-9223372036854775808,-9223372036854775808
2021-11-30 09:36:37.700,300557.SZ,28.78,100.0,1,2,4366306,2014,-9223372036854775808,-9223372036854775808
2021-11-30 09:36:40.560,300557.SZ,28.78,600.0,1,2,4387213,2014,-9223372036854775808,-9223372036854775808
2021-11-30 09:36:43.480,300557.SZ,28.78,100.0,1,2,4407249,2014,-9223372036854775808,-9223372036854775808
2021-11-30 09:36:43.680,300557.SZ,28.78,100.0,1,2,4408830,2014,-9223372036854775808,-9223372036854775808
2021-11-30 09:36:44.220,300557.SZ,28.79,2300.0,1,2,4411758,2014,-9223372036854775808,-9223372036854775808
2021-11-30 09:36:44.260,300557.SZ,28.83,300.0,-1,2,4411976,2014,-9223372036854775808,-9223372036854775808
2021-11-30 09:36:46.470,300557.SZ,28.78,100.0,1,2,4427293,2014,-9223372036854775808,-9223372036854775808
2021-11-30 09:36:46.520,300557.SZ,28.78,500.0,1,2,4427609,2014,-9223372036854775808,-9223372036854775808
2021-11-30 09:36:46.560,300557.SZ,28.78,100.0,1,2,4427981,2014,-9223372036854775808,-9223372036854775808
2021-11-30 09:36:46.960,300557.SZ,28.9,500.0,-1,2,4430249,2014,-9223372036854775808,-9223372036854775808
2021-11-30 09:36:47.220,300557.SZ,28.9,2000.0,-1,2,4431693,2014,-9223372036854775808,-9223372036854775808
2021-11-30 09:36:47.710,300557.SZ,29.81,1000.0,-1,2,4434408,2014,-9223372036854775808,-9223372036854775808
2021-11-30 09:36:48.430,300557.SZ,28.9,400.0,-1,2,4438365,2014,-9223372036854775808,-9223372036854775808
2021-11-30 09:36:48.440,300557.SZ,28.79,100.0,1,2,4438391,2014,-9223372036854775808,-9223372036854775808
2021-11-30 09:36:48.440,300557.SZ,28.79,100.0,1,2,4438407,2014,-9223372036854775808,-9223372036854775808
2021-11-30 09:36:48.510,300557.SZ,28.87,500.0,-1,2,4438702,2014,-9223372036854775808,-9223372036854775808
2021-11-30 09:36:49.480,300557.SZ,28.83,100.0,1,2,4445386,2014,-9223372036854775808,-9223372036854775808
2021-11-30 09:36:49.480,300557.SZ,28.83,100.0,1,2,4445401,2014,-9223372036854775808,-9223372036854775808
2021-11-30 09:36:49.510,300557.SZ,28.79,500.0,1,2,4445715,2014,-9223372036854775808,-9223372036854775808
2021-11-30 09:36:50.380,300557.SZ,28.9,100.0,1,2,4451003,2014,-9223372036854775808,-9223372036854775808
2021-11-30 09:36:50.470,300557.SZ,28.87,500.0,1,2,4451444,2014,-9223372036854775808,-9223372036854775808
2021-11-30 09:36:52.020,300557.SZ,28.88,6200.0,-1,2,4460917,2014,-9223372036854775808,-9223372036854775808
2021-11-30 09:36:52.470,300557.SZ,28.83,800.0,1,2,4464462,2014,-9223372036854775808,-9223372036854775808
2021-11-30 09:36:52.570,300557.SZ,28.88,1400.0,1,2,4465479,2014,-9223372036854775808,-9223372036854775808
2021-11-30 09:36:53.070,300557.SZ,28.84,2000.0,1,2,4468092,2014,-9223372036854775808,-9223372036854775808
2021-11-30 09:36:53.180,300557.SZ,28.88,1400.0,1,2,4468665,2014,-9223372036854775808,-9223372036854775808
2021-11-30 09:36:55.490,300557.SZ,28.83,300.0,1,2,4481845,2014,-9223372036854775808,-9223372036854775808
2021-11-30 09:36:55.620,300557.SZ,28.83,600.0,1,2,4482848,2014,-9223372036854775808,-9223372036854775808
2021-11-30 09:36:56.320,300557.SZ,28.83,4100.0,1,2,4486493,2014,-9223372036854775808,-9223372036854775808
2021-11-30 09:36:56.790,300557.SZ,28.85,100.0,1,2,4488791,2014,-9223372036854775808,-9223372036854775808
2021-11-30 09:36:58.190,300557.SZ,28.8,900.0,1,2,4497512,2014,-9223372036854775808,-9223372036854775808
2021-11-30 09:36:58.200,300557.SZ,28.88,200.0,1,2,4497551,2014,-9223372036854775808,-9223372036854775808
2021-11-30 09:36:58.200,300557.SZ,28.88,100.0,1,2,4497553,2014,-9223372036854775808,-9223372036854775808
2021-11-30 09:36:58.200,300557.SZ,28.88,100.0,1,2,4497574,2014,-9223372036854775808,-9223372036854775808
2021-11-30 09:36:58.210,300557.SZ,28.85,100.0,1,2,4497705,2014,-9223372036854775808,-9223372036854775808
2021-11-30 09:36:58.480,300557.SZ,28.84,100.0,1,2,4499460,2014,-9223372036854775808,-9223372036854775808
2021-11-30 09:37:00.020,300557.SZ,28.94,700.0,-1,2,4508145,2014,-9223372036854775808,-9223372036854775808
2021-11-30 09:37:01.280,300557.SZ,28.8,200.0,1,2,4518104,2014,-9223372036854775808,-9223372036854775808
2021-11-30 09:37:01.470,300557.SZ,28.88,600.0,1,2,4519730,2014,-9223372036854775808,-9223372036854775808
2021-11-30 09:37:01.470,300557.SZ,28.88,100.0,1,2,4519739,2014,-9223372036854775808,-9223372036854775808
2021-11-30 09:37:01.480,300557.SZ,28.88,100.0,1,2,4519915,2014,-9223372036854775808,-9223372036854775808
2021-11-30 09:37:01.520,300557.SZ,28.88,500.0,1,2,4520169,2014,-9223372036854775808,-9223372036854775808
2021-11-30 09:37:01.620,300557.SZ,28.89,1400.0,1,2,4521068,2014,-9223372036854775808,-9223372036854775808
2021-11-30 09:37:01.940,300557.SZ,28.86,800.0,1,2,4522939,2014,-9223372036854775808,-9223372036854775808
2021-11-30 09:37:03.800,300557.SZ,28.88,500.0,-1,2,4536053,2014,-9223372036854775808,-9223372036854775808
2021-11-30 09:37:03.800,300557.SZ,28.88,100.0,1,2,4536100,2014,-9223372036854775808,-9223372036854775808
2021-11-30 09:37:03.990,300557.SZ,28.86,700.0,1,2,4537419,2014,-9223372036854775808,-9223372036854775808
2021-11-30 09:37:04.220,300557.SZ,29.91,2000.0,-1,2,4539970,2014,-9223372036854775808,-9223372036854775808
2021-11-30 09:37:04.960,300557.SZ,28.88,200.0,1,2,4545331,2014,-9223372036854775808,-9223372036854775808
2021-11-30 09:37:05.550,300557.SZ,28.88,100.0,1,2,4550131,2014,-9223372036854775808,-9223372036854775808
2021-11-30 09:37:05.570,300557.SZ,28.88,200.0,1,2,4550224,2014,-9223372036854775808,-9223372036854775808
2021-11-30 09:37:07.470,300557.SZ,28.86,100.0,1,2,4567123,2014,-9223372036854775808,-9223372036854775808
2021-11-30 09:37:07.480,300557.SZ,28.88,900.0,1,2,4567147,2014,-9223372036854775808,-9223372036854775808
2021-11-30 09:37:07.490,300557.SZ,28.88,200.0,1,2,4567203,2014,-9223372036854775808,-9223372036854775808
2021-11-30 09:37:10.210,300557.SZ,28.86,500.0,-1,2,4588941,2014,-9223372036854775808,-9223372036854775808
2021-11-30 09:37:10.720,300557.SZ,29.55,100.0,-1,2,4593545,2014,-9223372036854775808,-9223372036854775808
2021-11-30 09:37:13.780,300557.SZ,28.86,5000.0,-1,2,4616207,2014,-9223372036854775808,-9223372036854775808
2021-11-30 09:37:13.930,300557.SZ,28.99,200.0,-1,2,4616863,2014,-9223372036854775808,-9223372036854775808
2021-11-30 09:37:15.450,300557.SZ,28.88,1000.0,1,2,4626378,2014,-9223372036854775808,-9223372036854775808
2021-11-30 09:37:15.540,300557.SZ,28.87,1400.0,1,2,4626912,2014,-9223372036854775808,-9223372036854775808
2021-11-30 09:37:18.440,300557.SZ,33.77,4000.0,1,1,4646366,2014,-9223372036854775808,-9223372036854775808
2021-11-30 09:37:20.350,300557.SZ,33.71,100.0,-1,2,4658703,2014,-9223372036854775808,-9223372036854775808
2021-11-30 09:37:20.650,300557.SZ,33.77,100.0,-1,2,4660262,2014,-9223372036854775808,-9223372036854775808
2021-11-30 09:37:29.950,300557.SZ,28.98,1000.0,-1,2,4714222,2014,-9223372036854775808,-9223372036854775808
2021-11-30 09:37:30.750,300557.SZ,28.86,100.0,1,2,4718601,2014,-9223372036854775808,-9223372036854775808
2021-11-30 09:37:31.880,300557.SZ,28.87,1700.0,1,2,4725324,2014,-9223372036854775808,-9223372036854775808
2021-11-30 09:37:31.890,300557.SZ,28.88,100.0,1,2,4725350,2014,-9223372036854775808,-9223372036854775808
2021-11-30 09:37:35.320,300557.SZ,28.9,4100.0,1,2,4745878,2014,-9223372036854775808,-9223372036854775808
2021-11-30 09:37:35.330,300557.SZ,28.9,100.0,1,2,4745906,2014,-9223372036854775808,-9223372036854775808
2021-11-30 09:37:36.610,300557.SZ,28.92,100.0,1,2,4752043,2014,-9223372036854775808,-9223372036854775808
2021-11-30 09:37:36.930,300557.SZ,28.91,500.0,-1,2,4754418,2014,-9223372036854775808,-9223372036854775808
2021-11-30 09:37:37.490,300557.SZ,28.95,100.0,1,2,4759266,2014,-9223372036854775808,-9223372036854775808
2021-11-30 09:37:38.710,300557.SZ,28.9,1700.0,1,2,4765764,2014,-9223372036854775808,-9223372036854775808
2021-11-30 09:37:38.990,300557.SZ,29.55,500.0,-1,2,4767005,2014,-9223372036854775808,-9223372036854775808
2021-11-30 09:37:39.370,300557.SZ,28.9,500.0,-1,2,4769336,2014,-9223372036854775808,-9223372036854775808
2021-11-30 09:37:40.430,300557.SZ,28.88,500.0,-1,2,4776725,2014,-9223372036854775808,-9223372036854775808
2021-11-30 09:37:40.890,300557.SZ,28.85,200.0,-1,2,4779265,2014,-9223372036854775808,-9223372036854775808
2021-11-30 09:37:45.650,300557.SZ,29.29,1000.0,-1,2,4806963,2014,-9223372036854775808,-9223372036854775808
2021-11-30 09:37:45.690,300557.SZ,28.9,1000.0,-1,2,4807178,2014,-9223372036854775808,-9223372036854775808
2021-11-30 09:37:49.500,300557.SZ,28.9,100.0,1,2,4829490,2014,-9223372036854775808,-9223372036854775808
2021-11-30 09:37:49.500,300557.SZ,28.9,100.0,1,2,4829516,2014,-9223372036854775808,-9223372036854775808
2021-11-30 09:37:49.590,300557.SZ,28.9,300.0,1,2,4830079,2014,-9223372036854775808,-9223372036854775808
2021-11-30 09:37:53.250,300557.SZ,29.58,100.0,-1,2,4849639,2014,-9223372036854775808,-9223372036854775808
2021-11-30 09:37:56.980,300557.SZ,29.55,200.0,-1,2,4869844,2014,-9223372036854775808,-9223372036854775808
2021-11-30 09:38:04.570,300557.SZ,28.9,200.0,1,2,4928594,2014,-9223372036854775808,-9223372036854775808
2021-11-30 09:38:06.980,300557.SZ,28.91,700.0,1,2,4950304,2014,-9223372036854775808,-9223372036854775808
2021-11-30 09:38:08.110,300557.SZ,29.59,1000.0,-1,2,4963338,2014,-9223372036854775808,-9223372036854775808
2021-11-30 09:38:09.600,300557.SZ,29.0,500.0,-1,2,4975582,2014,-9223372036854775808,-9223372036854775808
2021-11-30 09:38:10.520,300557.SZ,28.91,300.0,1,2,4984505,2014,-9223372036854775808,-9223372036854775808
2021-11-30 09:38:10.600,300557.SZ,28.91,100.0,1,2,4985158,2014,-9223372036854775808,-9223372036854775808
2021-11-30 09:38:11.520,300557.SZ,29.96,200.0,-1,2,4992061,2014,-9223372036854775808,-9223372036854775808
2021-11-30 09:38:11.700,300557.SZ,28.93,1700.0,1,2,4993481,2014,-9223372036854775808,-9223372036854775808
2021-11-30 09:38:14.020,300557.SZ,28.91,500.0,-1,2,5010985,2014,-9223372036854775808,-9223372036854775808
2021-11-30 09:38:14.280,300557.SZ,28.93,500.0,-1,2,5012603,2014,-9223372036854775808,-9223372036854775808
2021-11-30 09:38:14.350,300557.SZ,28.91,2300.0,1,2,5013028,2014,-9223372036854775808,-9223372036854775808
2021-11-30 09:38:14.360,300557.SZ,28.91,100.0,1,2,5013047,2014,-9223372036854775808,-9223372036854775808
2021-11-30 09:38:19.270,300557.SZ,28.91,200.0,-1,2,5046914,2014,-9223372036854775808,-9223372036854775808
2021-11-30 09:38:19.690,300557.SZ,28.92,100.0,1,2,5049873,2014,-9223372036854775808,-9223372036854775808
2021-11-30 09:38:22.980,300557.SZ,28.93,100.0,-1,2,5070013,2014,-9223372036854775808,-9223372036854775808
2021-11-30 09:38:23.550,300557.SZ,28.93,100.0,-1,2,5073473,2014,-9223372036854775808,-9223372036854775808
2021-11-30 09:38:24.940,300557.SZ,28.91,100.0,-1,2,5081258,2014,-9223372036854775808,-9223372036854775808
2021-11-30 09:38:25.390,300557.SZ,28.93,200.0,-1,2,5084570,2014,-9223372036854775808,-9223372036854775808
2021-11-30 09:38:25.430,300557.SZ,28.91,200.0,-1,2,5084911,2014,-9223372036854775808,-9223372036854775808
2021-11-30 09:38:25.560,300557.SZ,28.92,200.0,1,2,5085802,2014,-9223372036854775808,-9223372036854775808
2021-11-30 09:38:26.460,300557.SZ,28.93,200.0,-1,2,5091127,2014,-9223372036854775808,-9223372036854775808
2021-11-30 09:38:27.640,300557.SZ,28.93,200.0,-1,2,5097977,2014,-9223372036854775808,-9223372036854775808
2021-11-30 09:38:27.660,300557.SZ,28.91,100.0,-1,2,5098027,2014,-9223372036854775808,-9223372036854775808
2021-11-30 09:38:28.140,300557.SZ,29.92,1000.0,-1,2,5101807,2014,-9223372036854775808,-9223372036854775808
2021-11-30 09:38:28.300,300557.SZ,28.91,100.0,-1,2,5102950,2014,-9223372036854775808,-9223372036854775808
2021-11-30 09:38:28.600,300557.SZ,28.91,200.0,1,2,5104869,2014,-9223372036854775808,-9223372036854775808
2021-11-30 09:38:28.660,300557.SZ,28.93,100.0,-1,2,5105148,2014,-9223372036854775808,-9223372036854775808
2021-11-30 09:38:28.990,300557.SZ,30.56,200.0,-1,2,5106859,2014,-9223372036854775808,-9223372036854775808
2021-11-30 09:38:29.270,300557.SZ,28.92,1000.0,1,2,5108418,2014,-9223372036854775808,-9223372036854775808
2021-11-30 09:38:29.750,300557.SZ,28.91,100.0,1,2,5110745,2014,-9223372036854775808,-9223372036854775808
2021-11-30 09:38:29.750,300557.SZ,28.91,100.0,1,2,5110752,2014,-9223372036854775808,-9223372036854775808
2021-11-30 09:38:30.580,300557.SZ,28.91,100.0,-1,2,5115488,2014,-9223372036854775808,-9223372036854775808
2021-11-30 09:38:33.170,300557.SZ,28.93,100.0,1,2,5132792,2014,-9223372036854775808,-9223372036854775808
2021-11-30 09:38:36.800,300557.SZ,28.92,100.0,-1,2,5155553,2014,-9223372036854775808,-9223372036854775808
2021-11-30 09:38:37.710,300557.SZ,28.92,900.0,1,2,5162083,2014,-9223372036854775808,-9223372036854775808
2021-11-30 09:38:39.210,300557.SZ,28.91,300.0,-1,2,5169560,2014,-9223372036854775808,-9223372036854775808
2021-11-30 09:38:44.570,300557.SZ,28.92,100.0,-1,2,5200479,2014,-9223372036854775808,-9223372036854775808
2021-11-30 09:38:45.080,300557.SZ,29.3,500.0,-1,2,5203070,2014,-9223372036854775808,-9223372036854775808
2021-11-30 09:38:45.350,300557.SZ,28.92,500.0,-1,2,5204348,2014,-9223372036854775808,-9223372036854775808
2021-11-30 09:38:46.790,300557.SZ,28.9,500.0,-1,2,5213435,2014,-9223372036854775808,-9223372036854775808
2021-11-30 09:38:48.960,300557.SZ,28.92,300.0,-1,2,5225430,2014,-9223372036854775808,-9223372036854775808
2021-11-30 09:38:49.700,300557.SZ,28.93,100.0,1,2,5230296,2014,-9223372036854775808,-9223372036854775808
2021-11-30 09:38:50.120,300557.SZ,30.3,1000.0,-1,2,5232586,2014,-9223372036854775808,-9223372036854775808
2021-11-30 09:38:52.470,300557.SZ,28.93,2400.0,1,2,5245046,2014,-9223372036854775808,-9223372036854775808
2021-11-30 09:38:53.950,300557.SZ,28.93,300.0,1,2,5252773,2014,-9223372036854775808,-9223372036854775808
2021-11-30 09:38:54.000,300557.SZ,28.93,100.0,-1,2,5253015,2014,-9223372036854775808,-9223372036854775808
2021-11-30 09:38:54.210,300557.SZ,28.93,1900.0,-1,2,5254405,2014,-9223372036854775808,-9223372036854775808
2021-11-30 09:38:54.540,300557.SZ,28.92,500.0,-1,2,5255867,2014,-9223372036854775808,-9223372036854775808
2021-11-30 09:38:55.520,300557.SZ,28.93,100.0,1,2,5262048,2014,-9223372036854775808,-9223372036854775808
2021-11-30 09:38:59.110,300557.SZ,29.78,200.0,-1,2,5281161,2014,-9223372036854775808,-9223372036854775808
2021-11-30 09:39:02.880,300557.SZ,28.92,500.0,1,2,5303882,2014,-9223372036854775808,-9223372036854775808
2021-11-30 09:39:05.030,300557.SZ,29.0,300.0,-1,2,5318759,2014,-9223372036854775808,-9223372036854775808
2021-11-30 09:39:07.570,300557.SZ,28.92,300.0,1,2,5338805,2014,-9223372036854775808,-9223372036854775808
2021-11-30 09:39:07.970,300557.SZ,28.93,700.0,1,2,5341512,2014,-9223372036854775808,-9223372036854775808
2021-11-30 09:39:09.130,300557.SZ,33.0,200.0,-1,2,5349585,2014,-9223372036854775808,-9223372036854775808
2021-11-30 09:39:11.070,300557.SZ,28.94,100.0,1,2,5364451,2014,-9223372036854775808,-9223372036854775808
2021-11-30 09:39:12.230,300557.SZ,28.9,600.0,-1,2,5371889,2014,-9223372036854775808,-9223372036854775808
2021-11-30 09:39:12.750,300557.SZ,29.3,100.0,-1,2,5375159,2014,-9223372036854775808,-9223372036854775808
2021-11-30 09:39:13.560,300557.SZ,28.93,100.0,1,2,5383298,2014,-9223372036854775808,-9223372036854775808
2021-11-30 09:39:16.540,300557.SZ,28.93,200.0,1,2,5404911,2014,-9223372036854775808,-9223372036854775808
2021-11-30 09:39:16.730,300557.SZ,28.93,200.0,-1,2,5406123,2014,-9223372036854775808,-9223372036854775808
2021-11-30 09:39:16.980,300557.SZ,28.94,100.0,-1,2,5407534,2014,-9223372036854775808,-9223372036854775808
2021-11-30 09:39:17.980,300557.SZ,28.93,300.0,-1,2,5413156,2014,-9223372036854775808,-9223372036854775808
2021-11-30 09:39:19.330,300557.SZ,28.94,200.0,1,2,5421646,2014,-9223372036854775808,-9223372036854775808
2021-11-30 09:39:19.720,300557.SZ,28.94,100.0,1,2,5424028,2014,-9223372036854775808,-9223372036854775808
2021-11-30 09:39:20.000,300557.SZ,29.38,500.0,-1,2,5425579,2014,-9223372036854775808,-9223372036854775808
2021-11-30 09:39:21.500,300557.SZ,28.93,200.0,-1,2,5434033,2014,-9223372036854775808,-9223372036854775808
2021-11-30 09:39:22.510,300557.SZ,28.92,600.0,1,2,5440541,2014,-9223372036854775808,-9223372036854775808
2021-11-30 09:39:22.510,300557.SZ,28.92,500.0,1,2,5440557,2014,-9223372036854775808,-9223372036854775808
2021-11-30 09:39:22.580,300557.SZ,28.92,100.0,1,2,5440907,2014,-9223372036854775808,-9223372036854775808
2021-11-30 09:39:23.200,300557.SZ,29.88,200.0,-1,2,5444433,2014,-9223372036854775808,-9223372036854775808
2021-11-30 09:39:23.730,300557.SZ,28.9,800.0,1,2,5446913,2014,-9223372036854775808,-9223372036854775808
2021-11-30 09:39:24.180,300557.SZ,33.0,2900.0,-1,2,5449091,2014,-9223372036854775808,-9223372036854775808
2021-11-30 09:39:25.600,300557.SZ,28.92,200.0,1,2,5458292,2014,-9223372036854775808,-9223372036854775808
2021-11-30 09:39:28.450,300557.SZ,28.93,500.0,-1,2,5474141,2014,-9223372036854775808,-9223372036854775808
2021-11-30 09:39:30.270,300557.SZ,28.92,2200.0,-1,2,5483092,2014,-9223372036854775808,-9223372036854775808
2021-11-30 09:39:31.540,300557.SZ,28.92,100.0,1,2,5490456,2014,-9223372036854775808,-9223372036854775808
2021-11-30 09:39:31.540,300557.SZ,28.92,100.0,1,2,5490565,2014,-9223372036854775808,-9223372036854775808
2021-11-30 09:39:33.930,300557.SZ,28.93,100.0,-1,2,5503381,2014,-9223372036854775808,-9223372036854775808
2021-11-30 09:39:34.220,300557.SZ,28.95,100.0,-1,2,5505780,2014,-9223372036854775808,-9223372036854775808
2021-11-30 09:39:34.530,300557.SZ,28.91,100.0,1,2,5508281,2014,-9223372036854775808,-9223372036854775808
2021-11-30 09:39:34.530,300557.SZ,28.91,100.0,1,2,5508304,2014,-9223372036854775808,-9223372036854775808
2021-11-30 09:39:35.020,300557.SZ,29.36,900.0,-1,2,5510835,2014,-9223372036854775808,-9223372036854775808
2021-11-30 09:39:36.670,300557.SZ,28.93,1800.0,1,2,5519752,2014,-9223372036854775808,-9223372036854775808
2021-11-30 09:39:37.510,300557.SZ,28.91,100.0,1,2,5525761,2014,-9223372036854775808,-9223372036854775808
2021-11-30 09:39:37.590,300557.SZ,28.91,100.0,1,2,5526313,2014,-9223372036854775808,-9223372036854775808
2021-11-30 09:39:40.520,300557.SZ,28.93,100.0,1,2,5541362,2014,-9223372036854775808,-9223372036854775808
2021-11-30 09:39:43.450,300557.SZ,28.93,200.0,-1,2,5556730,2014,-9223372036854775808,-9223372036854775808
2021-11-30 09:39:43.590,300557.SZ,28.93,900.0,1,2,5557401,2014,-9223372036854775808,-9223372036854775808
2021-11-30 09:39:43.750,300557.SZ,28.94,1100.0,1,2,5558139,2014,-9223372036854775808,-9223372036854775808
2021-11-30 09:39:46.570,300557.SZ,28.93,100.0,1,2,5574509,2014,-9223372036854775808,-9223372036854775808
2021-11-30 09:39:47.380,300557.SZ,28.93,300.0,-1,2,5578499,2014,-9223372036854775808,-9223372036854775808
2021-11-30 09:39:49.500,300557.SZ,28.94,800.0,1,2,5590238,2014,-9223372036854775808,-9223372036854775808
2021-11-30 09:39:50.720,300557.SZ,28.94,100.0,1,2,5596000,2014,-9223372036854775808,-9223372036854775808
2021-11-30 09:39:51.050,300557.SZ,28.93,200.0,1,2,5597415,2014,-9223372036854775808,-9223372036854775808
2021-11-30 09:39:52.510,300557.SZ,28.93,200.0,1,2,5605511,2014,-9223372036854775808,-9223372036854775808
2021-11-30 09:39:53.470,300557.SZ,28.94,300.0,-1,2,5609544,2014,-9223372036854775808,-9223372036854775808
2021-11-30 09:39:53.710,300557.SZ,28.93,100.0,-1,2,5610509,2014,-9223372036854775808,-9223372036854775808
2021-11-30 09:39:55.490,300557.SZ,28.94,100.0,1,2,5619584,2014,-9223372036854775808,-9223372036854775808
2021-11-30 09:39:55.490,300557.SZ,28.94,100.0,1,2,5619595,2014,-9223372036854775808,-9223372036854775808
2021-11-30 09:39:55.600,300557.SZ,28.94,100.0,1,2,5620207,2014,-9223372036854775808,-9223372036854775808
2021-11-30 09:39:58.110,300557.SZ,30.77,200.0,-1,2,5631788,2014,-9223372036854775808,-9223372036854775808
2021-11-30 09:39:58.510,300557.SZ,29.0,100.0,1,2,5634175,2014,-9223372036854775808,-9223372036854775808
2021-11-30 09:39:58.520,300557.SZ,28.95,300.0,1,2,5634236,2014,-9223372036854775808,-9223372036854775808
2021-11-30 09:39:58.520,300557.SZ,28.95,200.0,1,2,5634246,2014,-9223372036854775808,-9223372036854775808
2021-11-30 09:39:58.540,300557.SZ,28.95,200.0,1,2,5634348,2014,-9223372036854775808,-9223372036854775808
2021-11-30 09:39:58.560,300557.SZ,28.95,200.0,1,2,5634406,2014,-9223372036854775808,-9223372036854775808
2021-11-30 09:39:58.800,300557.SZ,28.96,100.0,1,2,5635509,2014,-9223372036854775808,-9223372036854775808
2021-11-30 09:39:58.820,300557.SZ,28.96,2800.0,1,2,5635564,2014,-9223372036854775808,-9223372036854775808
2021-11-30 09:39:58.820,300557.SZ,28.96,4000.0,1,2,5635573,2014,-9223372036854775808,-9223372036854775808
2021-11-30 09:39:58.850,300557.SZ,28.93,300.0,-1,2,5635684,2014,-9223372036854775808,-9223372036854775808
2021-11-30 09:39:58.950,300557.SZ,28.96,100.0,-1,2,5636093,2014,-9223372036854775808,-9223372036854775808
2021-11-30 09:39:58.970,300557.SZ,28.97,1000.0,1,2,5636172,2014,-9223372036854775808,-9223372036854775808
2021-11-30 09:39:58.970,300557.SZ,28.96,1700.0,-1,2,5636204,2014,-9223372036854775808,-9223372036854775808
2021-11-30 09:39:58.990,300557.SZ,28.97,500.0,1,2,5636273,2014,-9223372036854775808,-9223372036854775808
2021-11-30 09:39:59.230,300557.SZ,28.98,1100.0,1,2,5637572,2014,-9223372036854775808,-9223372036854775808
2021-11-30 09:39:59.250,300557.SZ,28.98,900.0,1,2,5637644,2014,-9223372036854775808,-9223372036854775808
2021-11-30 09:39:59.250,300557.SZ,28.96,100.0,1,2,5637664,2014,-9223372036854775808,-9223372036854775808
2021-11-30 09:39:59.250,300557.SZ,28.96,100.0,1,2,5637670,2014,-9223372036854775808,-9223372036854775808
2021-11-30 09:39:59.270,300557.SZ,28.97,1400.0,1,2,5637740,2014,-9223372036854775808,-9223372036854775808
2021-11-30 09:39:59.270,300557.SZ,28.97,100.0,1,2,5637754,2014,-9223372036854775808,-9223372036854775808
2021-11-30 09:39:59.270,300557.SZ,28.97,100.0,1,2,5637759,2014,-9223372036854775808,-9223372036854775808
2021-11-30 09:39:59.390,300557.SZ,28.98,1000.0,1,2,5638263,2014,-9223372036854775808,-9223372036854775808
2021-11-30 09:39:59.390,300557.SZ,28.98,1100.0,1,2,5638267,2014,-9223372036854775808,-9223372036854775808
2021-11-30 09:39:59.390,300557.SZ,28.98,1100.0,1,2,5638272,2014,-9223372036854775808,-9223372036854775808
2021-11-30 09:39:59.390,300557.SZ,28.99,1400.0,1,2,5638277,2014,-9223372036854775808,-9223372036854775808
2021-11-30 09:39:59.400,300557.SZ,28.99,100.0,1,2,5638290,2014,-9223372036854775808,-9223372036854775808
2021-11-30 09:39:59.400,300557.SZ,28.98,100.0,1,2,5638298,2014,-9223372036854775808,-9223372036854775808
2021-11-30 09:39:59.400,300557.SZ,29.0,100.0,1,2,5638303,2014,-9223372036854775808,-9223372036854775808
2021-11-30 09:39:59.400,300557.SZ,29.0,2500.0,1,2,5638309,2014,-9223372036854775808,-9223372036854775808
2021-11-30 09:39:59.400,300557.SZ,29.0,700.0,1,2,5638320,2014,-9223372036854775808,-9223372036854775808
2021-11-30 09:39:59.410,300557.SZ,29.0,1800.0,1,2,5638324,2014,-9223372036854775808,-9223372036854775808
2021-11-30 09:39:59.410,300557.SZ,28.99,100.0,1,2,5638325,2014,-9223372036854775808,-9223372036854775808
2021-11-30 09:39:59.410,300557.SZ,29.0,1100.0,1,2,5638326,2014,-9223372036854775808,-9223372036854775808
2021-11-30 09:39:59.410,300557.SZ,29.06,100.0,1,2,5638352,2014,-9223372036854775808,-9223372036854775808
2021-11-30 09:39:59.570,300557.SZ,29.05,100.0,1,2,5639001,2014,-9223372036854775808,-9223372036854775808
2021-11-30 09:39:59.700,300557.SZ,29.05,100.0,1,2,5639523,2014,-9223372036854775808,-9223372036854775808
2021-11-30 09:39:59.780,300557.SZ,29.01,600.0,1,2,5639815,2014,-9223372036854775808,-9223372036854775808
2021-11-30 09:39:59.780,300557.SZ,29.05,100.0,1,2,5639822,2014,-9223372036854775808,-9223372036854775808
2021-11-30 09:39:59.790,300557.SZ,29.05,100.0,1,2,5639827,2014,-9223372036854775808,-9223372036854775808
2021-11-30 09:39:59.790,300557.SZ,29.05,100.0,1,2,5639829,2014,-9223372036854775808,-9223372036854775808
2021-11-30 09:39:59.790,300557.SZ,29.05,100.0,1,2,5639830,2014,-9223372036854775808,-9223372036854775808
2021-11-30 09:39:59.790,300557.SZ,29.05,100.0,1,2,5639831,2014,-9223372036854775808,-9223372036854775808
2021-11-30 09:39:59.790,300557.SZ,29.05,100.0,1,2,5639832,2014,-9223372036854775808,-9223372036854775808
2021-11-30 09:39:59.790,300557.SZ,29.05,100.0,1,2,5639833,2014,-9223372036854775808,-9223372036854775808
2021-11-30 09:39:59.790,300557.SZ,29.05,100.0,1,2,5639836,2014,-9223372036854775808,-9223372036854775808
2021-11-30 09:39:59.910,300557.SZ,28.9,5000.0,-1,2,5640554,2014,-9223372036854775808,-9223372036854775808
2021-11-30 09:40:00.130,300557.SZ,28.95,200.0,1,2,5642168,2014,-9223372036854775808,-9223372036854775808
2021-11-30 09:40:00.130,300557.SZ,28.98,100.0,1,2,5642190,2014,-9223372036854775808,-9223372036854775808
2021-11-30 09:40:00.130,300557.SZ,28.98,100.0,1,2,5642198,2014,-9223372036854775808,-9223372036854775808
2021-11-30 09:40:00.250,300557.SZ,28.98,200.0,1,2,5642964,2014,-9223372036854775808,-9223372036854775808
2021-11-30 09:40:00.590,300557.SZ,28.99,300.0,1,2,5645023,2014,-9223372036854775808,-9223372036854775808
2021-11-30 09:40:00.820,300557.SZ,28.93,800.0,1,2,5646250,2014,-9223372036854775808,-9223372036854775808
2021-11-30 09:40:01.160,300557.SZ,29.0,500.0,1,2,5648754,2014,-9223372036854775808,-9223372036854775808
2021-11-30 09:40:01.170,300557.SZ,29.01,300.0,1,2,5648930,2014,-9223372036854775808,-9223372036854775808
2021-11-30 09:40:01.510,300557.SZ,28.95,100.0,1,2,5651397,2014,-9223372036854775808,-9223372036854775808
2021-11-30 09:40:01.630,300557.SZ,29.02,800.0,1,2,5652287,2014,-9223372036854775808,-9223372036854775808
2021-11-30 09:40:02.840,300557.SZ,33.77,100.0,-1,2,5659345,2014,-9223372036854775808,-9223372036854775808
2021-11-30 09:40:03.030,300557.SZ,28.95,600.0,1,2,5660986,2014,-9223372036854775808,-9223372036854775808
2021-11-30 09:40:03.080,300557.SZ,29.02,100.0,1,2,5661287,2014,-9223372036854775808,-9223372036854775808
2021-11-30 09:40:03.080,300557.SZ,29.03,300.0,1,2,5661316,2014,-9223372036854775808,-9223372036854775808
2021-11-30 09:40:03.130,300557.SZ,29.02,100.0,1,2,5661842,2014,-9223372036854775808,-9223372036854775808
2021-11-30 09:40:03.540,300557.SZ,29.1,1100.0,1,2,5663969,2014,-9223372036854775808,-9223372036854775808
2021-11-30 09:40:03.640,300557.SZ,29.04,500.0,1,2,5664553,2014,-9223372036854775808,-9223372036854775808
2021-11-30 09:40:04.490,300557.SZ,29.09,100.0,1,2,5672024,2014,-9223372036854775808,-9223372036854775808
2021-11-30 09:40:04.490,300557.SZ,29.09,100.0,1,2,5672025,2014,-9223372036854775808,-9223372036854775808
2021-11-30 09:40:04.550,300557.SZ,29.09,200.0,1,2,5672535,2014,-9223372036854775808,-9223372036854775808
2021-11-30 09:40:04.580,300557.SZ,29.01,300.0,1,2,5672732,2014,-9223372036854775808,-9223372036854775808
2021-11-30 09:40:04.810,300557.SZ,33.77,5000.0,-1,2,5673970,2014,-9223372036854775808,-9223372036854775808
2021-11-30 09:40:04.880,300557.SZ,29.9,900.0,-1,2,5674389,2014,-9223372036854775808,-9223372036854775808
2021-11-30 09:40:06.580,300557.SZ,29.1,500.0,1,2,5685117,2014,-9223372036854775808,-9223372036854775808
2021-11-30 09:40:07.230,300557.SZ,29.1,200.0,-1,2,5691959,2014,-9223372036854775808,-9223372036854775808
2021-11-30 09:40:07.580,300557.SZ,29.09,600.0,1,2,5695903,2014,-9223372036854775808,-9223372036854775808
2021-11-30 09:40:07.760,300557.SZ,29.1,100.0,1,2,5697097,2014,-9223372036854775808,-9223372036854775808
2021-11-30 09:40:08.740,300557.SZ,28.2,2000.0,1,2,5705719,2014,-9223372036854775808,-9223372036854775808
2021-11-30 09:40:10.170,300557.SZ,29.1,300.0,-1,2,5717584,2014,-9223372036854775808,-9223372036854775808
2021-11-30 09:40:10.500,300557.SZ,29.1,200.0,1,2,5720930,2014,-9223372036854775808,-9223372036854775808
2021-11-30 09:40:10.570,300557.SZ,29.12,200.0,1,2,5721594,2014,-9223372036854775808,-9223372036854775808
2021-11-30 09:40:10.570,300557.SZ,28.98,800.0,1,2,5721610,2014,-9223372036854775808,-9223372036854775808
2021-11-30 09:40:10.760,300557.SZ,29.12,400.0,1,2,5722806,2014,-9223372036854775808,-9223372036854775808
2021-11-30 09:40:11.460,300557.SZ,29.09,600.0,1,2,5727647,2014,-9223372036854775808,-9223372036854775808
2021-11-30 09:40:13.840,300557.SZ,29.19,100.0,-1,2,5745045,2014,-9223372036854775808,-9223372036854775808
2021-11-30 09:40:14.710,300557.SZ,29.28,100.0,-1,2,5750764,2014,-9223372036854775808,-9223372036854775808
2021-11-30 09:40:14.730,300557.SZ,29.19,700.0,-1,2,5750828,2014,-9223372036854775808,-9223372036854775808
2021-11-30 09:40:14.740,300557.SZ,29.19,200.0,-1,2,5750847,2014,-9223372036854775808,-9223372036854775808
2021-11-30 09:40:14.740,300557.SZ,29.18,900.0,-1,2,5750900,2014,-9223372036854775808,-9223372036854775808
2021-11-30 09:40:14.760,300557.SZ,29.18,200.0,-1,2,5751031,2014,-9223372036854775808,-9223372036854775808
2021-11-30 09:40:14.780,300557.SZ,29.19,100.0,-1,2,5751174,2014,-9223372036854775808,-9223372036854775808
2021-11-30 09:40:14.810,300557.SZ,29.18,200.0,-1,2,5751411,2014,-9223372036854775808,-9223372036854775808
2021-11-30 09:40:14.820,300557.SZ,29.18,700.0,-1,2,5751494,2014,-9223372036854775808,-9223372036854775808
2021-11-30 09:40:14.820,300557.SZ,29.18,200.0,-1,2,5751497,2014,-9223372036854775808,-9223372036854775808
2021-11-30 09:40:14.840,300557.SZ,29.18,100.0,-1,2,5751601,2014,-9223372036854775808,-9223372036854775808
2021-11-30 09:40:15.060,300557.SZ,29.17,100.0,-1,2,5753303,2014,-9223372036854775808,-9223372036854775808
2021-11-30 09:40:15.210,300557.SZ,29.17,400.0,-1,2,5755356,2014,-9223372036854775808,-9223372036854775808
2021-11-30 09:40:15.220,300557.SZ,29.17,400.0,-1,2,5755398,2014,-9223372036854775808,-9223372036854775808
2021-11-30 09:40:15.230,300557.SZ,29.17,1300.0,-1,2,5755484,2014,-9223372036854775808,-9223372036854775808
2021-11-30 09:40:15.240,300557.SZ,29.17,200.0,-1,2,5755542,2014,-9223372036854775808,-9223372036854775808
2021-11-30 09:40:15.250,300557.SZ,29.17,100.0,-1,2,5755585,2014,-9223372036854775808,-9223372036854775808
2021-11-30 09:40:15.440,300557.SZ,29.17,1000.0,-1,2,5756709,2014,-9223372036854775808,-9223372036854775808
2021-11-30 09:40:16.230,300557.SZ,29.16,400.0,-1,2,5763002,2014,-9223372036854775808,-9223372036854775808
2021-11-30 09:40:16.300,300557.SZ,29.15,200.0,-1,2,5763546,2014,-9223372036854775808,-9223372036854775808
2021-11-30 09:40:16.310,300557.SZ,29.15,500.0,-1,2,5763573,2014,-9223372036854775808,-9223372036854775808
2021-11-30 09:40:16.320,300557.SZ,29.15,1000.0,-1,2,5763604,2014,-9223372036854775808,-9223372036854775808
2021-11-30 09:40:16.750,300557.SZ,29.14,100.0,-1,2,5767361,2014,-9223372036854775808,-9223372036854775808
2021-11-30 09:40:16.810,300557.SZ,29.13,300.0,-1,2,5767710,2014,-9223372036854775808,-9223372036854775808
2021-11-30 09:40:16.820,300557.SZ,29.13,500.0,-1,2,5767834,2014,-9223372036854775808,-9223372036854775808
2021-11-30 09:40:16.840,300557.SZ,29.1,300.0,-1,2,5767927,2014,-9223372036854775808,-9223372036854775808
2021-11-30 09:40:16.910,300557.SZ,29.13,800.0,-1,2,5768255,2014,-9223372036854775808,-9223372036854775808
2021-11-30 09:40:16.930,300557.SZ,29.13,300.0,-1,2,5768354,2014,-9223372036854775808,-9223372036854775808
2021-11-30 09:40:17.130,300557.SZ,29.09,200.0,-1,2,5769863,2014,-9223372036854775808,-9223372036854775808
2021-11-30 09:40:17.130,300557.SZ,29.09,400.0,-1,2,5769889,2014,-9223372036854775808,-9223372036854775808
2021-11-30 09:40:17.140,300557.SZ,29.09,100.0,-1,2,5769898,2014,-9223372036854775808,-9223372036854775808
2021-11-30 09:40:17.200,300557.SZ,29.09,100.0,-1,2,5770285,2014,-9223372036854775808,-9223372036854775808
2021-11-30 09:40:17.200,300557.SZ,29.09,100.0,-1,2,5770290,2014,-9223372036854775808,-9223372036854775808
2021-11-30 09:40:17.210,300557.SZ,29.09,300.0,-1,2,5770387,2014,-9223372036854775808,-9223372036854775808
2021-11-30 09:40:17.430,300557.SZ,29.1,800.0,1,2,5771762,2014,-9223372036854775808,-9223372036854775808
2021-11-30 09:40:17.430,300557.SZ,29.1,200.0,-1,2,5771784,2014,-9223372036854775808,-9223372036854775808
2021-11-30 09:40:17.450,300557.SZ,29.1,200.0,-1,2,5771875,2014,-9223372036854775808,-9223372036854775808
2021-11-30 09:40:17.620,300557.SZ,29.05,1000.0,1,2,5772622,2014,-9223372036854775808,-9223372036854775808
2021-11-30 09:40:19.180,300557.SZ,29.1,400.0,-1,2,5783000,2014,-9223372036854775808,-9223372036854775808
2021-11-30 09:40:19.700,300557.SZ,29.1,200.0,-1,2,5786939,2014,-9223372036854775808,-9223372036854775808
2021-11-30 09:40:19.770,300557.SZ,29.1,500.0,-1,2,5787450,2014,-9223372036854775808,-9223372036854775808
2021-11-30 09:40:19.780,300557.SZ,29.1,100.0,-1,2,5787497,2014,-9223372036854775808,-9223372036854775808
2021-11-30 09:40:20.030,300557.SZ,29.05,400.0,-1,2,5788994,2014,-9223372036854775808,-9223372036854775808
2021-11-30 09:40:20.100,300557.SZ,29.09,800.0,-1,2,5789621,2014,-9223372036854775808,-9223372036854775808
2021-11-30 09:40:20.100,300557.SZ,29.09,100.0,-1,2,5789622,2014,-9223372036854775808,-9223372036854775808
2021-11-30 09:40:20.100,300557.SZ,29.09,200.0,-1,2,5789628,2014,-9223372036854775808,-9223372036854775808
2021-11-30 09:40:20.140,300557.SZ,29.09,400.0,-1,2,5789872,2014,-9223372036854775808,-9223372036854775808
2021-11-30 09:40:20.450,300557.SZ,29.05,600.0,-1,2,5792038,2014,-9223372036854775808,-9223372036854775808
2021-11-30 09:40:20.600,300557.SZ,29.12,2200.0,1,2,5792843,2014,-9223372036854775808,-9223372036854775808
2021-11-30 09:40:20.610,300557.SZ,29.12,100.0,-1,2,5792867,2014,-9223372036854775808,-9223372036854775808
2021-11-30 09:40:20.620,300557.SZ,29.12,100.0,-1,2,5792956,2014,-9223372036854775808,-9223372036854775808
2021-11-30 09:40:20.690,300557.SZ,29.11,200.0,-1,2,5793402,2014,-9223372036854775808,-9223372036854775808
2021-11-30 09:40:20.700,300557.SZ,29.11,300.0,-1,2,5793447,2014,-9223372036854775808,-9223372036854775808
2021-11-30 09:40:20.760,300557.SZ,29.11,100.0,1,2,5793834,2014,-9223372036854775808,-9223372036854775808
2021-11-30 09:40:21.180,300557.SZ,29.1,300.0,-1,2,5796419,2014,-9223372036854775808,-9223372036854775808
2021-11-30 09:40:21.250,300557.SZ,29.09,100.0,-1,2,5796766,2014,-9223372036854775808,-9223372036854775808
2021-11-30 09:40:21.260,300557.SZ,29.09,300.0,-1,2,5796823,2014,-9223372036854775808,-9223372036854775808
2021-11-30 09:40:21.480,300557.SZ,29.5,500.0,-1,2,5797934,2014,-9223372036854775808,-9223372036854775808
2021-11-30 09:40:22.600,300557.SZ,29.05,200.0,1,2,5805505,2014,-9223372036854775808,-9223372036854775808
2021-11-30 09:40:23.290,300557.SZ,29.5,200.0,1,2,5810156,2014,-9223372036854775808,-9223372036854775808
2021-11-30 09:40:24.060,300557.SZ,29.19,200.0,-1,2,5814642,2014,-9223372036854775808,-9223372036854775808
2021-11-30 09:40:24.140,300557.SZ,29.3,200.0,1,2,5815441,2014,-9223372036854775808,-9223372036854775808
2021-11-30 09:40:24.270,300557.SZ,29.25,500.0,-1,2,5816314,2014,-9223372036854775808,-9223372036854775808
2021-11-30 09:40:24.980,300557.SZ,29.0,5000.0,1,2,5820437,2014,-9223372036854775808,-9223372036854775808
2021-11-30 09:40:25.490,300557.SZ,29.02,100.0,-1,2,5825122,2014,-9223372036854775808,-9223372036854775808
2021-11-30 09:40:25.580,300557.SZ,29.02,200.0,1,2,5825748,2014,-9223372036854775808,-9223372036854775808
2021-11-30 09:40:27.390,300557.SZ,29.16,300.0,-1,2,5837028,2014,-9223372036854775808,-9223372036854775808
2021-11-30 09:40:29.410,300557.SZ,29.11,600.0,-1,2,5850814,2014,-9223372036854775808,-9223372036854775808
2021-11-30 09:40:29.920,300557.SZ,29.12,500.0,-1,2,5853238,2014,-9223372036854775808,-9223372036854775808
2021-11-30 09:40:31.640,300557.SZ,29.12,100.0,-1,2,5863433,2014,-9223372036854775808,-9223372036854775808
2021-11-30 09:40:33.260,300557.SZ,29.05,5000.0,-1,2,5872910,2014,-9223372036854775808,-9223372036854775808
2021-11-30 09:40:33.270,300557.SZ,29.02,200.0,-1,2,5873011,2014,-9223372036854775808,-9223372036854775808
2021-11-30 09:40:33.280,300557.SZ,29.05,200.0,-1,2,5873053,2014,-9223372036854775808,-9223372036854775808
2021-11-30 09:40:33.290,300557.SZ,29.05,200.0,-1,2,5873056,2014,-9223372036854775808,-9223372036854775808
2021-11-30 09:40:33.290,300557.SZ,29.02,100.0,-1,2,5873060,2014,-9223372036854775808,-9223372036854775808
2021-11-30 09:40:34.530,300557.SZ,29.28,2000.0,-1,2,5880953,2014,-9223372036854775808,-9223372036854775808
2021-11-30 09:40:34.580,300557.SZ,29.05,200.0,1,2,5881177,2014,-9223372036854775808,-9223372036854775808
2021-11-30 09:40:34.590,300557.SZ,29.0,100.0,-1,2,5881293,2014,-9223372036854775808,-9223372036854775808
2021-11-30 09:40:34.590,300557.SZ,29.0,100.0,-1,2,5881295,2014,-9223372036854775808,-9223372036854775808
2021-11-30 09:40:34.590,300557.SZ,29.0,600.0,-1,2,5881323,2014,-9223372036854775808,-9223372036854775808
2021-11-30 09:40:34.600,300557.SZ,29.0,200.0,-1,2,5881355,2014,-9223372036854775808,-9223372036854775808
2021-11-30 09:40:34.600,300557.SZ,29.0,200.0,-1,2,5881358,2014,-9223372036854775808,-9223372036854775808
2021-11-30 09:40:34.600,300557.SZ,29.0,4500.0,-1,2,5881381,2014,-9223372036854775808,-9223372036854775808
2021-11-30 09:40:34.610,300557.SZ,29.0,100.0,-1,2,5881400,2014,-9223372036854775808,-9223372036854775808
2021-11-30 09:40:34.610,300557.SZ,28.79,800.0,1,2,5881422,2014,-9223372036854775808,-9223372036854775808
2021-11-30 09:40:34.610,300557.SZ,28.79,1000.0,1,2,5881423,2014,-9223372036854775808,-9223372036854775808
2021-11-30 09:40:34.610,300557.SZ,28.79,1000.0,1,2,5881424,2014,-9223372036854775808,-9223372036854775808
2021-11-30 09:40:34.610,300557.SZ,28.79,300.0,1,2,5881425,2014,-9223372036854775808,-9223372036854775808
2021-11-30 09:40:34.610,300557.SZ,28.79,600.0,1,2,5881426,2014,-9223372036854775808,-9223372036854775808
2021-11-30 09:40:34.610,300557.SZ,28.79,800.0,1,2,5881427,2014,-9223372036854775808,-9223372036854775808
2021-11-30 09:40:34.610,300557.SZ,28.79,3700.0,1,2,5881429,2014,-9223372036854775808,-9223372036854775808
2021-11-30 09:40:34.610,300557.SZ,28.79,1200.0,1,2,5881430,2014,-9223372036854775808,-9223372036854775808
2021-11-30 09:40:34.610,300557.SZ,28.79,1200.0,1,2,5881431,2014,-9223372036854775808,-9223372036854775808
2021-11-30 09:40:34.610,300557.SZ,28.79,500.0,1,2,5881432,2014,-9223372036854775808,-9223372036854775808
2021-11-30 09:40:34.620,300557.SZ,29.0,100.0,-1,2,5881484,2014,-9223372036854775808,-9223372036854775808
2021-11-30 09:40:34.840,300557.SZ,29.1,600.0,1,2,5882480,2014,-9223372036854775808,-9223372036854775808
2021-11-30 09:40:34.840,300557.SZ,28.79,300.0,1,2,5882491,2014,-9223372036854775808,-9223372036854775808
2021-11-30 09:40:34.840,300557.SZ,28.79,800.0,1,2,5882492,2014,-9223372036854775808,-9223372036854775808
2021-11-30 09:40:34.840,300557.SZ,28.79,1000.0,1,2,5882495,2014,-9223372036854775808,-9223372036854775808
2021-11-30 09:40:34.840,300557.SZ,28.79,1000.0,1,2,5882496,2014,-9223372036854775808,-9223372036854775808
2021-11-30 09:40:34.840,300557.SZ,28.79,600.0,1,2,5882497,2014,-9223372036854775808,-9223372036854775808
2021-11-30 09:40:34.840,300557.SZ,28.79,3700.0,1,2,5882498,2014,-9223372036854775808,-9223372036854775808
2021-11-30 09:40:34.840,300557.SZ,28.79,800.0,1,2,5882499,2014,-9223372036854775808,-9223372036854775808
2021-11-30 09:40:34.840,300557.SZ,28.79,1200.0,1,2,5882500,2014,-9223372036854775808,-9223372036854775808
2021-11-30 09:40:34.840,300557.SZ,28.79,1200.0,1,2,5882501,2014,-9223372036854775808,-9223372036854775808
2021-11-30 09:40:34.840,300557.SZ,28.79,500.0,1,2,5882502,2014,-9223372036854775808,-9223372036854775808
2021-11-30 09:40:35.010,300557.SZ,28.95,1800.0,1,2,5883385,2014,-9223372036854775808,-9223372036854775808
2021-11-30 09:40:35.700,300557.SZ,29.02,400.0,-1,2,5887114,2014,-9223372036854775808,-9223372036854775808
2021-11-30 09:40:35.730,300557.SZ,29.02,100.0,-1,2,5887202,2014,-9223372036854775808,-9223372036854775808
2021-11-30 09:40:37.000,300557.SZ,29.09,500.0,-1,2,5894560,2014,-9223372036854775808,-9223372036854775808
2021-11-30 09:40:37.020,300557.SZ,29.02,200.0,-1,2,5894841,2014,-9223372036854775808,-9223372036854775808
2021-11-30 09:40:37.530,300557.SZ,33.66,200.0,-1,2,5898461,2014,-9223372036854775808,-9223372036854775808
2021-11-30 09:40:37.570,300557.SZ,29.02,500.0,1,2,5898838,2014,-9223372036854775808,-9223372036854775808
2021-11-30 09:40:39.070,300557.SZ,29.02,100.0,-1,2,5906332,2014,-9223372036854775808,-9223372036854775808
2021-11-30 09:40:39.740,300557.SZ,29.1,5500.0,1,2,5909778,2014,-9223372036854775808,-9223372036854775808
2021-11-30 09:40:39.740,300557.SZ,29.1,100.0,-1,2,5909788,2014,-9223372036854775808,-9223372036854775808
2021-11-30 09:40:39.760,300557.SZ,29.1,100.0,-1,2,5909922,2014,-9223372036854775808,-9223372036854775808
2021-11-30 09:40:39.850,300557.SZ,29.09,700.0,-1,2,5910505,2014,-9223372036854775808,-9223372036854775808
2021-11-30 09:40:40.320,300557.SZ,29.05,5000.0,1,2,5913722,2014,-9223372036854775808,-9223372036854775808
2021-11-30 09:40:41.850,300557.SZ,29.1,200.0,-1,2,5921996,2014,-9223372036854775808,-9223372036854775808
2021-11-30 09:40:41.870,300557.SZ,29.09,200.0,-1,2,5922098,2014,-9223372036854775808,-9223372036854775808
2021-11-30 09:40:41.870,300557.SZ,29.09,100.0,-1,2,5922099,2014,-9223372036854775808,-9223372036854775808
2021-11-30 09:40:41.890,300557.SZ,29.09,100.0,-1,2,5922170,2014,-9223372036854775808,-9223372036854775808
2021-11-30 09:40:42.880,300557.SZ,29.28,500.0,-1,2,5927600,2014,-9223372036854775808,-9223372036854775808
2021-11-30 09:40:43.870,300557.SZ,29.12,1000.0,-1,2,5934172,2014,-9223372036854775808,-9223372036854775808
2021-11-30 09:40:43.880,300557.SZ,29.05,800.0,-1,2,5934239,2014,-9223372036854775808,-9223372036854775808
2021-11-30 09:40:43.890,300557.SZ,29.05,100.0,-1,2,5934269,2014,-9223372036854775808,-9223372036854775808
2021-11-30 09:40:43.890,300557.SZ,29.05,200.0,-1,2,5934271,2014,-9223372036854775808,-9223372036854775808
2021-11-30 09:40:43.910,300557.SZ,29.05,100.0,-1,2,5934367,2014,-9223372036854775808,-9223372036854775808
2021-11-30 09:40:43.920,300557.SZ,29.05,100.0,-1,2,5934385,2014,-9223372036854775808,-9223372036854775808
2021-11-30 09:40:43.920,300557.SZ,29.05,600.0,-1,2,5934418,2014,-9223372036854775808,-9223372036854775808
2021-11-30 09:40:43.950,300557.SZ,29.02,200.0,-1,2,5934509,2014,-9223372036854775808,-9223372036854775808
2021-11-30 09:40:44.340,300557.SZ,29.05,1400.0,-1,2,5936495,2014,-9223372036854775808,-9223372036854775808
2021-11-30 09:40:45.150,300557.SZ,29.05,1000.0,-1,2,5940318,2014,-9223372036854775808,-9223372036854775808
2021-11-30 09:40:45.200,300557.SZ,29.19,400.0,-1,2,5940556,2014,-9223372036854775808,-9223372036854775808
2021-11-30 09:40:46.330,300557.SZ,29.1,2000.0,1,2,5946792,2014,-9223372036854775808,-9223372036854775808
2021-11-30 09:40:46.330,300557.SZ,29.1,100.0,-1,2,5946932,2014,-9223372036854775808,-9223372036854775808
2021-11-30 09:40:46.350,300557.SZ,29.1,200.0,-1,2,5947052,2014,-9223372036854775808,-9223372036854775808
2021-11-30 09:40:46.350,300557.SZ,29.1,600.0,-1,2,5947065,2014,-9223372036854775808,-9223372036854775808
2021-11-30 09:40:47.730,300557.SZ,29.31,4700.0,-1,2,5955130,2014,-9223372036854775808,-9223372036854775808
2021-11-30 09:40:47.740,300557.SZ,29.1,100.0,-1,2,5955156,2014,-9223372036854775808,-9223372036854775808
2021-11-30 09:40:47.920,300557.SZ,29.11,100.0,1,2,5955976,2014,-9223372036854775808,-9223372036854775808
2021-11-30 09:40:48.070,300557.SZ,29.11,300.0,-1,2,5956941,2014,-9223372036854775808,-9223372036854775808
2021-11-30 09:40:49.190,300557.SZ,29.1,300.0,-1,2,5963515,2014,-9223372036854775808,-9223372036854775808
2021-11-30 09:40:49.300,300557.SZ,29.09,300.0,-1,2,5964210,2014,-9223372036854775808,-9223372036854775808
2021-11-30 09:40:49.480,300557.SZ,29.08,1000.0,-1,2,5965294,2014,-9223372036854775808,-9223372036854775808
2021-11-30 09:40:49.540,300557.SZ,29.07,300.0,-1,2,5965654,2014,-9223372036854775808,-9223372036854775808
2021-11-30 09:40:49.640,300557.SZ,29.07,200.0,-1,2,5966277,2014,-9223372036854775808,-9223372036854775808
2021-11-30 09:40:49.700,300557.SZ,29.07,300.0,-1,2,5966654,2014,-9223372036854775808,-9223372036854775808
2021-11-30 09:40:50.030,300557.SZ,29.06,100.0,-1,2,5968238,2014,-9223372036854775808,-9223372036854775808
2021-11-30 09:40:50.080,300557.SZ,29.05,300.0,-1,2,5968551,2014,-9223372036854775808,-9223372036854775808
2021-11-30 09:40:50.770,300557.SZ,29.18,1000.0,-1,2,5971576,2014,-9223372036854775808,-9223372036854775808
2021-11-30 09:40:50.780,300557.SZ,29.11,100.0,1,2,5971625,2014,-9223372036854775808,-9223372036854775808
2021-11-30 09:40:51.180,300557.SZ,29.06,100.0,-1,2,5973534,2014,-9223372036854775808,-9223372036854775808
2021-11-30 09:40:51.980,300557.SZ,32.66,100.0,-1,2,5977644,2014,-9223372036854775808,-9223372036854775808
2021-11-30 09:40:53.130,300557.SZ,29.11,1000.0,1,2,5984173,2014,-9223372036854775808,-9223372036854775808
2021-11-30 09:40:53.380,300557.SZ,29.49,200.0,-1,2,5985341,2014,-9223372036854775808,-9223372036854775808
2021-11-30 09:40:54.510,300557.SZ,29.05,1000.0,-1,2,5990770,2014,-9223372036854775808,-9223372036854775808
2021-11-30 09:40:55.290,300557.SZ,29.05,2000.0,-1,2,5995483,2014,-9223372036854775808,-9223372036854775808
2021-11-30 09:40:56.050,300557.SZ,29.05,5000.0,1,2,5999141,2014,-9223372036854775808,-9223372036854775808
2021-11-30 09:40:56.170,300557.SZ,29.05,400.0,-1,2,5999783,2014,-9223372036854775808,-9223372036854775808
2021-11-30 09:40:56.530,300557.SZ,29.05,1000.0,-1,2,6001762,2014,-9223372036854775808,-9223372036854775808
2021-11-30 09:40:56.590,300557.SZ,29.06,2200.0,1,2,6002013,2014,-9223372036854775808,-9223372036854775808
2021-11-30 09:40:57.690,300557.SZ,33.77,100.0,-1,2,6007337,2014,-9223372036854775808,-9223372036854775808
2021-11-30 09:40:58.560,300557.SZ,31.66,100.0,-1,2,6013410,2014,-9223372036854775808,-9223372036854775808
2021-11-30 09:40:59.010,300557.SZ,29.15,1000.0,-1,2,6015541,2014,-9223372036854775808,-9223372036854775808
2021-11-30 09:40:59.680,300557.SZ,29.16,100.0,-1,2,6018469,2014,-9223372036854775808,-9223372036854775808
2021-11-30 09:40:59.850,300557.SZ,29.11,300.0,-1,2,6019083,2014,-9223372036854775808,-9223372036854775808
2021-11-30 09:41:01.780,300557.SZ,29.06,1500.0,1,2,6032536,2014,-9223372036854775808,-9223372036854775808
2021-11-30 09:41:02.920,300557.SZ,29.1,5000.0,-1,2,6039350,2014,-9223372036854775808,-9223372036854775808
2021-11-30 09:41:04.380,300557.SZ,29.35,1000.0,-1,2,6049559,2014,-9223372036854775808,-9223372036854775808
2021-11-30 09:41:06.070,300557.SZ,29.06,2500.0,-1,2,6061027,2014,-9223372036854775808,-9223372036854775808
2021-11-30 09:41:07.830,300557.SZ,29.06,2000.0,-1,2,6075683,2014,-9223372036854775808,-9223372036854775808
2021-11-30 09:41:07.830,300557.SZ,29.05,800.0,-1,2,6075699,2014,-9223372036854775808,-9223372036854775808
2021-11-30 09:41:07.840,300557.SZ,28.95,100.0,-1,2,6075769,2014,-9223372036854775808,-9223372036854775808
2021-11-30 09:41:07.840,300557.SZ,29.05,300.0,-1,2,6075782,2014,-9223372036854775808,-9223372036854775808
2021-11-30 09:41:07.840,300557.SZ,29.05,100.0,-1,2,6075790,2014,-9223372036854775808,-9223372036854775808
2021-11-30 09:41:07.840,300557.SZ,29.06,200.0,-1,2,6075796,2014,-9223372036854775808,-9223372036854775808
2021-11-30 09:41:07.840,300557.SZ,29.06,300.0,-1,2,6075797,2014,-9223372036854775808,-9223372036854775808
2021-11-30 09:41:07.840,300557.SZ,29.06,400.0,-1,2,6075800,2014,-9223372036854775808,-9223372036854775808
2021-11-30 09:41:07.860,300557.SZ,29.05,300.0,-1,2,6075896,2014,-9223372036854775808,-9223372036854775808
2021-11-30 09:41:07.860,300557.SZ,29.05,200.0,-1,2,6075898,2014,-9223372036854775808,-9223372036854775808
2021-11-30 09:41:07.880,300557.SZ,28.95,300.0,-1,2,6076008,2014,-9223372036854775808,-9223372036854775808
2021-11-30 09:41:07.900,300557.SZ,28.95,300.0,-1,2,6076109,2014,-9223372036854775808,-9223372036854775808
2021-11-30 09:41:07.920,300557.SZ,29.05,600.0,-1,2,6076173,2014,-9223372036854775808,-9223372036854775808
2021-11-30 09:41:07.920,300557.SZ,29.05,200.0,-1,2,6076174,2014,-9223372036854775808,-9223372036854775808
2021-11-30 09:41:07.920,300557.SZ,29.05,100.0,-1,2,6076190,2014,-9223372036854775808,-9223372036854775808
2021-11-30 09:41:07.920,300557.SZ,28.95,100.0,-1,2,6076208,2014,-9223372036854775808,-9223372036854775808
2021-11-30 09:41:07.950,300557.SZ,28.95,100.0,-1,2,6076402,2014,-9223372036854775808,-9223372036854775808
2021-11-30 09:41:07.980,300557.SZ,29.05,200.0,-1,2,6076558,2014,-9223372036854775808,-9223372036854775808
2021-11-30 09:41:07.980,300557.SZ,29.05,200.0,-1,2,6076560,2014,-9223372036854775808,-9223372036854775808
2021-11-30 09:41:08.090,300557.SZ,29.06,100.0,-1,2,6077667,2014,-9223372036854775808,-9223372036854775808
2021-11-30 09:41:08.110,300557.SZ,28.95,200.0,-1,2,6077916,2014,-9223372036854775808,-9223372036854775808
2021-11-30 09:41:08.120,300557.SZ,29.04,700.0,-1,2,6077938,2014,-9223372036854775808,-9223372036854775808
2021-11-30 09:41:08.130,300557.SZ,29.05,100.0,-1,2,6078009,2014,-9223372036854775808,-9223372036854775808
2021-11-30 09:41:08.130,300557.SZ,29.03,100.0,-1,2,6078011,2014,-9223372036854775808,-9223372036854775808
2021-11-30 09:41:08.140,300557.SZ,29.04,100.0,-1,2,6078118,2014,-9223372036854775808,-9223372036854775808
2021-11-30 09:41:08.140,300557.SZ,29.03,200.0,-1,2,6078201,2014,-9223372036854775808,-9223372036854775808
2021-11-30 09:41:08.140,300557.SZ,29.03,200.0,-1,2,6078202,2014,-9223372036854775808,-9223372036854775808
2021-11-30 09:41:08.220,300557.SZ,29.03,100.0,-1,2,6078748,2014,-9223372036854775808,-9223372036854775808
2021-11-30 09:41:08.220,300557.SZ,29.03,300.0,-1,2,6078749,2014,-9223372036854775808,-9223372036854775808
2021-11-30 09:41:08.220,300557.SZ,29.03,500.0,-1,2,6078756,2014,-9223372036854775808,-9223372036854775808
2021-11-30 09:41:08.280,300557.SZ,29.03,100.0,-1,2,6079184,2014,-9223372036854775808,-9223372036854775808
2021-11-30 09:41:09.050,300557.SZ,29.03,100.0,-1,2,6083723,2014,-9223372036854775808,-9223372036854775808
2021-11-30 09:41:11.180,300557.SZ,29.12,500.0,-1,2,6099725,2014,-9223372036854775808,-9223372036854775808
2021-11-30 09:41:11.960,300557.SZ,33.77,1000.0,-1,2,6104393,2014,-9223372036854775808,-9223372036854775808
2021-11-30 09:41:13.010,300557.SZ,29.19,2700.0,-1,2,6110887,2014,-9223372036854775808,-9223372036854775808
2021-11-30 09:41:13.620,300557.SZ,29.11,100.0,-1,2,6116292,2014,-9223372036854775808,-9223372036854775808
2021-11-30 09:41:15.560,300557.SZ,29.08,5000.0,-1,2,6127440,2014,-9223372036854775808,-9223372036854775808
2021-11-30 09:41:15.950,300557.SZ,29.76,1000.0,-1,2,6129615,2014,-9223372036854775808,-9223372036854775808
2021-11-30 09:41:16.590,300557.SZ,29.02,200.0,-1,2,6135037,2014,-9223372036854775808,-9223372036854775808
2021-11-30 09:41:16.650,300557.SZ,29.01,600.0,-1,2,6135400,2014,-9223372036854775808,-9223372036854775808
2021-11-30 09:41:16.670,300557.SZ,29.01,100.0,-1,2,6135499,2014,-9223372036854775808,-9223372036854775808
2021-11-30 09:41:16.670,300557.SZ,29.01,200.0,-1,2,6135500,2014,-9223372036854775808,-9223372036854775808
2021-11-30 09:41:17.140,300557.SZ,29.06,500.0,-1,2,6138467,2014,-9223372036854775808,-9223372036854775808
2021-11-30 09:41:17.630,300557.SZ,29.68,500.0,-1,2,6140931,2014,-9223372036854775808,-9223372036854775808
2021-11-30 09:41:21.700,300557.SZ,28.96,100.0,1,2,6162832,2014,-9223372036854775808,-9223372036854775808
2021-11-30 09:41:22.590,300557.SZ,29.0,100.0,-1,2,6168638,2014,-9223372036854775808,-9223372036854775808
2021-11-30 09:41:22.660,300557.SZ,28.99,300.0,-1,2,6169013,2014,-9223372036854775808,-9223372036854775808
2021-11-30 09:41:22.660,300557.SZ,28.99,500.0,-1,2,6169019,2014,-9223372036854775808,-9223372036854775808
2021-11-30 09:41:22.670,300557.SZ,28.99,100.0,-1,2,6169031,2014,-9223372036854775808,-9223372036854775808
2021-11-30 09:41:23.340,300557.SZ,28.95,1100.0,-1,2,6172386,2014,-9223372036854775808,-9223372036854775808
2021-11-30 09:41:23.340,300557.SZ,28.76,800.0,1,2,6172396,2014,-9223372036854775808,-9223372036854775808
2021-11-30 09:41:23.340,300557.SZ,28.76,1000.0,1,2,6172397,2014,-9223372036854775808,-9223372036854775808
2021-11-30 09:41:23.340,300557.SZ,28.76,900.0,1,2,6172398,2014,-9223372036854775808,-9223372036854775808
2021-11-30 09:41:23.340,300557.SZ,28.76,1000.0,1,2,6172399,2014,-9223372036854775808,-9223372036854775808
2021-11-30 09:41:23.400,300557.SZ,28.77,800.0,1,2,6172689,2014,-9223372036854775808,-9223372036854775808
2021-11-30 09:41:23.400,300557.SZ,28.77,2000.0,1,2,6172690,2014,-9223372036854775808,-9223372036854775808
2021-11-30 09:41:23.400,300557.SZ,28.77,1000.0,1,2,6172692,2014,-9223372036854775808,-9223372036854775808
2021-11-30 09:41:23.400,300557.SZ,28.77,1200.0,1,2,6172693,2014,-9223372036854775808,-9223372036854775808
2021-11-30 09:41:23.410,300557.SZ,28.78,900.0,1,2,6172733,2014,-9223372036854775808,-9223372036854775808
2021-11-30 09:41:23.410,300557.SZ,28.78,1000.0,1,2,6172734,2014,-9223372036854775808,-9223372036854775808
2021-11-30 09:41:23.410,300557.SZ,28.78,800.0,1,2,6172735,2014,-9223372036854775808,-9223372036854775808
2021-11-30 09:41:23.410,300557.SZ,28.78,1000.0,1,2,6172736,2014,-9223372036854775808,-9223372036854775808
2021-11-30 09:41:23.410,300557.SZ,28.94,200.0,-1,2,6172737,2014,-9223372036854775808,-9223372036854775808
2021-11-30 09:41:23.410,300557.SZ,28.94,600.0,-1,2,6172744,2014,-9223372036854775808,-9223372036854775808
2021-11-30 09:41:23.430,300557.SZ,28.94,100.0,-1,2,6172816,2014,-9223372036854775808,-9223372036854775808
2021-11-30 09:41:24.100,300557.SZ,29.0,500.0,-1,2,6175897,2014,-9223372036854775808,-9223372036854775808
2021-11-30 09:41:24.180,300557.SZ,28.94,200.0,1,2,6176559,2014,-9223372036854775808,-9223372036854775808
2021-11-30 09:41:24.180,300557.SZ,28.94,100.0,1,2,6176561,2014,-9223372036854775808,-9223372036854775808
2021-11-30 09:41:24.190,300557.SZ,28.79,3700.0,1,2,6176575,2014,-9223372036854775808,-9223372036854775808
2021-11-30 09:41:24.190,300557.SZ,28.79,800.0,1,2,6176576,2014,-9223372036854775808,-9223372036854775808
2021-11-30 09:41:24.190,300557.SZ,28.79,1200.0,1,2,6176577,2014,-9223372036854775808,-9223372036854775808
2021-11-30 09:41:24.190,300557.SZ,28.79,500.0,1,2,6176578,2014,-9223372036854775808,-9223372036854775808
2021-11-30 09:41:24.190,300557.SZ,28.79,1200.0,1,2,6176579,2014,-9223372036854775808,-9223372036854775808
2021-11-30 09:41:24.290,300557.SZ,28.8,400.0,1,2,6177097,2014,-9223372036854775808,-9223372036854775808
2021-11-30 09:41:24.790,300557.SZ,29.02,1000.0,1,2,6179370,2014,-9223372036854775808,-9223372036854775808
2021-11-30 09:41:24.790,300557.SZ,28.79,200.0,1,2,6179387,2014,-9223372036854775808,-9223372036854775808
2021-11-30 09:41:24.790,300557.SZ,28.79,800.0,1,2,6179388,2014,-9223372036854775808,-9223372036854775808
2021-11-30 09:41:24.790,300557.SZ,28.79,1000.0,1,2,6179389,2014,-9223372036854775808,-9223372036854775808
2021-11-30 09:41:24.790,300557.SZ,28.79,3700.0,1,2,6179390,2014,-9223372036854775808,-9223372036854775808
2021-11-30 09:41:24.790,300557.SZ,28.79,1000.0,1,2,6179391,2014,-9223372036854775808,-9223372036854775808
2021-11-30 09:41:24.790,300557.SZ,28.79,800.0,1,2,6179392,2014,-9223372036854775808,-9223372036854775808
2021-11-30 09:41:24.790,300557.SZ,28.79,1200.0,1,2,6179393,2014,-9223372036854775808,-9223372036854775808
2021-11-30 09:41:24.790,300557.SZ,28.79,500.0,1,2,6179394,2014,-9223372036854775808,-9223372036854775808
2021-11-30 09:41:24.790,300557.SZ,28.79,1200.0,1,2,6179395,2014,-9223372036854775808,-9223372036854775808
2021-11-30 09:41:24.800,300557.SZ,29.0,100.0,-1,2,6179428,2014,-9223372036854775808,-9223372036854775808
2021-11-30 09:41:24.800,300557.SZ,28.8,700.0,1,2,6179441,2014,-9223372036854775808,-9223372036854775808
2021-11-30 09:41:24.800,300557.SZ,28.8,200.0,1,2,6179442,2014,-9223372036854775808,-9223372036854775808
2021-11-30 09:41:24.800,300557.SZ,28.8,200.0,1,2,6179447,2014,-9223372036854775808,-9223372036854775808
2021-11-30 09:41:24.800,300557.SZ,28.8,400.0,1,2,6179448,2014,-9223372036854775808,-9223372036854775808
2021-11-30 09:41:24.800,300557.SZ,28.8,400.0,1,2,6179449,2014,-9223372036854775808,-9223372036854775808
2021-11-30 09:41:24.800,300557.SZ,28.8,400.0,1,2,6179450,2014,-9223372036854775808,-9223372036854775808
2021-11-30 09:41:24.800,300557.SZ,28.8,200.0,1,2,6179451,2014,-9223372036854775808,-9223372036854775808
2021-11-30 09:41:24.800,300557.SZ,28.8,200.0,1,2,6179452,2014,-9223372036854775808,-9223372036854775808
2021-11-30 09:41:24.800,300557.SZ,28.8,200.0,1,2,6179453,2014,-9223372036854775808,-9223372036854775808
2021-11-30 09:41:24.800,300557.SZ,28.8,200.0,1,2,6179454,2014,-9223372036854775808,-9223372036854775808
2021-11-30 09:41:28.510,300557.SZ,28.81,100.0,1,2,6201006,2014,-9223372036854775808,-9223372036854775808
2021-11-30 09:41:28.530,300557.SZ,28.82,100.0,1,2,6201097,2014,-9223372036854775808,-9223372036854775808
2021-11-30 09:41:29.250,300557.SZ,29.19,2000.0,-1,2,6205052,2014,-9223372036854775808,-9223372036854775808
2021-11-30 09:41:30.070,300557.SZ,29.0,100.0,-1,2,6208435,2014,-9223372036854775808,-9223372036854775808
2021-11-30 09:41:31.390,300557.SZ,29.0,200.0,-1,2,6215766,2014,-9223372036854775808,-9223372036854775808
2021-11-30 09:41:32.620,300557.SZ,29.0,2900.0,1,2,6221787,2014,-9223372036854775808,-9223372036854775808
2021-11-30 09:41:32.620,300557.SZ,29.0,1600.0,-1,2,6221795,2014,-9223372036854775808,-9223372036854775808
2021-11-30 09:41:32.620,300557.SZ,29.0,400.0,-1,2,6221797,2014,-9223372036854775808,-9223372036854775808
2021-11-30 09:41:32.620,300557.SZ,29.0,1800.0,-1,2,6221799,2014,-9223372036854775808,-9223372036854775808
2021-11-30 09:41:32.620,300557.SZ,29.0,2000.0,-1,2,6221800,2014,-9223372036854775808,-9223372036854775808
2021-11-30 09:41:32.620,300557.SZ,29.0,200.0,-1,2,6221801,2014,-9223372036854775808,-9223372036854775808
2021-11-30 09:41:32.620,300557.SZ,29.0,2000.0,-1,2,6221802,2014,-9223372036854775808,-9223372036854775808
2021-11-30 09:41:32.620,300557.SZ,29.0,900.0,-1,2,6221803,2014,-9223372036854775808,-9223372036854775808
2021-11-30 09:41:32.620,300557.SZ,29.0,2000.0,-1,2,6221804,2014,-9223372036854775808,-9223372036854775808
2021-11-30 09:41:32.620,300557.SZ,29.0,200.0,-1,2,6221805,2014,-9223372036854775808,-9223372036854775808
2021-11-30 09:41:32.620,300557.SZ,29.0,2000.0,-1,2,6221806,2014,-9223372036854775808,-9223372036854775808
2021-11-30 09:41:32.620,300557.SZ,29.0,1800.0,-1,2,6221807,2014,-9223372036854775808,-9223372036854775808
2021-11-30 09:41:32.620,300557.SZ,29.0,200.0,-1,2,6221808,2014,-9223372036854775808,-9223372036854775808
2021-11-30 09:41:32.620,300557.SZ,29.0,1300.0,-1,2,6221809,2014,-9223372036854775808,-9223372036854775808
2021-11-30 09:41:32.620,300557.SZ,29.0,700.0,-1,2,6221810,2014,-9223372036854775808,-9223372036854775808
2021-11-30 09:41:32.670,300557.SZ,29.0,1300.0,-1,2,6221995,2014,-9223372036854775808,-9223372036854775808
2021-11-30 09:41:32.730,300557.SZ,29.0,100.0,-1,2,6222192,2014,-9223372036854775808,-9223372036854775808
2021-11-30 09:41:33.760,300557.SZ,33.5,1000.0,-1,2,6227157,2014,-9223372036854775808,-9223372036854775808
2021-11-30 09:41:34.760,300557.SZ,29.09,2100.0,-1,2,6233434,2014,-9223372036854775808,-9223372036854775808
2021-11-30 09:41:39.070,300557.SZ,28.99,300.0,-1,2,6254267,2014,-9223372036854775808,-9223372036854775808
2021-11-30 09:41:39.140,300557.SZ,28.99,1300.0,-1,2,6254620,2014,-9223372036854775808,-9223372036854775808
2021-11-30 09:41:39.160,300557.SZ,28.99,100.0,-1,2,6254700,2014,-9223372036854775808,-9223372036854775808
2021-11-30 09:41:39.730,300557.SZ,32.0,500.0,-1,2,6257574,2014,-9223372036854775808,-9223372036854775808
2021-11-30 09:41:40.340,300557.SZ,29.0,500.0,-1,2,6261484,2014,-9223372036854775808,-9223372036854775808
2021-11-30 09:41:41.580,300557.SZ,28.95,1000.0,1,2,6267616,2014,-9223372036854775808,-9223372036854775808
2021-11-30 09:41:41.600,300557.SZ,28.95,100.0,-1,2,6267701,2014,-9223372036854775808,-9223372036854775808
2021-11-30 09:41:41.650,300557.SZ,28.95,300.0,-1,2,6267866,2014,-9223372036854775808,-9223372036854775808
2021-11-30 09:41:41.720,300557.SZ,28.98,500.0,-1,2,6268110,2014,-9223372036854775808,-9223372036854775808
2021-11-30 09:41:41.780,300557.SZ,28.98,200.0,-1,2,6268332,2014,-9223372036854775808,-9223372036854775808
2021-11-30 09:41:41.790,300557.SZ,28.97,300.0,-1,2,6268372,2014,-9223372036854775808,-9223372036854775808
2021-11-30 09:41:42.100,300557.SZ,28.97,200.0,-1,2,6269697,2014,-9223372036854775808,-9223372036854775808
2021-11-30 09:41:42.300,300557.SZ,28.96,100.0,-1,2,6270634,2014,-9223372036854775808,-9223372036854775808
2021-11-30 09:41:42.350,300557.SZ,28.96,200.0,-1,2,6270904,2014,-9223372036854775808,-9223372036854775808
2021-11-30 09:41:42.360,300557.SZ,28.95,300.0,-1,2,6270930,2014,-9223372036854775808,-9223372036854775808
2021-11-30 09:41:42.360,300557.SZ,28.95,300.0,-1,2,6270945,2014,-9223372036854775808,-9223372036854775808
2021-11-30 09:41:45.070,300557.SZ,28.95,1200.0,-1,2,6284450,2014,-9223372036854775808,-9223372036854775808
2021-11-30 09:41:45.090,300557.SZ,28.79,100.0,1,2,6284671,2014,-9223372036854775808,-9223372036854775808
2021-11-30 09:41:45.090,300557.SZ,28.76,700.0,1,2,6284684,2014,-9223372036854775808,-9223372036854775808
2021-11-30 09:41:45.790,300557.SZ,29.29,2100.0,-1,2,6287931,2014,-9223372036854775808,-9223372036854775808
2021-11-30 09:41:46.500,300557.SZ,28.79,100.0,1,2,6292592,2014,-9223372036854775808,-9223372036854775808
2021-11-30 09:41:49.070,300557.SZ,29.27,500.0,-1,2,6304335,2014,-9223372036854775808,-9223372036854775808
2021-11-30 09:41:49.270,300557.SZ,29.0,100.0,1,2,6305464,2014,-9223372036854775808,-9223372036854775808
2021-11-30 09:41:50.860,300557.SZ,28.79,100.0,1,2,6313296,2014,-9223372036854775808,-9223372036854775808
2021-11-30 09:41:50.960,300557.SZ,29.27,200.0,-1,2,6313628,2014,-9223372036854775808,-9223372036854775808
2021-11-30 09:41:51.730,300557.SZ,28.8,100.0,1,2,6316932,2014,-9223372036854775808,-9223372036854775808
2021-11-30 09:41:54.750,300557.SZ,28.98,600.0,-1,2,6330627,2014,-9223372036854775808,-9223372036854775808
2021-11-30 09:41:55.380,300557.SZ,29.39,2100.0,-1,2,6334038,2014,-9223372036854775808,-9223372036854775808
2021-11-30 09:41:55.480,300557.SZ,28.88,400.0,-1,2,6334592,2014,-9223372036854775808,-9223372036854775808
2021-11-30 09:42:01.500,300557.SZ,28.81,100.0,1,2,6365205,2014,-9223372036854775808,-9223372036854775808
2021-11-30 09:42:01.780,300557.SZ,28.88,400.0,1,2,6367104,2014,-9223372036854775808,-9223372036854775808
2021-11-30 09:42:04.690,300557.SZ,29.49,2100.0,-1,2,6384531,2014,-9223372036854775808,-9223372036854775808
2021-11-30 09:42:07.510,300557.SZ,28.95,500.0,1,2,6400901,2014,-9223372036854775808,-9223372036854775808
2021-11-30 09:42:07.560,300557.SZ,28.95,400.0,1,2,6401189,2014,-9223372036854775808,-9223372036854775808
2021-11-30 09:42:07.930,300557.SZ,28.82,900.0,1,2,6403278,2014,-9223372036854775808,-9223372036854775808
2021-11-30 09:42:08.740,300557.SZ,28.82,100.0,1,2,6407686,2014,-9223372036854775808,-9223372036854775808
2021-11-30 09:42:11.960,300557.SZ,29.99,500.0,-1,2,6425314,2014,-9223372036854775808,-9223372036854775808
2021-11-30 09:42:17.320,300557.SZ,29.5,500.0,-1,2,6455509,2014,-9223372036854775808,-9223372036854775808
2021-11-30 09:42:17.820,300557.SZ,28.83,100.0,1,2,6457576,2014,-9223372036854775808,-9223372036854775808
2021-11-30 09:42:17.890,300557.SZ,28.84,900.0,1,2,6457839,2014,-9223372036854775808,-9223372036854775808
2021-11-30 09:42:19.430,300557.SZ,29.5,1000.0,-1,2,6466332,2014,-9223372036854775808,-9223372036854775808
2021-11-30 09:42:19.520,300557.SZ,28.83,100.0,1,2,6466890,2014,-9223372036854775808,-9223372036854775808
2021-11-30 09:42:21.430,300557.SZ,28.82,100.0,-1,2,6475934,2014,-9223372036854775808,-9223372036854775808
2021-11-30 09:42:21.740,300557.SZ,33.58,200.0,-1,2,6477526,2014,-9223372036854775808,-9223372036854775808
2021-11-30 09:42:22.750,300557.SZ,29.04,100.0,1,2,6483760,2014,-9223372036854775808,-9223372036854775808
2021-11-30 09:42:23.750,300557.SZ,28.85,100.0,1,2,6488161,2014,-9223372036854775808,-9223372036854775808
2021-11-30 09:42:23.920,300557.SZ,28.86,800.0,1,2,6488724,2014,-9223372036854775808,-9223372036854775808
2021-11-30 09:42:29.740,300557.SZ,28.87,100.0,1,2,6516301,2014,-9223372036854775808,-9223372036854775808
2021-11-30 09:42:29.830,300557.SZ,28.88,800.0,1,2,6516589,2014,-9223372036854775808,-9223372036854775808
2021-11-30 09:42:30.110,300557.SZ,28.82,1000.0,1,2,6517704,2014,-9223372036854775808,-9223372036854775808
2021-11-30 09:42:30.300,300557.SZ,28.89,100.0,1,2,6518532,2014,-9223372036854775808,-9223372036854775808
2021-11-30 09:42:30.360,300557.SZ,28.9,800.0,1,2,6518837,2014,-9223372036854775808,-9223372036854775808
2021-11-30 09:42:30.370,300557.SZ,28.91,100.0,1,2,6518866,2014,-9223372036854775808,-9223372036854775808
2021-11-30 09:42:30.430,300557.SZ,28.92,800.0,1,2,6519079,2014,-9223372036854775808,-9223372036854775808
2021-11-30 09:42:30.440,300557.SZ,28.93,100.0,1,2,6519104,2014,-9223372036854775808,-9223372036854775808
2021-11-30 09:42:30.740,300557.SZ,28.94,100.0,1,2,6520452,2014,-9223372036854775808,-9223372036854775808
2021-11-30 09:42:30.750,300557.SZ,28.95,100.0,1,2,6520488,2014,-9223372036854775808,-9223372036854775808
2021-11-30 09:42:30.760,300557.SZ,28.95,100.0,1,2,6520529,2014,-9223372036854775808,-9223372036854775808
2021-11-30 09:42:35.700,300557.SZ,28.96,100.0,1,2,6544734,2014,-9223372036854775808,-9223372036854775808
2021-11-30 09:42:35.890,300557.SZ,28.88,500.0,1,2,6545576,2014,-9223372036854775808,-9223372036854775808
2021-11-30 09:42:35.890,300557.SZ,28.96,100.0,1,2,6545603,2014,-9223372036854775808,-9223372036854775808
2021-11-30 09:42:35.900,300557.SZ,28.96,100.0,1,2,6545605,2014,-9223372036854775808,-9223372036854775808
2021-11-30 09:42:36.150,300557.SZ,33.72,500.0,-1,2,6546678,2014,-9223372036854775808,-9223372036854775808
2021-11-30 09:42:37.370,300557.SZ,29.09,500.0,-1,2,6552858,2014,-9223372036854775808,-9223372036854775808
2021-11-30 09:42:39.280,300557.SZ,28.88,500.0,1,2,6563115,2014,-9223372036854775808,-9223372036854775808
2021-11-30 09:42:42.810,300557.SZ,32.55,300.0,-1,2,6581567,2014,-9223372036854775808,-9223372036854775808
2021-11-30 09:42:52.740,300557.SZ,29.04,100.0,1,2,6632075,2014,-9223372036854775808,-9223372036854775808
2021-11-30 09:42:52.990,300557.SZ,33.77,100.0,-1,2,6633012,2014,-9223372036854775808,-9223372036854775808
2021-11-30 09:42:53.760,300557.SZ,28.97,100.0,1,2,6636038,2014,-9223372036854775808,-9223372036854775808
2021-11-30 09:42:55.210,300557.SZ,29.89,200.0,-1,2,6642893,2014,-9223372036854775808,-9223372036854775808
2021-11-30 09:42:56.670,300557.SZ,33.77,100.0,-1,2,6649233,2014,-9223372036854775808,-9223372036854775808
2021-11-30 09:42:59.090,300557.SZ,28.96,100.0,-1,2,6661533,2014,-9223372036854775808,-9223372036854775808
2021-11-30 09:43:00.620,300557.SZ,28.98,100.0,1,2,6669404,2014,-9223372036854775808,-9223372036854775808
2021-11-30 09:43:01.700,300557.SZ,28.98,500.0,1,2,6676498,2014,-9223372036854775808,-9223372036854775808
2021-11-30 09:43:06.000,300557.SZ,28.98,100.0,-1,2,6702857,2014,-9223372036854775808,-9223372036854775808
2021-11-30 09:43:07.250,300557.SZ,29.96,600.0,-1,2,6712660,2014,-9223372036854775808,-9223372036854775808
2021-11-30 09:43:11.580,300557.SZ,28.82,400.0,1,2,6742732,2014,-9223372036854775808,-9223372036854775808
2021-11-30 09:43:16.150,300557.SZ,29.04,100.0,1,2,6772717,2014,-9223372036854775808,-9223372036854775808
2021-11-30 09:43:20.160,300557.SZ,29.5,1000.0,-1,2,6793533,2014,-9223372036854775808,-9223372036854775808
2021-11-30 09:43:22.720,300557.SZ,28.99,100.0,1,2,6805323,2014,-9223372036854775808,-9223372036854775808
2021-11-30 09:43:24.200,300557.SZ,29.05,300.0,-1,2,6811484,2014,-9223372036854775808,-9223372036854775808
2021-11-30 09:43:26.110,300557.SZ,28.98,100.0,-1,2,6821824,2014,-9223372036854775808,-9223372036854775808
2021-11-30 09:43:27.380,300557.SZ,29.09,300.0,-1,2,6827294,2014,-9223372036854775808,-9223372036854775808
2021-11-30 09:43:27.770,300557.SZ,29.1,100.0,1,2,6829135,2014,-9223372036854775808,-9223372036854775808
2021-11-30 09:43:27.920,300557.SZ,29.99,200.0,-1,2,6829799,2014,-9223372036854775808,-9223372036854775808
2021-11-30 09:43:29.400,300557.SZ,29.02,500.0,1,2,6836721,2014,-9223372036854775808,-9223372036854775808
2021-11-30 09:43:29.400,300557.SZ,28.98,100.0,1,2,6836745,2014,-9223372036854775808,-9223372036854775808
2021-11-30 09:43:29.400,300557.SZ,28.98,100.0,1,2,6836773,2014,-9223372036854775808,-9223372036854775808
2021-11-30 09:43:30.710,300557.SZ,29.12,3200.0,1,2,6841909,2014,-9223372036854775808,-9223372036854775808
2021-11-30 09:43:30.720,300557.SZ,28.99,100.0,1,2,6841937,2014,-9223372036854775808,-9223372036854775808
2021-11-30 09:43:30.720,300557.SZ,28.99,100.0,1,2,6841952,2014,-9223372036854775808,-9223372036854775808
2021-11-30 09:43:30.730,300557.SZ,29.0,100.0,1,2,6841995,2014,-9223372036854775808,-9223372036854775808
2021-11-30 09:43:30.730,300557.SZ,29.01,100.0,1,2,6842031,2014,-9223372036854775808,-9223372036854775808
2021-11-30 09:43:30.740,300557.SZ,29.02,100.0,1,2,6842059,2014,-9223372036854775808,-9223372036854775808
2021-11-30 09:43:30.740,300557.SZ,29.02,100.0,1,2,6842080,2014,-9223372036854775808,-9223372036854775808
2021-11-30 09:43:31.250,300557.SZ,29.0,100.0,1,2,6845028,2014,-9223372036854775808,-9223372036854775808
2021-11-30 09:43:31.250,300557.SZ,29.03,100.0,1,2,6845074,2014,-9223372036854775808,-9223372036854775808
2021-11-30 09:43:31.260,300557.SZ,29.04,100.0,1,2,6845099,2014,-9223372036854775808,-9223372036854775808
2021-11-30 09:43:31.260,300557.SZ,29.03,100.0,1,2,6845129,2014,-9223372036854775808,-9223372036854775808
2021-11-30 09:43:31.270,300557.SZ,29.03,100.0,1,2,6845154,2014,-9223372036854775808,-9223372036854775808
2021-11-30 09:43:31.280,300557.SZ,29.03,100.0,1,2,6845197,2014,-9223372036854775808,-9223372036854775808
2021-11-30 09:43:31.280,300557.SZ,28.89,800.0,1,2,6845206,2014,-9223372036854775808,-9223372036854775808
2021-11-30 09:43:31.280,300557.SZ,28.89,600.0,1,2,6845207,2014,-9223372036854775808,-9223372036854775808
2021-11-30 09:43:31.280,300557.SZ,28.89,700.0,1,2,6845208,2014,-9223372036854775808,-9223372036854775808
2021-11-30 09:43:31.280,300557.SZ,29.04,100.0,1,2,6845211,2014,-9223372036854775808,-9223372036854775808
2021-11-30 09:43:31.920,300557.SZ,29.1,100.0,1,2,6848579,2014,-9223372036854775808,-9223372036854775808
2021-11-30 09:43:31.930,300557.SZ,29.04,100.0,1,2,6848604,2014,-9223372036854775808,-9223372036854775808
2021-11-30 09:43:32.140,300557.SZ,29.1,100.0,1,2,6849476,2014,-9223372036854775808,-9223372036854775808
2021-11-30 09:43:35.310,300557.SZ,28.99,300.0,-1,2,6864903,2014,-9223372036854775808,-9223372036854775808
2021-11-30 09:43:42.710,300557.SZ,28.98,100.0,1,2,6898481,2014,-9223372036854775808,-9223372036854775808
2021-11-30 09:43:44.460,300557.SZ,29.09,5000.0,-1,2,6907255,2014,-9223372036854775808,-9223372036854775808
2021-11-30 09:43:45.560,300557.SZ,29.09,1000.0,1,2,6911928,2014,-9223372036854775808,-9223372036854775808
2021-11-30 09:43:46.040,300557.SZ,29.15,600.0,-1,2,6914286,2014,-9223372036854775808,-9223372036854775808
2021-11-30 09:43:48.560,300557.SZ,30.55,500.0,-1,2,6926267,2014,-9223372036854775808,-9223372036854775808
2021-11-30 09:43:49.850,300557.SZ,33.77,100.0,-1,2,6933661,2014,-9223372036854775808,-9223372036854775808
2021-11-30 09:43:51.460,300557.SZ,28.89,100.0,1,2,6940035,2014,-9223372036854775808,-9223372036854775808
2021-11-30 09:43:52.730,300557.SZ,28.99,100.0,1,2,6946651,2014,-9223372036854775808,-9223372036854775808
2021-11-30 09:43:53.590,300557.SZ,29.08,200.0,-1,2,6950242,2014,-9223372036854775808,-9223372036854775808
2021-11-30 09:43:54.520,300557.SZ,29.09,1000.0,1,2,6953849,2014,-9223372036854775808,-9223372036854775808
2021-11-30 09:43:56.020,300557.SZ,28.98,300.0,-1,2,6961178,2014,-9223372036854775808,-9223372036854775808
2021-11-30 09:43:56.030,300557.SZ,28.9,100.0,1,2,6961245,2014,-9223372036854775808,-9223372036854775808
2021-11-30 09:43:57.050,300557.SZ,29.5,2000.0,-1,2,6965575,2014,-9223372036854775808,-9223372036854775808
2021-11-30 09:44:00.340,300557.SZ,29.08,300.0,-1,2,6981928,2014,-9223372036854775808,-9223372036854775808
2021-11-30 09:44:01.120,300557.SZ,29.09,200.0,-1,2,6985721,2014,-9223372036854775808,-9223372036854775808
2021-11-30 09:44:01.500,300557.SZ,28.9,200.0,1,2,6987927,2014,-9223372036854775808,-9223372036854775808
2021-11-30 09:44:02.310,300557.SZ,30.48,500.0,-1,2,6992691,2014,-9223372036854775808,-9223372036854775808
2021-11-30 09:44:02.380,300557.SZ,29.05,200.0,-1,2,6993020,2014,-9223372036854775808,-9223372036854775808
2021-11-30 09:44:05.700,300557.SZ,29.28,100.0,-1,2,7012160,2014,-9223372036854775808,-9223372036854775808
2021-11-30 09:44:07.810,300557.SZ,29.05,300.0,-1,2,7027761,2014,-9223372036854775808,-9223372036854775808
2021-11-30 09:44:09.280,300557.SZ,31.0,200.0,-1,2,7035929,2014,-9223372036854775808,-9223372036854775808
2021-11-30 09:44:10.310,300557.SZ,29.05,300.0,-1,2,7041925,2014,-9223372036854775808,-9223372036854775808
2021-11-30 09:44:20.790,300557.SZ,29.19,1500.0,-1,2,7094917,2014,-9223372036854775808,-9223372036854775808
2021-11-30 09:44:23.740,300557.SZ,28.91,100.0,1,2,7109656,2014,-9223372036854775808,-9223372036854775808
2021-11-30 09:44:24.090,300557.SZ,29.04,1000.0,-1,2,7111023,2014,-9223372036854775808,-9223372036854775808
2021-11-30 09:44:28.730,300557.SZ,29.99,100.0,-1,2,7132118,2014,-9223372036854775808,-9223372036854775808
2021-11-30 09:44:28.750,300557.SZ,28.92,100.0,1,2,7132183,2014,-9223372036854775808,-9223372036854775808
2021-11-30 09:44:30.730,300557.SZ,28.98,100.0,-1,2,7140220,2014,-9223372036854775808,-9223372036854775808
2021-11-30 09:44:34.530,300557.SZ,28.98,400.0,1,2,7157779,2014,-9223372036854775808,-9223372036854775808
2021-11-30 09:44:34.540,300557.SZ,28.98,200.0,1,2,7157808,2014,-9223372036854775808,-9223372036854775808
2021-11-30 09:44:34.570,300557.SZ,28.98,300.0,1,2,7157968,2014,-9223372036854775808,-9223372036854775808
2021-11-30 09:44:35.070,300557.SZ,28.99,700.0,1,2,7160233,2014,-9223372036854775808,-9223372036854775808
2021-11-30 09:44:35.890,300557.SZ,28.93,100.0,1,2,7163582,2014,-9223372036854775808,-9223372036854775808
2021-11-30 09:44:38.470,300557.SZ,33.77,200.0,-1,2,7175401,2014,-9223372036854775808,-9223372036854775808
2021-11-30 09:44:41.770,300557.SZ,29.0,100.0,1,2,7190586,2014,-9223372036854775808,-9223372036854775808
2021-11-30 09:44:44.580,300557.SZ,29.0,300.0,-1,2,7202319,2014,-9223372036854775808,-9223372036854775808
2021-11-30 09:44:46.490,300557.SZ,29.05,300.0,1,2,7210296,2014,-9223372036854775808,-9223372036854775808
2021-11-30 09:44:46.490,300557.SZ,29.05,200.0,1,2,7210313,2014,-9223372036854775808,-9223372036854775808
2021-11-30 09:44:46.540,300557.SZ,29.05,300.0,1,2,7210522,2014,-9223372036854775808,-9223372036854775808
2021-11-30 09:44:46.990,300557.SZ,28.99,2000.0,-1,2,7212191,2014,-9223372036854775808,-9223372036854775808
2021-11-30 09:44:48.310,300557.SZ,30.99,100.0,-1,2,7217405,2014,-9223372036854775808,-9223372036854775808
2021-11-30 09:44:52.150,300557.SZ,33.77,200.0,-1,2,7233282,2014,-9223372036854775808,-9223372036854775808
2021-11-30 09:44:52.500,300557.SZ,28.9,200.0,1,2,7234957,2014,-9223372036854775808,-9223372036854775808
2021-11-30 09:44:52.500,300557.SZ,28.91,100.0,1,2,7234981,2014,-9223372036854775808,-9223372036854775808
2021-11-30 09:44:54.760,300557.SZ,28.91,100.0,1,2,7243413,2014,-9223372036854775808,-9223372036854775808
2021-11-30 09:44:54.780,300557.SZ,28.92,100.0,1,2,7243480,2014,-9223372036854775808,-9223372036854775808
2021-11-30 09:44:54.950,300557.SZ,28.9,100.0,1,2,7244292,2014,-9223372036854775808,-9223372036854775808
2021-11-30 09:44:57.140,300557.SZ,28.99,400.0,-1,2,7253463,2014,-9223372036854775808,-9223372036854775808
2021-11-30 09:44:58.630,300557.SZ,29.15,500.0,-1,2,7260154,2014,-9223372036854775808,-9223372036854775808
2021-11-30 09:44:59.730,300557.SZ,28.93,100.0,1,2,7264456,2014,-9223372036854775808,-9223372036854775808
2021-11-30 09:45:01.360,300557.SZ,28.9,12200.0,-1,2,7274001,2014,-9223372036854775808,-9223372036854775808
2021-11-30 09:45:02.860,300557.SZ,29.03,8400.0,1,2,7281289,2014,-9223372036854775808,-9223372036854775808
2021-11-30 09:45:02.870,300557.SZ,28.9,1200.0,1,2,7281297,2014,-9223372036854775808,-9223372036854775808
2021-11-30 09:45:02.870,300557.SZ,28.9,1100.0,1,2,7281299,2014,-9223372036854775808,-9223372036854775808
2021-11-30 09:45:02.870,300557.SZ,28.9,3100.0,1,2,7281301,2014,-9223372036854775808,-9223372036854775808
2021-11-30 09:45:02.870,300557.SZ,28.9,900.0,1,2,7281303,2014,-9223372036854775808,-9223372036854775808
2021-11-30 09:45:02.870,300557.SZ,28.9,400.0,1,2,7281304,2014,-9223372036854775808,-9223372036854775808
2021-11-30 09:45:02.870,300557.SZ,28.9,2200.0,1,2,7281306,2014,-9223372036854775808,-9223372036854775808
2021-11-30 09:45:02.870,300557.SZ,28.9,700.0,1,2,7281307,2014,-9223372036854775808,-9223372036854775808
2021-11-30 09:45:02.870,300557.SZ,28.9,800.0,1,2,7281308,2014,-9223372036854775808,-9223372036854775808
2021-11-30 09:45:02.870,300557.SZ,28.9,1200.0,1,2,7281309,2014,-9223372036854775808,-9223372036854775808
2021-11-30 09:45:02.870,300557.SZ,28.9,1900.0,1,2,7281310,2014,-9223372036854775808,-9223372036854775808
2021-11-30 09:45:02.870,300557.SZ,28.9,200.0,1,2,7281311,2014,-9223372036854775808,-9223372036854775808
2021-11-30 09:45:02.870,300557.SZ,28.9,1200.0,1,2,7281312,2014,-9223372036854775808,-9223372036854775808
2021-11-30 09:45:02.870,300557.SZ,28.9,1200.0,1,2,7281313,2014,-9223372036854775808,-9223372036854775808
2021-11-30 09:45:02.870,300557.SZ,28.9,600.0,1,2,7281314,2014,-9223372036854775808,-9223372036854775808
2021-11-30 09:45:02.870,300557.SZ,28.9,100.0,1,2,7281315,2014,-9223372036854775808,-9223372036854775808
2021-11-30 09:45:02.870,300557.SZ,28.9,1400.0,1,2,7281316,2014,-9223372036854775808,-9223372036854775808
2021-11-30 09:45:02.870,300557.SZ,28.9,100.0,1,2,7281317,2014,-9223372036854775808,-9223372036854775808
2021-11-30 09:45:02.870,300557.SZ,28.9,1000.0,1,2,7281326,2014,-9223372036854775808,-9223372036854775808
2021-11-30 09:45:02.880,300557.SZ,28.9,200.0,1,2,7281357,2014,-9223372036854775808,-9223372036854775808
2021-11-30 09:45:04.490,300557.SZ,28.9,100.0,1,2,7292840,2014,-9223372036854775808,-9223372036854775808
2021-11-30 09:45:04.510,300557.SZ,28.9,100.0,1,2,7292952,2014,-9223372036854775808,-9223372036854775808
2021-11-30 09:45:05.450,300557.SZ,28.91,100.0,1,2,7299636,2014,-9223372036854775808,-9223372036854775808
2021-11-30 09:45:06.610,300557.SZ,28.91,1000.0,1,2,7306898,2014,-9223372036854775808,-9223372036854775808
2021-11-30 09:45:08.530,300557.SZ,31.0,2400.0,-1,2,7321280,2014,-9223372036854775808,-9223372036854775808
2021-11-30 09:45:08.680,300557.SZ,29.09,200.0,-1,2,7321966,2014,-9223372036854775808,-9223372036854775808
2021-11-30 09:45:11.840,300557.SZ,28.98,1000.0,1,2,7341647,2014,-9223372036854775808,-9223372036854775808
2021-11-30 09:45:11.860,300557.SZ,28.99,100.0,1,2,7341774,2014,-9223372036854775808,-9223372036854775808
2021-11-30 09:45:19.790,300557.SZ,28.99,1500.0,1,2,7389501,2014,-9223372036854775808,-9223372036854775808
2021-11-30 09:45:20.490,300557.SZ,29.28,300.0,-1,2,7392471,2014,-9223372036854775808,-9223372036854775808
2021-11-30 09:45:20.940,300557.SZ,28.98,8000.0,-1,2,7394026,2014,-9223372036854775808,-9223372036854775808
2021-11-30 09:45:24.810,300557.SZ,33.66,2300.0,-1,2,7413047,2014,-9223372036854775808,-9223372036854775808
2021-11-30 09:45:25.700,300557.SZ,28.92,100.0,1,2,7418921,2014,-9223372036854775808,-9223372036854775808
2021-11-30 09:45:25.720,300557.SZ,28.93,100.0,1,2,7419010,2014,-9223372036854775808,-9223372036854775808
2021-11-30 09:45:25.960,300557.SZ,28.98,300.0,-1,2,7420036,2014,-9223372036854775808,-9223372036854775808
2021-11-30 09:45:26.730,300557.SZ,28.99,1000.0,1,2,7424109,2014,-9223372036854775808,-9223372036854775808
2021-11-30 09:45:32.840,300557.SZ,28.94,100.0,1,2,7453412,2014,-9223372036854775808,-9223372036854775808
2021-11-30 09:45:34.210,300557.SZ,28.98,1700.0,1,2,7460237,2014,-9223372036854775808,-9223372036854775808
2021-11-30 09:45:36.510,300557.SZ,28.98,2900.0,1,2,7470837,2014,-9223372036854775808,-9223372036854775808
2021-11-30 09:45:36.510,300557.SZ,28.98,100.0,1,2,7470846,2014,-9223372036854775808,-9223372036854775808
2021-11-30 09:45:36.520,300557.SZ,28.98,300.0,1,2,7470892,2014,-9223372036854775808,-9223372036854775808
2021-11-30 09:45:37.340,300557.SZ,28.92,1200.0,1,2,7476352,2014,-9223372036854775808,-9223372036854775808
2021-11-30 09:45:37.600,300557.SZ,28.94,100.0,1,2,7478676,2014,-9223372036854775808,-9223372036854775808
2021-11-30 09:45:37.980,300557.SZ,28.95,100.0,1,2,7480375,2014,-9223372036854775808,-9223372036854775808
2021-11-30 09:45:40.510,300557.SZ,28.98,100.0,1,2,7493805,2014,-9223372036854775808,-9223372036854775808
2021-11-30 09:45:44.880,300557.SZ,28.96,100.0,1,2,7515062,2014,-9223372036854775808,-9223372036854775808
2021-11-30 09:45:45.300,300557.SZ,28.95,500.0,1,2,7517135,2014,-9223372036854775808,-9223372036854775808
2021-11-30 09:45:45.330,300557.SZ,30.0,10000.0,-1,2,7517383,2014,-9223372036854775808,-9223372036854775808
2021-11-30 09:45:45.780,300557.SZ,30.84,25600.0,-1,2,7519353,2014,-9223372036854775808,-9223372036854775808
2021-11-30 09:45:49.300,300557.SZ,28.95,300.0,-1,2,7535914,2014,-9223372036854775808,-9223372036854775808
2021-11-30 09:45:49.320,300557.SZ,28.98,200.0,1,2,7536045,2014,-9223372036854775808,-9223372036854775808
2021-11-30 09:45:50.710,300557.SZ,28.95,1500.0,-1,2,7542535,2014,-9223372036854775808,-9223372036854775808
2021-11-30 09:45:52.100,300557.SZ,28.99,1200.0,1,2,7548722,2014,-9223372036854775808,-9223372036854775808
2021-11-30 09:45:52.590,300557.SZ,28.96,100.0,1,2,7552042,2014,-9223372036854775808,-9223372036854775808
2021-11-30 09:45:55.760,300557.SZ,28.93,100.0,1,2,7566393,2014,-9223372036854775808,-9223372036854775808
2021-11-30 09:45:59.530,300557.SZ,28.95,500.0,-1,2,7583385,2014,-9223372036854775808,-9223372036854775808
2021-11-30 09:45:59.760,300557.SZ,28.97,100.0,1,2,7584184,2014,-9223372036854775808,-9223372036854775808
2021-11-30 09:46:00.860,300557.SZ,28.96,100.0,1,2,7589650,2014,-9223372036854775808,-9223372036854775808
2021-11-30 09:46:04.010,300557.SZ,29.09,200.0,-1,2,7606532,2014,-9223372036854775808,-9223372036854775808
2021-11-30 09:46:04.800,300557.SZ,28.98,500.0,1,2,7612632,2014,-9223372036854775808,-9223372036854775808
2021-11-30 09:46:04.910,300557.SZ,28.98,300.0,1,2,7613002,2014,-9223372036854775808,-9223372036854775808
2021-11-30 09:46:08.530,300557.SZ,28.95,1000.0,1,2,7634188,2014,-9223372036854775808,-9223372036854775808
2021-11-30 09:46:10.870,300557.SZ,28.92,100.0,1,2,7647843,2014,-9223372036854775808,-9223372036854775808
2021-11-30 09:46:10.950,300557.SZ,28.95,600.0,1,2,7648247,2014,-9223372036854775808,-9223372036854775808
2021-11-30 09:46:12.040,300557.SZ,28.95,100.0,1,2,7653919,2014,-9223372036854775808,-9223372036854775808
2021-11-30 09:46:12.050,300557.SZ,28.98,100.0,1,2,7654029,2014,-9223372036854775808,-9223372036854775808
2021-11-30 09:46:12.560,300557.SZ,28.92,500.0,1,2,7656572,2014,-9223372036854775808,-9223372036854775808
2021-11-30 09:46:16.480,300557.SZ,28.98,200.0,1,2,7677582,2014,-9223372036854775808,-9223372036854775808
2021-11-30 09:46:16.480,300557.SZ,28.98,200.0,1,2,7677584,2014,-9223372036854775808,-9223372036854775808
2021-11-30 09:46:16.480,300557.SZ,28.98,200.0,1,2,7677585,2014,-9223372036854775808,-9223372036854775808
2021-11-30 09:46:16.480,300557.SZ,28.98,100.0,1,2,7677586,2014,-9223372036854775808,-9223372036854775808
2021-11-30 09:46:20.860,300557.SZ,28.98,100.0,1,2,7699376,2014,-9223372036854775808,-9223372036854775808
2021-11-30 09:46:26.740,300557.SZ,28.99,100.0,1,2,7726459,2014,-9223372036854775808,-9223372036854775808
2021-11-30 09:46:27.440,300557.SZ,28.99,100.0,1,2,7729389,2014,-9223372036854775808,-9223372036854775808
2021-11-30 09:46:30.750,300557.SZ,29.08,4300.0,-1,2,7745829,2014,-9223372036854775808,-9223372036854775808
2021-11-30 09:46:30.880,300557.SZ,28.98,100.0,1,2,7746610,2014,-9223372036854775808,-9223372036854775808
2021-11-30 09:46:34.370,300557.SZ,29.0,1000.0,-1,2,7763940,2014,-9223372036854775808,-9223372036854775808
2021-11-30 09:46:34.470,300557.SZ,28.99,100.0,-1,2,7764394,2014,-9223372036854775808,-9223372036854775808
2021-11-30 09:46:36.710,300557.SZ,29.0,10000.0,-1,2,7773701,2014,-9223372036854775808,-9223372036854775808
2021-11-30 09:46:37.620,300557.SZ,28.99,600.0,1,2,7778910,2014,-9223372036854775808,-9223372036854775808
2021-11-30 09:46:38.000,300557.SZ,29.0,100.0,-1,2,7780356,2014,-9223372036854775808,-9223372036854775808
2021-11-30 09:46:40.220,300557.SZ,28.7,200.0,-1,2,7791301,2014,-9223372036854775808,-9223372036854775808
2021-11-30 09:46:41.400,300557.SZ,29.1,700.0,1,2,7798332,2014,-9223372036854775808,-9223372036854775808
2021-11-30 09:46:45.400,300557.SZ,29.1,10000.0,-1,2,7818297,2014,-9223372036854775808,-9223372036854775808
2021-11-30 09:46:47.840,300557.SZ,29.0,600.0,1,2,7831934,2014,-9223372036854775808,-9223372036854775808
2021-11-30 09:46:49.310,300557.SZ,28.71,400.0,-1,2,7839472,2014,-9223372036854775808,-9223372036854775808
2021-11-30 09:46:50.640,300557.SZ,29.0,7300.0,1,2,7845679,2014,-9223372036854775808,-9223372036854775808
2021-11-30 09:46:50.890,300557.SZ,29.0,100.0,1,2,7846630,2014,-9223372036854775808,-9223372036854775808
2021-11-30 09:46:50.910,300557.SZ,28.96,900.0,1,2,7846694,2014,-9223372036854775808,-9223372036854775808
2021-11-30 09:46:54.530,300557.SZ,33.77,200.0,-1,2,7861735,2014,-9223372036854775808,-9223372036854775808
2021-11-30 09:46:54.530,300557.SZ,29.0,200.0,1,2,7861743,2014,-9223372036854775808,-9223372036854775808
2021-11-30 09:46:54.530,300557.SZ,29.0,200.0,1,2,7861745,2014,-9223372036854775808,-9223372036854775808
2021-11-30 09:46:55.470,300557.SZ,29.0,100.0,1,2,7866289,2014,-9223372036854775808,-9223372036854775808
2021-11-30 09:46:56.770,300557.SZ,28.99,100.0,1,2,7871867,2014,-9223372036854775808,-9223372036854775808
2021-11-30 09:46:57.420,300557.SZ,28.7,200.0,-1,2,7874220,2014,-9223372036854775808,-9223372036854775808
2021-11-30 09:47:00.950,300557.SZ,29.0,100.0,1,2,7889873,2014,-9223372036854775808,-9223372036854775808
2021-11-30 09:47:02.890,300557.SZ,29.0,600.0,-1,2,7899703,2014,-9223372036854775808,-9223372036854775808
2021-11-30 09:47:03.470,300557.SZ,28.99,100.0,1,2,7902494,2014,-9223372036854775808,-9223372036854775808
2021-11-30 09:47:05.350,300557.SZ,28.7,100.0,-1,2,7913976,2014,-9223372036854775808,-9223372036854775808
2021-11-30 09:47:10.930,300557.SZ,29.0,200.0,1,2,7944244,2014,-9223372036854775808,-9223372036854775808
2021-11-30 09:47:13.990,300557.SZ,30.13,1300.0,-1,2,7960038,2014,-9223372036854775808,-9223372036854775808
2021-11-30 09:47:18.010,300557.SZ,29.0,100.0,-1,2,7978544,2014,-9223372036854775808,-9223372036854775808
2021-11-30 09:47:20.910,300557.SZ,29.0,100.0,1,2,7991390,2014,-9223372036854775808,-9223372036854775808
2021-11-30 09:47:25.950,300557.SZ,28.7,100.0,-1,2,8012798,2014,-9223372036854775808,-9223372036854775808
2021-11-30 09:47:26.810,300557.SZ,28.97,100.0,1,2,8015949,2014,-9223372036854775808,-9223372036854775808
2021-11-30 09:47:30.460,300557.SZ,29.0,300.0,-1,2,8030038,2014,-9223372036854775808,-9223372036854775808
2021-11-30 09:47:30.950,300557.SZ,29.0,200.0,1,2,8032065,2014,-9223372036854775808,-9223372036854775808
2021-11-30 09:47:32.280,300557.SZ,29.09,1000.0,-1,2,8037614,2014,-9223372036854775808,-9223372036854775808
2021-11-30 09:47:32.830,300557.SZ,28.69,100.0,-1,2,8039609,2014,-9223372036854775808,-9223372036854775808
2021-11-30 09:47:38.720,300557.SZ,29.5,200.0,-1,2,8065221,2014,-9223372036854775808,-9223372036854775808
2021-11-30 09:47:39.860,300557.SZ,30.5,2000.0,-1,2,8069773,2014,-9223372036854775808,-9223372036854775808
2021-11-30 09:47:40.930,300557.SZ,29.0,100.0,1,2,8074962,2014,-9223372036854775808,-9223372036854775808
2021-11-30 09:47:41.660,300557.SZ,28.97,600.0,1,2,8077724,2014,-9223372036854775808,-9223372036854775808
2021-11-30 09:47:42.140,300557.SZ,28.68,800.0,-1,2,8079227,2014,-9223372036854775808,-9223372036854775808
2021-11-30 09:47:46.940,300557.SZ,29.0,500.0,-1,2,8101641,2014,-9223372036854775808,-9223372036854775808
2021-11-30 09:47:50.960,300557.SZ,29.0,100.0,1,2,8118166,2014,-9223372036854775808,-9223372036854775808
2021-11-30 09:47:56.850,300557.SZ,28.97,100.0,1,2,8142317,2014,-9223372036854775808,-9223372036854775808
2021-11-30 09:47:59.580,300557.SZ,29.38,1200.0,-1,2,8153147,2014,-9223372036854775808,-9223372036854775808
2021-11-30 09:48:01.120,300557.SZ,29.0,100.0,1,2,8161113,2014,-9223372036854775808,-9223372036854775808
2021-11-30 09:48:06.980,300557.SZ,29.38,1200.0,-1,2,8194329,2014,-9223372036854775808,-9223372036854775808
2021-11-30 09:48:10.980,300557.SZ,29.0,100.0,1,2,8216824,2014,-9223372036854775808,-9223372036854775808
2021-11-30 09:48:11.070,300557.SZ,29.0,400.0,1,2,8217521,2014,-9223372036854775808,-9223372036854775808
2021-11-30 09:48:20.680,300557.SZ,29.09,2000.0,-1,2,8261937,2014,-9223372036854775808,-9223372036854775808
2021-11-30 09:48:20.970,300557.SZ,29.0,100.0,1,2,8262989,2014,-9223372036854775808,-9223372036854775808
2021-11-30 09:48:24.230,300557.SZ,29.05,1900.0,1,2,8277243,2014,-9223372036854775808,-9223372036854775808
2021-11-30 09:48:27.250,300557.SZ,29.12,100.0,-1,2,8290363,2014,-9223372036854775808,-9223372036854775808
2021-11-30 09:48:28.850,300557.SZ,29.14,100.0,1,2,8298455,2014,-9223372036854775808,-9223372036854775808
2021-11-30 09:48:29.880,300557.SZ,28.98,100.0,1,2,8302507,2014,-9223372036854775808,-9223372036854775808
2021-11-30 09:48:31.020,300557.SZ,29.09,200.0,1,2,8307900,2014,-9223372036854775808,-9223372036854775808
2021-11-30 09:48:32.500,300557.SZ,30.0,1300.0,-1,2,8314859,2014,-9223372036854775808,-9223372036854775808
2021-11-30 09:48:37.600,300557.SZ,29.07,100.0,-1,2,8336958,2014,-9223372036854775808,-9223372036854775808
2021-11-30 09:48:42.010,300557.SZ,29.08,100.0,-1,2,8356652,2014,-9223372036854775808,-9223372036854775808
2021-11-30 09:48:43.150,300557.SZ,30.98,2000.0,-1,2,8361420,2014,-9223372036854775808,-9223372036854775808
2021-11-30 09:48:45.500,300557.SZ,29.08,100.0,1,2,8370772,2014,-9223372036854775808,-9223372036854775808
2021-11-30 09:48:49.080,300557.SZ,29.07,400.0,1,2,8387222,2014,-9223372036854775808,-9223372036854775808
2021-11-30 09:48:49.090,300557.SZ,29.07,200.0,-1,2,8387234,2014,-9223372036854775808,-9223372036854775808
2021-11-30 09:48:52.510,300557.SZ,29.07,100.0,-1,2,8402256,2014,-9223372036854775808,-9223372036854775808
2021-11-30 09:48:53.760,300557.SZ,29.06,5000.0,-1,2,8407047,2014,-9223372036854775808,-9223372036854775808
2021-11-30 09:48:53.820,300557.SZ,29.08,100.0,1,2,8407268,2014,-9223372036854775808,-9223372036854775808
2021-11-30 09:48:54.010,300557.SZ,28.78,200.0,-1,2,8408084,2014,-9223372036854775808,-9223372036854775808
2021-11-30 09:48:57.490,300557.SZ,29.05,600.0,-1,2,8421283,2014,-9223372036854775808,-9223372036854775808
2021-11-30 09:48:58.820,300557.SZ,28.97,100.0,1,2,8426748,2014,-9223372036854775808,-9223372036854775808
2021-11-30 09:48:58.980,300557.SZ,29.07,2000.0,-1,2,8427259,2014,-9223372036854775808,-9223372036854775808
2021-11-30 09:49:04.110,300557.SZ,29.08,5600.0,1,2,8449729,2014,-9223372036854775808,-9223372036854775808
2021-11-30 09:49:04.390,300557.SZ,28.98,100.0,1,2,8451952,2014,-9223372036854775808,-9223372036854775808
2021-11-30 09:49:08.150,300557.SZ,28.99,500.0,1,2,8470706,2014,-9223372036854775808,-9223372036854775808
2021-11-30 09:49:08.800,300557.SZ,28.99,100.0,1,2,8473609,2014,-9223372036854775808,-9223372036854775808
2021-11-30 09:49:09.670,300557.SZ,29.05,600.0,1,2,8477853,2014,-9223372036854775808,-9223372036854775808
2021-11-30 09:49:11.220,300557.SZ,29.06,500.0,-1,2,8486957,2014,-9223372036854775808,-9223372036854775808
2021-11-30 09:49:12.600,300557.SZ,29.06,200.0,-1,2,8492543,2014,-9223372036854775808,-9223372036854775808
2021-11-30 09:49:14.770,300557.SZ,29.06,100.0,1,2,8502673,2014,-9223372036854775808,-9223372036854775808
2021-11-30 09:49:14.860,300557.SZ,28.76,600.0,-1,2,8502989,2014,-9223372036854775808,-9223372036854775808
2021-11-30 09:49:15.010,300557.SZ,29.07,100.0,-1,2,8503535,2014,-9223372036854775808,-9223372036854775808
2021-11-30 09:49:15.680,300557.SZ,29.05,200.0,-1,2,8506300,2014,-9223372036854775808,-9223372036854775808
2021-11-30 09:49:22.610,300557.SZ,29.0,1300.0,1,2,8537083,2014,-9223372036854775808,-9223372036854775808
2021-11-30 09:49:22.620,300557.SZ,29.01,100.0,1,2,8537132,2014,-9223372036854775808,-9223372036854775808
2021-11-30 09:49:22.960,300557.SZ,29.07,2100.0,1,2,8538351,2014,-9223372036854775808,-9223372036854775808
2021-11-30 09:49:23.300,300557.SZ,29.05,800.0,1,2,8539701,2014,-9223372036854775808,-9223372036854775808
2021-11-30 09:49:23.470,300557.SZ,29.07,100.0,1,2,8540324,2014,-9223372036854775808,-9223372036854775808
2021-11-30 09:49:23.490,300557.SZ,29.07,500.0,1,2,8540373,2014,-9223372036854775808,-9223372036854775808
2021-11-30 09:49:23.520,300557.SZ,30.88,600.0,-1,2,8540471,2014,-9223372036854775808,-9223372036854775808
2021-11-30 09:49:23.920,300557.SZ,29.06,500.0,1,2,8542307,2014,-9223372036854775808,-9223372036854775808
2021-11-30 09:49:29.820,300557.SZ,29.07,100.0,1,2,8565959,2014,-9223372036854775808,-9223372036854775808
2021-11-30 09:49:30.050,300557.SZ,28.77,500.0,-1,2,8566737,2014,-9223372036854775808,-9223372036854775808
2021-11-30 09:49:30.850,300557.SZ,29.1,200.0,1,2,8569762,2014,-9223372036854775808,-9223372036854775808
2021-11-30 09:49:34.080,300557.SZ,29.07,100.0,1,2,8582336,2014,-9223372036854775808,-9223372036854775808
2021-11-30 09:49:34.580,300557.SZ,29.06,2000.0,-1,2,8584718,2014,-9223372036854775808,-9223372036854775808
2021-11-30 09:49:35.050,300557.SZ,29.09,200.0,-1,2,8586539,2014,-9223372036854775808,-9223372036854775808
2021-11-30 09:49:35.910,300557.SZ,29.09,1800.0,1,2,8590018,2014,-9223372036854775808,-9223372036854775808
2021-11-30 09:49:40.300,300557.SZ,29.09,4300.0,-1,2,8608002,2014,-9223372036854775808,-9223372036854775808
2021-11-30 09:49:41.360,300557.SZ,29.5,300.0,-1,2,8612745,2014,-9223372036854775808,-9223372036854775808
2021-11-30 09:49:46.980,300557.SZ,29.09,1000.0,1,2,8634584,2014,-9223372036854775808,-9223372036854775808
2021-11-30 09:49:47.060,300557.SZ,29.02,200.0,1,2,8634863,2014,-9223372036854775808,-9223372036854775808
2021-11-30 09:49:47.680,300557.SZ,29.05,600.0,-1,2,8636560,2014,-9223372036854775808,-9223372036854775808
2021-11-30 09:49:49.910,300557.SZ,29.99,500.0,-1,2,8644855,2014,-9223372036854775808,-9223372036854775808
2021-11-30 09:49:51.700,300557.SZ,33.77,1800.0,-1,2,8650449,2014,-9223372036854775808,-9223372036854775808
2021-11-30 09:49:52.720,300557.SZ,29.09,400.0,-1,2,8654995,2014,-9223372036854775808,-9223372036854775808
2021-11-30 09:49:54.410,300557.SZ,29.02,3000.0,-1,2,8660412,2014,-9223372036854775808,-9223372036854775808
2021-11-30 09:49:54.520,300557.SZ,29.01,500.0,1,2,8660793,2014,-9223372036854775808,-9223372036854775808
2021-11-30 09:49:57.870,300557.SZ,29.02,100.0,1,2,8672264,2014,-9223372036854775808,-9223372036854775808
2021-11-30 09:49:59.850,300557.SZ,29.02,100.0,1,2,8679287,2014,-9223372036854775808,-9223372036854775808
2021-11-30 09:50:01.110,300557.SZ,29.05,100.0,1,2,8685512,2014,-9223372036854775808,-9223372036854775808
2021-11-30 09:50:04.110,300557.SZ,29.02,500.0,1,2,8701034,2014,-9223372036854775808,-9223372036854775808
2021-11-30 09:50:05.760,300557.SZ,29.02,900.0,1,2,8710124,2014,-9223372036854775808,-9223372036854775808
2021-11-30 09:50:05.990,300557.SZ,29.02,100.0,1,2,8711556,2014,-9223372036854775808,-9223372036854775808
2021-11-30 09:50:06.880,300557.SZ,29.0,5000.0,-1,2,8718516,2014,-9223372036854775808,-9223372036854775808
2021-11-30 09:50:06.890,300557.SZ,29.0,100.0,1,2,8718539,2014,-9223372036854775808,-9223372036854775808
2021-11-30 09:50:06.890,300557.SZ,29.0,100.0,1,2,8718561,2014,-9223372036854775808,-9223372036854775808
2021-11-30 09:50:13.300,300557.SZ,29.8,300.0,-1,2,8759738,2014,-9223372036854775808,-9223372036854775808
2021-11-30 09:50:13.900,300557.SZ,29.02,600.0,1,2,8763065,2014,-9223372036854775808,-9223372036854775808
2021-11-30 09:50:16.500,300557.SZ,28.99,100.0,-1,2,8777718,2014,-9223372036854775808,-9223372036854775808
2021-11-30 09:50:17.020,300557.SZ,28.99,100.0,-1,2,8780533,2014,-9223372036854775808,-9223372036854775808
2021-11-30 09:50:17.650,300557.SZ,28.99,100.0,-1,2,8784226,2014,-9223372036854775808,-9223372036854775808
2021-11-30 09:50:17.650,300557.SZ,28.99,100.0,-1,2,8784234,2014,-9223372036854775808,-9223372036854775808
2021-11-30 09:50:17.650,300557.SZ,28.99,100.0,-1,2,8784253,2014,-9223372036854775808,-9223372036854775808
2021-11-30 09:50:17.650,300557.SZ,28.99,100.0,-1,2,8784255,2014,-9223372036854775808,-9223372036854775808
2021-11-30 09:50:17.650,300557.SZ,28.99,100.0,-1,2,8784259,2014,-9223372036854775808,-9223372036854775808
2021-11-30 09:50:19.420,300557.SZ,29.5,500.0,-1,2,8796436,2014,-9223372036854775808,-9223372036854775808
2021-11-30 09:50:20.260,300557.SZ,29.16,500.0,-1,2,8800770,2014,-9223372036854775808,-9223372036854775808
2021-11-30 09:50:20.650,300557.SZ,28.98,100.0,-1,2,8802604,2014,-9223372036854775808,-9223372036854775808
2021-11-30 09:50:20.650,300557.SZ,28.98,200.0,-1,2,8802605,2014,-9223372036854775808,-9223372036854775808
2021-11-30 09:50:20.650,300557.SZ,28.98,100.0,-1,2,8802606,2014,-9223372036854775808,-9223372036854775808
2021-11-30 09:50:20.650,300557.SZ,28.98,100.0,-1,2,8802607,2014,-9223372036854775808,-9223372036854775808
2021-11-30 09:50:20.650,300557.SZ,28.98,100.0,-1,2,8802612,2014,-9223372036854775808,-9223372036854775808
2021-11-30 09:50:20.650,300557.SZ,28.98,100.0,-1,2,8802617,2014,-9223372036854775808,-9223372036854775808
2021-11-30 09:50:20.970,300557.SZ,28.96,100.0,-1,2,8804194,2014,-9223372036854775808,-9223372036854775808
2021-11-30 09:50:20.970,300557.SZ,28.96,100.0,-1,2,8804196,2014,-9223372036854775808,-9223372036854775808
2021-11-30 09:50:20.970,300557.SZ,28.96,100.0,-1,2,8804199,2014,-9223372036854775808,-9223372036854775808
2021-11-30 09:50:20.970,300557.SZ,28.96,100.0,-1,2,8804202,2014,-9223372036854775808,-9223372036854775808
2021-11-30 09:50:20.970,300557.SZ,28.96,100.0,-1,2,8804204,2014,-9223372036854775808,-9223372036854775808
2021-11-30 09:50:21.130,300557.SZ,28.95,100.0,-1,2,8805067,2014,-9223372036854775808,-9223372036854775808
2021-11-30 09:50:23.050,300557.SZ,29.09,900.0,-1,2,8815257,2014,-9223372036854775808,-9223372036854775808
2021-11-30 09:50:23.050,300557.SZ,28.95,200.0,-1,2,8815272,2014,-9223372036854775808,-9223372036854775808
2021-11-30 09:50:23.050,300557.SZ,28.95,400.0,-1,2,8815285,2014,-9223372036854775808,-9223372036854775808
2021-11-30 09:50:23.060,300557.SZ,28.96,100.0,-1,2,8815358,2014,-9223372036854775808,-9223372036854775808
2021-11-30 09:50:23.110,300557.SZ,28.95,200.0,-1,2,8815626,2014,-9223372036854775808,-9223372036854775808
2021-11-30 09:50:23.110,300557.SZ,28.95,300.0,-1,2,8815628,2014,-9223372036854775808,-9223372036854775808
2021-11-30 09:50:23.120,300557.SZ,28.95,100.0,-1,2,8815724,2014,-9223372036854775808,-9223372036854775808
2021-11-30 09:50:23.910,300557.SZ,28.94,100.0,-1,2,8819153,2014,-9223372036854775808,-9223372036854775808
2021-11-30 09:50:23.910,300557.SZ,28.94,100.0,-1,2,8819154,2014,-9223372036854775808,-9223372036854775808
2021-11-30 09:50:23.950,300557.SZ,28.94,100.0,-1,2,8819270,2014,-9223372036854775808,-9223372036854775808
2021-11-30 09:50:24.070,300557.SZ,28.92,100.0,-1,2,8819793,2014,-9223372036854775808,-9223372036854775808
2021-11-30 09:50:24.070,300557.SZ,28.92,1100.0,-1,2,8819817,2014,-9223372036854775808,-9223372036854775808
2021-11-30 09:50:24.190,300557.SZ,28.94,100.0,-1,2,8820540,2014,-9223372036854775808,-9223372036854775808
2021-11-30 09:50:24.200,300557.SZ,28.94,300.0,-1,2,8820604,2014,-9223372036854775808,-9223372036854775808
2021-11-30 09:50:25.970,300557.SZ,29.02,100.0,1,2,8828971,2014,-9223372036854775808,-9223372036854775808
2021-11-30 09:50:25.970,300557.SZ,28.91,1100.0,-1,2,8828997,2014,-9223372036854775808,-9223372036854775808
2021-11-30 09:50:25.970,300557.SZ,28.91,1100.0,-1,2,8829000,2014,-9223372036854775808,-9223372036854775808
2021-11-30 09:50:26.030,300557.SZ,28.9,100.0,-1,2,8829271,2014,-9223372036854775808,-9223372036854775808
2021-11-30 09:50:26.040,300557.SZ,28.9,300.0,-1,2,8829320,2014,-9223372036854775808,-9223372036854775808
2021-11-30 09:50:26.070,300557.SZ,28.9,200.0,-1,2,8829432,2014,-9223372036854775808,-9223372036854775808
2021-11-30 09:50:29.370,300557.SZ,29.19,200.0,-1,2,8846529,2014,-9223372036854775808,-9223372036854775808
2021-11-30 09:50:29.900,300557.SZ,28.92,100.0,1,2,8848400,2014,-9223372036854775808,-9223372036854775808
2021-11-30 09:50:29.900,300557.SZ,28.88,500.0,-1,2,8848460,2014,-9223372036854775808,-9223372036854775808
2021-11-30 09:50:30.310,300557.SZ,28.83,100.0,1,2,8850480,2014,-9223372036854775808,-9223372036854775808
2021-11-30 09:50:34.340,300557.SZ,28.6,500.0,-1,2,8870266,2014,-9223372036854775808,-9223372036854775808
2021-11-30 09:50:34.510,300557.SZ,28.84,100.0,1,2,8871045,2014,-9223372036854775808,-9223372036854775808
2021-11-30 09:50:34.510,300557.SZ,28.9,400.0,1,2,8871053,2014,-9223372036854775808,-9223372036854775808
2021-11-30 09:50:34.590,300557.SZ,28.79,1500.0,1,2,8871577,2014,-9223372036854775808,-9223372036854775808
2021-11-30 09:50:34.630,300557.SZ,28.94,600.0,1,2,8871768,2014,-9223372036854775808,-9223372036854775808
2021-11-30 09:50:34.660,300557.SZ,28.96,100.0,-1,2,8871906,2014,-9223372036854775808,-9223372036854775808
2021-11-30 09:50:34.720,300557.SZ,28.96,100.0,-1,2,8872126,2014,-9223372036854775808,-9223372036854775808
2021-11-30 09:50:35.170,300557.SZ,29.09,500.0,-1,2,8874410,2014,-9223372036854775808,-9223372036854775808
2021-11-30 09:50:35.520,300557.SZ,28.99,500.0,-1,2,8875901,2014,-9223372036854775808,-9223372036854775808
2021-11-30 09:50:37.110,300557.SZ,28.82,100.0,1,2,8883326,2014,-9223372036854775808,-9223372036854775808
2021-11-30 09:50:40.510,300557.SZ,28.96,100.0,-1,2,8899700,2014,-9223372036854775808,-9223372036854775808
2021-11-30 09:50:40.530,300557.SZ,28.96,100.0,-1,2,8899855,2014,-9223372036854775808,-9223372036854775808
2021-11-30 09:50:40.540,300557.SZ,28.94,100.0,-1,2,8899941,2014,-9223372036854775808,-9223372036854775808
2021-11-30 09:50:40.550,300557.SZ,28.94,200.0,-1,2,8899956,2014,-9223372036854775808,-9223372036854775808
2021-11-30 09:50:40.550,300557.SZ,28.94,200.0,-1,2,8899958,2014,-9223372036854775808,-9223372036854775808
2021-11-30 09:50:40.560,300557.SZ,28.93,100.0,-1,2,8899983,2014,-9223372036854775808,-9223372036854775808
2021-11-30 09:50:40.560,300557.SZ,28.94,100.0,-1,2,8900004,2014,-9223372036854775808,-9223372036854775808
2021-11-30 09:50:40.560,300557.SZ,28.94,100.0,-1,2,8900005,2014,-9223372036854775808,-9223372036854775808
2021-11-30 09:50:40.560,300557.SZ,28.94,100.0,-1,2,8900006,2014,-9223372036854775808,-9223372036854775808
2021-11-30 09:50:44.910,300557.SZ,28.8,100.0,1,2,8918303,2014,-9223372036854775808,-9223372036854775808
2021-11-30 09:50:45.640,300557.SZ,28.66,300.0,-1,2,8921398,2014,-9223372036854775808,-9223372036854775808
2021-11-30 09:50:45.650,300557.SZ,28.8,100.0,1,2,8921408,2014,-9223372036854775808,-9223372036854775808
2021-11-30 09:50:45.660,300557.SZ,28.93,100.0,-1,2,8921454,2014,-9223372036854775808,-9223372036854775808
2021-11-30 09:50:45.680,300557.SZ,28.93,100.0,-1,2,8921516,2014,-9223372036854775808,-9223372036854775808
2021-11-30 09:50:45.680,300557.SZ,28.93,100.0,-1,2,8921521,2014,-9223372036854775808,-9223372036854775808
2021-11-30 09:50:45.680,300557.SZ,28.93,100.0,-1,2,8921522,2014,-9223372036854775808,-9223372036854775808
2021-11-30 09:50:45.680,300557.SZ,28.93,100.0,-1,2,8921526,2014,-9223372036854775808,-9223372036854775808
2021-11-30 09:50:46.510,300557.SZ,28.83,100.0,1,2,8925859,2014,-9223372036854775808,-9223372036854775808
2021-11-30 09:50:46.690,300557.SZ,28.94,200.0,-1,2,8926761,2014,-9223372036854775808,-9223372036854775808
2021-11-30 09:50:49.020,300557.SZ,28.82,100.0,1,2,8935669,2014,-9223372036854775808,-9223372036854775808
2021-11-30 09:50:49.670,300557.SZ,28.83,1000.0,1,2,8939019,2014,-9223372036854775808,-9223372036854775808
2021-11-30 09:50:50.850,300557.SZ,28.8,200.0,1,2,8942982,2014,-9223372036854775808,-9223372036854775808
2021-11-30 09:50:52.360,300557.SZ,28.8,500.0,1,2,8950592,2014,-9223372036854775808,-9223372036854775808
2021-11-30 09:50:52.370,300557.SZ,28.83,100.0,1,2,8950624,2014,-9223372036854775808,-9223372036854775808
2021-11-30 09:50:55.470,300557.SZ,28.84,100.0,1,2,8964113,2014,-9223372036854775808,-9223372036854775808
2021-11-30 09:51:00.790,300557.SZ,28.85,100.0,1,2,8985606,2014,-9223372036854775808,-9223372036854775808
2021-11-30 09:51:01.510,300557.SZ,28.85,100.0,1,2,8989566,2014,-9223372036854775808,-9223372036854775808
2021-11-30 09:51:05.070,300557.SZ,28.82,100.0,1,2,9009210,2014,-9223372036854775808,-9223372036854775808
2021-11-30 09:51:06.730,300557.SZ,28.96,100.0,1,2,9017047,2014,-9223372036854775808,-9223372036854775808
2021-11-30 09:51:08.590,300557.SZ,30.68,200.0,-1,2,9028519,2014,-9223372036854775808,-9223372036854775808
2021-11-30 09:51:08.610,300557.SZ,28.86,100.0,1,2,9028623,2014,-9223372036854775808,-9223372036854775808
2021-11-30 09:51:09.280,300557.SZ,28.87,100.0,1,2,9031613,2014,-9223372036854775808,-9223372036854775808
2021-11-30 09:51:09.300,300557.SZ,28.88,100.0,1,2,9031777,2014,-9223372036854775808,-9223372036854775808
2021-11-30 09:51:10.490,300557.SZ,28.94,200.0,-1,2,9038319,2014,-9223372036854775808,-9223372036854775808
2021-11-30 09:51:14.490,300557.SZ,28.86,1800.0,1,2,9060129,2014,-9223372036854775808,-9223372036854775808
2021-11-30 09:51:14.660,300557.SZ,28.93,500.0,1,2,9060697,2014,-9223372036854775808,-9223372036854775808
2021-11-30 09:51:14.790,300557.SZ,28.89,100.0,1,2,9061202,2014,-9223372036854775808,-9223372036854775808
2021-11-30 09:51:17.670,300557.SZ,28.94,100.0,1,2,9076094,2014,-9223372036854775808,-9223372036854775808
2021-11-30 09:51:18.450,300557.SZ,28.93,1000.0,1,2,9078800,2014,-9223372036854775808,-9223372036854775808
2021-11-30 09:51:18.650,300557.SZ,28.95,1200.0,-1,2,9079706,2014,-9223372036854775808,-9223372036854775808
2021-11-30 09:51:18.860,300557.SZ,28.5,700.0,1,2,9080558,2014,-9223372036854775808,-9223372036854775808
2021-11-30 09:51:19.920,300557.SZ,29.07,500.0,-1,2,9086181,2014,-9223372036854775808,-9223372036854775808
2021-11-30 09:51:20.800,300557.SZ,28.94,100.0,1,2,9090287,2014,-9223372036854775808,-9223372036854775808
2021-11-30 09:51:25.420,300557.SZ,28.94,1800.0,1,2,9111361,2014,-9223372036854775808,-9223372036854775808
2021-11-30 09:51:26.290,300557.SZ,28.89,500.0,1,2,9114472,2014,-9223372036854775808,-9223372036854775808
2021-11-30 09:51:26.620,300557.SZ,28.95,100.0,1,2,9115893,2014,-9223372036854775808,-9223372036854775808
2021-11-30 09:51:26.640,300557.SZ,28.95,100.0,1,2,9115943,2014,-9223372036854775808,-9223372036854775808
2021-11-30 09:51:28.490,300557.SZ,28.95,200.0,1,2,9123272,2014,-9223372036854775808,-9223372036854775808
2021-11-30 09:51:28.500,300557.SZ,28.95,100.0,1,2,9123371,2014,-9223372036854775808,-9223372036854775808
2021-11-30 09:51:30.730,300557.SZ,28.66,100.0,-1,2,9131839,2014,-9223372036854775808,-9223372036854775808
2021-11-30 09:51:31.540,300557.SZ,29.1,1500.0,-1,2,9135725,2014,-9223372036854775808,-9223372036854775808
2021-11-30 09:51:31.810,300557.SZ,28.95,100.0,1,2,9136934,2014,-9223372036854775808,-9223372036854775808
2021-11-30 09:51:32.500,300557.SZ,28.95,200.0,1,2,9139309,2014,-9223372036854775808,-9223372036854775808
2021-11-30 09:51:32.570,300557.SZ,28.95,1000.0,1,2,9139485,2014,-9223372036854775808,-9223372036854775808
2021-11-30 09:51:40.450,300557.SZ,28.99,1600.0,-1,2,9172974,2014,-9223372036854775808,-9223372036854775808
2021-11-30 09:51:45.100,300557.SZ,28.67,600.0,-1,2,9191338,2014,-9223372036854775808,-9223372036854775808
2021-11-30 09:51:45.820,300557.SZ,28.98,100.0,-1,2,9194509,2014,-9223372036854775808,-9223372036854775808
2021-11-30 09:51:45.820,300557.SZ,28.98,100.0,-1,2,9194511,2014,-9223372036854775808,-9223372036854775808
2021-11-30 09:51:46.200,300557.SZ,28.97,200.0,-1,2,9196671,2014,-9223372036854775808,-9223372036854775808
2021-11-30 09:51:46.200,300557.SZ,28.97,100.0,-1,2,9196672,2014,-9223372036854775808,-9223372036854775808
2021-11-30 09:51:46.200,300557.SZ,28.97,100.0,-1,2,9196673,2014,-9223372036854775808,-9223372036854775808
2021-11-30 09:51:46.200,300557.SZ,28.97,100.0,-1,2,9196674,2014,-9223372036854775808,-9223372036854775808
2021-11-30 09:51:46.200,300557.SZ,28.97,100.0,-1,2,9196675,2014,-9223372036854775808,-9223372036854775808
2021-11-30 09:51:46.530,300557.SZ,28.96,100.0,-1,2,9198540,2014,-9223372036854775808,-9223372036854775808
2021-11-30 09:51:46.530,300557.SZ,28.96,100.0,-1,2,9198541,2014,-9223372036854775808,-9223372036854775808
2021-11-30 09:51:47.490,300557.SZ,28.93,2000.0,-1,2,9202155,2014,-9223372036854775808,-9223372036854775808
2021-11-30 09:51:49.310,300557.SZ,28.96,500.0,1,2,9210993,2014,-9223372036854775808,-9223372036854775808
2021-11-30 09:51:55.430,300557.SZ,28.8,600.0,1,2,9235278,2014,-9223372036854775808,-9223372036854775808
2021-11-30 09:51:57.200,300557.SZ,33.75,3000.0,-1,2,9242193,2014,-9223372036854775808,-9223372036854775808
2021-11-30 09:52:01.650,300557.SZ,28.92,100.0,-1,2,9260286,2014,-9223372036854775808,-9223372036854775808
2021-11-30 09:52:01.650,300557.SZ,28.92,100.0,-1,2,9260287,2014,-9223372036854775808,-9223372036854775808
2021-11-30 09:52:01.690,300557.SZ,28.92,800.0,-1,2,9260450,2014,-9223372036854775808,-9223372036854775808
2021-11-30 09:52:01.720,300557.SZ,28.92,200.0,-1,2,9260587,2014,-9223372036854775808,-9223372036854775808
2021-11-30 09:52:01.850,300557.SZ,30.0,1000.0,-1,2,9261035,2014,-9223372036854775808,-9223372036854775808
2021-11-30 09:52:02.430,300557.SZ,28.91,100.0,-1,2,9263437,2014,-9223372036854775808,-9223372036854775808
2021-11-30 09:52:02.430,300557.SZ,28.91,100.0,-1,2,9263438,2014,-9223372036854775808,-9223372036854775808
2021-11-30 09:52:02.430,300557.SZ,28.91,100.0,-1,2,9263439,2014,-9223372036854775808,-9223372036854775808
2021-11-30 09:52:02.430,300557.SZ,28.91,200.0,-1,2,9263440,2014,-9223372036854775808,-9223372036854775808
2021-11-30 09:52:02.430,300557.SZ,28.91,100.0,-1,2,9263441,2014,-9223372036854775808,-9223372036854775808
2021-11-30 09:52:02.430,300557.SZ,28.91,100.0,-1,2,9263442,2014,-9223372036854775808,-9223372036854775808
2021-11-30 09:52:02.430,300557.SZ,28.91,100.0,-1,2,9263443,2014,-9223372036854775808,-9223372036854775808
2021-11-30 09:52:02.780,300557.SZ,28.9,100.0,1,2,9264822,2014,-9223372036854775808,-9223372036854775808
2021-11-30 09:52:02.790,300557.SZ,28.61,200.0,-1,2,9264844,2014,-9223372036854775808,-9223372036854775808
2021-11-30 09:52:03.020,300557.SZ,28.93,100.0,1,2,9265654,2014,-9223372036854775808,-9223372036854775808
2021-11-30 09:52:04.590,300557.SZ,28.89,100.0,-1,2,9274152,2014,-9223372036854775808,-9223372036854775808
2021-11-30 09:52:04.590,300557.SZ,28.89,100.0,-1,2,9274154,2014,-9223372036854775808,-9223372036854775808
2021-11-30 09:52:04.620,300557.SZ,28.89,100.0,-1,2,9274295,2014,-9223372036854775808,-9223372036854775808
2021-11-30 09:52:05.970,300557.SZ,28.89,100.0,-1,2,9281075,2014,-9223372036854775808,-9223372036854775808
2021-11-30 09:52:05.980,300557.SZ,28.89,100.0,-1,2,9281110,2014,-9223372036854775808,-9223372036854775808
2021-11-30 09:52:05.980,300557.SZ,28.89,100.0,-1,2,9281111,2014,-9223372036854775808,-9223372036854775808
2021-11-30 09:52:05.980,300557.SZ,28.89,100.0,-1,2,9281112,2014,-9223372036854775808,-9223372036854775808
2021-11-30 09:52:05.980,300557.SZ,28.89,100.0,-1,2,9281113,2014,-9223372036854775808,-9223372036854775808
2021-11-30 09:52:06.730,300557.SZ,28.88,100.0,-1,2,9284835,2014,-9223372036854775808,-9223372036854775808
2021-11-30 09:52:07.720,300557.SZ,28.87,300.0,-1,2,9291450,2014,-9223372036854775808,-9223372036854775808
2021-11-30 09:52:10.430,300557.SZ,28.84,200.0,1,2,9304761,2014,-9223372036854775808,-9223372036854775808
2021-11-30 09:52:10.770,300557.SZ,28.89,2000.0,1,2,9306384,2014,-9223372036854775808,-9223372036854775808
2021-11-30 09:52:10.920,300557.SZ,28.81,300.0,1,2,9306894,2014,-9223372036854775808,-9223372036854775808
2021-11-30 09:52:20.460,300557.SZ,28.61,1200.0,-1,2,9349968,2014,-9223372036854775808,-9223372036854775808
2021-11-30 09:52:21.620,300557.SZ,28.87,300.0,-1,2,9354895,2014,-9223372036854775808,-9223372036854775808
2021-11-30 09:52:21.640,300557.SZ,28.87,100.0,1,2,9354952,2014,-9223372036854775808,-9223372036854775808
2021-11-30 09:52:21.740,300557.SZ,28.93,500.0,-1,2,9355280,2014,-9223372036854775808,-9223372036854775808
2021-11-30 09:52:25.460,300557.SZ,28.87,100.0,1,2,9371137,2014,-9223372036854775808,-9223372036854775808
2021-11-30 09:52:27.650,300557.SZ,29.1,100.0,-1,2,9380037,2014,-9223372036854775808,-9223372036854775808
2021-11-30 09:52:27.680,300557.SZ,28.87,100.0,1,2,9380106,2014,-9223372036854775808,-9223372036854775808
2021-11-30 09:52:28.840,300557.SZ,28.87,200.0,1,2,9385519,2014,-9223372036854775808,-9223372036854775808
2021-11-30 09:52:31.500,300557.SZ,28.85,100.0,1,2,9396498,2014,-9223372036854775808,-9223372036854775808
2021-11-30 09:52:32.900,300557.SZ,28.85,100.0,1,2,9401349,2014,-9223372036854775808,-9223372036854775808
2021-11-30 09:52:35.770,300557.SZ,28.88,100.0,1,2,9413759,2014,-9223372036854775808,-9223372036854775808
2021-11-30 09:52:38.100,300557.SZ,28.87,700.0,-1,2,9422813,2014,-9223372036854775808,-9223372036854775808
2021-11-30 09:52:43.460,300557.SZ,28.87,100.0,1,2,9442764,2014,-9223372036854775808,-9223372036854775808
2021-11-30 09:52:43.880,300557.SZ,28.85,600.0,1,2,9444171,2014,-9223372036854775808,-9223372036854775808
2021-11-30 09:52:44.400,300557.SZ,28.87,100.0,1,2,9446145,2014,-9223372036854775808,-9223372036854775808
2021-11-30 09:52:48.170,300557.SZ,28.83,600.0,1,2,9459865,2014,-9223372036854775808,-9223372036854775808
2021-11-30 09:52:48.170,300557.SZ,28.87,100.0,1,2,9459885,2014,-9223372036854775808,-9223372036854775808
2021-11-30 09:52:48.380,300557.SZ,28.87,200.0,1,2,9460563,2014,-9223372036854775808,-9223372036854775808
2021-11-30 09:52:48.380,300557.SZ,28.87,200.0,1,2,9460565,2014,-9223372036854775808,-9223372036854775808
2021-11-30 09:52:48.380,300557.SZ,28.87,200.0,1,2,9460566,2014,-9223372036854775808,-9223372036854775808
2021-11-30 09:52:50.850,300557.SZ,29.07,5000.0,-1,2,9469438,2014,-9223372036854775808,-9223372036854775808
2021-11-30 09:52:52.280,300557.SZ,28.85,500.0,-1,2,9474527,2014,-9223372036854775808,-9223372036854775808
2021-11-30 09:52:55.490,300557.SZ,28.86,100.0,1,2,9486449,2014,-9223372036854775808,-9223372036854775808
2021-11-30 09:53:03.790,300557.SZ,28.87,100.0,1,2,9522519,2014,-9223372036854775808,-9223372036854775808
2021-11-30 09:53:08.000,300557.SZ,33.77,1300.0,-1,2,9543517,2014,-9223372036854775808,-9223372036854775808
2021-11-30 09:53:11.130,300557.SZ,28.83,1000.0,1,2,9557290,2014,-9223372036854775808,-9223372036854775808
2021-11-30 09:53:12.930,300557.SZ,28.87,2000.0,-1,2,9564277,2014,-9223372036854775808,-9223372036854775808
2021-11-30 09:53:14.340,300557.SZ,28.87,1000.0,-1,2,9571214,2014,-9223372036854775808,-9223372036854775808
2021-11-30 09:53:27.000,300557.SZ,28.87,2000.0,1,2,9624423,2014,-9223372036854775808,-9223372036854775808
2021-11-30 09:53:27.020,300557.SZ,28.87,100.0,1,2,9624480,2014,-9223372036854775808,-9223372036854775808
2021-11-30 09:53:30.300,300557.SZ,28.86,100.0,1,2,9637206,2014,-9223372036854775808,-9223372036854775808
2021-11-30 09:53:31.460,300557.SZ,28.87,200.0,1,2,9641836,2014,-9223372036854775808,-9223372036854775808
2021-11-30 09:53:31.460,300557.SZ,28.87,100.0,1,2,9641866,2014,-9223372036854775808,-9223372036854775808
2021-11-30 09:53:32.290,300557.SZ,28.85,5000.0,-1,2,9644865,2014,-9223372036854775808,-9223372036854775808
2021-11-30 09:53:33.860,300557.SZ,28.86,100.0,1,2,9650300,2014,-9223372036854775808,-9223372036854775808
2021-11-30 09:53:41.820,300557.SZ,28.87,500.0,1,2,9680316,2014,-9223372036854775808,-9223372036854775808
2021-11-30 09:53:41.830,300557.SZ,28.85,100.0,1,2,9680373,2014,-9223372036854775808,-9223372036854775808
2021-11-30 09:53:46.470,300557.SZ,28.84,100.0,-1,2,9697129,2014,-9223372036854775808,-9223372036854775808
2021-11-30 09:53:48.870,300557.SZ,28.85,4300.0,1,2,9705886,2014,-9223372036854775808,-9223372036854775808
2021-11-30 09:53:51.360,300557.SZ,29.5,2000.0,-1,2,9714861,2014,-9223372036854775808,-9223372036854775808
2021-11-30 09:53:52.470,300557.SZ,28.86,100.0,1,2,9719444,2014,-9223372036854775808,-9223372036854775808
2021-11-30 09:53:53.610,300557.SZ,28.86,600.0,1,2,9723711,2014,-9223372036854775808,-9223372036854775808
2021-11-30 09:53:53.850,300557.SZ,24.88,1500.0,1,2,9724439,2014,-9223372036854775808,-9223372036854775808
2021-11-30 09:53:54.920,300557.SZ,28.85,1000.0,1,2,9728372,2014,-9223372036854775808,-9223372036854775808
2021-11-30 09:53:54.930,300557.SZ,28.87,100.0,1,2,9728386,2014,-9223372036854775808,-9223372036854775808
2021-11-30 09:53:57.370,300557.SZ,28.96,600.0,-1,2,9736994,2014,-9223372036854775808,-9223372036854775808
2021-11-30 09:53:58.450,300557.SZ,28.86,100.0,1,2,9741128,2014,-9223372036854775808,-9223372036854775808
2021-11-30 09:53:58.940,300557.SZ,28.33,700.0,1,2,9742943,2014,-9223372036854775808,-9223372036854775808
2021-11-30 09:53:59.430,300557.SZ,29.02,1000.0,1,2,9744520,2014,-9223372036854775808,-9223372036854775808
2021-11-30 09:54:00.100,300557.SZ,28.88,100.0,1,2,9747077,2014,-9223372036854775808,-9223372036854775808
2021-11-30 09:54:01.460,300557.SZ,28.87,200.0,1,2,9754141,2014,-9223372036854775808,-9223372036854775808
2021-11-30 09:54:04.470,300557.SZ,28.87,200.0,1,2,9767060,2014,-9223372036854775808,-9223372036854775808
2021-11-30 09:54:04.870,300557.SZ,28.89,100.0,1,2,9768970,2014,-9223372036854775808,-9223372036854775808
2021-11-30 09:54:15.300,300557.SZ,29.08,1000.0,-1,2,9816096,2014,-9223372036854775808,-9223372036854775808
2021-11-30 09:54:22.130,300557.SZ,33.74,100.0,-1,2,9842876,2014,-9223372036854775808,-9223372036854775808
2021-11-30 09:54:29.100,300557.SZ,28.84,300.0,-1,2,9873122,2014,-9223372036854775808,-9223372036854775808
2021-11-30 09:54:29.600,300557.SZ,28.85,3400.0,-1,2,9875188,2014,-9223372036854775808,-9223372036854775808
2021-11-30 09:54:35.840,300557.SZ,28.85,100.0,1,2,9897646,2014,-9223372036854775808,-9223372036854775808
2021-11-30 09:54:38.270,300557.SZ,28.8,200.0,1,2,9906697,2014,-9223372036854775808,-9223372036854775808
2021-11-30 09:54:38.550,300557.SZ,29.0,500.0,-1,2,9907523,2014,-9223372036854775808,-9223372036854775808
2021-11-30 09:54:38.600,300557.SZ,28.85,100.0,1,2,9907645,2014,-9223372036854775808,-9223372036854775808
2021-11-30 09:54:38.990,300557.SZ,28.89,100.0,-1,2,9908891,2014,-9223372036854775808,-9223372036854775808
2021-11-30 09:54:39.060,300557.SZ,33.0,200.0,-1,2,9909680,2014,-9223372036854775808,-9223372036854775808
2021-11-30 09:54:40.620,300557.SZ,28.84,700.0,1,2,9915409,2014,-9223372036854775808,-9223372036854775808
2021-11-30 09:54:41.340,300557.SZ,28.85,100.0,1,2,9917909,2014,-9223372036854775808,-9223372036854775808
2021-11-30 09:54:42.100,300557.SZ,28.84,200.0,1,2,9920221,2014,-9223372036854775808,-9223372036854775808
2021-11-30 09:54:51.700,300557.SZ,28.84,2100.0,1,2,9951748,2014,-9223372036854775808,-9223372036854775808
2021-11-30 09:54:53.740,300557.SZ,28.6,200.0,1,2,9958240,2014,-9223372036854775808,-9223372036854775808
2021-11-30 09:54:55.450,300557.SZ,28.85,200.0,1,2,9964332,2014,-9223372036854775808,-9223372036854775808
2021-11-30 09:54:55.480,300557.SZ,28.85,100.0,1,2,9964436,2014,-9223372036854775808,-9223372036854775808
2021-11-30 09:54:56.140,300557.SZ,28.85,100.0,1,2,9966389,2014,-9223372036854775808,-9223372036854775808
2021-11-30 09:54:57.180,300557.SZ,28.85,100.0,1,2,9969307,2014,-9223372036854775808,-9223372036854775808
2021-11-30 09:54:57.280,300557.SZ,28.85,100.0,1,2,9969616,2014,-9223372036854775808,-9223372036854775808
2021-11-30 09:54:58.130,300557.SZ,28.85,100.0,1,2,9972376,2014,-9223372036854775808,-9223372036854775808
2021-11-30 09:54:58.780,300557.SZ,28.85,700.0,1,2,9974860,2014,-9223372036854775808,-9223372036854775808
2021-11-30 09:55:01.190,300557.SZ,28.84,100.0,-1,2,9983861,2014,-9223372036854775808,-9223372036854775808
2021-11-30 09:55:02.700,300557.SZ,28.85,200.0,-1,2,9989659,2014,-9223372036854775808,-9223372036854775808
2021-11-30 09:55:05.940,300557.SZ,28.86,100.0,1,2,10005588,2014,-9223372036854775808,-9223372036854775808
2021-11-30 09:55:06.110,300557.SZ,28.85,200.0,1,2,10007103,2014,-9223372036854775808,-9223372036854775808
2021-11-30 09:55:07.990,300557.SZ,28.85,200.0,-1,2,10016696,2014,-9223372036854775808,-9223372036854775808
2021-11-30 09:55:11.160,300557.SZ,32.0,600.0,-1,2,10032404,2014,-9223372036854775808,-9223372036854775808
2021-11-30 09:55:12.110,300557.SZ,28.86,200.0,1,2,10036827,2014,-9223372036854775808,-9223372036854775808
2021-11-30 09:55:14.710,300557.SZ,28.85,600.0,1,2,10048008,2014,-9223372036854775808,-9223372036854775808
2021-11-30 09:55:15.680,300557.SZ,28.83,500.0,-1,2,10051252,2014,-9223372036854775808,-9223372036854775808
2021-11-30 09:55:24.140,300557.SZ,29.01,1200.0,-1,2,10082386,2014,-9223372036854775808,-9223372036854775808
2021-11-30 09:55:27.380,300557.SZ,28.93,500.0,-1,2,10093100,2014,-9223372036854775808,-9223372036854775808
2021-11-30 09:55:27.660,300557.SZ,28.83,4000.0,-1,2,10093849,2014,-9223372036854775808,-9223372036854775808
2021-11-30 09:55:28.080,300557.SZ,28.92,100.0,-1,2,10095312,2014,-9223372036854775808,-9223372036854775808
2021-11-30 09:55:28.080,300557.SZ,28.92,100.0,-1,2,10095313,2014,-9223372036854775808,-9223372036854775808
2021-11-30 09:55:28.080,300557.SZ,28.92,200.0,-1,2,10095314,2014,-9223372036854775808,-9223372036854775808
2021-11-30 09:55:28.230,300557.SZ,28.93,300.0,-1,2,10095996,2014,-9223372036854775808,-9223372036854775808
2021-11-30 09:55:28.400,300557.SZ,28.91,100.0,-1,2,10096645,2014,-9223372036854775808,-9223372036854775808
2021-11-30 09:55:28.400,300557.SZ,28.91,100.0,-1,2,10096646,2014,-9223372036854775808,-9223372036854775808
2021-11-30 09:55:28.400,300557.SZ,28.91,100.0,-1,2,10096647,2014,-9223372036854775808,-9223372036854775808
2021-11-30 09:55:28.470,300557.SZ,28.9,100.0,-1,2,10096947,2014,-9223372036854775808,-9223372036854775808
2021-11-30 09:55:28.470,300557.SZ,28.9,100.0,-1,2,10096948,2014,-9223372036854775808,-9223372036854775808
2021-11-30 09:55:31.720,300557.SZ,28.9,400.0,-1,2,10107849,2014,-9223372036854775808,-9223372036854775808
2021-11-30 09:55:36.850,300557.SZ,28.84,100.0,1,2,10123617,2014,-9223372036854775808,-9223372036854775808
2021-11-30 09:55:47.020,300557.SZ,29.0,400.0,-1,2,10159820,2014,-9223372036854775808,-9223372036854775808
2021-11-30 09:55:57.840,300557.SZ,28.84,100.0,-1,2,10191942,2014,-9223372036854775808,-9223372036854775808
2021-11-30 09:56:01.850,300557.SZ,28.84,500.0,-1,2,10206300,2014,-9223372036854775808,-9223372036854775808
2021-11-30 09:56:03.330,300557.SZ,28.83,100.0,-1,2,10211870,2014,-9223372036854775808,-9223372036854775808
2021-11-30 09:56:03.330,300557.SZ,28.83,200.0,-1,2,10211872,2014,-9223372036854775808,-9223372036854775808
2021-11-30 09:56:03.330,300557.SZ,28.83,100.0,-1,2,10211874,2014,-9223372036854775808,-9223372036854775808
2021-11-30 09:56:03.330,300557.SZ,28.83,100.0,-1,2,10211876,2014,-9223372036854775808,-9223372036854775808
2021-11-30 09:56:03.330,300557.SZ,28.83,100.0,-1,2,10211877,2014,-9223372036854775808,-9223372036854775808
2021-11-30 09:56:03.330,300557.SZ,28.83,100.0,-1,2,10211878,2014,-9223372036854775808,-9223372036854775808
2021-11-30 09:56:03.340,300557.SZ,28.84,100.0,1,2,10211888,2014,-9223372036854775808,-9223372036854775808
2021-11-30 09:56:06.880,300557.SZ,28.84,100.0,1,2,10228175,2014,-9223372036854775808,-9223372036854775808
2021-11-30 09:56:06.910,300557.SZ,28.84,500.0,-1,2,10228317,2014,-9223372036854775808,-9223372036854775808
2021-11-30 09:56:09.300,300557.SZ,28.83,400.0,-1,2,10239252,2014,-9223372036854775808,-9223372036854775808
2021-11-30 09:56:12.870,300557.SZ,28.9,300.0,1,2,10253660,2014,-9223372036854775808,-9223372036854775808
2021-11-30 09:56:28.400,300557.SZ,28.99,13000.0,-1,2,10310389,2014,-9223372036854775808,-9223372036854775808
2021-11-30 09:56:29.430,300557.SZ,28.83,500.0,-1,2,10314048,2014,-9223372036854775808,-9223372036854775808
2021-11-30 09:56:32.000,300557.SZ,28.83,200.0,-1,2,10322766,2014,-9223372036854775808,-9223372036854775808
2021-11-30 09:56:32.560,300557.SZ,28.85,2400.0,-1,2,10324455,2014,-9223372036854775808,-9223372036854775808
2021-11-30 09:56:33.120,300557.SZ,28.82,100.0,-1,2,10325806,2014,-9223372036854775808,-9223372036854775808
2021-11-30 09:56:33.120,300557.SZ,28.82,100.0,-1,2,10325807,2014,-9223372036854775808,-9223372036854775808
2021-11-30 09:56:33.150,300557.SZ,28.82,200.0,-1,2,10325904,2014,-9223372036854775808,-9223372036854775808
2021-11-30 09:56:33.160,300557.SZ,28.82,600.0,-1,2,10325930,2014,-9223372036854775808,-9223372036854775808
2021-11-30 09:56:35.650,300557.SZ,28.8,200.0,-1,2,10334157,2014,-9223372036854775808,-9223372036854775808
2021-11-30 09:56:36.590,300557.SZ,28.83,600.0,1,2,10336632,2014,-9223372036854775808,-9223372036854775808
2021-11-30 09:56:36.590,300557.SZ,28.8,800.0,-1,2,10336645,2014,-9223372036854775808,-9223372036854775808
2021-11-30 09:56:37.800,300557.SZ,28.78,200.0,-1,2,10341492,2014,-9223372036854775808,-9223372036854775808
2021-11-30 09:56:37.800,300557.SZ,28.79,1100.0,-1,2,10341502,2014,-9223372036854775808,-9223372036854775808
2021-11-30 09:56:37.870,300557.SZ,28.81,100.0,1,2,10341658,2014,-9223372036854775808,-9223372036854775808
2021-11-30 09:56:38.010,300557.SZ,28.78,200.0,-1,2,10341955,2014,-9223372036854775808,-9223372036854775808
2021-11-30 09:56:38.010,300557.SZ,28.78,200.0,-1,2,10341968,2014,-9223372036854775808,-9223372036854775808
2021-11-30 09:56:38.010,300557.SZ,28.78,300.0,-1,2,10341970,2014,-9223372036854775808,-9223372036854775808
2021-11-30 09:56:40.490,300557.SZ,28.8,100.0,-1,2,10350495,2014,-9223372036854775808,-9223372036854775808
2021-11-30 09:56:42.060,300557.SZ,28.71,200.0,1,2,10355010,2014,-9223372036854775808,-9223372036854775808
2021-11-30 09:56:42.060,300557.SZ,28.71,200.0,1,2,10355013,2014,-9223372036854775808,-9223372036854775808
2021-11-30 09:56:42.140,300557.SZ,28.71,200.0,1,2,10355467,2014,-9223372036854775808,-9223372036854775808
2021-11-30 09:56:42.160,300557.SZ,28.71,200.0,1,2,10355509,2014,-9223372036854775808,-9223372036854775808
2021-11-30 09:56:43.530,300557.SZ,28.71,200.0,1,2,10360749,2014,-9223372036854775808,-9223372036854775808
2021-11-30 09:56:45.070,300557.SZ,28.72,500.0,1,2,10365926,2014,-9223372036854775808,-9223372036854775808
2021-11-30 09:56:45.520,300557.SZ,28.79,800.0,-1,2,10367267,2014,-9223372036854775808,-9223372036854775808
2021-11-30 09:56:45.550,300557.SZ,28.72,200.0,1,2,10367324,2014,-9223372036854775808,-9223372036854775808
2021-11-30 09:56:45.550,300557.SZ,28.72,200.0,1,2,10367325,2014,-9223372036854775808,-9223372036854775808
2021-11-30 09:56:45.560,300557.SZ,28.72,200.0,1,2,10367350,2014,-9223372036854775808,-9223372036854775808
2021-11-30 09:56:48.170,300557.SZ,28.72,200.0,1,2,10377264,2014,-9223372036854775808,-9223372036854775808
2021-11-30 09:56:48.750,300557.SZ,28.2,500.0,1,2,10378893,2014,-9223372036854775808,-9223372036854775808
2021-11-30 09:56:51.140,300557.SZ,28.72,200.0,1,2,10387328,2014,-9223372036854775808,-9223372036854775808
2021-11-30 09:56:58.100,300557.SZ,28.01,600.0,1,2,10411031,2014,-9223372036854775808,-9223372036854775808
2021-11-30 09:56:58.420,300557.SZ,28.73,500.0,1,2,10412173,2014,-9223372036854775808,-9223372036854775808
2021-11-30 09:56:58.480,300557.SZ,28.73,200.0,1,2,10412412,2014,-9223372036854775808,-9223372036854775808
2021-11-30 09:56:58.480,300557.SZ,28.73,200.0,1,2,10412435,2014,-9223372036854775808,-9223372036854775808
2021-11-30 09:56:58.520,300557.SZ,28.73,200.0,1,2,10412572,2014,-9223372036854775808,-9223372036854775808
2021-11-30 09:57:00.060,300557.SZ,28.73,200.0,1,2,10417353,2014,-9223372036854775808,-9223372036854775808
2021-11-30 09:57:01.880,300557.SZ,28.72,1800.0,1,2,10424842,2014,-9223372036854775808,-9223372036854775808
2021-11-30 09:57:03.090,300557.SZ,28.73,200.0,1,2,10429462,2014,-9223372036854775808,-9223372036854775808
2021-11-30 09:57:05.430,300557.SZ,28.72,100.0,-1,2,10440339,2014,-9223372036854775808,-9223372036854775808
2021-11-30 09:57:08.780,300557.SZ,28.79,1200.0,1,2,10456244,2014,-9223372036854775808,-9223372036854775808
2021-11-30 09:57:08.870,300557.SZ,28.74,100.0,1,2,10456467,2014,-9223372036854775808,-9223372036854775808
2021-11-30 09:57:14.860,300557.SZ,28.8,100.0,1,2,10484619,2014,-9223372036854775808,-9223372036854775808
2021-11-30 09:57:16.290,300557.SZ,28.71,1900.0,-1,2,10490732,2014,-9223372036854775808,-9223372036854775808
2021-11-30 09:57:19.810,300557.SZ,28.79,9100.0,1,2,10505043,2014,-9223372036854775808,-9223372036854775808
2021-11-30 09:57:20.220,300557.SZ,28.88,1000.0,-1,2,10506611,2014,-9223372036854775808,-9223372036854775808
2021-11-30 09:57:23.070,300557.SZ,28.73,500.0,-1,2,10516183,2014,-9223372036854775808,-9223372036854775808
2021-11-30 09:57:24.780,300557.SZ,28.73,300.0,1,2,10522428,2014,-9223372036854775808,-9223372036854775808
2021-11-30 09:57:38.870,300557.SZ,28.8,100.0,1,2,10570665,2014,-9223372036854775808,-9223372036854775808
2021-11-30 09:57:45.140,300557.SZ,28.78,100.0,1,2,10591783,2014,-9223372036854775808,-9223372036854775808
2021-11-30 09:57:49.190,300557.SZ,28.82,400.0,-1,2,10603894,2014,-9223372036854775808,-9223372036854775808
2021-11-30 09:57:52.240,300557.SZ,29.0,300.0,-1,2,10612694,2014,-9223372036854775808,-9223372036854775808
2021-11-30 09:58:04.590,300557.SZ,28.81,100.0,-1,2,10655298,2014,-9223372036854775808,-9223372036854775808
2021-11-30 09:58:04.810,300557.SZ,29.09,300.0,-1,2,10655888,2014,-9223372036854775808,-9223372036854775808
2021-11-30 09:58:09.980,300557.SZ,28.8,500.0,-1,2,10677180,2014,-9223372036854775808,-9223372036854775808
2021-11-30 09:58:10.820,300557.SZ,28.87,100.0,1,2,10680904,2014,-9223372036854775808,-9223372036854775808
2021-11-30 09:58:11.870,300557.SZ,28.81,100.0,1,2,10684620,2014,-9223372036854775808,-9223372036854775808
2021-11-30 09:58:19.290,300557.SZ,28.8,300.0,1,2,10710213,2014,-9223372036854775808,-9223372036854775808
2021-11-30 09:58:24.760,300557.SZ,28.8,600.0,1,2,10726395,2014,-9223372036854775808,-9223372036854775808
2021-11-30 09:58:25.220,300557.SZ,30.99,100.0,-1,2,10728222,2014,-9223372036854775808,-9223372036854775808
2021-11-30 09:58:29.810,300557.SZ,28.79,200.0,-1,2,10742531,2014,-9223372036854775808,-9223372036854775808
2021-11-30 09:58:30.020,300557.SZ,28.4,1000.0,1,2,10743473,2014,-9223372036854775808,-9223372036854775808
2021-11-30 09:58:30.080,300557.SZ,28.79,300.0,-1,2,10743662,2014,-9223372036854775808,-9223372036854775808
2021-11-30 09:58:33.870,300557.SZ,28.79,200.0,-1,2,10755506,2014,-9223372036854775808,-9223372036854775808
2021-11-30 09:58:37.310,300557.SZ,28.8,500.0,1,2,10766375,2014,-9223372036854775808,-9223372036854775808
2021-11-30 09:58:38.940,300557.SZ,28.79,400.0,1,2,10770801,2014,-9223372036854775808,-9223372036854775808
2021-11-30 09:58:39.850,300557.SZ,28.8,100.0,1,2,10773840,2014,-9223372036854775808,-9223372036854775808
2021-11-30 09:59:00.440,300557.SZ,28.81,400.0,-1,2,10834333,2014,-9223372036854775808,-9223372036854775808
2021-11-30 09:59:01.070,300557.SZ,28.8,800.0,-1,2,10837073,2014,-9223372036854775808,-9223372036854775808
2021-11-30 09:59:01.460,300557.SZ,29.05,100.0,-1,2,10838793,2014,-9223372036854775808,-9223372036854775808
2021-11-30 09:59:07.570,300557.SZ,28.8,300.0,-1,2,10862615,2014,-9223372036854775808,-9223372036854775808
2021-11-30 09:59:10.770,300557.SZ,28.8,100.0,1,2,10873977,2014,-9223372036854775808,-9223372036854775808
2021-11-30 09:59:13.820,300557.SZ,28.78,300.0,-1,2,10884430,2014,-9223372036854775808,-9223372036854775808
2021-11-30 09:59:14.460,300557.SZ,28.8,600.0,1,2,10886285,2014,-9223372036854775808,-9223372036854775808
2021-11-30 09:59:15.990,300557.SZ,28.79,2500.0,-1,2,10891826,2014,-9223372036854775808,-9223372036854775808
2021-11-30 09:59:16.080,300557.SZ,28.8,100.0,1,2,10892289,2014,-9223372036854775808,-9223372036854775808
2021-11-30 09:59:18.300,300557.SZ,28.81,200.0,1,2,10899558,2014,-9223372036854775808,-9223372036854775808
2021-11-30 09:59:19.830,300557.SZ,28.79,300.0,-1,2,10905180,2014,-9223372036854775808,-9223372036854775808
2021-11-30 09:59:22.000,300557.SZ,28.79,600.0,1,2,10911840,2014,-9223372036854775808,-9223372036854775808
2021-11-30 09:59:31.180,300557.SZ,28.79,400.0,-1,2,10944545,2014,-9223372036854775808,-9223372036854775808
2021-11-30 09:59:32.260,300557.SZ,28.8,2200.0,1,2,10947817,2014,-9223372036854775808,-9223372036854775808
2021-11-30 09:59:32.270,300557.SZ,28.8,100.0,1,2,10947829,2014,-9223372036854775808,-9223372036854775808
2021-11-30 09:59:32.640,300557.SZ,28.79,400.0,-1,2,10948769,2014,-9223372036854775808,-9223372036854775808
2021-11-30 09:59:32.920,300557.SZ,28.7,600.0,1,2,10949446,2014,-9223372036854775808,-9223372036854775808
2021-11-30 09:59:33.000,300557.SZ,28.8,300.0,-1,2,10949640,2014,-9223372036854775808,-9223372036854775808
2021-11-30 09:59:33.170,300557.SZ,28.81,5600.0,1,2,10950220,2014,-9223372036854775808,-9223372036854775808
2021-11-30 09:59:33.180,300557.SZ,28.81,100.0,1,2,10950239,2014,-9223372036854775808,-9223372036854775808
2021-11-30 09:59:34.320,300557.SZ,29.15,500.0,-1,2,10953547,2014,-9223372036854775808,-9223372036854775808
2021-11-30 09:59:40.810,300557.SZ,28.82,100.0,1,2,10973684,2014,-9223372036854775808,-9223372036854775808
2021-11-30 09:59:48.050,300557.SZ,28.82,100.0,1,2,10996036,2014,-9223372036854775808,-9223372036854775808
2021-11-30 09:59:48.050,300557.SZ,28.82,100.0,1,2,10996038,2014,-9223372036854775808,-9223372036854775808
2021-11-30 09:59:52.430,300557.SZ,28.82,100.0,1,2,11010613,2014,-9223372036854775808,-9223372036854775808
2021-11-30 09:59:59.840,300557.SZ,28.82,500.0,1,2,11032495,2014,-9223372036854775808,-9223372036854775808
2021-11-30 10:00:12.770,300557.SZ,28.89,100.0,1,2,11144398,2014,-9223372036854775808,-9223372036854775808
2021-11-30 10:00:18.840,300557.SZ,28.81,7000.0,-1,2,11178490,2014,-9223372036854775808,-9223372036854775808
2021-11-30 10:00:18.850,300557.SZ,28.81,100.0,1,2,11178514,2014,-9223372036854775808,-9223372036854775808
2021-11-30 10:00:23.530,300557.SZ,29.09,5000.0,-1,2,11203630,2014,-9223372036854775808,-9223372036854775808
2021-11-30 10:00:24.380,300557.SZ,29.25,200.0,-1,2,11206648,2014,-9223372036854775808,-9223372036854775808
2021-11-30 10:00:28.440,300557.SZ,28.8,100.0,-1,2,11223181,2014,-9223372036854775808,-9223372036854775808
2021-11-30 10:00:31.340,300557.SZ,28.81,600.0,1,2,11235021,2014,-9223372036854775808,-9223372036854775808
2021-11-30 10:00:33.070,300557.SZ,31.99,100.0,-1,2,11241501,2014,-9223372036854775808,-9223372036854775808
2021-11-30 10:00:39.810,300557.SZ,29.39,200.0,-1,2,11268829,2014,-9223372036854775808,-9223372036854775808
2021-11-30 10:01:03.740,300557.SZ,29.98,800.0,-1,2,11355843,2014,-9223372036854775808,-9223372036854775808
2021-11-30 10:01:12.030,300557.SZ,28.81,100.0,-1,2,11395693,2014,-9223372036854775808,-9223372036854775808
2021-11-30 10:01:13.160,300557.SZ,28.82,100.0,-1,2,11400536,2014,-9223372036854775808,-9223372036854775808
2021-11-30 10:01:25.740,300557.SZ,28.81,100.0,1,2,11449884,2014,-9223372036854775808,-9223372036854775808
2021-11-30 10:01:33.490,300557.SZ,32.96,900.0,-1,2,11476525,2014,-9223372036854775808,-9223372036854775808
2021-11-30 10:01:36.530,300557.SZ,29.2,500.0,-1,2,11487682,2014,-9223372036854775808,-9223372036854775808
2021-11-30 10:01:39.640,300557.SZ,28.83,300.0,1,2,11498905,2014,-9223372036854775808,-9223372036854775808
2021-11-30 10:02:01.210,300557.SZ,28.85,1200.0,1,2,11574038,2014,-9223372036854775808,-9223372036854775808
2021-11-30 10:02:09.700,300557.SZ,33.77,500.0,-1,2,11608719,2014,-9223372036854775808,-9223372036854775808
2021-11-30 10:02:17.940,300557.SZ,28.81,4200.0,1,2,11639781,2014,-9223372036854775808,-9223372036854775808
2021-11-30 10:02:22.430,300557.SZ,28.85,100.0,1,2,11656571,2014,-9223372036854775808,-9223372036854775808
2021-11-30 10:02:22.440,300557.SZ,28.81,100.0,1,2,11656597,2014,-9223372036854775808,-9223372036854775808
2021-11-30 10:02:22.440,300557.SZ,28.81,100.0,1,2,11656598,2014,-9223372036854775808,-9223372036854775808
2021-11-30 10:02:22.490,300557.SZ,28.81,200.0,1,2,11656783,2014,-9223372036854775808,-9223372036854775808
2021-11-30 10:02:37.900,300557.SZ,28.84,700.0,-1,2,11709717,2014,-9223372036854775808,-9223372036854775808
2021-11-30 10:02:44.940,300557.SZ,28.81,500.0,1,2,11731875,2014,-9223372036854775808,-9223372036854775808
2021-11-30 10:02:49.200,300557.SZ,28.88,1500.0,1,2,11745448,2014,-9223372036854775808,-9223372036854775808
2021-11-30 10:02:53.940,300557.SZ,28.81,5500.0,-1,2,11760382,2014,-9223372036854775808,-9223372036854775808
2021-11-30 10:03:00.170,300557.SZ,28.81,100.0,1,2,11779748,2014,-9223372036854775808,-9223372036854775808
2021-11-30 10:03:04.610,300557.SZ,28.81,100.0,1,2,11797471,2014,-9223372036854775808,-9223372036854775808
2021-11-30 10:03:10.540,300557.SZ,28.8,1500.0,-1,2,11822491,2014,-9223372036854775808,-9223372036854775808
2021-11-30 10:03:13.910,300557.SZ,28.81,1000.0,1,2,11835182,2014,-9223372036854775808,-9223372036854775808
2021-11-30 10:03:16.450,300557.SZ,28.8,100.0,1,2,11844508,2014,-9223372036854775808,-9223372036854775808
2021-11-30 10:03:25.540,300557.SZ,28.81,700.0,1,2,11874330,2014,-9223372036854775808,-9223372036854775808
2021-11-30 10:03:29.060,300557.SZ,28.81,1000.0,-1,2,11885691,2014,-9223372036854775808,-9223372036854775808
2021-11-30 10:03:29.850,300557.SZ,28.81,1000.0,-1,2,11888277,2014,-9223372036854775808,-9223372036854775808
2021-11-30 10:03:34.470,300557.SZ,28.81,100.0,1,2,11904411,2014,-9223372036854775808,-9223372036854775808
2021-11-30 10:03:40.530,300557.SZ,28.81,200.0,1,2,11924487,2014,-9223372036854775808,-9223372036854775808
2021-11-30 10:03:52.210,300557.SZ,28.67,100.0,1,2,11960900,2014,-9223372036854775808,-9223372036854775808
2021-11-30 10:04:02.210,300557.SZ,28.84,700.0,-1,2,11991019,2014,-9223372036854775808,-9223372036854775808
2021-11-30 10:04:27.410,300557.SZ,28.73,200.0,1,2,12080871,2014,-9223372036854775808,-9223372036854775808
2021-11-30 10:04:29.750,300557.SZ,30.68,400.0,-1,2,12088402,2014,-9223372036854775808,-9223372036854775808
2021-11-30 10:05:13.000,300557.SZ,28.53,20000.0,1,2,12232630,2014,-9223372036854775808,-9223372036854775808
2021-11-30 10:05:13.710,300557.SZ,28.74,100.0,1,2,12236201,2014,-9223372036854775808,-9223372036854775808
2021-11-30 10:05:13.760,300557.SZ,28.74,200.0,1,2,12236322,2014,-9223372036854775808,-9223372036854775808
2021-11-30 10:05:16.450,300557.SZ,28.81,100.0,1,2,12247087,2014,-9223372036854775808,-9223372036854775808
2021-11-30 10:05:19.410,300557.SZ,28.81,1200.0,1,2,12256656,2014,-9223372036854775808,-9223372036854775808
2021-11-30 10:05:35.280,300557.SZ,28.8,1500.0,-1,2,12303355,2014,-9223372036854775808,-9223372036854775808
2021-11-30 10:05:37.390,300557.SZ,28.81,2000.0,-1,2,12309675,2014,-9223372036854775808,-9223372036854775808
2021-11-30 10:05:40.180,300557.SZ,28.81,600.0,-1,2,12317828,2014,-9223372036854775808,-9223372036854775808
2021-11-30 10:05:40.450,300557.SZ,28.74,100.0,-1,2,12318789,2014,-9223372036854775808,-9223372036854775808
2021-11-30 10:05:46.390,300557.SZ,28.71,1000.0,1,2,12336369,2014,-9223372036854775808,-9223372036854775808
2021-11-30 10:06:18.950,300557.SZ,30.0,800.0,-1,2,12443544,2014,-9223372036854775808,-9223372036854775808
2021-11-30 10:06:38.550,300557.SZ,28.73,600.0,-1,2,12506267,2014,-9223372036854775808,-9223372036854775808
2021-11-30 10:06:39.080,300557.SZ,28.74,500.0,1,2,12507390,2014,-9223372036854775808,-9223372036854775808
2021-11-30 10:06:59.720,300557.SZ,29.3,1000.0,-1,2,12576661,2014,-9223372036854775808,-9223372036854775808
2021-11-30 10:07:00.460,300557.SZ,28.75,300.0,-1,2,12578906,2014,-9223372036854775808,-9223372036854775808
2021-11-30 10:07:18.640,300557.SZ,29.68,500.0,-1,2,12651707,2014,-9223372036854775808,-9223372036854775808
2021-11-30 10:07:21.240,300557.SZ,28.74,1000.0,-1,2,12661021,2014,-9223372036854775808,-9223372036854775808
2021-11-30 10:07:26.660,300557.SZ,28.75,700.0,1,2,12678453,2014,-9223372036854775808,-9223372036854775808
2021-11-30 10:07:28.100,300557.SZ,28.73,2000.0,1,2,12682378,2014,-9223372036854775808,-9223372036854775808
2021-11-30 10:07:28.560,300557.SZ,28.75,100.0,1,2,12683837,2014,-9223372036854775808,-9223372036854775808
2021-11-30 10:07:28.850,300557.SZ,28.74,100.0,1,2,12684525,2014,-9223372036854775808,-9223372036854775808
2021-11-30 10:07:34.230,300557.SZ,28.75,700.0,1,2,12699770,2014,-9223372036854775808,-9223372036854775808
2021-11-30 10:07:44.380,300557.SZ,28.81,2300.0,1,2,12730396,2014,-9223372036854775808,-9223372036854775808
2021-11-30 10:07:45.730,300557.SZ,28.76,100.0,1,2,12733389,2014,-9223372036854775808,-9223372036854775808
2021-11-30 10:07:46.140,300557.SZ,28.76,100.0,1,2,12734700,2014,-9223372036854775808,-9223372036854775808
2021-11-30 10:07:46.140,300557.SZ,28.76,100.0,1,2,12734701,2014,-9223372036854775808,-9223372036854775808
2021-11-30 10:07:46.140,300557.SZ,28.81,100.0,1,2,12734702,2014,-9223372036854775808,-9223372036854775808
2021-11-30 10:07:46.140,300557.SZ,28.76,100.0,1,2,12734703,2014,-9223372036854775808,-9223372036854775808
2021-11-30 10:07:46.150,300557.SZ,28.76,100.0,1,2,12734770,2014,-9223372036854775808,-9223372036854775808
2021-11-30 10:07:46.170,300557.SZ,28.76,100.0,1,2,12734854,2014,-9223372036854775808,-9223372036854775808
2021-11-30 10:07:46.170,300557.SZ,28.76,100.0,1,2,12734855,2014,-9223372036854775808,-9223372036854775808
2021-11-30 10:07:46.170,300557.SZ,28.76,100.0,1,2,12734856,2014,-9223372036854775808,-9223372036854775808
2021-11-30 10:07:56.880,300557.SZ,29.94,25500.0,-1,2,12763861,2014,-9223372036854775808,-9223372036854775808
2021-11-30 10:08:08.410,300557.SZ,28.81,3000.0,-1,2,12804799,2014,-9223372036854775808,-9223372036854775808
2021-11-30 10:08:08.600,300557.SZ,28.84,300.0,-1,2,12805739,2014,-9223372036854775808,-9223372036854775808
2021-11-30 10:08:15.850,300557.SZ,30.0,900.0,-1,2,12834378,2014,-9223372036854775808,-9223372036854775808
2021-11-30 10:08:16.030,300557.SZ,28.72,7400.0,1,2,12835025,2014,-9223372036854775808,-9223372036854775808
2021-11-30 10:08:22.620,300557.SZ,28.78,500.0,1,2,12856711,2014,-9223372036854775808,-9223372036854775808
2021-11-30 10:08:30.250,300557.SZ,28.77,100.0,1,2,12879956,2014,-9223372036854775808,-9223372036854775808
2021-11-30 10:08:30.260,300557.SZ,33.66,100.0,-1,2,12879958,2014,-9223372036854775808,-9223372036854775808
2021-11-30 10:08:32.560,300557.SZ,28.81,5000.0,1,2,12888027,2014,-9223372036854775808,-9223372036854775808
2021-11-30 10:08:32.570,300557.SZ,28.81,100.0,-1,2,12888036,2014,-9223372036854775808,-9223372036854775808
2021-11-30 10:08:34.000,300557.SZ,28.84,3500.0,1,2,12892641,2014,-9223372036854775808,-9223372036854775808
2021-11-30 10:08:35.660,300557.SZ,28.85,2100.0,1,2,12898323,2014,-9223372036854775808,-9223372036854775808
2021-11-30 10:08:37.930,300557.SZ,33.77,500.0,-1,2,12905401,2014,-9223372036854775808,-9223372036854775808
2021-11-30 10:08:40.540,300557.SZ,29.25,200.0,-1,2,12912938,2014,-9223372036854775808,-9223372036854775808
2021-11-30 10:08:54.220,300557.SZ,28.84,5000.0,-1,2,12954227,2014,-9223372036854775808,-9223372036854775808
2021-11-30 10:08:59.170,300557.SZ,28.84,100.0,1,2,12969873,2014,-9223372036854775808,-9223372036854775808
2021-11-30 10:08:59.170,300557.SZ,28.84,100.0,1,2,12969875,2014,-9223372036854775808,-9223372036854775808
2021-11-30 10:08:59.170,300557.SZ,28.84,100.0,1,2,12969877,2014,-9223372036854775808,-9223372036854775808
2021-11-30 10:09:02.150,300557.SZ,28.14,500.0,1,2,12979412,2014,-9223372036854775808,-9223372036854775808
2021-11-30 10:09:12.570,300557.SZ,28.87,700.0,-1,2,13019445,2014,-9223372036854775808,-9223372036854775808
2021-11-30 10:09:14.030,300557.SZ,28.81,1800.0,1,2,13024909,2014,-9223372036854775808,-9223372036854775808
2021-11-30 10:09:14.050,300557.SZ,28.84,100.0,1,2,13024977,2014,-9223372036854775808,-9223372036854775808
2021-11-30 10:09:15.340,300557.SZ,29.0,500.0,-1,2,13028821,2014,-9223372036854775808,-9223372036854775808
2021-11-30 10:09:16.130,300557.SZ,28.82,100.0,1,2,13031364,2014,-9223372036854775808,-9223372036854775808
2021-11-30 10:09:16.130,300557.SZ,28.82,100.0,1,2,13031365,2014,-9223372036854775808,-9223372036854775808
2021-11-30 10:09:16.130,300557.SZ,28.82,100.0,1,2,13031366,2014,-9223372036854775808,-9223372036854775808
2021-11-30 10:09:16.150,300557.SZ,28.84,100.0,1,2,13031501,2014,-9223372036854775808,-9223372036854775808
2021-11-30 10:09:18.240,300557.SZ,28.87,5000.0,-1,2,13037088,2014,-9223372036854775808,-9223372036854775808
2021-11-30 10:09:48.270,300557.SZ,28.82,100.0,-1,2,13131160,2014,-9223372036854775808,-9223372036854775808
2021-11-30 10:09:52.800,300557.SZ,28.8,200.0,-1,2,13144164,2014,-9223372036854775808,-9223372036854775808
2021-11-30 10:10:12.420,300557.SZ,28.82,2000.0,-1,2,13217045,2014,-9223372036854775808,-9223372036854775808
2021-11-30 10:10:15.080,300557.SZ,28.75,600.0,1,2,13227798,2014,-9223372036854775808,-9223372036854775808
2021-11-30 10:10:16.440,300557.SZ,28.81,100.0,-1,2,13234155,2014,-9223372036854775808,-9223372036854775808
2021-11-30 10:10:26.610,300557.SZ,28.8,1400.0,-1,2,13268754,2014,-9223372036854775808,-9223372036854775808
2021-11-30 10:10:26.610,300557.SZ,28.81,300.0,-1,2,13268766,2014,-9223372036854775808,-9223372036854775808
2021-11-30 10:10:31.430,300557.SZ,28.81,100.0,-1,2,13284138,2014,-9223372036854775808,-9223372036854775808
2021-11-30 10:10:31.470,300557.SZ,28.81,300.0,-1,2,13284260,2014,-9223372036854775808,-9223372036854775808
2021-11-30 10:10:31.470,300557.SZ,28.81,200.0,-1,2,13284273,2014,-9223372036854775808,-9223372036854775808
2021-11-30 10:10:34.420,300557.SZ,28.81,100.0,-1,2,13292855,2014,-9223372036854775808,-9223372036854775808
2021-11-30 10:10:34.440,300557.SZ,28.81,1300.0,-1,2,13292923,2014,-9223372036854775808,-9223372036854775808
2021-11-30 10:10:44.880,300557.SZ,28.79,100.0,1,2,13322443,2014,-9223372036854775808,-9223372036854775808
2021-11-30 10:10:52.450,300557.SZ,28.78,400.0,-1,2,13343055,2014,-9223372036854775808,-9223372036854775808
2021-11-30 10:10:57.860,300557.SZ,28.78,2000.0,-1,2,13358986,2014,-9223372036854775808,-9223372036854775808
2021-11-30 10:11:06.800,300557.SZ,28.57,1500.0,1,2,13391228,2014,-9223372036854775808,-9223372036854775808
2021-11-30 10:11:26.910,300557.SZ,28.78,300.0,1,2,13459949,2014,-9223372036854775808,-9223372036854775808
2021-11-30 10:11:29.050,300557.SZ,28.77,400.0,1,2,13466374,2014,-9223372036854775808,-9223372036854775808
2021-11-30 10:11:29.750,300557.SZ,28.72,500.0,1,2,13467967,2014,-9223372036854775808,-9223372036854775808
2021-11-30 10:11:30.720,300557.SZ,28.77,100.0,1,2,13471076,2014,-9223372036854775808,-9223372036854775808
2021-11-30 10:11:45.160,300557.SZ,28.73,2700.0,-1,2,13515707,2014,-9223372036854775808,-9223372036854775808
2021-11-30 10:11:59.990,300557.SZ,28.73,1000.0,-1,2,13558201,2014,-9223372036854775808,-9223372036854775808
2021-11-30 10:12:00.000,300557.SZ,28.56,1000.0,1,2,13558234,2014,-9223372036854775808,-9223372036854775808
2021-11-30 10:12:07.990,300557.SZ,28.83,1400.0,-1,2,13589005,2014,-9223372036854775808,-9223372036854775808
2021-11-30 10:12:07.990,300557.SZ,28.83,2000.0,-1,2,13589006,2014,-9223372036854775808,-9223372036854775808
2021-11-30 10:12:07.990,300557.SZ,28.83,1400.0,-1,2,13589007,2014,-9223372036854775808,-9223372036854775808
2021-11-30 10:12:07.990,300557.SZ,28.83,300.0,-1,2,13589008,2014,-9223372036854775808,-9223372036854775808
2021-11-30 10:12:08.060,300557.SZ,28.73,100.0,1,2,13589359,2014,-9223372036854775808,-9223372036854775808
2021-11-30 10:12:08.190,300557.SZ,28.73,100.0,1,2,13590056,2014,-9223372036854775808,-9223372036854775808
2021-11-30 10:12:08.190,300557.SZ,28.86,200.0,-1,2,13590063,2014,-9223372036854775808,-9223372036854775808
2021-11-30 10:12:08.190,300557.SZ,28.86,200.0,-1,2,13590064,2014,-9223372036854775808,-9223372036854775808
2021-11-30 10:12:08.190,300557.SZ,28.86,3300.0,-1,2,13590065,2014,-9223372036854775808,-9223372036854775808
2021-11-30 10:12:08.190,300557.SZ,28.86,1100.0,-1,2,13590066,2014,-9223372036854775808,-9223372036854775808
2021-11-30 10:12:08.190,300557.SZ,28.86,1400.0,-1,2,13590067,2014,-9223372036854775808,-9223372036854775808
2021-11-30 10:12:08.190,300557.SZ,28.86,1700.0,-1,2,13590068,2014,-9223372036854775808,-9223372036854775808
2021-11-30 10:12:08.190,300557.SZ,28.86,1200.0,-1,2,13590069,2014,-9223372036854775808,-9223372036854775808
2021-11-30 10:12:08.190,300557.SZ,28.86,400.0,-1,2,13590070,2014,-9223372036854775808,-9223372036854775808
2021-11-30 10:12:08.190,300557.SZ,28.86,400.0,-1,2,13590071,2014,-9223372036854775808,-9223372036854775808
2021-11-30 10:12:08.190,300557.SZ,28.86,2000.0,-1,2,13590072,2014,-9223372036854775808,-9223372036854775808
2021-11-30 10:12:08.190,300557.SZ,28.86,200.0,-1,2,13590073,2014,-9223372036854775808,-9223372036854775808
2021-11-30 10:12:08.190,300557.SZ,28.86,100.0,-1,2,13590074,2014,-9223372036854775808,-9223372036854775808
2021-11-30 10:12:10.000,300557.SZ,28.72,1000.0,-1,2,13596519,2014,-9223372036854775808,-9223372036854775808
2021-11-30 10:12:10.150,300557.SZ,28.73,100.0,1,2,13597352,2014,-9223372036854775808,-9223372036854775808
2021-11-30 10:12:10.160,300557.SZ,28.86,3300.0,-1,2,13597386,2014,-9223372036854775808,-9223372036854775808
2021-11-30 10:12:10.160,300557.SZ,28.86,200.0,-1,2,13597387,2014,-9223372036854775808,-9223372036854775808
2021-11-30 10:12:10.160,300557.SZ,28.86,200.0,-1,2,13597390,2014,-9223372036854775808,-9223372036854775808
2021-11-30 10:12:10.160,300557.SZ,28.86,400.0,-1,2,13597392,2014,-9223372036854775808,-9223372036854775808
2021-11-30 10:12:10.160,300557.SZ,28.86,400.0,-1,2,13597393,2014,-9223372036854775808,-9223372036854775808
2021-11-30 10:12:10.160,300557.SZ,28.86,100.0,-1,2,13597394,2014,-9223372036854775808,-9223372036854775808
2021-11-30 10:12:10.160,300557.SZ,28.86,1100.0,-1,2,13597395,2014,-9223372036854775808,-9223372036854775808
2021-11-30 10:12:10.160,300557.SZ,28.86,1400.0,-1,2,13597396,2014,-9223372036854775808,-9223372036854775808
2021-11-30 10:12:10.160,300557.SZ,28.86,1200.0,-1,2,13597397,2014,-9223372036854775808,-9223372036854775808
2021-11-30 10:12:10.160,300557.SZ,28.86,2000.0,-1,2,13597398,2014,-9223372036854775808,-9223372036854775808
2021-11-30 10:12:10.160,300557.SZ,28.86,1700.0,-1,2,13597399,2014,-9223372036854775808,-9223372036854775808
2021-11-30 10:12:10.160,300557.SZ,28.86,200.0,-1,2,13597401,2014,-9223372036854775808,-9223372036854775808
2021-11-30 10:12:18.160,300557.SZ,28.72,200.0,1,2,13625556,2014,-9223372036854775808,-9223372036854775808
2021-11-30 10:12:18.160,300557.SZ,28.86,200.0,-1,2,13625569,2014,-9223372036854775808,-9223372036854775808
2021-11-30 10:12:18.160,300557.SZ,28.86,2800.0,-1,2,13625570,2014,-9223372036854775808,-9223372036854775808
2021-11-30 10:12:18.160,300557.SZ,28.86,200.0,-1,2,13625571,2014,-9223372036854775808,-9223372036854775808
2021-11-30 10:12:18.730,300557.SZ,28.71,10500.0,-1,2,13627157,2014,-9223372036854775808,-9223372036854775808
2021-11-30 10:12:19.330,300557.SZ,28.84,300.0,-1,2,13629459,2014,-9223372036854775808,-9223372036854775808
2021-11-30 10:12:19.670,300557.SZ,28.71,500.0,1,2,13630762,2014,-9223372036854775808,-9223372036854775808
2021-11-30 10:12:19.670,300557.SZ,28.83,200.0,-1,2,13630767,2014,-9223372036854775808,-9223372036854775808
2021-11-30 10:12:19.670,300557.SZ,28.83,200.0,-1,2,13630768,2014,-9223372036854775808,-9223372036854775808
2021-11-30 10:12:19.670,300557.SZ,28.83,1100.0,-1,2,13630769,2014,-9223372036854775808,-9223372036854775808
2021-11-30 10:12:19.670,300557.SZ,28.83,3300.0,-1,2,13630770,2014,-9223372036854775808,-9223372036854775808
2021-11-30 10:12:19.670,300557.SZ,28.83,400.0,-1,2,13630771,2014,-9223372036854775808,-9223372036854775808
2021-11-30 10:12:19.670,300557.SZ,28.83,1200.0,-1,2,13630772,2014,-9223372036854775808,-9223372036854775808
2021-11-30 10:12:19.670,300557.SZ,28.83,400.0,-1,2,13630773,2014,-9223372036854775808,-9223372036854775808
2021-11-30 10:12:19.670,300557.SZ,28.83,200.0,-1,2,13630774,2014,-9223372036854775808,-9223372036854775808
2021-11-30 10:12:19.670,300557.SZ,28.83,100.0,-1,2,13630775,2014,-9223372036854775808,-9223372036854775808
2021-11-30 10:12:19.670,300557.SZ,28.83,1400.0,-1,2,13630776,2014,-9223372036854775808,-9223372036854775808
2021-11-30 10:12:19.670,300557.SZ,28.83,1700.0,-1,2,13630777,2014,-9223372036854775808,-9223372036854775808
2021-11-30 10:12:19.670,300557.SZ,28.83,2000.0,-1,2,13630778,2014,-9223372036854775808,-9223372036854775808
2021-11-30 10:12:21.750,300557.SZ,28.7,500.0,-1,2,13636853,2014,-9223372036854775808,-9223372036854775808
2021-11-30 10:12:21.760,300557.SZ,28.7,300.0,-1,2,13636866,2014,-9223372036854775808,-9223372036854775808
2021-11-30 10:12:29.980,300557.SZ,28.65,100.0,1,2,13662308,2014,-9223372036854775808,-9223372036854775808
2021-11-30 10:12:29.990,300557.SZ,28.82,200.0,-1,2,13662311,2014,-9223372036854775808,-9223372036854775808
2021-11-30 10:12:29.990,300557.SZ,28.82,200.0,-1,2,13662312,2014,-9223372036854775808,-9223372036854775808
2021-11-30 10:12:29.990,300557.SZ,28.82,3300.0,-1,2,13662313,2014,-9223372036854775808,-9223372036854775808
2021-11-30 10:12:29.990,300557.SZ,28.82,1100.0,-1,2,13662314,2014,-9223372036854775808,-9223372036854775808
2021-11-30 10:12:29.990,300557.SZ,28.82,1200.0,-1,2,13662315,2014,-9223372036854775808,-9223372036854775808
2021-11-30 10:12:29.990,300557.SZ,28.83,400.0,-1,2,13662316,2014,-9223372036854775808,-9223372036854775808
2021-11-30 10:12:29.990,300557.SZ,28.83,400.0,-1,2,13662318,2014,-9223372036854775808,-9223372036854775808
2021-11-30 10:12:29.990,300557.SZ,28.83,200.0,-1,2,13662319,2014,-9223372036854775808,-9223372036854775808
2021-11-30 10:12:29.990,300557.SZ,28.83,200.0,-1,2,13662320,2014,-9223372036854775808,-9223372036854775808
2021-11-30 10:12:29.990,300557.SZ,28.83,200.0,-1,2,13662321,2014,-9223372036854775808,-9223372036854775808
2021-11-30 10:12:29.990,300557.SZ,28.82,1400.0,-1,2,13662322,2014,-9223372036854775808,-9223372036854775808
2021-11-30 10:12:29.990,300557.SZ,28.82,1700.0,-1,2,13662323,2014,-9223372036854775808,-9223372036854775808
2021-11-30 10:12:29.990,300557.SZ,28.82,2000.0,-1,2,13662324,2014,-9223372036854775808,-9223372036854775808
2021-11-30 10:12:29.990,300557.SZ,28.83,200.0,-1,2,13662325,2014,-9223372036854775808,-9223372036854775808
2021-11-30 10:12:29.990,300557.SZ,28.83,3800.0,-1,2,13662326,2014,-9223372036854775808,-9223372036854775808
2021-11-30 10:12:29.990,300557.SZ,28.83,100.0,-1,2,13662327,2014,-9223372036854775808,-9223372036854775808
2021-11-30 10:12:29.990,300557.SZ,28.83,200.0,-1,2,13662328,2014,-9223372036854775808,-9223372036854775808
2021-11-30 10:12:29.990,300557.SZ,28.83,200.0,-1,2,13662329,2014,-9223372036854775808,-9223372036854775808
2021-11-30 10:12:29.990,300557.SZ,28.83,200.0,-1,2,13662330,2014,-9223372036854775808,-9223372036854775808
2021-11-30 10:12:29.990,300557.SZ,28.83,400.0,-1,2,13662331,2014,-9223372036854775808,-9223372036854775808
2021-11-30 10:12:29.990,300557.SZ,28.83,100.0,-1,2,13662341,2014,-9223372036854775808,-9223372036854775808
2021-11-30 10:12:30.090,300557.SZ,28.65,100.0,1,2,13662627,2014,-9223372036854775808,-9223372036854775808
2021-11-30 10:12:30.090,300557.SZ,28.82,200.0,-1,2,13662629,2014,-9223372036854775808,-9223372036854775808
2021-11-30 10:12:30.090,300557.SZ,28.82,3300.0,-1,2,13662630,2014,-9223372036854775808,-9223372036854775808
2021-11-30 10:12:30.090,300557.SZ,28.82,200.0,-1,2,13662631,2014,-9223372036854775808,-9223372036854775808
2021-11-30 10:12:30.090,300557.SZ,28.83,200.0,-1,2,13662633,2014,-9223372036854775808,-9223372036854775808
2021-11-30 10:12:30.090,300557.SZ,28.82,1100.0,-1,2,13662634,2014,-9223372036854775808,-9223372036854775808
2021-11-30 10:12:30.090,300557.SZ,28.82,1200.0,-1,2,13662635,2014,-9223372036854775808,-9223372036854775808
2021-11-30 10:12:30.090,300557.SZ,28.83,400.0,-1,2,13662636,2014,-9223372036854775808,-9223372036854775808
2021-11-30 10:12:30.090,300557.SZ,28.83,3800.0,-1,2,13662637,2014,-9223372036854775808,-9223372036854775808
2021-11-30 10:12:30.090,300557.SZ,28.83,200.0,-1,2,13662638,2014,-9223372036854775808,-9223372036854775808
2021-11-30 10:12:30.090,300557.SZ,28.83,400.0,-1,2,13662639,2014,-9223372036854775808,-9223372036854775808
2021-11-30 10:12:30.090,300557.SZ,28.83,100.0,-1,2,13662640,2014,-9223372036854775808,-9223372036854775808
2021-11-30 10:12:30.090,300557.SZ,28.83,200.0,-1,2,13662641,2014,-9223372036854775808,-9223372036854775808
2021-11-30 10:12:30.090,300557.SZ,28.82,1400.0,-1,2,13662642,2014,-9223372036854775808,-9223372036854775808
2021-11-30 10:12:30.090,300557.SZ,28.82,1700.0,-1,2,13662643,2014,-9223372036854775808,-9223372036854775808
2021-11-30 10:12:30.090,300557.SZ,28.82,2000.0,-1,2,13662644,2014,-9223372036854775808,-9223372036854775808
2021-11-30 10:12:30.090,300557.SZ,28.83,200.0,-1,2,13662645,2014,-9223372036854775808,-9223372036854775808
2021-11-30 10:12:30.090,300557.SZ,28.83,200.0,-1,2,13662646,2014,-9223372036854775808,-9223372036854775808
2021-11-30 10:12:30.090,300557.SZ,28.83,200.0,-1,2,13662647,2014,-9223372036854775808,-9223372036854775808
2021-11-30 10:12:30.090,300557.SZ,28.83,200.0,-1,2,13662648,2014,-9223372036854775808,-9223372036854775808
2021-11-30 10:12:30.090,300557.SZ,28.83,400.0,-1,2,13662649,2014,-9223372036854775808,-9223372036854775808
2021-11-30 10:12:30.300,300557.SZ,28.67,100.0,1,2,13663215,2014,-9223372036854775808,-9223372036854775808
2021-11-30 10:12:37.610,300557.SZ,28.66,1500.0,-1,2,13684095,2014,-9223372036854775808,-9223372036854775808
2021-11-30 10:12:45.550,300557.SZ,28.66,100.0,1,2,13704727,2014,-9223372036854775808,-9223372036854775808
2021-11-30 10:12:47.150,300557.SZ,28.67,400.0,1,2,13709690,2014,-9223372036854775808,-9223372036854775808
2021-11-30 10:12:47.240,300557.SZ,28.66,700.0,1,2,13709922,2014,-9223372036854775808,-9223372036854775808
2021-11-30 10:12:47.250,300557.SZ,28.82,200.0,-1,2,13709937,2014,-9223372036854775808,-9223372036854775808
2021-11-30 10:12:47.250,300557.SZ,28.83,3800.0,-1,2,13709938,2014,-9223372036854775808,-9223372036854775808
2021-11-30 10:12:47.250,300557.SZ,28.82,400.0,-1,2,13709939,2014,-9223372036854775808,-9223372036854775808
2021-11-30 10:12:47.250,300557.SZ,28.82,400.0,-1,2,13709940,2014,-9223372036854775808,-9223372036854775808
2021-11-30 10:12:47.250,300557.SZ,28.83,200.0,-1,2,13709941,2014,-9223372036854775808,-9223372036854775808
2021-11-30 10:12:47.250,300557.SZ,28.82,200.0,-1,2,13709942,2014,-9223372036854775808,-9223372036854775808
2021-11-30 10:12:47.250,300557.SZ,28.82,200.0,-1,2,13709943,2014,-9223372036854775808,-9223372036854775808
2021-11-30 10:12:47.250,300557.SZ,28.83,200.0,-1,2,13709944,2014,-9223372036854775808,-9223372036854775808
2021-11-30 10:12:47.250,300557.SZ,28.82,1200.0,-1,2,13709945,2014,-9223372036854775808,-9223372036854775808
2021-11-30 10:12:47.250,300557.SZ,28.82,1100.0,-1,2,13709946,2014,-9223372036854775808,-9223372036854775808
2021-11-30 10:12:47.250,300557.SZ,28.83,200.0,-1,2,13709947,2014,-9223372036854775808,-9223372036854775808
2021-11-30 10:12:47.250,300557.SZ,28.82,100.0,-1,2,13709948,2014,-9223372036854775808,-9223372036854775808
2021-11-30 10:12:47.250,300557.SZ,28.82,1400.0,-1,2,13709949,2014,-9223372036854775808,-9223372036854775808
2021-11-30 10:12:47.250,300557.SZ,28.82,1700.0,-1,2,13709950,2014,-9223372036854775808,-9223372036854775808
2021-11-30 10:12:47.250,300557.SZ,28.82,2000.0,-1,2,13709951,2014,-9223372036854775808,-9223372036854775808
2021-11-30 10:12:47.250,300557.SZ,28.83,200.0,-1,2,13709952,2014,-9223372036854775808,-9223372036854775808
2021-11-30 10:12:47.250,300557.SZ,28.83,200.0,-1,2,13709953,2014,-9223372036854775808,-9223372036854775808
2021-11-30 10:12:47.250,300557.SZ,28.83,200.0,-1,2,13709954,2014,-9223372036854775808,-9223372036854775808
2021-11-30 10:12:47.250,300557.SZ,28.83,500.0,-1,2,13709955,2014,-9223372036854775808,-9223372036854775808
2021-11-30 10:12:47.250,300557.SZ,28.82,3300.0,-1,2,13709956,2014,-9223372036854775808,-9223372036854775808
2021-11-30 10:12:49.750,300557.SZ,28.67,100.0,1,2,13716342,2014,-9223372036854775808,-9223372036854775808
2021-11-30 10:12:49.760,300557.SZ,28.82,200.0,-1,2,13716351,2014,-9223372036854775808,-9223372036854775808
2021-11-30 10:12:49.760,300557.SZ,28.82,200.0,-1,2,13716352,2014,-9223372036854775808,-9223372036854775808
2021-11-30 10:12:49.760,300557.SZ,28.83,3800.0,-1,2,13716353,2014,-9223372036854775808,-9223372036854775808
2021-11-30 10:12:49.760,300557.SZ,28.82,3300.0,-1,2,13716354,2014,-9223372036854775808,-9223372036854775808
2021-11-30 10:12:49.760,300557.SZ,28.82,1400.0,-1,2,13716356,2014,-9223372036854775808,-9223372036854775808
2021-11-30 10:12:49.760,300557.SZ,28.82,1100.0,-1,2,13716357,2014,-9223372036854775808,-9223372036854775808
2021-11-30 10:12:49.760,300557.SZ,28.82,1200.0,-1,2,13716358,2014,-9223372036854775808,-9223372036854775808
2021-11-30 10:12:49.760,300557.SZ,28.83,400.0,-1,2,13716359,2014,-9223372036854775808,-9223372036854775808
2021-11-30 10:12:49.760,300557.SZ,28.83,400.0,-1,2,13716360,2014,-9223372036854775808,-9223372036854775808
2021-11-30 10:12:49.760,300557.SZ,28.83,200.0,-1,2,13716361,2014,-9223372036854775808,-9223372036854775808
2021-11-30 10:12:49.760,300557.SZ,28.83,200.0,-1,2,13716362,2014,-9223372036854775808,-9223372036854775808
2021-11-30 10:12:49.760,300557.SZ,28.82,2000.0,-1,2,13716363,2014,-9223372036854775808,-9223372036854775808
2021-11-30 10:12:49.760,300557.SZ,28.83,200.0,-1,2,13716364,2014,-9223372036854775808,-9223372036854775808
2021-11-30 10:12:49.760,300557.SZ,28.83,100.0,-1,2,13716365,2014,-9223372036854775808,-9223372036854775808
2021-11-30 10:12:49.760,300557.SZ,28.82,1700.0,-1,2,13716366,2014,-9223372036854775808,-9223372036854775808
2021-11-30 10:12:49.760,300557.SZ,28.83,200.0,-1,2,13716367,2014,-9223372036854775808,-9223372036854775808
2021-11-30 10:12:49.760,300557.SZ,28.83,200.0,-1,2,13716368,2014,-9223372036854775808,-9223372036854775808
2021-11-30 10:12:49.760,300557.SZ,28.83,200.0,-1,2,13716369,2014,-9223372036854775808,-9223372036854775808
2021-11-30 10:12:49.760,300557.SZ,28.83,200.0,-1,2,13716376,2014,-9223372036854775808,-9223372036854775808
2021-11-30 10:12:49.760,300557.SZ,28.83,500.0,-1,2,13716377,2014,-9223372036854775808,-9223372036854775808
2021-11-30 10:12:50.250,300557.SZ,28.65,100.0,1,2,13717650,2014,-9223372036854775808,-9223372036854775808
2021-11-30 10:12:50.250,300557.SZ,28.82,200.0,-1,2,13717655,2014,-9223372036854775808,-9223372036854775808
2021-11-30 10:12:50.250,300557.SZ,28.82,200.0,-1,2,13717656,2014,-9223372036854775808,-9223372036854775808
2021-11-30 10:12:50.250,300557.SZ,28.82,3300.0,-1,2,13717657,2014,-9223372036854775808,-9223372036854775808
2021-11-30 10:12:50.250,300557.SZ,28.83,3800.0,-1,2,13717659,2014,-9223372036854775808,-9223372036854775808
2021-11-30 10:12:50.250,300557.SZ,28.83,400.0,-1,2,13717660,2014,-9223372036854775808,-9223372036854775808
2021-11-30 10:12:50.250,300557.SZ,28.83,400.0,-1,2,13717661,2014,-9223372036854775808,-9223372036854775808
2021-11-30 10:12:50.250,300557.SZ,28.83,200.0,-1,2,13717662,2014,-9223372036854775808,-9223372036854775808
2021-11-30 10:12:50.250,300557.SZ,28.83,200.0,-1,2,13717663,2014,-9223372036854775808,-9223372036854775808
2021-11-30 10:12:50.250,300557.SZ,28.83,200.0,-1,2,13717664,2014,-9223372036854775808,-9223372036854775808
2021-11-30 10:12:50.250,300557.SZ,28.83,200.0,-1,2,13717665,2014,-9223372036854775808,-9223372036854775808
2021-11-30 10:12:50.250,300557.SZ,28.82,1400.0,-1,2,13717666,2014,-9223372036854775808,-9223372036854775808
2021-11-30 10:12:50.250,300557.SZ,28.82,1700.0,-1,2,13717667,2014,-9223372036854775808,-9223372036854775808
2021-11-30 10:12:50.250,300557.SZ,28.82,2000.0,-1,2,13717668,2014,-9223372036854775808,-9223372036854775808
2021-11-30 10:12:50.250,300557.SZ,28.83,200.0,-1,2,13717669,2014,-9223372036854775808,-9223372036854775808
2021-11-30 10:12:50.250,300557.SZ,28.82,1100.0,-1,2,13717670,2014,-9223372036854775808,-9223372036854775808
2021-11-30 10:12:50.250,300557.SZ,28.82,1200.0,-1,2,13717671,2014,-9223372036854775808,-9223372036854775808
2021-11-30 10:12:50.250,300557.SZ,28.83,100.0,-1,2,13717672,2014,-9223372036854775808,-9223372036854775808
2021-11-30 10:12:50.250,300557.SZ,28.83,200.0,-1,2,13717673,2014,-9223372036854775808,-9223372036854775808
2021-11-30 10:12:50.250,300557.SZ,28.83,200.0,-1,2,13717674,2014,-9223372036854775808,-9223372036854775808
2021-11-30 10:12:50.250,300557.SZ,28.83,500.0,-1,2,13717675,2014,-9223372036854775808,-9223372036854775808
2021-11-30 10:12:50.720,300557.SZ,28.66,800.0,1,2,13718592,2014,-9223372036854775808,-9223372036854775808
2021-11-30 10:12:50.950,300557.SZ,28.65,200.0,1,2,13719125,2014,-9223372036854775808,-9223372036854775808
2021-11-30 10:12:50.950,300557.SZ,28.82,200.0,-1,2,13719131,2014,-9223372036854775808,-9223372036854775808
2021-11-30 10:12:50.950,300557.SZ,28.82,200.0,-1,2,13719132,2014,-9223372036854775808,-9223372036854775808
2021-11-30 10:12:50.950,300557.SZ,28.82,3300.0,-1,2,13719133,2014,-9223372036854775808,-9223372036854775808
2021-11-30 10:12:50.950,300557.SZ,28.83,3800.0,-1,2,13719134,2014,-9223372036854775808,-9223372036854775808
2021-11-30 10:12:50.950,300557.SZ,28.83,400.0,-1,2,13719135,2014,-9223372036854775808,-9223372036854775808
2021-11-30 10:12:50.950,300557.SZ,28.83,400.0,-1,2,13719136,2014,-9223372036854775808,-9223372036854775808
2021-11-30 10:12:50.950,300557.SZ,28.82,1100.0,-1,2,13719137,2014,-9223372036854775808,-9223372036854775808
2021-11-30 10:12:50.950,300557.SZ,28.82,1200.0,-1,2,13719138,2014,-9223372036854775808,-9223372036854775808
2021-11-30 10:12:50.950,300557.SZ,28.83,200.0,-1,2,13719139,2014,-9223372036854775808,-9223372036854775808
2021-11-30 10:12:50.950,300557.SZ,28.82,1400.0,-1,2,13719140,2014,-9223372036854775808,-9223372036854775808
2021-11-30 10:12:50.950,300557.SZ,28.82,1700.0,-1,2,13719141,2014,-9223372036854775808,-9223372036854775808
2021-11-30 10:12:50.950,300557.SZ,28.82,2000.0,-1,2,13719142,2014,-9223372036854775808,-9223372036854775808
2021-11-30 10:12:50.950,300557.SZ,28.83,200.0,-1,2,13719143,2014,-9223372036854775808,-9223372036854775808
2021-11-30 10:12:50.950,300557.SZ,28.83,200.0,-1,2,13719144,2014,-9223372036854775808,-9223372036854775808
2021-11-30 10:12:50.950,300557.SZ,28.83,200.0,-1,2,13719145,2014,-9223372036854775808,-9223372036854775808
2021-11-30 10:12:50.950,300557.SZ,28.83,200.0,-1,2,13719146,2014,-9223372036854775808,-9223372036854775808
2021-11-30 10:12:50.950,300557.SZ,28.83,100.0,-1,2,13719147,2014,-9223372036854775808,-9223372036854775808
2021-11-30 10:12:50.950,300557.SZ,28.83,200.0,-1,2,13719148,2014,-9223372036854775808,-9223372036854775808
2021-11-30 10:12:50.950,300557.SZ,28.83,200.0,-1,2,13719149,2014,-9223372036854775808,-9223372036854775808
2021-11-30 10:12:56.380,300557.SZ,29.19,200.0,-1,2,13732118,2014,-9223372036854775808,-9223372036854775808
2021-11-30 10:13:03.020,300557.SZ,28.68,100.0,1,2,13751838,2014,-9223372036854775808,-9223372036854775808
2021-11-30 10:13:04.100,300557.SZ,28.61,1000.0,1,2,13756368,2014,-9223372036854775808,-9223372036854775808
2021-11-30 10:13:10.230,300557.SZ,28.67,200.0,-1,2,13779889,2014,-9223372036854775808,-9223372036854775808
2021-11-30 10:13:10.230,300557.SZ,28.81,1400.0,-1,2,13779904,2014,-9223372036854775808,-9223372036854775808
2021-11-30 10:13:10.230,300557.SZ,28.81,1700.0,-1,2,13779905,2014,-9223372036854775808,-9223372036854775808
2021-11-30 10:13:10.230,300557.SZ,28.81,2000.0,-1,2,13779906,2014,-9223372036854775808,-9223372036854775808
2021-11-30 10:13:10.230,300557.SZ,28.81,1100.0,-1,2,13779907,2014,-9223372036854775808,-9223372036854775808
2021-11-30 10:13:10.230,300557.SZ,28.81,1200.0,-1,2,13779908,2014,-9223372036854775808,-9223372036854775808
2021-11-30 10:13:12.300,300557.SZ,28.67,100.0,-1,2,13786168,2014,-9223372036854775808,-9223372036854775808
2021-11-30 10:13:12.310,300557.SZ,28.8,100.0,-1,2,13786177,2014,-9223372036854775808,-9223372036854775808
2021-11-30 10:13:12.310,300557.SZ,28.8,400.0,-1,2,13786178,2014,-9223372036854775808,-9223372036854775808
2021-11-30 10:13:12.310,300557.SZ,28.8,400.0,-1,2,13786179,2014,-9223372036854775808,-9223372036854775808
2021-11-30 10:13:12.310,300557.SZ,28.8,200.0,-1,2,13786180,2014,-9223372036854775808,-9223372036854775808
2021-11-30 10:13:16.700,300557.SZ,28.67,300.0,1,2,13798843,2014,-9223372036854775808,-9223372036854775808
2021-11-30 10:13:16.720,300557.SZ,29.04,1900.0,-1,2,13798885,2014,-9223372036854775808,-9223372036854775808
2021-11-30 10:13:16.730,300557.SZ,28.83,1100.0,-1,2,13798913,2014,-9223372036854775808,-9223372036854775808
2021-11-30 10:13:19.490,300557.SZ,28.67,500.0,1,2,13806262,2014,-9223372036854775808,-9223372036854775808
2021-11-30 10:13:20.050,300557.SZ,28.66,100.0,1,2,13807857,2014,-9223372036854775808,-9223372036854775808
2021-11-30 10:13:20.070,300557.SZ,28.68,100.0,1,2,13807916,2014,-9223372036854775808,-9223372036854775808
2021-11-30 10:13:21.720,300557.SZ,28.67,300.0,1,2,13812300,2014,-9223372036854775808,-9223372036854775808
2021-11-30 10:13:22.200,300557.SZ,28.7,100.0,1,2,13813989,2014,-9223372036854775808,-9223372036854775808
2021-11-30 10:13:31.730,300557.SZ,33.77,300.0,-1,2,13839424,2014,-9223372036854775808,-9223372036854775808
2021-11-30 10:13:34.430,300557.SZ,28.68,100.0,1,2,13846595,2014,-9223372036854775808,-9223372036854775808
2021-11-30 10:13:36.440,300557.SZ,28.58,700.0,1,2,13852131,2014,-9223372036854775808,-9223372036854775808
2021-11-30 10:13:38.570,300557.SZ,28.66,200.0,1,2,13859500,2014,-9223372036854775808,-9223372036854775808
2021-11-30 10:13:38.640,300557.SZ,29.66,400.0,-1,2,13859637,2014,-9223372036854775808,-9223372036854775808
2021-11-30 10:13:42.130,300557.SZ,28.82,1200.0,-1,2,13870192,2014,-9223372036854775808,-9223372036854775808
2021-11-30 10:13:55.560,300557.SZ,28.82,200.0,1,2,13906441,2014,-9223372036854775808,-9223372036854775808
2021-11-30 10:14:05.410,300557.SZ,28.67,200.0,1,2,13938057,2014,-9223372036854775808,-9223372036854775808
2021-11-30 10:14:07.520,300557.SZ,28.65,600.0,1,2,13945265,2014,-9223372036854775808,-9223372036854775808
2021-11-30 10:14:11.440,300557.SZ,28.82,100.0,1,2,13956940,2014,-9223372036854775808,-9223372036854775808
2021-11-30 10:14:18.050,300557.SZ,28.7,200.0,1,2,13975660,2014,-9223372036854775808,-9223372036854775808
2021-11-30 10:14:29.160,300557.SZ,28.17,200.0,1,2,14003375,2014,-9223372036854775808,-9223372036854775808
2021-11-30 10:14:30.370,300557.SZ,28.88,100.0,-1,2,14005967,2014,-9223372036854775808,-9223372036854775808
2021-11-30 10:14:36.450,300557.SZ,29.05,400.0,-1,2,14020524,2014,-9223372036854775808,-9223372036854775808
2021-11-30 10:14:37.740,300557.SZ,28.82,3000.0,-1,2,14025415,2014,-9223372036854775808,-9223372036854775808
2021-11-30 10:14:48.480,300557.SZ,28.81,300.0,-1,2,14054892,2014,-9223372036854775808,-9223372036854775808
2021-11-30 10:14:59.050,300557.SZ,28.68,400.0,1,2,14083734,2014,-9223372036854775808,-9223372036854775808
2021-11-30 10:14:59.200,300557.SZ,29.1,200.0,-1,2,14084186,2014,-9223372036854775808,-9223372036854775808
2021-11-30 10:15:04.150,300557.SZ,28.81,700.0,-1,2,14099202,2014,-9223372036854775808,-9223372036854775808
2021-11-30 10:15:04.180,300557.SZ,28.81,800.0,-1,2,14099689,2014,-9223372036854775808,-9223372036854775808
2021-11-30 10:15:27.320,300557.SZ,28.8,5300.0,-1,2,14176990,2014,-9223372036854775808,-9223372036854775808
2021-11-30 10:15:28.320,300557.SZ,28.79,100.0,-1,2,14180222,2014,-9223372036854775808,-9223372036854775808
2021-11-30 10:15:28.640,300557.SZ,30.07,500.0,-1,2,14181283,2014,-9223372036854775808,-9223372036854775808
2021-11-30 10:15:31.520,300557.SZ,28.79,700.0,-1,2,14188542,2014,-9223372036854775808,-9223372036854775808
2021-11-30 10:15:31.560,300557.SZ,28.79,800.0,-1,2,14188652,2014,-9223372036854775808,-9223372036854775808
2021-11-30 10:15:32.210,300557.SZ,28.78,100.0,-1,2,14190150,2014,-9223372036854775808,-9223372036854775808
2021-11-30 10:15:37.520,300557.SZ,28.78,700.0,-1,2,14204901,2014,-9223372036854775808,-9223372036854775808
2021-11-30 10:15:37.550,300557.SZ,28.78,800.0,-1,2,14204989,2014,-9223372036854775808,-9223372036854775808
2021-11-30 10:15:41.540,300557.SZ,28.88,5000.0,1,2,14215020,2014,-9223372036854775808,-9223372036854775808
2021-11-30 10:15:44.710,300557.SZ,28.71,500.0,1,2,14223137,2014,-9223372036854775808,-9223372036854775808
2021-11-30 10:15:51.910,300557.SZ,28.7,400.0,-1,2,14244217,2014,-9223372036854775808,-9223372036854775808
2021-11-30 10:16:14.090,300557.SZ,28.2,200.0,1,2,14318919,2014,-9223372036854775808,-9223372036854775808
2021-11-30 10:16:19.160,300557.SZ,28.71,200.0,1,2,14333431,2014,-9223372036854775808,-9223372036854775808
2021-11-30 10:16:23.300,300557.SZ,28.71,400.0,1,2,14345511,2014,-9223372036854775808,-9223372036854775808
2021-11-30 10:16:33.240,300557.SZ,28.79,400.0,-1,2,14372781,2014,-9223372036854775808,-9223372036854775808
2021-11-30 10:16:44.410,300557.SZ,28.79,300.0,1,2,14405248,2014,-9223372036854775808,-9223372036854775808
2021-11-30 10:17:03.140,300557.SZ,28.71,600.0,1,2,14462382,2014,-9223372036854775808,-9223372036854775808
2021-11-30 10:17:07.720,300557.SZ,28.79,300.0,-1,2,14479954,2014,-9223372036854775808,-9223372036854775808
2021-11-30 10:17:25.600,300557.SZ,29.47,100.0,-1,2,14531951,2014,-9223372036854775808,-9223372036854775808
2021-11-30 10:17:48.400,300557.SZ,28.75,100.0,1,2,14591329,2014,-9223372036854775808,-9223372036854775808
2021-11-30 10:17:52.410,300557.SZ,28.75,100.0,-1,2,14602091,2014,-9223372036854775808,-9223372036854775808
2021-11-30 10:17:53.310,300557.SZ,28.7,100.0,1,2,14604431,2014,-9223372036854775808,-9223372036854775808
2021-11-30 10:17:57.330,300557.SZ,28.71,300.0,-1,2,14613323,2014,-9223372036854775808,-9223372036854775808
2021-11-30 10:18:00.380,300557.SZ,28.65,100.0,1,2,14620541,2014,-9223372036854775808,-9223372036854775808
2021-11-30 10:18:03.270,300557.SZ,28.79,200.0,-1,2,14629211,2014,-9223372036854775808,-9223372036854775808
2021-11-30 10:18:05.210,300557.SZ,28.6,100.0,1,2,14636529,2014,-9223372036854775808,-9223372036854775808
2021-11-30 10:18:06.050,300557.SZ,28.71,200.0,1,2,14638689,2014,-9223372036854775808,-9223372036854775808
2021-11-30 10:18:09.610,300557.SZ,28.55,100.0,1,2,14650363,2014,-9223372036854775808,-9223372036854775808
2021-11-30 10:18:13.490,300557.SZ,28.5,100.0,1,2,14661940,2014,-9223372036854775808,-9223372036854775808
2021-11-30 10:18:15.690,300557.SZ,28.71,2000.0,-1,2,14667247,2014,-9223372036854775808,-9223372036854775808
2021-11-30 10:18:17.500,300557.SZ,28.45,100.0,1,2,14672762,2014,-9223372036854775808,-9223372036854775808
2021-11-30 10:18:21.330,300557.SZ,28.4,100.0,1,2,14682965,2014,-9223372036854775808,-9223372036854775808
2021-11-30 10:18:22.960,300557.SZ,28.71,100.0,1,2,14687721,2014,-9223372036854775808,-9223372036854775808
2021-11-30 10:18:23.230,300557.SZ,28.71,100.0,1,2,14688460,2014,-9223372036854775808,-9223372036854775808
2021-11-30 10:18:23.560,300557.SZ,28.71,100.0,1,2,14689096,2014,-9223372036854775808,-9223372036854775808
2021-11-30 10:18:23.800,300557.SZ,28.72,100.0,1,2,14689559,2014,-9223372036854775808,-9223372036854775808
2021-11-30 10:18:25.060,300557.SZ,28.35,100.0,1,2,14693263,2014,-9223372036854775808,-9223372036854775808
2021-11-30 10:18:25.900,300557.SZ,28.68,200.0,1,2,14695604,2014,-9223372036854775808,-9223372036854775808
2021-11-30 10:18:27.830,300557.SZ,28.72,200.0,1,2,14699721,2014,-9223372036854775808,-9223372036854775808
2021-11-30 10:18:28.730,300557.SZ,28.3,100.0,1,2,14702034,2014,-9223372036854775808,-9223372036854775808
2021-11-30 10:18:29.420,300557.SZ,28.68,100.0,1,2,14703605,2014,-9223372036854775808,-9223372036854775808
2021-11-30 10:18:32.750,300557.SZ,28.25,100.0,1,2,14711765,2014,-9223372036854775808,-9223372036854775808
2021-11-30 10:18:33.940,300557.SZ,28.71,100.0,1,2,14714489,2014,-9223372036854775808,-9223372036854775808
2021-11-30 10:18:34.920,300557.SZ,28.68,500.0,-1,2,14717390,2014,-9223372036854775808,-9223372036854775808
2021-11-30 10:18:37.040,300557.SZ,28.2,100.0,1,2,14721861,2014,-9223372036854775808,-9223372036854775808
2021-11-30 10:18:41.200,300557.SZ,28.15,100.0,1,2,14731644,2014,-9223372036854775808,-9223372036854775808
2021-11-30 10:18:45.030,300557.SZ,28.1,100.0,1,2,14741161,2014,-9223372036854775808,-9223372036854775808
2021-11-30 10:18:49.470,300557.SZ,28.05,100.0,1,2,14752569,2014,-9223372036854775808,-9223372036854775808
2021-11-30 10:18:53.230,300557.SZ,28.0,100.0,1,2,14762160,2014,-9223372036854775808,-9223372036854775808
2021-11-30 10:18:58.740,300557.SZ,27.95,100.0,1,2,14776447,2014,-9223372036854775808,-9223372036854775808
2021-11-30 10:18:59.290,300557.SZ,28.71,100.0,1,2,14777519,2014,-9223372036854775808,-9223372036854775808
2021-11-30 10:19:00.530,300557.SZ,28.71,100.0,-1,2,14780496,2014,-9223372036854775808,-9223372036854775808
2021-11-30 10:19:00.780,300557.SZ,28.68,1300.0,-1,2,14781025,2014,-9223372036854775808,-9223372036854775808
2021-11-30 10:19:03.900,300557.SZ,27.9,100.0,1,2,14789672,2014,-9223372036854775808,-9223372036854775808
2021-11-30 10:19:08.660,300557.SZ,28.71,100.0,1,2,14805268,2014,-9223372036854775808,-9223372036854775808
2021-11-30 10:19:09.030,300557.SZ,27.85,100.0,1,2,14806012,2014,-9223372036854775808,-9223372036854775808
2021-11-30 10:19:14.250,300557.SZ,27.8,100.0,1,2,14820936,2014,-9223372036854775808,-9223372036854775808
2021-11-30 10:19:19.120,300557.SZ,28.68,600.0,1,2,14835276,2014,-9223372036854775808,-9223372036854775808
2021-11-30 10:19:19.120,300557.SZ,28.78,3300.0,-1,2,14835293,2014,-9223372036854775808,-9223372036854775808
2021-11-30 10:19:19.120,300557.SZ,28.78,200.0,-1,2,14835294,2014,-9223372036854775808,-9223372036854775808
2021-11-30 10:19:19.120,300557.SZ,28.78,200.0,-1,2,14835295,2014,-9223372036854775808,-9223372036854775808
2021-11-30 10:19:19.120,300557.SZ,28.78,1000.0,-1,2,14835296,2014,-9223372036854775808,-9223372036854775808
2021-11-30 10:19:19.590,300557.SZ,28.68,600.0,1,2,14837137,2014,-9223372036854775808,-9223372036854775808
2021-11-30 10:19:22.830,300557.SZ,27.75,100.0,1,2,14845825,2014,-9223372036854775808,-9223372036854775808
2021-11-30 10:19:27.780,300557.SZ,27.7,100.0,1,2,14858191,2014,-9223372036854775808,-9223372036854775808
2021-11-30 10:19:32.600,300557.SZ,27.65,100.0,1,2,14871562,2014,-9223372036854775808,-9223372036854775808
2021-11-30 10:19:32.620,300557.SZ,28.68,100.0,-1,2,14871589,2014,-9223372036854775808,-9223372036854775808
2021-11-30 10:19:37.280,300557.SZ,27.6,100.0,1,2,14883108,2014,-9223372036854775808,-9223372036854775808
2021-11-30 10:19:41.140,300557.SZ,28.78,2500.0,-1,2,14892418,2014,-9223372036854775808,-9223372036854775808
2021-11-30 10:19:41.860,300557.SZ,27.55,100.0,1,2,14893973,2014,-9223372036854775808,-9223372036854775808
2021-11-30 10:19:46.340,300557.SZ,27.5,100.0,1,2,14905663,2014,-9223372036854775808,-9223372036854775808
2021-11-30 10:19:46.860,300557.SZ,28.68,500.0,1,2,14907021,2014,-9223372036854775808,-9223372036854775808
2021-11-30 10:19:50.010,300557.SZ,28.77,2000.0,-1,2,14914488,2014,-9223372036854775808,-9223372036854775808
2021-11-30 10:19:52.500,300557.SZ,27.45,100.0,1,2,14920708,2014,-9223372036854775808,-9223372036854775808
2021-11-30 10:19:57.500,300557.SZ,27.4,100.0,1,2,14934428,2014,-9223372036854775808,-9223372036854775808
2021-11-30 10:20:03.510,300557.SZ,27.35,100.0,1,2,14951699,2014,-9223372036854775808,-9223372036854775808
2021-11-30 10:20:08.390,300557.SZ,27.3,100.0,1,2,14970738,2014,-9223372036854775808,-9223372036854775808
2021-11-30 10:20:08.550,300557.SZ,30.0,100.0,-1,2,14971275,2014,-9223372036854775808,-9223372036854775808
2021-11-30 10:20:14.260,300557.SZ,27.25,100.0,1,2,14999434,2014,-9223372036854775808,-9223372036854775808
2021-11-30 10:20:18.860,300557.SZ,27.2,100.0,1,2,15016860,2014,-9223372036854775808,-9223372036854775808
2021-11-30 10:20:19.720,300557.SZ,28.43,200.0,1,2,15020905,2014,-9223372036854775808,-9223372036854775808
2021-11-30 10:20:21.780,300557.SZ,28.77,300.0,1,2,15026740,2014,-9223372036854775808,-9223372036854775808
2021-11-30 10:20:23.360,300557.SZ,28.72,2000.0,1,2,15032619,2014,-9223372036854775808,-9223372036854775808
2021-11-30 10:20:23.790,300557.SZ,28.73,100.0,1,2,15033790,2014,-9223372036854775808,-9223372036854775808
2021-11-30 10:20:23.860,300557.SZ,27.15,100.0,1,2,15034021,2014,-9223372036854775808,-9223372036854775808
2021-11-30 10:20:28.550,300557.SZ,27.1,100.0,1,2,15048185,2014,-9223372036854775808,-9223372036854775808
2021-11-30 10:20:32.220,300557.SZ,28.78,2700.0,1,2,15058685,2014,-9223372036854775808,-9223372036854775808
2021-11-30 10:20:32.700,300557.SZ,28.74,100.0,1,2,15059767,2014,-9223372036854775808,-9223372036854775808
2021-11-30 10:20:32.700,300557.SZ,28.74,100.0,1,2,15059768,2014,-9223372036854775808,-9223372036854775808
2021-11-30 10:20:32.700,300557.SZ,28.74,100.0,1,2,15059769,2014,-9223372036854775808,-9223372036854775808
2021-11-30 10:20:32.700,300557.SZ,28.74,100.0,1,2,15059771,2014,-9223372036854775808,-9223372036854775808
2021-11-30 10:20:32.700,300557.SZ,28.74,100.0,1,2,15059772,2014,-9223372036854775808,-9223372036854775808
2021-11-30 10:20:32.740,300557.SZ,28.78,100.0,1,2,15059900,2014,-9223372036854775808,-9223372036854775808
2021-11-30 10:20:32.880,300557.SZ,28.78,100.0,1,2,15060139,2014,-9223372036854775808,-9223372036854775808
2021-11-30 10:20:32.990,300557.SZ,28.75,100.0,1,2,15060400,2014,-9223372036854775808,-9223372036854775808
2021-11-30 10:20:32.990,300557.SZ,28.75,100.0,1,2,15060401,2014,-9223372036854775808,-9223372036854775808
2021-11-30 10:20:33.230,300557.SZ,28.76,100.0,1,2,15060998,2014,-9223372036854775808,-9223372036854775808
2021-11-30 10:20:33.240,300557.SZ,28.78,100.0,1,2,15061018,2014,-9223372036854775808,-9223372036854775808
2021-11-30 10:20:33.240,300557.SZ,28.78,100.0,1,2,15061020,2014,-9223372036854775808,-9223372036854775808
2021-11-30 10:20:33.500,300557.SZ,27.05,100.0,1,2,15061619,2014,-9223372036854775808,-9223372036854775808
2021-11-30 10:20:34.150,300557.SZ,28.78,100.0,1,2,15063619,2014,-9223372036854775808,-9223372036854775808
2021-11-30 10:20:34.150,300557.SZ,28.78,100.0,1,2,15063621,2014,-9223372036854775808,-9223372036854775808
2021-11-30 10:20:34.150,300557.SZ,28.78,100.0,1,2,15063668,2014,-9223372036854775808,-9223372036854775808
2021-11-30 10:20:34.720,300557.SZ,28.78,100.0,1,2,15065436,2014,-9223372036854775808,-9223372036854775808
2021-11-30 10:20:34.720,300557.SZ,28.78,200.0,1,2,15065461,2014,-9223372036854775808,-9223372036854775808
2021-11-30 10:20:37.200,300557.SZ,28.77,400.0,1,2,15071248,2014,-9223372036854775808,-9223372036854775808
2021-11-30 10:20:37.730,300557.SZ,27.0,100.0,1,2,15074328,2014,-9223372036854775808,-9223372036854775808
2021-11-30 10:20:40.780,300557.SZ,28.78,600.0,1,2,15082686,2014,-9223372036854775808,-9223372036854775808
2021-11-30 10:20:40.780,300557.SZ,28.79,500.0,1,2,15082692,2014,-9223372036854775808,-9223372036854775808
2021-11-30 10:20:41.750,300557.SZ,28.77,100.0,1,2,15085546,2014,-9223372036854775808,-9223372036854775808
2021-11-30 10:20:50.150,300557.SZ,28.68,100.0,-1,2,15107360,2014,-9223372036854775808,-9223372036854775808
2021-11-30 10:20:54.750,300557.SZ,28.78,700.0,-1,2,15118274,2014,-9223372036854775808,-9223372036854775808
2021-11-30 10:21:00.110,300557.SZ,28.99,500.0,-1,2,15132671,2014,-9223372036854775808,-9223372036854775808
2021-11-30 10:21:12.160,300557.SZ,28.77,100.0,-1,2,15170846,2014,-9223372036854775808,-9223372036854775808
2021-11-30 10:21:22.700,300557.SZ,28.74,200.0,-1,2,15198393,2014,-9223372036854775808,-9223372036854775808
2021-11-30 10:21:22.770,300557.SZ,28.74,100.0,1,2,15198500,2014,-9223372036854775808,-9223372036854775808
2021-11-30 10:21:28.430,300557.SZ,28.78,200.0,1,2,15212779,2014,-9223372036854775808,-9223372036854775808
2021-11-30 10:21:28.460,300557.SZ,28.69,100.0,1,2,15212881,2014,-9223372036854775808,-9223372036854775808
2021-11-30 10:21:30.330,300557.SZ,28.7,100.0,1,2,15216866,2014,-9223372036854775808,-9223372036854775808
2021-11-30 10:21:31.530,300557.SZ,28.66,100.0,1,2,15220308,2014,-9223372036854775808,-9223372036854775808
2021-11-30 10:21:31.600,300557.SZ,28.71,100.0,1,2,15220551,2014,-9223372036854775808,-9223372036854775808
2021-11-30 10:21:31.610,300557.SZ,28.72,100.0,1,2,15220578,2014,-9223372036854775808,-9223372036854775808
2021-11-30 10:21:34.220,300557.SZ,28.73,1500.0,1,2,15226724,2014,-9223372036854775808,-9223372036854775808
2021-11-30 10:21:34.230,300557.SZ,28.74,100.0,1,2,15226780,2014,-9223372036854775808,-9223372036854775808
2021-11-30 10:21:34.450,300557.SZ,28.74,100.0,1,2,15227398,2014,-9223372036854775808,-9223372036854775808
2021-11-30 10:21:41.990,300557.SZ,28.78,1000.0,1,2,15247740,2014,-9223372036854775808,-9223372036854775808
2021-11-30 10:21:42.000,300557.SZ,28.78,100.0,1,2,15247749,2014,-9223372036854775808,-9223372036854775808
2021-11-30 10:21:45.410,300557.SZ,28.79,100.0,1,2,15256717,2014,-9223372036854775808,-9223372036854775808
2021-11-30 10:21:45.410,300557.SZ,28.79,200.0,1,2,15256718,2014,-9223372036854775808,-9223372036854775808
2021-11-30 10:21:45.410,300557.SZ,28.79,200.0,1,2,15256719,2014,-9223372036854775808,-9223372036854775808
2021-11-30 10:21:45.410,300557.SZ,28.79,100.0,1,2,15256720,2014,-9223372036854775808,-9223372036854775808
2021-11-30 10:21:45.410,300557.SZ,28.79,100.0,1,2,15256721,2014,-9223372036854775808,-9223372036854775808
2021-11-30 10:21:45.410,300557.SZ,28.79,100.0,1,2,15256733,2014,-9223372036854775808,-9223372036854775808
2021-11-30 10:21:47.660,300557.SZ,28.8,100.0,1,2,15262932,2014,-9223372036854775808,-9223372036854775808
2021-11-30 10:21:47.730,300557.SZ,28.8,100.0,1,2,15263072,2014,-9223372036854775808,-9223372036854775808
2021-11-30 10:21:47.990,300557.SZ,28.78,200.0,1,2,15263585,2014,-9223372036854775808,-9223372036854775808
2021-11-30 10:21:57.810,300557.SZ,28.78,100.0,-1,2,15286697,2014,-9223372036854775808,-9223372036854775808
2021-11-30 10:22:12.690,300557.SZ,29.13,500.0,-1,2,15328174,2014,-9223372036854775808,-9223372036854775808
2021-11-30 10:22:16.400,300557.SZ,28.8,100.0,-1,2,15339184,2014,-9223372036854775808,-9223372036854775808
2021-11-30 10:22:20.640,300557.SZ,28.77,300.0,-1,2,15349524,2014,-9223372036854775808,-9223372036854775808
2021-11-30 10:22:34.880,300557.SZ,28.82,200.0,1,2,15381429,2014,-9223372036854775808,-9223372036854775808
2021-11-30 10:22:51.950,300557.SZ,28.78,100.0,1,2,15419743,2014,-9223372036854775808,-9223372036854775808
2021-11-30 10:22:52.950,300557.SZ,28.78,200.0,1,2,15422812,2014,-9223372036854775808,-9223372036854775808
2021-11-30 10:22:55.200,300557.SZ,28.87,100.0,-1,2,15428029,2014,-9223372036854775808,-9223372036854775808
2021-11-30 10:23:21.950,300557.SZ,28.78,100.0,1,2,15498662,2014,-9223372036854775808,-9223372036854775808
2021-11-30 10:23:34.740,300557.SZ,28.82,500.0,1,2,15526419,2014,-9223372036854775808,-9223372036854775808
2021-11-30 10:23:34.820,300557.SZ,28.79,100.0,1,2,15526577,2014,-9223372036854775808,-9223372036854775808
2021-11-30 10:23:55.630,300557.SZ,28.61,10000.0,1,2,15573587,2014,-9223372036854775808,-9223372036854775808
2021-11-30 10:24:28.600,300557.SZ,28.82,100.0,1,2,15666834,2014,-9223372036854775808,-9223372036854775808
2021-11-30 10:24:47.600,300557.SZ,28.81,500.0,-1,2,15711544,2014,-9223372036854775808,-9223372036854775808
2021-11-30 10:24:50.490,300557.SZ,28.82,300.0,1,2,15717641,2014,-9223372036854775808,-9223372036854775808
2021-11-30 10:25:31.840,300557.SZ,28.81,100.0,-1,2,15821271,2014,-9223372036854775808,-9223372036854775808
2021-11-30 10:26:44.420,300557.SZ,28.78,400.0,1,2,15993528,2014,-9223372036854775808,-9223372036854775808
2021-11-30 10:26:52.680,300557.SZ,28.81,800.0,-1,2,16010966,2014,-9223372036854775808,-9223372036854775808
2021-11-30 10:27:25.970,300557.SZ,28.79,400.0,1,2,16092668,2014,-9223372036854775808,-9223372036854775808
2021-11-30 10:27:33.900,300557.SZ,28.77,100.0,-1,2,16108682,2014,-9223372036854775808,-9223372036854775808
2021-11-30 10:27:43.790,300557.SZ,28.79,100.0,-1,2,16129692,2014,-9223372036854775808,-9223372036854775808
2021-11-30 10:27:43.790,300557.SZ,28.79,100.0,-1,2,16129694,2014,-9223372036854775808,-9223372036854775808
2021-11-30 10:27:43.790,300557.SZ,28.79,100.0,-1,2,16129697,2014,-9223372036854775808,-9223372036854775808
2021-11-30 10:27:43.790,300557.SZ,28.79,100.0,-1,2,16129699,2014,-9223372036854775808,-9223372036854775808
2021-11-30 10:27:43.790,300557.SZ,28.79,100.0,-1,2,16129700,2014,-9223372036854775808,-9223372036854775808
2021-11-30 10:27:43.790,300557.SZ,28.79,100.0,-1,2,16129701,2014,-9223372036854775808,-9223372036854775808
2021-11-30 10:27:43.790,300557.SZ,28.79,100.0,-1,2,16129702,2014,-9223372036854775808,-9223372036854775808
2021-11-30 10:27:43.790,300557.SZ,28.79,100.0,-1,2,16129704,2014,-9223372036854775808,-9223372036854775808
2021-11-30 10:27:46.400,300557.SZ,28.79,100.0,-1,2,16135201,2014,-9223372036854775808,-9223372036854775808
2021-11-30 10:28:01.350,300557.SZ,28.77,300.0,-1,2,16167887,2014,-9223372036854775808,-9223372036854775808
2021-11-30 10:28:04.140,300557.SZ,29.39,3500.0,-1,2,16175796,2014,-9223372036854775808,-9223372036854775808
2021-11-30 10:28:22.420,300557.SZ,28.78,100.0,-1,2,16228838,2014,-9223372036854775808,-9223372036854775808
2021-11-30 10:28:52.330,300557.SZ,28.73,800.0,-1,2,16296076,2014,-9223372036854775808,-9223372036854775808
2021-11-30 10:28:52.350,300557.SZ,28.59,1000.0,1,2,16296121,2014,-9223372036854775808,-9223372036854775808
2021-11-30 10:29:13.280,300557.SZ,28.78,2700.0,-1,2,16353976,2014,-9223372036854775808,-9223372036854775808
2021-11-30 10:29:13.740,300557.SZ,28.75,300.0,1,2,16355465,2014,-9223372036854775808,-9223372036854775808
2021-11-30 10:29:37.300,300557.SZ,28.71,1000.0,1,2,16415453,2014,-9223372036854775808,-9223372036854775808
2021-11-30 10:29:51.010,300557.SZ,28.73,800.0,-1,2,16443958,2014,-9223372036854775808,-9223372036854775808
2021-11-30 10:30:27.800,300557.SZ,28.73,100.0,-1,2,16581221,2014,-9223372036854775808,-9223372036854775808
2021-11-30 10:30:35.670,300557.SZ,28.73,1100.0,-1,2,16604359,2014,-9223372036854775808,-9223372036854775808
2021-11-30 10:30:39.100,300557.SZ,28.5,1500.0,1,2,16614161,2014,-9223372036854775808,-9223372036854775808
2021-11-30 10:31:04.210,300557.SZ,28.58,1000.0,1,2,16696422,2014,-9223372036854775808,-9223372036854775808
2021-11-30 10:31:04.450,300557.SZ,28.71,100.0,1,2,16697929,2014,-9223372036854775808,-9223372036854775808
2021-11-30 10:31:04.450,300557.SZ,28.71,100.0,1,2,16697930,2014,-9223372036854775808,-9223372036854775808
2021-11-30 10:31:04.800,300557.SZ,28.71,600.0,-1,2,16699459,2014,-9223372036854775808,-9223372036854775808
2021-11-30 10:31:20.410,300557.SZ,28.62,1000.0,1,2,16760532,2014,-9223372036854775808,-9223372036854775808
2021-11-30 10:31:31.270,300557.SZ,28.62,300.0,1,2,16792171,2014,-9223372036854775808,-9223372036854775808
2021-11-30 10:31:50.680,300557.SZ,28.73,200.0,1,2,16840585,2014,-9223372036854775808,-9223372036854775808
2021-11-30 10:32:07.420,300557.SZ,28.73,100.0,1,2,16885018,2014,-9223372036854775808,-9223372036854775808
2021-11-30 10:32:07.420,300557.SZ,28.73,100.0,1,2,16885026,2014,-9223372036854775808,-9223372036854775808
2021-11-30 10:32:18.940,300557.SZ,28.78,1100.0,1,2,16917638,2014,-9223372036854775808,-9223372036854775808
2021-11-30 10:32:24.180,300557.SZ,28.63,300.0,1,2,16931835,2014,-9223372036854775808,-9223372036854775808
2021-11-30 10:33:03.220,300557.SZ,28.78,1500.0,1,2,17025434,2014,-9223372036854775808,-9223372036854775808
2021-11-30 10:33:03.230,300557.SZ,28.73,100.0,1,2,17025449,2014,-9223372036854775808,-9223372036854775808
2021-11-30 10:33:03.230,300557.SZ,28.73,200.0,1,2,17025451,2014,-9223372036854775808,-9223372036854775808
2021-11-30 10:33:03.280,300557.SZ,28.78,100.0,1,2,17025542,2014,-9223372036854775808,-9223372036854775808
2021-11-30 10:33:03.340,300557.SZ,28.74,100.0,1,2,17025652,2014,-9223372036854775808,-9223372036854775808
2021-11-30 10:33:03.350,300557.SZ,28.74,100.0,1,2,17025667,2014,-9223372036854775808,-9223372036854775808
2021-11-30 10:33:03.350,300557.SZ,28.74,200.0,1,2,17025684,2014,-9223372036854775808,-9223372036854775808
2021-11-30 10:33:03.360,300557.SZ,28.74,200.0,1,2,17025798,2014,-9223372036854775808,-9223372036854775808
2021-11-30 10:33:03.360,300557.SZ,28.74,100.0,1,2,17025832,2014,-9223372036854775808,-9223372036854775808
2021-11-30 10:33:03.560,300557.SZ,28.75,100.0,1,2,17026670,2014,-9223372036854775808,-9223372036854775808
2021-11-30 10:33:03.570,300557.SZ,28.75,100.0,1,2,17026672,2014,-9223372036854775808,-9223372036854775808
2021-11-30 10:33:03.580,300557.SZ,28.75,200.0,1,2,17026710,2014,-9223372036854775808,-9223372036854775808
2021-11-30 10:33:03.590,300557.SZ,28.75,200.0,1,2,17026778,2014,-9223372036854775808,-9223372036854775808
2021-11-30 10:33:03.910,300557.SZ,28.74,200.0,1,2,17027692,2014,-9223372036854775808,-9223372036854775808
2021-11-30 10:33:03.960,300557.SZ,28.79,100.0,1,2,17027768,2014,-9223372036854775808,-9223372036854775808
2021-11-30 10:33:05.050,300557.SZ,28.76,100.0,1,2,17031591,2014,-9223372036854775808,-9223372036854775808
2021-11-30 10:33:05.490,300557.SZ,28.76,100.0,1,2,17032877,2014,-9223372036854775808,-9223372036854775808
2021-11-30 10:33:05.490,300557.SZ,28.76,100.0,1,2,17032878,2014,-9223372036854775808,-9223372036854775808
2021-11-30 10:33:05.500,300557.SZ,28.76,100.0,1,2,17032879,2014,-9223372036854775808,-9223372036854775808
2021-11-30 10:33:07.300,300557.SZ,28.77,100.0,1,2,17039096,2014,-9223372036854775808,-9223372036854775808
2021-11-30 10:33:07.300,300557.SZ,28.77,100.0,1,2,17039097,2014,-9223372036854775808,-9223372036854775808
2021-11-30 10:33:07.300,300557.SZ,28.77,100.0,1,2,17039098,2014,-9223372036854775808,-9223372036854775808
2021-11-30 10:33:07.370,300557.SZ,28.78,100.0,1,2,17039445,2014,-9223372036854775808,-9223372036854775808
2021-11-30 10:33:07.610,300557.SZ,28.79,100.0,1,2,17040498,2014,-9223372036854775808,-9223372036854775808
2021-11-30 10:33:07.610,300557.SZ,28.79,100.0,1,2,17040500,2014,-9223372036854775808,-9223372036854775808
2021-11-30 10:33:07.610,300557.SZ,28.79,100.0,1,2,17040501,2014,-9223372036854775808,-9223372036854775808
2021-11-30 10:33:10.760,300557.SZ,28.81,100.0,1,2,17050235,2014,-9223372036854775808,-9223372036854775808
2021-11-30 10:33:11.090,300557.SZ,28.81,100.0,1,2,17051114,2014,-9223372036854775808,-9223372036854775808
2021-11-30 10:33:11.130,300557.SZ,28.8,100.0,1,2,17051337,2014,-9223372036854775808,-9223372036854775808
2021-11-30 10:33:11.150,300557.SZ,28.82,100.0,1,2,17051375,2014,-9223372036854775808,-9223372036854775808
2021-11-30 10:33:13.450,300557.SZ,28.82,100.0,1,2,17058280,2014,-9223372036854775808,-9223372036854775808
2021-11-30 10:33:13.450,300557.SZ,28.83,100.0,1,2,17058283,2014,-9223372036854775808,-9223372036854775808
2021-11-30 10:33:13.520,300557.SZ,28.82,100.0,1,2,17058442,2014,-9223372036854775808,-9223372036854775808
2021-11-30 10:33:13.700,300557.SZ,28.83,100.0,1,2,17058912,2014,-9223372036854775808,-9223372036854775808
2021-11-30 10:33:13.770,300557.SZ,28.81,600.0,1,2,17059061,2014,-9223372036854775808,-9223372036854775808
2021-11-30 10:33:14.130,300557.SZ,28.82,100.0,1,2,17060062,2014,-9223372036854775808,-9223372036854775808
2021-11-30 10:33:14.130,300557.SZ,28.82,100.0,1,2,17060064,2014,-9223372036854775808,-9223372036854775808
2021-11-30 10:33:14.130,300557.SZ,28.82,100.0,1,2,17060068,2014,-9223372036854775808,-9223372036854775808
2021-11-30 10:33:14.130,300557.SZ,28.82,100.0,1,2,17060070,2014,-9223372036854775808,-9223372036854775808
2021-11-30 10:33:14.140,300557.SZ,28.82,2200.0,1,2,17060083,2014,-9223372036854775808,-9223372036854775808
2021-11-30 10:33:14.960,300557.SZ,28.83,100.0,1,2,17062313,2014,-9223372036854775808,-9223372036854775808
2021-11-30 10:33:14.990,300557.SZ,28.83,200.0,1,2,17062353,2014,-9223372036854775808,-9223372036854775808
2021-11-30 10:33:14.990,300557.SZ,28.83,100.0,1,2,17062354,2014,-9223372036854775808,-9223372036854775808
2021-11-30 10:33:14.990,300557.SZ,28.83,100.0,1,2,17062355,2014,-9223372036854775808,-9223372036854775808
2021-11-30 10:33:14.990,300557.SZ,28.83,100.0,1,2,17062356,2014,-9223372036854775808,-9223372036854775808
2021-11-30 10:33:14.990,300557.SZ,28.83,100.0,1,2,17062357,2014,-9223372036854775808,-9223372036854775808
2021-11-30 10:33:14.990,300557.SZ,28.83,100.0,1,2,17062358,2014,-9223372036854775808,-9223372036854775808
2021-11-30 10:33:16.930,300557.SZ,28.83,100.0,1,2,17068636,2014,-9223372036854775808,-9223372036854775808
2021-11-30 10:33:18.960,300557.SZ,28.83,100.0,1,2,17073382,2014,-9223372036854775808,-9223372036854775808
2021-11-30 10:33:27.790,300557.SZ,28.83,100.0,-1,2,17093759,2014,-9223372036854775808,-9223372036854775808
2021-11-30 10:33:27.790,300557.SZ,28.83,100.0,-1,2,17093761,2014,-9223372036854775808,-9223372036854775808
2021-11-30 10:33:27.790,300557.SZ,28.83,100.0,-1,2,17093763,2014,-9223372036854775808,-9223372036854775808
2021-11-30 10:33:27.790,300557.SZ,28.83,100.0,-1,2,17093765,2014,-9223372036854775808,-9223372036854775808
2021-11-30 10:33:27.790,300557.SZ,28.83,100.0,-1,2,17093767,2014,-9223372036854775808,-9223372036854775808
2021-11-30 10:33:28.380,300557.SZ,27.8,7000.0,1,2,17095215,2014,-9223372036854775808,-9223372036854775808
2021-11-30 10:33:33.750,300557.SZ,28.8,5000.0,-1,2,17106721,2014,-9223372036854775808,-9223372036854775808
2021-11-30 10:33:33.770,300557.SZ,28.61,1000.0,1,2,17106755,2014,-9223372036854775808,-9223372036854775808
2021-11-30 10:33:33.810,300557.SZ,28.8,100.0,1,2,17106865,2014,-9223372036854775808,-9223372036854775808
2021-11-30 10:33:33.840,300557.SZ,28.8,100.0,1,2,17106950,2014,-9223372036854775808,-9223372036854775808
2021-11-30 10:33:37.410,300557.SZ,28.75,100.0,1,2,17115071,2014,-9223372036854775808,-9223372036854775808
2021-11-30 10:33:37.410,300557.SZ,28.75,100.0,1,2,17115072,2014,-9223372036854775808,-9223372036854775808
2021-11-30 10:35:54.380,300557.SZ,28.8,800.0,1,2,17428108,2014,-9223372036854775808,-9223372036854775808
2021-11-30 10:35:54.940,300557.SZ,28.81,100.0,1,2,17429337,2014,-9223372036854775808,-9223372036854775808
2021-11-30 10:36:06.360,300557.SZ,28.76,100.0,1,2,17458591,2014,-9223372036854775808,-9223372036854775808
2021-11-30 10:36:06.460,300557.SZ,28.8,100.0,1,2,17458780,2014,-9223372036854775808,-9223372036854775808
2021-11-30 10:36:12.050,300557.SZ,28.76,100.0,1,2,17477565,2014,-9223372036854775808,-9223372036854775808
2021-11-30 10:36:12.050,300557.SZ,28.76,100.0,1,2,17477567,2014,-9223372036854775808,-9223372036854775808
2021-11-30 10:36:12.410,300557.SZ,28.76,100.0,1,2,17479132,2014,-9223372036854775808,-9223372036854775808
2021-11-30 10:36:12.410,300557.SZ,28.76,100.0,1,2,17479135,2014,-9223372036854775808,-9223372036854775808
2021-11-30 10:36:12.520,300557.SZ,28.76,100.0,1,2,17479511,2014,-9223372036854775808,-9223372036854775808
2021-11-30 10:36:12.520,300557.SZ,28.76,100.0,1,2,17479512,2014,-9223372036854775808,-9223372036854775808
2021-11-30 10:36:12.520,300557.SZ,28.76,100.0,1,2,17479513,2014,-9223372036854775808,-9223372036854775808
2021-11-30 10:36:16.770,300557.SZ,28.8,3400.0,1,2,17495750,2014,-9223372036854775808,-9223372036854775808
2021-11-30 10:36:17.000,300557.SZ,28.8,100.0,1,2,17496385,2014,-9223372036854775808,-9223372036854775808
2021-11-30 10:36:17.020,300557.SZ,28.81,200.0,1,2,17496483,2014,-9223372036854775808,-9223372036854775808
2021-11-30 10:36:17.050,300557.SZ,28.77,600.0,1,2,17496555,2014,-9223372036854775808,-9223372036854775808
2021-11-30 10:36:17.110,300557.SZ,28.82,400.0,1,2,17496732,2014,-9223372036854775808,-9223372036854775808
2021-11-30 10:36:17.210,300557.SZ,28.83,100.0,1,2,17497015,2014,-9223372036854775808,-9223372036854775808
2021-11-30 10:36:17.230,300557.SZ,28.87,100.0,1,2,17497147,2014,-9223372036854775808,-9223372036854775808
2021-11-30 10:36:17.230,300557.SZ,28.87,100.0,1,2,17497149,2014,-9223372036854775808,-9223372036854775808
2021-11-30 10:36:17.230,300557.SZ,28.87,200.0,1,2,17497151,2014,-9223372036854775808,-9223372036854775808
2021-11-30 10:36:17.230,300557.SZ,28.87,100.0,1,2,17497153,2014,-9223372036854775808,-9223372036854775808
2021-11-30 10:36:17.540,300557.SZ,28.8,400.0,1,2,17497978,2014,-9223372036854775808,-9223372036854775808
2021-11-30 10:36:17.550,300557.SZ,28.84,100.0,1,2,17498001,2014,-9223372036854775808,-9223372036854775808
2021-11-30 10:36:17.700,300557.SZ,28.85,4000.0,1,2,17498413,2014,-9223372036854775808,-9223372036854775808
2021-11-30 10:36:17.880,300557.SZ,28.87,100.0,1,2,17498750,2014,-9223372036854775808,-9223372036854775808
2021-11-30 10:36:18.490,300557.SZ,29.08,1000.0,1,2,17500768,2014,-9223372036854775808,-9223372036854775808
2021-11-30 10:36:18.490,300557.SZ,28.88,200.0,1,2,17500775,2014,-9223372036854775808,-9223372036854775808
2021-11-30 10:36:22.700,300557.SZ,28.95,600.0,-1,2,17514276,2014,-9223372036854775808,-9223372036854775808
2021-11-30 10:36:22.700,300557.SZ,28.95,2300.0,-1,2,17514277,2014,-9223372036854775808,-9223372036854775808
2021-11-30 10:36:22.830,300557.SZ,28.87,4000.0,1,2,17514492,2014,-9223372036854775808,-9223372036854775808
2021-11-30 10:36:24.040,300557.SZ,28.85,100.0,1,2,17517379,2014,-9223372036854775808,-9223372036854775808
2021-11-30 10:36:24.050,300557.SZ,28.85,100.0,1,2,17517382,2014,-9223372036854775808,-9223372036854775808
2021-11-30 10:36:30.300,300557.SZ,28.88,100.0,1,2,17531941,2014,-9223372036854775808,-9223372036854775808
2021-11-30 10:36:30.320,300557.SZ,28.88,100.0,1,2,17532004,2014,-9223372036854775808,-9223372036854775808
2021-11-30 10:36:30.320,300557.SZ,28.89,100.0,1,2,17532020,2014,-9223372036854775808,-9223372036854775808
2021-11-30 10:36:30.330,300557.SZ,28.9,100.0,1,2,17532029,2014,-9223372036854775808,-9223372036854775808
2021-11-30 10:36:30.340,300557.SZ,28.9,100.0,1,2,17532070,2014,-9223372036854775808,-9223372036854775808
2021-11-30 10:36:30.340,300557.SZ,28.9,100.0,1,2,17532076,2014,-9223372036854775808,-9223372036854775808
2021-11-30 10:36:30.710,300557.SZ,28.9,100.0,1,2,17533155,2014,-9223372036854775808,-9223372036854775808
2021-11-30 10:36:30.720,300557.SZ,28.91,100.0,1,2,17533175,2014,-9223372036854775808,-9223372036854775808
2021-11-30 10:36:30.720,300557.SZ,28.91,100.0,1,2,17533202,2014,-9223372036854775808,-9223372036854775808
2021-11-30 10:36:30.730,300557.SZ,28.9,100.0,1,2,17533218,2014,-9223372036854775808,-9223372036854775808
2021-11-30 10:36:30.730,300557.SZ,28.91,100.0,1,2,17533233,2014,-9223372036854775808,-9223372036854775808
2021-11-30 10:36:30.750,300557.SZ,28.91,100.0,1,2,17533265,2014,-9223372036854775808,-9223372036854775808
2021-11-30 10:36:31.340,300557.SZ,28.93,100.0,1,2,17535027,2014,-9223372036854775808,-9223372036854775808
2021-11-30 10:36:31.420,300557.SZ,28.87,100.0,1,2,17535283,2014,-9223372036854775808,-9223372036854775808
2021-11-30 10:36:31.420,300557.SZ,28.87,100.0,1,2,17535284,2014,-9223372036854775808,-9223372036854775808
2021-11-30 10:36:57.050,300557.SZ,28.91,200.0,-1,2,17594980,2014,-9223372036854775808,-9223372036854775808
2021-11-30 10:37:01.700,300557.SZ,28.89,300.0,-1,2,17604831,2014,-9223372036854775808,-9223372036854775808
2021-11-30 10:37:01.710,300557.SZ,28.95,1400.0,-1,2,17604839,2014,-9223372036854775808,-9223372036854775808
2021-11-30 10:37:01.710,300557.SZ,28.95,2000.0,-1,2,17604840,2014,-9223372036854775808,-9223372036854775808
2021-11-30 10:37:01.710,300557.SZ,28.95,1700.0,-1,2,17604841,2014,-9223372036854775808,-9223372036854775808
2021-11-30 10:37:01.710,300557.SZ,28.95,1100.0,-1,2,17604842,2014,-9223372036854775808,-9223372036854775808
2021-11-30 10:37:01.710,300557.SZ,28.95,1200.0,-1,2,17604843,2014,-9223372036854775808,-9223372036854775808
2021-11-30 10:37:02.350,300557.SZ,28.95,1100.0,-1,2,17606146,2014,-9223372036854775808,-9223372036854775808
2021-11-30 10:37:02.350,300557.SZ,28.95,1200.0,-1,2,17606147,2014,-9223372036854775808,-9223372036854775808
2021-11-30 10:37:02.350,300557.SZ,28.95,1400.0,-1,2,17606149,2014,-9223372036854775808,-9223372036854775808
2021-11-30 10:37:02.350,300557.SZ,28.95,1100.0,-1,2,17606150,2014,-9223372036854775808,-9223372036854775808
2021-11-30 10:37:02.350,300557.SZ,28.95,2600.0,-1,2,17606151,2014,-9223372036854775808,-9223372036854775808
2021-11-30 10:37:03.060,300557.SZ,28.93,1100.0,1,2,17607476,2014,-9223372036854775808,-9223372036854775808
2021-11-30 10:37:03.060,300557.SZ,28.93,200.0,-1,2,17607485,2014,-9223372036854775808,-9223372036854775808
2021-11-30 10:37:03.060,300557.SZ,28.93,300.0,-1,2,17607487,2014,-9223372036854775808,-9223372036854775808
2021-11-30 10:37:03.060,300557.SZ,28.93,200.0,-1,2,17607489,2014,-9223372036854775808,-9223372036854775808
2021-11-30 10:37:03.060,300557.SZ,28.93,700.0,-1,2,17607491,2014,-9223372036854775808,-9223372036854775808
2021-11-30 10:37:03.060,300557.SZ,28.93,400.0,-1,2,17607492,2014,-9223372036854775808,-9223372036854775808
2021-11-30 10:37:03.060,300557.SZ,28.93,400.0,-1,2,17607493,2014,-9223372036854775808,-9223372036854775808
2021-11-30 10:37:03.060,300557.SZ,28.93,300.0,-1,2,17607494,2014,-9223372036854775808,-9223372036854775808
2021-11-30 10:37:03.060,300557.SZ,28.93,700.0,-1,2,17607495,2014,-9223372036854775808,-9223372036854775808
2021-11-30 10:37:03.300,300557.SZ,28.89,300.0,-1,2,17608051,2014,-9223372036854775808,-9223372036854775808
2021-11-30 10:37:07.340,300557.SZ,28.91,200.0,1,2,17619211,2014,-9223372036854775808,-9223372036854775808
2021-11-30 10:37:17.410,300557.SZ,28.87,1000.0,1,2,17643517,2014,-9223372036854775808,-9223372036854775808
2021-11-30 10:37:17.420,300557.SZ,28.95,1100.0,-1,2,17643535,2014,-9223372036854775808,-9223372036854775808
2021-11-30 10:37:17.420,300557.SZ,28.95,1200.0,-1,2,17643536,2014,-9223372036854775808,-9223372036854775808
2021-11-30 10:37:17.420,300557.SZ,28.95,1400.0,-1,2,17643537,2014,-9223372036854775808,-9223372036854775808
2021-11-30 10:37:17.420,300557.SZ,28.95,1100.0,-1,2,17643538,2014,-9223372036854775808,-9223372036854775808
2021-11-30 10:37:17.420,300557.SZ,28.95,2600.0,-1,2,17643539,2014,-9223372036854775808,-9223372036854775808
2021-11-30 10:37:28.670,300557.SZ,28.95,3700.0,-1,2,17668135,2014,-9223372036854775808,-9223372036854775808
2021-11-30 10:37:28.670,300557.SZ,28.95,1400.0,-1,2,17668136,2014,-9223372036854775808,-9223372036854775808
2021-11-30 10:37:28.670,300557.SZ,28.95,400.0,-1,2,17668137,2014,-9223372036854775808,-9223372036854775808
2021-11-30 10:37:28.670,300557.SZ,28.95,3300.0,-1,2,17668138,2014,-9223372036854775808,-9223372036854775808
2021-11-30 10:37:28.670,300557.SZ,28.95,1100.0,-1,2,17668139,2014,-9223372036854775808,-9223372036854775808
2021-11-30 10:37:28.670,300557.SZ,28.95,1200.0,-1,2,17668140,2014,-9223372036854775808,-9223372036854775808
2021-11-30 10:37:35.980,300557.SZ,28.9,5000.0,-1,2,17683219,2014,-9223372036854775808,-9223372036854775808
2021-11-30 10:37:40.830,300557.SZ,28.98,500.0,-1,2,17692365,2014,-9223372036854775808,-9223372036854775808
2021-11-30 10:37:44.330,300557.SZ,28.87,300.0,1,2,17699008,2014,-9223372036854775808,-9223372036854775808
2021-11-30 10:37:58.320,300557.SZ,28.9,4600.0,1,2,17722615,2014,-9223372036854775808,-9223372036854775808
2021-11-30 10:37:58.590,300557.SZ,28.88,2200.0,1,2,17723109,2014,-9223372036854775808,-9223372036854775808
2021-11-30 10:37:58.690,300557.SZ,28.9,200.0,1,2,17723258,2014,-9223372036854775808,-9223372036854775808
2021-11-30 10:37:58.730,300557.SZ,28.9,100.0,1,2,17723336,2014,-9223372036854775808,-9223372036854775808
2021-11-30 10:37:58.730,300557.SZ,28.9,100.0,1,2,17723338,2014,-9223372036854775808,-9223372036854775808
2021-11-30 10:37:58.810,300557.SZ,28.86,300.0,-1,2,17723482,2014,-9223372036854775808,-9223372036854775808
2021-11-30 10:37:58.840,300557.SZ,28.9,100.0,1,2,17723546,2014,-9223372036854775808,-9223372036854775808
2021-11-30 10:37:58.840,300557.SZ,28.9,100.0,1,2,17723548,2014,-9223372036854775808,-9223372036854775808
2021-11-30 10:37:58.840,300557.SZ,28.9,100.0,1,2,17723549,2014,-9223372036854775808,-9223372036854775808
2021-11-30 10:37:59.000,300557.SZ,28.91,200.0,1,2,17723819,2014,-9223372036854775808,-9223372036854775808
2021-11-30 10:37:59.010,300557.SZ,28.91,200.0,1,2,17723828,2014,-9223372036854775808,-9223372036854775808
2021-11-30 10:37:59.340,300557.SZ,28.91,200.0,1,2,17724382,2014,-9223372036854775808,-9223372036854775808
2021-11-30 10:38:00.230,300557.SZ,28.92,400.0,1,2,17725942,2014,-9223372036854775808,-9223372036854775808
2021-11-30 10:38:00.280,300557.SZ,28.93,100.0,1,2,17726002,2014,-9223372036854775808,-9223372036854775808
2021-11-30 10:38:00.280,300557.SZ,28.93,100.0,1,2,17726005,2014,-9223372036854775808,-9223372036854775808
2021-11-30 10:38:00.280,300557.SZ,28.93,100.0,1,2,17726008,2014,-9223372036854775808,-9223372036854775808
2021-11-30 10:38:02.840,300557.SZ,28.94,100.0,1,2,17731079,2014,-9223372036854775808,-9223372036854775808
2021-11-30 10:38:02.920,300557.SZ,28.96,100.0,1,2,17731212,2014,-9223372036854775808,-9223372036854775808
2021-11-30 10:38:03.040,300557.SZ,28.87,100.0,1,2,17731509,2014,-9223372036854775808,-9223372036854775808
2021-11-30 10:38:03.040,300557.SZ,28.87,100.0,1,2,17731510,2014,-9223372036854775808,-9223372036854775808
2021-11-30 10:38:06.810,300557.SZ,28.88,1000.0,1,2,17740302,2014,-9223372036854775808,-9223372036854775808
2021-11-30 10:38:25.370,300557.SZ,28.88,100.0,1,2,17780046,2014,-9223372036854775808,-9223372036854775808
2021-11-30 10:38:25.370,300557.SZ,28.88,100.0,1,2,17780047,2014,-9223372036854775808,-9223372036854775808
2021-11-30 10:38:26.780,300557.SZ,28.96,200.0,-1,2,17782805,2014,-9223372036854775808,-9223372036854775808
2021-11-30 10:38:33.760,300557.SZ,28.89,1000.0,1,2,17796532,2014,-9223372036854775808,-9223372036854775808
2021-11-30 10:38:37.370,300557.SZ,28.89,100.0,1,2,17804069,2014,-9223372036854775808,-9223372036854775808
2021-11-30 10:38:37.370,300557.SZ,28.89,100.0,1,2,17804070,2014,-9223372036854775808,-9223372036854775808
2021-11-30 10:38:38.230,300557.SZ,28.95,3000.0,-1,2,17805699,2014,-9223372036854775808,-9223372036854775808
2021-11-30 10:38:47.800,300557.SZ,28.95,2000.0,-1,2,17824908,2014,-9223372036854775808,-9223372036854775808
2021-11-30 10:38:47.910,300557.SZ,28.95,3000.0,-1,2,17825070,2014,-9223372036854775808,-9223372036854775808
2021-11-30 10:39:06.490,300557.SZ,28.98,200.0,-1,2,17864267,2014,-9223372036854775808,-9223372036854775808
2021-11-30 10:39:10.190,300557.SZ,28.92,600.0,-1,2,17873317,2014,-9223372036854775808,-9223372036854775808
2021-11-30 10:39:18.370,300557.SZ,28.96,100.0,-1,2,17892704,2014,-9223372036854775808,-9223372036854775808
2021-11-30 10:39:39.190,300557.SZ,28.89,700.0,1,2,17936401,2014,-9223372036854775808,-9223372036854775808
2021-11-30 10:40:15.290,300557.SZ,28.94,200.0,-1,2,18036594,2014,-9223372036854775808,-9223372036854775808
2021-11-30 10:40:20.930,300557.SZ,28.89,200.0,1,2,18053965,2014,-9223372036854775808,-9223372036854775808
2021-11-30 10:40:34.430,300557.SZ,28.94,1000.0,-1,2,18085923,2014,-9223372036854775808,-9223372036854775808
2021-11-30 10:40:37.640,300557.SZ,28.94,1600.0,-1,2,18092150,2014,-9223372036854775808,-9223372036854775808
2021-11-30 10:40:42.960,300557.SZ,28.89,500.0,1,2,18103490,2014,-9223372036854775808,-9223372036854775808
2021-11-30 10:41:09.430,300557.SZ,28.94,500.0,1,2,18170155,2014,-9223372036854775808,-9223372036854775808
2021-11-30 10:41:09.510,300557.SZ,28.9,100.0,1,2,18170357,2014,-9223372036854775808,-9223372036854775808
2021-11-30 10:41:46.820,300557.SZ,28.94,1000.0,-1,2,18258627,2014,-9223372036854775808,-9223372036854775808
2021-11-30 10:41:52.090,300557.SZ,28.94,400.0,-1,2,18270745,2014,-9223372036854775808,-9223372036854775808
2021-11-30 10:42:18.990,300557.SZ,28.89,200.0,-1,2,18345823,2014,-9223372036854775808,-9223372036854775808
2021-11-30 10:42:37.870,300557.SZ,28.6,500.0,1,2,18387708,2014,-9223372036854775808,-9223372036854775808
2021-11-30 10:42:38.900,300557.SZ,28.98,3000.0,-1,2,18389614,2014,-9223372036854775808,-9223372036854775808
2021-11-30 10:43:01.580,300557.SZ,28.89,600.0,-1,2,18435528,2014,-9223372036854775808,-9223372036854775808
2021-11-30 10:43:03.150,300557.SZ,29.1,200.0,-1,2,18439153,2014,-9223372036854775808,-9223372036854775808
2021-11-30 10:43:07.700,300557.SZ,28.9,100.0,-1,2,18452182,2014,-9223372036854775808,-9223372036854775808
2021-11-30 10:43:27.430,300557.SZ,28.9,100.0,-1,2,18496601,2014,-9223372036854775808,-9223372036854775808
2021-11-30 10:44:18.900,300557.SZ,28.98,3000.0,-1,2,18606906,2014,-9223372036854775808,-9223372036854775808
2021-11-30 10:44:28.180,300557.SZ,28.89,100.0,-1,2,18625257,2014,-9223372036854775808,-9223372036854775808
2021-11-30 10:44:56.950,300557.SZ,28.58,100.0,1,2,18683268,2014,-9223372036854775808,-9223372036854775808
2021-11-30 10:45:07.360,300557.SZ,28.89,800.0,-1,2,18709973,2014,-9223372036854775808,-9223372036854775808
2021-11-30 10:45:18.530,300557.SZ,28.93,200.0,-1,2,18738566,2014,-9223372036854775808,-9223372036854775808
2021-11-30 10:45:31.780,300557.SZ,28.9,600.0,1,2,18770874,2014,-9223372036854775808,-9223372036854775808
2021-11-30 10:45:46.810,300557.SZ,28.93,900.0,1,2,18803359,2014,-9223372036854775808,-9223372036854775808
2021-11-30 10:46:00.810,300557.SZ,28.95,700.0,1,2,18833576,2014,-9223372036854775808,-9223372036854775808
2021-11-30 10:46:00.860,300557.SZ,28.88,100.0,1,2,18833721,2014,-9223372036854775808,-9223372036854775808
2021-11-30 10:46:00.860,300557.SZ,28.89,100.0,1,2,18833727,2014,-9223372036854775808,-9223372036854775808
2021-11-30 10:47:22.900,300557.SZ,28.94,800.0,1,2,19020722,2014,-9223372036854775808,-9223372036854775808
2021-11-30 10:47:43.900,300557.SZ,29.5,2000.0,-1,2,19063083,2014,-9223372036854775808,-9223372036854775808
2021-11-30 10:48:09.920,300557.SZ,29.1,2000.0,-1,2,19120758,2014,-9223372036854775808,-9223372036854775808
2021-11-30 10:48:37.950,300557.SZ,28.89,100.0,1,2,19185908,2014,-9223372036854775808,-9223372036854775808
2021-11-30 10:48:41.870,300557.SZ,28.89,3000.0,-1,2,19193493,2014,-9223372036854775808,-9223372036854775808
2021-11-30 10:48:41.980,300557.SZ,28.89,100.0,1,2,19193713,2014,-9223372036854775808,-9223372036854775808
2021-11-30 10:48:46.350,300557.SZ,28.89,200.0,1,2,19202378,2014,-9223372036854775808,-9223372036854775808
2021-11-30 10:48:52.040,300557.SZ,28.89,2200.0,1,2,19213744,2014,-9223372036854775808,-9223372036854775808
2021-11-30 10:48:52.050,300557.SZ,28.88,100.0,1,2,19213771,2014,-9223372036854775808,-9223372036854775808
2021-11-30 10:48:52.070,300557.SZ,28.88,100.0,1,2,19213817,2014,-9223372036854775808,-9223372036854775808
2021-11-30 10:48:52.070,300557.SZ,28.88,100.0,1,2,19213818,2014,-9223372036854775808,-9223372036854775808
2021-11-30 10:48:52.080,300557.SZ,28.88,100.0,1,2,19213830,2014,-9223372036854775808,-9223372036854775808
2021-11-30 10:48:52.080,300557.SZ,28.88,100.0,1,2,19213831,2014,-9223372036854775808,-9223372036854775808
2021-11-30 10:48:52.080,300557.SZ,28.88,200.0,1,2,19213849,2014,-9223372036854775808,-9223372036854775808
2021-11-30 10:48:52.090,300557.SZ,28.88,100.0,1,2,19213864,2014,-9223372036854775808,-9223372036854775808
2021-11-30 10:48:52.090,300557.SZ,28.88,100.0,1,2,19213906,2014,-9223372036854775808,-9223372036854775808
2021-11-30 10:48:52.090,300557.SZ,28.88,100.0,1,2,19213907,2014,-9223372036854775808,-9223372036854775808
2021-11-30 10:48:52.130,300557.SZ,28.88,100.0,1,2,19214028,2014,-9223372036854775808,-9223372036854775808
2021-11-30 10:48:52.140,300557.SZ,28.89,100.0,1,2,19214121,2014,-9223372036854775808,-9223372036854775808
2021-11-30 10:48:52.250,300557.SZ,28.89,100.0,1,2,19214346,2014,-9223372036854775808,-9223372036854775808
2021-11-30 10:48:52.410,300557.SZ,28.89,100.0,1,2,19214742,2014,-9223372036854775808,-9223372036854775808
2021-11-30 10:48:52.530,300557.SZ,28.89,100.0,1,2,19215030,2014,-9223372036854775808,-9223372036854775808
2021-11-30 10:48:53.590,300557.SZ,28.9,400.0,1,2,19216878,2014,-9223372036854775808,-9223372036854775808
2021-11-30 10:49:04.670,300557.SZ,28.94,800.0,1,2,19240123,2014,-9223372036854775808,-9223372036854775808
2021-11-30 10:49:04.790,300557.SZ,28.94,100.0,1,2,19240295,2014,-9223372036854775808,-9223372036854775808
2021-11-30 10:49:05.100,300557.SZ,28.91,300.0,1,2,19241045,2014,-9223372036854775808,-9223372036854775808
2021-11-30 10:49:05.180,300557.SZ,28.94,100.0,1,2,19241318,2014,-9223372036854775808,-9223372036854775808
2021-11-30 10:49:05.240,300557.SZ,28.94,100.0,1,2,19241490,2014,-9223372036854775808,-9223372036854775808
2021-11-30 10:49:05.250,300557.SZ,28.94,100.0,1,2,19241502,2014,-9223372036854775808,-9223372036854775808
2021-11-30 10:49:05.250,300557.SZ,28.94,100.0,1,2,19241512,2014,-9223372036854775808,-9223372036854775808
2021-11-30 10:49:05.320,300557.SZ,28.94,100.0,1,2,19241738,2014,-9223372036854775808,-9223372036854775808
2021-11-30 10:49:05.320,300557.SZ,28.94,100.0,1,2,19241741,2014,-9223372036854775808,-9223372036854775808
2021-11-30 10:49:05.330,300557.SZ,28.91,200.0,1,2,19241759,2014,-9223372036854775808,-9223372036854775808
2021-11-30 10:49:05.330,300557.SZ,28.91,100.0,1,2,19241766,2014,-9223372036854775808,-9223372036854775808
2021-11-30 10:49:05.380,300557.SZ,28.91,100.0,1,2,19241869,2014,-9223372036854775808,-9223372036854775808
2021-11-30 10:49:05.380,300557.SZ,28.91,100.0,1,2,19241873,2014,-9223372036854775808,-9223372036854775808
2021-11-30 10:49:05.420,300557.SZ,28.91,100.0,1,2,19241927,2014,-9223372036854775808,-9223372036854775808
2021-11-30 10:49:05.420,300557.SZ,28.91,100.0,1,2,19241929,2014,-9223372036854775808,-9223372036854775808
2021-11-30 10:49:05.430,300557.SZ,28.91,100.0,1,2,19241947,2014,-9223372036854775808,-9223372036854775808
2021-11-30 10:49:05.440,300557.SZ,28.91,100.0,1,2,19241964,2014,-9223372036854775808,-9223372036854775808
2021-11-30 10:49:06.040,300557.SZ,28.91,100.0,1,2,19243143,2014,-9223372036854775808,-9223372036854775808
2021-11-30 10:49:06.040,300557.SZ,28.91,100.0,1,2,19243151,2014,-9223372036854775808,-9223372036854775808
2021-11-30 10:49:06.190,300557.SZ,28.91,100.0,1,2,19243631,2014,-9223372036854775808,-9223372036854775808
2021-11-30 10:49:10.040,300557.SZ,28.94,100.0,1,2,19253102,2014,-9223372036854775808,-9223372036854775808
2021-11-30 10:49:10.390,300557.SZ,28.91,100.0,1,2,19254276,2014,-9223372036854775808,-9223372036854775808
2021-11-30 10:49:10.390,300557.SZ,28.91,100.0,1,2,19254278,2014,-9223372036854775808,-9223372036854775808
2021-11-30 10:49:10.390,300557.SZ,28.91,100.0,1,2,19254280,2014,-9223372036854775808,-9223372036854775808
2021-11-30 10:49:11.580,300557.SZ,28.92,400.0,1,2,19256522,2014,-9223372036854775808,-9223372036854775808
2021-11-30 10:49:11.590,300557.SZ,28.92,100.0,1,2,19256543,2014,-9223372036854775808,-9223372036854775808
2021-11-30 10:49:11.590,300557.SZ,28.92,100.0,1,2,19256544,2014,-9223372036854775808,-9223372036854775808
2021-11-30 10:49:11.600,300557.SZ,28.92,100.0,1,2,19256559,2014,-9223372036854775808,-9223372036854775808
2021-11-30 10:49:11.600,300557.SZ,28.92,100.0,1,2,19256566,2014,-9223372036854775808,-9223372036854775808
2021-11-30 10:49:11.610,300557.SZ,28.92,100.0,1,2,19256584,2014,-9223372036854775808,-9223372036854775808
2021-11-30 10:49:11.640,300557.SZ,28.92,100.0,1,2,19256632,2014,-9223372036854775808,-9223372036854775808
2021-11-30 10:49:11.680,300557.SZ,28.92,100.0,1,2,19256696,2014,-9223372036854775808,-9223372036854775808
2021-11-30 10:49:11.690,300557.SZ,28.92,100.0,1,2,19256725,2014,-9223372036854775808,-9223372036854775808
2021-11-30 10:49:11.740,300557.SZ,28.92,100.0,1,2,19256814,2014,-9223372036854775808,-9223372036854775808
2021-11-30 10:49:11.740,300557.SZ,28.92,100.0,1,2,19256815,2014,-9223372036854775808,-9223372036854775808
2021-11-30 10:49:11.780,300557.SZ,28.92,100.0,1,2,19256857,2014,-9223372036854775808,-9223372036854775808
2021-11-30 10:49:15.050,300557.SZ,28.92,100.0,1,2,19263298,2014,-9223372036854775808,-9223372036854775808
2021-11-30 10:49:21.100,300557.SZ,28.94,100.0,1,2,19275768,2014,-9223372036854775808,-9223372036854775808
2021-11-30 10:49:21.790,300557.SZ,28.94,300.0,1,2,19277023,2014,-9223372036854775808,-9223372036854775808
2021-11-30 10:49:24.040,300557.SZ,28.92,100.0,1,2,19280936,2014,-9223372036854775808,-9223372036854775808
2021-11-30 10:49:24.040,300557.SZ,28.92,100.0,1,2,19280937,2014,-9223372036854775808,-9223372036854775808
2021-11-30 10:49:25.390,300557.SZ,28.92,100.0,1,2,19284061,2014,-9223372036854775808,-9223372036854775808
2021-11-30 10:50:00.020,300557.SZ,28.94,200.0,-1,2,19346577,2014,-9223372036854775808,-9223372036854775808
2021-11-30 10:50:12.830,300557.SZ,28.92,1000.0,-1,2,19382691,2014,-9223372036854775808,-9223372036854775808
2021-11-30 10:50:13.770,300557.SZ,28.94,1500.0,1,2,19385221,2014,-9223372036854775808,-9223372036854775808
2021-11-30 10:50:20.470,300557.SZ,29.0,1800.0,-1,2,19401859,2014,-9223372036854775808,-9223372036854775808
2021-11-30 10:50:23.730,300557.SZ,28.98,1000.0,-1,2,19409996,2014,-9223372036854775808,-9223372036854775808
2021-11-30 10:50:29.900,300557.SZ,28.94,400.0,1,2,19422029,2014,-9223372036854775808,-9223372036854775808
2021-11-30 10:50:31.530,300557.SZ,28.95,800.0,1,2,19425538,2014,-9223372036854775808,-9223372036854775808
2021-11-30 10:50:57.180,300557.SZ,29.12,300.0,-1,2,19476544,2014,-9223372036854775808,-9223372036854775808
2021-11-30 10:51:24.020,300557.SZ,28.92,2000.0,-1,2,19548995,2014,-9223372036854775808,-9223372036854775808
2021-11-30 10:51:45.520,300557.SZ,28.96,200.0,-1,2,19590779,2014,-9223372036854775808,-9223372036854775808
2021-11-30 10:52:06.970,300557.SZ,28.96,300.0,1,2,19630183,2014,-9223372036854775808,-9223372036854775808
2021-11-30 10:53:04.980,300557.SZ,28.91,700.0,1,2,19735708,2014,-9223372036854775808,-9223372036854775808
2021-11-30 10:53:16.500,300557.SZ,28.96,1100.0,1,2,19762189,2014,-9223372036854775808,-9223372036854775808
2021-11-30 10:53:54.440,300557.SZ,28.98,400.0,1,2,19831394,2014,-9223372036854775808,-9223372036854775808
2021-11-30 10:54:01.550,300557.SZ,28.98,3000.0,-1,2,19846070,2014,-9223372036854775808,-9223372036854775808
2021-11-30 10:54:13.800,300557.SZ,28.95,200.0,-1,2,19874424,2014,-9223372036854775808,-9223372036854775808
2021-11-30 10:54:14.040,300557.SZ,28.97,2200.0,-1,2,19874947,2014,-9223372036854775808,-9223372036854775808
2021-11-30 10:54:17.220,300557.SZ,28.98,800.0,1,2,19881592,2014,-9223372036854775808,-9223372036854775808
2021-11-30 10:55:24.000,300557.SZ,28.91,100.0,1,2,20011680,2014,-9223372036854775808,-9223372036854775808
2021-11-30 10:55:30.330,300557.SZ,28.92,100.0,1,2,20023090,2014,-9223372036854775808,-9223372036854775808
2021-11-30 10:56:19.940,300557.SZ,28.97,100.0,1,2,20124230,2014,-9223372036854775808,-9223372036854775808
2021-11-30 10:56:20.830,300557.SZ,28.98,1000.0,-1,2,20125863,2014,-9223372036854775808,-9223372036854775808
2021-11-30 10:56:33.210,300557.SZ,28.76,1500.0,1,2,20147719,2014,-9223372036854775808,-9223372036854775808
2021-11-30 10:56:44.180,300557.SZ,29.05,200.0,-1,2,20167012,2014,-9223372036854775808,-9223372036854775808
2021-11-30 10:56:53.870,300557.SZ,28.97,1600.0,-1,2,20183322,2014,-9223372036854775808,-9223372036854775808
2021-11-30 10:57:14.190,300557.SZ,28.92,200.0,-1,2,20226601,2014,-9223372036854775808,-9223372036854775808
2021-11-30 10:57:14.210,300557.SZ,28.75,1000.0,1,2,20226634,2014,-9223372036854775808,-9223372036854775808
2021-11-30 10:57:35.770,300557.SZ,28.97,1200.0,-1,2,20263513,2014,-9223372036854775808,-9223372036854775808
2021-11-30 10:57:45.200,300557.SZ,28.91,200.0,-1,2,20277798,2014,-9223372036854775808,-9223372036854775808
2021-11-30 10:58:15.110,300557.SZ,28.91,100.0,-1,2,20336795,2014,-9223372036854775808,-9223372036854775808
2021-11-30 10:58:18.720,300557.SZ,28.91,500.0,1,2,20343346,2014,-9223372036854775808,-9223372036854775808
2021-11-30 10:58:26.700,300557.SZ,29.2,100.0,1,2,20356994,2014,-9223372036854775808,-9223372036854775808
2021-11-30 10:58:37.310,300557.SZ,28.89,900.0,1,2,20376688,2014,-9223372036854775808,-9223372036854775808
2021-11-30 10:58:54.960,300557.SZ,28.92,300.0,-1,2,20407441,2014,-9223372036854775808,-9223372036854775808
2021-11-30 10:59:01.970,300557.SZ,29.2,300.0,1,2,20420500,2014,-9223372036854775808,-9223372036854775808
2021-11-30 10:59:05.610,300557.SZ,29.0,100.0,-1,2,20428723,2014,-9223372036854775808,-9223372036854775808
2021-11-30 10:59:42.510,300557.SZ,29.05,100.0,-1,2,20493200,2014,-9223372036854775808,-9223372036854775808
2021-11-30 10:59:42.710,300557.SZ,28.96,200.0,-1,2,20493564,2014,-9223372036854775808,-9223372036854775808
2021-11-30 10:59:52.380,300557.SZ,28.96,300.0,-1,2,20510701,2014,-9223372036854775808,-9223372036854775808
2021-11-30 11:00:36.320,300557.SZ,28.92,100.0,1,2,20607844,2014,-9223372036854775808,-9223372036854775808
2021-11-30 11:01:05.220,300557.SZ,28.96,200.0,1,2,20665587,2014,-9223372036854775808,-9223372036854775808
2021-11-30 11:01:23.900,300557.SZ,28.89,500.0,-1,2,20707244,2014,-9223372036854775808,-9223372036854775808
2021-11-30 11:01:24.680,300557.SZ,28.96,500.0,-1,2,20708412,2014,-9223372036854775808,-9223372036854775808
2021-11-30 11:01:27.030,300557.SZ,28.93,100.0,1,2,20713613,2014,-9223372036854775808,-9223372036854775808
2021-11-30 11:01:33.810,300557.SZ,28.91,200.0,-1,2,20727288,2014,-9223372036854775808,-9223372036854775808
2021-11-30 11:01:37.150,300557.SZ,28.94,100.0,1,2,20733606,2014,-9223372036854775808,-9223372036854775808
2021-11-30 11:01:54.950,300557.SZ,28.88,400.0,1,2,20764511,2014,-9223372036854775808,-9223372036854775808
2021-11-30 11:02:07.140,300557.SZ,28.98,100.0,1,2,20789248,2014,-9223372036854775808,-9223372036854775808
2021-11-30 11:02:12.280,300557.SZ,28.9,100.0,1,2,20800163,2014,-9223372036854775808,-9223372036854775808
2021-11-30 11:02:35.740,300557.SZ,28.98,10000.0,-1,2,20845422,2014,-9223372036854775808,-9223372036854775808
2021-11-30 11:02:42.580,300557.SZ,33.7,1800.0,-1,2,20857645,2014,-9223372036854775808,-9223372036854775808
2021-11-30 11:02:50.010,300557.SZ,28.8,20000.0,1,2,20872029,2014,-9223372036854775808,-9223372036854775808
2021-11-30 11:03:09.700,300557.SZ,28.96,1500.0,1,2,20910699,2014,-9223372036854775808,-9223372036854775808
2021-11-30 11:03:09.700,300557.SZ,28.96,300.0,-1,2,20910719,2014,-9223372036854775808,-9223372036854775808
2021-11-30 11:03:09.700,300557.SZ,28.96,300.0,-1,2,20910721,2014,-9223372036854775808,-9223372036854775808
2021-11-30 11:03:09.700,300557.SZ,28.96,200.0,-1,2,20910723,2014,-9223372036854775808,-9223372036854775808
2021-11-30 11:03:09.700,300557.SZ,28.96,200.0,-1,2,20910725,2014,-9223372036854775808,-9223372036854775808
2021-11-30 11:03:09.700,300557.SZ,28.96,200.0,-1,2,20910726,2014,-9223372036854775808,-9223372036854775808
2021-11-30 11:03:09.700,300557.SZ,28.96,300.0,-1,2,20910727,2014,-9223372036854775808,-9223372036854775808
2021-11-30 11:03:16.440,300557.SZ,28.98,200.0,1,2,20924731,2014,-9223372036854775808,-9223372036854775808
2021-11-30 11:03:17.050,300557.SZ,28.91,100.0,1,2,20925704,2014,-9223372036854775808,-9223372036854775808
2021-11-30 11:03:22.050,300557.SZ,28.9,100.0,1,2,20934214,2014,-9223372036854775808,-9223372036854775808
2021-11-30 11:03:32.010,300557.SZ,28.98,100.0,1,2,20950671,2014,-9223372036854775808,-9223372036854775808
2021-11-30 11:03:36.910,300557.SZ,28.92,100.0,1,2,20957861,2014,-9223372036854775808,-9223372036854775808
2021-11-30 11:03:52.060,300557.SZ,28.92,100.0,1,2,20982125,2014,-9223372036854775808,-9223372036854775808
2021-11-30 11:04:01.990,300557.SZ,28.98,100.0,1,2,20999001,2014,-9223372036854775808,-9223372036854775808
2021-11-30 11:04:07.130,300557.SZ,28.93,100.0,1,2,21010844,2014,-9223372036854775808,-9223372036854775808
2021-11-30 11:04:22.140,300557.SZ,28.93,100.0,1,2,21038582,2014,-9223372036854775808,-9223372036854775808
2021-11-30 11:04:30.250,300557.SZ,28.93,500.0,1,2,21052178,2014,-9223372036854775808,-9223372036854775808
2021-11-30 11:04:30.510,300557.SZ,33.66,200.0,-1,2,21052533,2014,-9223372036854775808,-9223372036854775808
2021-11-30 11:04:32.130,300557.SZ,28.98,100.0,1,2,21056130,2014,-9223372036854775808,-9223372036854775808
2021-11-30 11:04:36.510,300557.SZ,28.94,100.0,1,2,21063559,2014,-9223372036854775808,-9223372036854775808
2021-11-30 11:04:37.190,300557.SZ,28.94,100.0,1,2,21065432,2014,-9223372036854775808,-9223372036854775808
2021-11-30 11:04:37.320,300557.SZ,28.96,100.0,1,2,21065768,2014,-9223372036854775808,-9223372036854775808
2021-11-30 11:04:39.170,300557.SZ,28.94,100.0,1,2,21068808,2014,-9223372036854775808,-9223372036854775808
2021-11-30 11:04:42.250,300557.SZ,29.24,100.0,1,2,21075172,2014,-9223372036854775808,-9223372036854775808
2021-11-30 11:04:43.170,300557.SZ,28.96,100.0,1,2,21076894,2014,-9223372036854775808,-9223372036854775808
2021-11-30 11:04:43.260,300557.SZ,28.97,100.0,1,2,21077150,2014,-9223372036854775808,-9223372036854775808
2021-11-30 11:04:49.460,300557.SZ,28.96,100.0,1,2,21087356,2014,-9223372036854775808,-9223372036854775808
2021-11-30 11:04:50.890,300557.SZ,29.25,200.0,1,2,21089198,2014,-9223372036854775808,-9223372036854775808
2021-11-30 11:04:52.170,300557.SZ,28.97,100.0,1,2,21091897,2014,-9223372036854775808,-9223372036854775808
2021-11-30 11:05:02.050,300557.SZ,28.99,100.0,1,2,21108766,2014,-9223372036854775808,-9223372036854775808
2021-11-30 11:05:15.750,300557.SZ,28.98,2600.0,1,2,21141973,2014,-9223372036854775808,-9223372036854775808
2021-11-30 11:05:16.000,300557.SZ,28.97,1000.0,1,2,21142658,2014,-9223372036854775808,-9223372036854775808
2021-11-30 11:05:16.270,300557.SZ,28.98,100.0,1,2,21143280,2014,-9223372036854775808,-9223372036854775808
2021-11-30 11:05:16.370,300557.SZ,28.98,100.0,1,2,21143647,2014,-9223372036854775808,-9223372036854775808
2021-11-30 11:05:16.440,300557.SZ,28.98,100.0,1,2,21143981,2014,-9223372036854775808,-9223372036854775808
2021-11-30 11:05:16.450,300557.SZ,28.98,100.0,1,2,21143994,2014,-9223372036854775808,-9223372036854775808
2021-11-30 11:05:16.600,300557.SZ,28.98,100.0,1,2,21144304,2014,-9223372036854775808,-9223372036854775808
2021-11-30 11:05:17.130,300557.SZ,28.98,100.0,1,2,21145047,2014,-9223372036854775808,-9223372036854775808
2021-11-30 11:05:17.190,300557.SZ,28.98,100.0,1,2,21145181,2014,-9223372036854775808,-9223372036854775808
2021-11-30 11:05:22.050,300557.SZ,28.97,100.0,1,2,21154248,2014,-9223372036854775808,-9223372036854775808
2021-11-30 11:05:24.210,300557.SZ,29.26,1100.0,1,2,21157880,2014,-9223372036854775808,-9223372036854775808
2021-11-30 11:05:24.550,300557.SZ,28.99,25600.0,-1,2,21158357,2014,-9223372036854775808,-9223372036854775808
2021-11-30 11:05:28.430,300557.SZ,29.0,100.0,1,2,21166574,2014,-9223372036854775808,-9223372036854775808
2021-11-30 11:05:46.180,300557.SZ,28.97,2200.0,-1,2,21196195,2014,-9223372036854775808,-9223372036854775808
2021-11-30 11:05:47.110,300557.SZ,28.98,100.0,1,2,21197883,2014,-9223372036854775808,-9223372036854775808
2021-11-30 11:05:47.690,300557.SZ,29.5,500.0,-1,2,21198721,2014,-9223372036854775808,-9223372036854775808
2021-11-30 11:05:49.440,300557.SZ,28.97,100.0,-1,2,21202066,2014,-9223372036854775808,-9223372036854775808
2021-11-30 11:05:50.510,300557.SZ,28.98,25000.0,-1,2,21203456,2014,-9223372036854775808,-9223372036854775808
2021-11-30 11:05:54.120,300557.SZ,33.75,100.0,-1,2,21208951,2014,-9223372036854775808,-9223372036854775808
2021-11-30 11:06:08.390,300557.SZ,25.1,10000.0,1,2,21236459,2014,-9223372036854775808,-9223372036854775808
2021-11-30 11:06:15.540,300557.SZ,28.97,200.0,-1,2,21250618,2014,-9223372036854775808,-9223372036854775808
2021-11-30 11:06:17.290,300557.SZ,28.94,100.0,1,2,21254352,2014,-9223372036854775808,-9223372036854775808
2021-11-30 11:06:47.010,300557.SZ,28.94,100.0,1,2,21306817,2014,-9223372036854775808,-9223372036854775808
2021-11-30 11:06:57.260,300557.SZ,28.99,100.0,1,2,21322127,2014,-9223372036854775808,-9223372036854775808
2021-11-30 11:07:02.310,300557.SZ,28.94,100.0,1,2,21331154,2014,-9223372036854775808,-9223372036854775808
2021-11-30 11:07:17.400,300557.SZ,28.94,100.0,1,2,21358523,2014,-9223372036854775808,-9223372036854775808
2021-11-30 11:07:25.390,300557.SZ,28.99,100.0,1,2,21371303,2014,-9223372036854775808,-9223372036854775808
2021-11-30 11:07:27.340,300557.SZ,28.95,100.0,1,2,21373981,2014,-9223372036854775808,-9223372036854775808
2021-11-30 11:07:47.050,300557.SZ,28.95,100.0,1,2,21402483,2014,-9223372036854775808,-9223372036854775808
2021-11-30 11:07:55.390,300557.SZ,28.99,100.0,1,2,21414452,2014,-9223372036854775808,-9223372036854775808
2021-11-30 11:07:57.030,300557.SZ,28.96,100.0,1,2,21416339,2014,-9223372036854775808,-9223372036854775808
2021-11-30 11:08:06.090,300557.SZ,33.77,1000.0,-1,2,21430680,2014,-9223372036854775808,-9223372036854775808
2021-11-30 11:08:06.430,300557.SZ,28.97,300.0,1,2,21431323,2014,-9223372036854775808,-9223372036854775808
2021-11-30 11:08:08.130,300557.SZ,28.96,100.0,-1,2,21435138,2014,-9223372036854775808,-9223372036854775808
2021-11-30 11:08:13.420,300557.SZ,28.96,100.0,1,2,21444851,2014,-9223372036854775808,-9223372036854775808
2021-11-30 11:08:25.200,300557.SZ,28.96,100.0,1,2,21460839,2014,-9223372036854775808,-9223372036854775808
2021-11-30 11:08:30.160,300557.SZ,29.05,100.0,-1,2,21467256,2014,-9223372036854775808,-9223372036854775808
2021-11-30 11:08:34.890,300557.SZ,28.96,200.0,-1,2,21474734,2014,-9223372036854775808,-9223372036854775808
2021-11-30 11:08:42.160,300557.SZ,28.94,100.0,1,2,21484903,2014,-9223372036854775808,-9223372036854775808
2021-11-30 11:09:12.290,300557.SZ,28.94,100.0,1,2,21529497,2014,-9223372036854775808,-9223372036854775808
2021-11-30 11:09:22.220,300557.SZ,28.99,100.0,1,2,21544796,2014,-9223372036854775808,-9223372036854775808
2021-11-30 11:09:27.440,300557.SZ,28.94,100.0,1,2,21551540,2014,-9223372036854775808,-9223372036854775808
2021-11-30 11:09:36.330,300557.SZ,28.93,100.0,-1,2,21563694,2014,-9223372036854775808,-9223372036854775808
2021-11-30 11:09:42.390,300557.SZ,28.94,100.0,1,2,21572154,2014,-9223372036854775808,-9223372036854775808
2021-11-30 11:10:08.970,300557.SZ,28.97,100.0,-1,2,21616768,2014,-9223372036854775808,-9223372036854775808
2021-11-30 11:10:12.070,300557.SZ,28.94,100.0,1,2,21623191,2014,-9223372036854775808,-9223372036854775808
2021-11-30 11:10:22.130,300557.SZ,28.99,100.0,1,2,21640991,2014,-9223372036854775808,-9223372036854775808
2021-11-30 11:10:25.340,300557.SZ,28.89,100.0,1,2,21646787,2014,-9223372036854775808,-9223372036854775808
2021-11-30 11:10:25.340,300557.SZ,28.89,100.0,1,2,21646788,2014,-9223372036854775808,-9223372036854775808
2021-11-30 11:10:26.140,300557.SZ,28.9,100.0,1,2,21648062,2014,-9223372036854775808,-9223372036854775808
2021-11-30 11:10:27.090,300557.SZ,28.9,100.0,1,2,21649479,2014,-9223372036854775808,-9223372036854775808
2021-11-30 11:10:27.170,300557.SZ,28.9,100.0,1,2,21649582,2014,-9223372036854775808,-9223372036854775808
2021-11-30 11:10:27.240,300557.SZ,28.9,100.0,1,2,21649681,2014,-9223372036854775808,-9223372036854775808
2021-11-30 11:10:28.130,300557.SZ,28.9,100.0,1,2,21651906,2014,-9223372036854775808,-9223372036854775808
2021-11-30 11:10:28.130,300557.SZ,28.9,100.0,1,2,21651907,2014,-9223372036854775808,-9223372036854775808
2021-11-30 11:10:28.170,300557.SZ,28.9,100.0,1,2,21652095,2014,-9223372036854775808,-9223372036854775808
2021-11-30 11:10:28.170,300557.SZ,28.9,100.0,1,2,21652096,2014,-9223372036854775808,-9223372036854775808
2021-11-30 11:10:28.170,300557.SZ,28.9,100.0,1,2,21652097,2014,-9223372036854775808,-9223372036854775808
2021-11-30 11:10:29.910,300557.SZ,28.8,200.0,1,2,21654819,2014,-9223372036854775808,-9223372036854775808
2021-11-30 11:10:32.140,300557.SZ,28.97,100.0,1,2,21658349,2014,-9223372036854775808,-9223372036854775808
2021-11-30 11:10:32.230,300557.SZ,28.97,100.0,1,2,21658459,2014,-9223372036854775808,-9223372036854775808
2021-11-30 11:10:33.040,300557.SZ,28.9,100.0,1,2,21659348,2014,-9223372036854775808,-9223372036854775808
2021-11-30 11:10:33.040,300557.SZ,28.9,100.0,1,2,21659350,2014,-9223372036854775808,-9223372036854775808
2021-11-30 11:10:33.170,300557.SZ,28.97,100.0,1,2,21659493,2014,-9223372036854775808,-9223372036854775808
2021-11-30 11:10:34.130,300557.SZ,28.97,100.0,1,2,21660915,2014,-9223372036854775808,-9223372036854775808
2021-11-30 11:10:34.130,300557.SZ,28.97,100.0,1,2,21660917,2014,-9223372036854775808,-9223372036854775808
2021-11-30 11:10:34.180,300557.SZ,28.97,100.0,1,2,21661002,2014,-9223372036854775808,-9223372036854775808
2021-11-30 11:10:34.180,300557.SZ,28.97,100.0,1,2,21661004,2014,-9223372036854775808,-9223372036854775808
2021-11-30 11:10:34.180,300557.SZ,28.97,100.0,1,2,21661005,2014,-9223372036854775808,-9223372036854775808
2021-11-30 11:10:34.520,300557.SZ,28.88,300.0,1,2,21661524,2014,-9223372036854775808,-9223372036854775808
2021-11-30 11:10:35.780,300557.SZ,28.88,400.0,1,2,21662980,2014,-9223372036854775808,-9223372036854775808
2021-11-30 11:10:40.420,300557.SZ,28.97,100.0,1,2,21670233,2014,-9223372036854775808,-9223372036854775808
2021-11-30 11:10:46.570,300557.SZ,30.29,500.0,-1,2,21679487,2014,-9223372036854775808,-9223372036854775808
2021-11-30 11:10:52.150,300557.SZ,29.0,100.0,1,2,21688476,2014,-9223372036854775808,-9223372036854775808
2021-11-30 11:10:52.250,300557.SZ,28.97,2200.0,-1,2,21688642,2014,-9223372036854775808,-9223372036854775808
2021-11-30 11:11:00.150,300557.SZ,28.97,1100.0,1,2,21701398,2014,-9223372036854775808,-9223372036854775808
2021-11-30 11:11:02.230,300557.SZ,28.98,100.0,1,2,21706112,2014,-9223372036854775808,-9223372036854775808
2021-11-30 11:11:05.380,300557.SZ,28.97,1600.0,-1,2,21713941,2014,-9223372036854775808,-9223372036854775808
2021-11-30 11:11:12.130,300557.SZ,28.91,100.0,1,2,21731290,2014,-9223372036854775808,-9223372036854775808
2021-11-30 11:11:16.360,300557.SZ,28.91,100.0,1,2,21741115,2014,-9223372036854775808,-9223372036854775808
2021-11-30 11:11:16.360,300557.SZ,28.91,100.0,1,2,21741116,2014,-9223372036854775808,-9223372036854775808
2021-11-30 11:11:27.660,300557.SZ,28.97,1400.0,1,2,21760224,2014,-9223372036854775808,-9223372036854775808
2021-11-30 11:11:30.520,300557.SZ,28.92,200.0,1,2,21764856,2014,-9223372036854775808,-9223372036854775808
2021-11-30 11:11:34.320,300557.SZ,28.92,100.0,1,2,21772000,2014,-9223372036854775808,-9223372036854775808
2021-11-30 11:11:34.320,300557.SZ,28.92,100.0,1,2,21772006,2014,-9223372036854775808,-9223372036854775808
2021-11-30 11:11:34.330,300557.SZ,28.93,200.0,-1,2,21772029,2014,-9223372036854775808,-9223372036854775808
2021-11-30 11:11:37.260,300557.SZ,28.93,100.0,1,2,21776386,2014,-9223372036854775808,-9223372036854775808
2021-11-30 11:11:37.790,300557.SZ,28.93,100.0,1,2,21777259,2014,-9223372036854775808,-9223372036854775808
2021-11-30 11:11:56.350,300557.SZ,28.97,100.0,1,2,21805165,2014,-9223372036854775808,-9223372036854775808
2021-11-30 11:11:57.400,300557.SZ,28.92,600.0,1,2,21806268,2014,-9223372036854775808,-9223372036854775808
2021-11-30 11:12:00.750,300557.SZ,28.97,100.0,-1,2,21810856,2014,-9223372036854775808,-9223372036854775808
2021-11-30 11:12:07.420,300557.SZ,28.93,100.0,1,2,21823730,2014,-9223372036854775808,-9223372036854775808
2021-11-30 11:12:09.210,300557.SZ,33.3,300.0,-1,2,21826904,2014,-9223372036854775808,-9223372036854775808
2021-11-30 11:12:13.420,300557.SZ,28.93,100.0,1,2,21834790,2014,-9223372036854775808,-9223372036854775808
2021-11-30 11:12:17.350,300557.SZ,28.99,100.0,1,2,21841424,2014,-9223372036854775808,-9223372036854775808
2021-11-30 11:12:19.420,300557.SZ,28.94,100.0,1,2,21844845,2014,-9223372036854775808,-9223372036854775808
2021-11-30 11:12:19.780,300557.SZ,28.97,500.0,1,2,21845380,2014,-9223372036854775808,-9223372036854775808
2021-11-30 11:12:20.380,300557.SZ,28.93,100.0,1,2,21846243,2014,-9223372036854775808,-9223372036854775808
2021-11-30 11:12:33.180,300557.SZ,28.94,800.0,-1,2,21864728,2014,-9223372036854775808,-9223372036854775808
2021-11-30 11:12:37.550,300557.SZ,28.95,100.0,1,2,21871044,2014,-9223372036854775808,-9223372036854775808
2021-11-30 11:12:59.400,300557.SZ,28.93,500.0,1,2,21901374,2014,-9223372036854775808,-9223372036854775808
2021-11-30 11:13:00.250,300557.SZ,28.94,700.0,1,2,21902423,2014,-9223372036854775808,-9223372036854775808
2021-11-30 11:13:07.200,300557.SZ,28.95,100.0,1,2,21915197,2014,-9223372036854775808,-9223372036854775808
2021-11-30 11:13:19.720,300557.SZ,28.97,300.0,-1,2,21938313,2014,-9223372036854775808,-9223372036854775808
2021-11-30 11:13:26.310,300557.SZ,29.3,300.0,-1,2,21948918,2014,-9223372036854775808,-9223372036854775808
2021-11-30 11:13:37.240,300557.SZ,28.95,100.0,1,2,21963514,2014,-9223372036854775808,-9223372036854775808
2021-11-30 11:13:47.330,300557.SZ,28.99,100.0,1,2,21975338,2014,-9223372036854775808,-9223372036854775808
2021-11-30 11:13:52.270,300557.SZ,28.96,100.0,1,2,21981797,2014,-9223372036854775808,-9223372036854775808
2021-11-30 11:14:02.280,300557.SZ,28.97,1800.0,-1,2,21994713,2014,-9223372036854775808,-9223372036854775808
2021-11-30 11:14:07.330,300557.SZ,28.96,100.0,1,2,22002068,2014,-9223372036854775808,-9223372036854775808
2021-11-30 11:14:13.450,300557.SZ,28.99,100.0,1,2,22010702,2014,-9223372036854775808,-9223372036854775808
2021-11-30 11:14:13.800,300557.SZ,28.97,3000.0,1,2,22011114,2014,-9223372036854775808,-9223372036854775808
2021-11-30 11:14:28.060,300557.SZ,28.97,100.0,-1,2,22030225,2014,-9223372036854775808,-9223372036854775808
2021-11-30 11:14:42.430,300557.SZ,29.0,100.0,1,2,22048552,2014,-9223372036854775808,-9223372036854775808
2021-11-30 11:14:47.350,300557.SZ,28.97,100.0,1,2,22054793,2014,-9223372036854775808,-9223372036854775808
2021-11-30 11:14:48.920,300557.SZ,28.97,500.0,1,2,22056948,2014,-9223372036854775808,-9223372036854775808
2021-11-30 11:14:55.250,300557.SZ,28.89,100.0,1,2,22065707,2014,-9223372036854775808,-9223372036854775808
2021-11-30 11:15:02.440,300557.SZ,28.97,100.0,1,2,22076690,2014,-9223372036854775808,-9223372036854775808
2021-11-30 11:15:12.440,300557.SZ,29.0,100.0,1,2,22094648,2014,-9223372036854775808,-9223372036854775808
2021-11-30 11:15:34.510,300557.SZ,33.77,2900.0,-1,2,22130365,2014,-9223372036854775808,-9223372036854775808
2021-11-30 11:15:42.450,300557.SZ,29.0,100.0,1,2,22140684,2014,-9223372036854775808,-9223372036854775808
2021-11-30 11:16:12.380,300557.SZ,29.0,100.0,1,2,22190277,2014,-9223372036854775808,-9223372036854775808
2021-11-30 11:16:15.780,300557.SZ,28.98,500.0,1,2,22196809,2014,-9223372036854775808,-9223372036854775808
2021-11-30 11:16:18.870,300557.SZ,28.98,500.0,1,2,22201905,2014,-9223372036854775808,-9223372036854775808
2021-11-30 11:16:25.800,300557.SZ,28.97,2000.0,-1,2,22212407,2014,-9223372036854775808,-9223372036854775808
2021-11-30 11:16:26.290,300557.SZ,28.98,300.0,1,2,22212893,2014,-9223372036854775808,-9223372036854775808
2021-11-30 11:16:31.360,300557.SZ,28.94,200.0,1,2,22219854,2014,-9223372036854775808,-9223372036854775808
2021-11-30 11:17:02.360,300557.SZ,28.95,100.0,1,2,22261089,2014,-9223372036854775808,-9223372036854775808
2021-11-30 11:17:14.490,300557.SZ,28.95,400.0,-1,2,22281941,2014,-9223372036854775808,-9223372036854775808
2021-11-30 11:17:17.870,300557.SZ,28.95,500.0,1,2,22286856,2014,-9223372036854775808,-9223372036854775808
2021-11-30 11:17:27.310,300557.SZ,28.96,100.0,1,2,22304304,2014,-9223372036854775808,-9223372036854775808
2021-11-30 11:17:30.970,300557.SZ,28.97,300.0,-1,2,22309562,2014,-9223372036854775808,-9223372036854775808
2021-11-30 11:17:51.090,300557.SZ,28.96,100.0,-1,2,22334820,2014,-9223372036854775808,-9223372036854775808
2021-11-30 11:17:57.350,300557.SZ,28.96,100.0,1,2,22343488,2014,-9223372036854775808,-9223372036854775808
2021-11-30 11:18:14.020,300557.SZ,28.97,300.0,-1,2,22368792,2014,-9223372036854775808,-9223372036854775808
2021-11-30 11:18:19.710,300557.SZ,28.95,200.0,-1,2,22377452,2014,-9223372036854775808,-9223372036854775808
2021-11-30 11:18:27.360,300557.SZ,28.96,100.0,1,2,22388292,2014,-9223372036854775808,-9223372036854775808
2021-11-30 11:18:57.680,300557.SZ,28.96,100.0,1,2,22426894,2014,-9223372036854775808,-9223372036854775808
2021-11-30 11:18:58.080,300557.SZ,28.9,1300.0,1,2,22427674,2014,-9223372036854775808,-9223372036854775808
2021-11-30 11:19:04.390,300557.SZ,28.99,100.0,1,2,22437491,2014,-9223372036854775808,-9223372036854775808
2021-11-30 11:19:26.610,300557.SZ,28.97,500.0,1,2,22469451,2014,-9223372036854775808,-9223372036854775808
2021-11-30 11:19:32.500,300557.SZ,28.99,100.0,1,2,22476996,2014,-9223372036854775808,-9223372036854775808
2021-11-30 11:19:32.520,300557.SZ,28.95,200.0,1,2,22477018,2014,-9223372036854775808,-9223372036854775808
2021-11-30 11:19:36.180,300557.SZ,28.97,100.0,1,2,22481598,2014,-9223372036854775808,-9223372036854775808
2021-11-30 11:19:36.350,300557.SZ,28.96,100.0,1,2,22481773,2014,-9223372036854775808,-9223372036854775808
2021-11-30 11:19:36.360,300557.SZ,28.96,100.0,1,2,22481811,2014,-9223372036854775808,-9223372036854775808
2021-11-30 11:19:36.440,300557.SZ,28.97,100.0,1,2,22481880,2014,-9223372036854775808,-9223372036854775808
2021-11-30 11:19:37.050,300557.SZ,28.98,100.0,1,2,22482809,2014,-9223372036854775808,-9223372036854775808
2021-11-30 11:19:39.040,300557.SZ,28.95,100.0,1,2,22485333,2014,-9223372036854775808,-9223372036854775808
2021-11-30 11:19:39.040,300557.SZ,28.95,100.0,1,2,22485335,2014,-9223372036854775808,-9223372036854775808
2021-11-30 11:19:39.050,300557.SZ,28.97,200.0,1,2,22485353,2014,-9223372036854775808,-9223372036854775808
2021-11-30 11:19:39.090,300557.SZ,28.95,200.0,1,2,22485417,2014,-9223372036854775808,-9223372036854775808
2021-11-30 11:19:39.100,300557.SZ,28.95,100.0,1,2,22485464,2014,-9223372036854775808,-9223372036854775808
2021-11-30 11:19:54.600,300557.SZ,28.98,100.0,1,2,22507582,2014,-9223372036854775808,-9223372036854775808
2021-11-30 11:19:58.550,300557.SZ,28.99,8300.0,1,2,22512803,2014,-9223372036854775808,-9223372036854775808
2021-11-30 11:19:58.570,300557.SZ,28.98,100.0,1,2,22512818,2014,-9223372036854775808,-9223372036854775808
2021-11-30 11:19:58.630,300557.SZ,28.98,100.0,1,2,22512867,2014,-9223372036854775808,-9223372036854775808
2021-11-30 11:19:58.960,300557.SZ,28.97,100.0,1,2,22513409,2014,-9223372036854775808,-9223372036854775808
2021-11-30 11:19:59.340,300557.SZ,28.98,100.0,1,2,22513940,2014,-9223372036854775808,-9223372036854775808
2021-11-30 11:19:59.660,300557.SZ,28.98,100.0,1,2,22514369,2014,-9223372036854775808,-9223372036854775808
2021-11-30 11:19:59.790,300557.SZ,28.98,100.0,1,2,22514477,2014,-9223372036854775808,-9223372036854775808
2021-11-30 11:20:03.110,300557.SZ,28.98,100.0,1,2,22519792,2014,-9223372036854775808,-9223372036854775808
2021-11-30 11:20:06.430,300557.SZ,28.97,200.0,1,2,22526796,2014,-9223372036854775808,-9223372036854775808
2021-11-30 11:20:22.190,300557.SZ,28.98,1800.0,-1,2,22553834,2014,-9223372036854775808,-9223372036854775808
2021-11-30 11:20:25.330,300557.SZ,28.98,100.0,1,2,22558455,2014,-9223372036854775808,-9223372036854775808
2021-11-30 11:20:25.330,300557.SZ,28.98,100.0,1,2,22558474,2014,-9223372036854775808,-9223372036854775808
2021-11-30 11:20:25.330,300557.SZ,28.98,100.0,1,2,22558479,2014,-9223372036854775808,-9223372036854775808
2021-11-30 11:20:25.340,300557.SZ,28.98,100.0,1,2,22558535,2014,-9223372036854775808,-9223372036854775808
2021-11-30 11:20:29.300,300557.SZ,28.98,100.0,1,2,22564437,2014,-9223372036854775808,-9223372036854775808
2021-11-30 11:20:31.680,300557.SZ,29.26,1100.0,1,2,22567961,2014,-9223372036854775808,-9223372036854775808
2021-11-30 11:20:34.280,300557.SZ,29.1,500.0,-1,2,22572158,2014,-9223372036854775808,-9223372036854775808
2021-11-30 11:20:34.330,300557.SZ,28.98,100.0,1,2,22572256,2014,-9223372036854775808,-9223372036854775808
2021-11-30 11:20:37.340,300557.SZ,28.98,100.0,1,2,22577142,2014,-9223372036854775808,-9223372036854775808
2021-11-30 11:20:37.340,300557.SZ,28.98,100.0,1,2,22577151,2014,-9223372036854775808,-9223372036854775808
2021-11-30 11:20:40.850,300557.SZ,28.98,200.0,1,2,22582441,2014,-9223372036854775808,-9223372036854775808
2021-11-30 11:20:46.340,300557.SZ,28.98,100.0,1,2,22591751,2014,-9223372036854775808,-9223372036854775808
2021-11-30 11:21:18.750,300557.SZ,29.1,200.0,-1,2,22645913,2014,-9223372036854775808,-9223372036854775808
2021-11-30 11:21:22.320,300557.SZ,28.98,100.0,1,2,22651664,2014,-9223372036854775808,-9223372036854775808
2021-11-30 11:21:29.980,300557.SZ,33.77,500.0,-1,2,22661801,2014,-9223372036854775808,-9223372036854775808
2021-11-30 11:21:42.100,300557.SZ,32.7,200.0,-1,2,22677671,2014,-9223372036854775808,-9223372036854775808
2021-11-30 11:21:53.460,300557.SZ,31.7,200.0,-1,2,22691225,2014,-9223372036854775808,-9223372036854775808
2021-11-30 11:22:06.970,300557.SZ,30.7,200.0,-1,2,22709000,2014,-9223372036854775808,-9223372036854775808
2021-11-30 11:22:18.240,300557.SZ,30.0,200.0,-1,2,22724224,2014,-9223372036854775808,-9223372036854775808
2021-11-30 11:22:25.700,300557.SZ,28.98,100.0,-1,2,22733273,2014,-9223372036854775808,-9223372036854775808
2021-11-30 11:22:31.090,300557.SZ,33.77,300.0,-1,2,22739683,2014,-9223372036854775808,-9223372036854775808
2021-11-30 11:23:11.320,300557.SZ,33.77,200.0,-1,2,22792212,2014,-9223372036854775808,-9223372036854775808
2021-11-30 11:23:16.600,300557.SZ,28.98,100.0,-1,2,22799868,2014,-9223372036854775808,-9223372036854775808
2021-11-30 11:23:52.150,300557.SZ,28.98,200.0,1,2,22842355,2014,-9223372036854775808,-9223372036854775808
2021-11-30 11:24:01.140,300557.SZ,28.98,200.0,1,2,22853841,2014,-9223372036854775808,-9223372036854775808
2021-11-30 11:24:37.750,300557.SZ,28.99,20000.0,1,2,22907182,2014,-9223372036854775808,-9223372036854775808
2021-11-30 11:24:37.810,300557.SZ,28.99,100.0,1,2,22907259,2014,-9223372036854775808,-9223372036854775808
2021-11-30 11:24:38.270,300557.SZ,28.99,100.0,1,2,22907861,2014,-9223372036854775808,-9223372036854775808
2021-11-30 11:24:38.320,300557.SZ,28.99,100.0,1,2,22907943,2014,-9223372036854775808,-9223372036854775808
2021-11-30 11:24:41.180,300557.SZ,28.98,1500.0,1,2,22912607,2014,-9223372036854775808,-9223372036854775808
2021-11-30 11:24:41.260,300557.SZ,28.99,1200.0,1,2,22912690,2014,-9223372036854775808,-9223372036854775808
2021-11-30 11:24:41.260,300557.SZ,28.99,400.0,1,2,22912693,2014,-9223372036854775808,-9223372036854775808
2021-11-30 11:24:42.770,300557.SZ,28.99,400.0,1,2,22914164,2014,-9223372036854775808,-9223372036854775808
2021-11-30 11:24:42.780,300557.SZ,28.99,5400.0,1,2,22914167,2014,-9223372036854775808,-9223372036854775808
2021-11-30 11:24:42.780,300557.SZ,28.99,1700.0,1,2,22914170,2014,-9223372036854775808,-9223372036854775808
2021-11-30 11:24:42.780,300557.SZ,28.99,2200.0,1,2,22914171,2014,-9223372036854775808,-9223372036854775808
2021-11-30 11:24:42.780,300557.SZ,28.99,800.0,1,2,22914172,2014,-9223372036854775808,-9223372036854775808
2021-11-30 11:24:42.780,300557.SZ,28.99,200.0,1,2,22914173,2014,-9223372036854775808,-9223372036854775808
2021-11-30 11:24:42.780,300557.SZ,28.99,1100.0,1,2,22914174,2014,-9223372036854775808,-9223372036854775808
2021-11-30 11:24:42.780,300557.SZ,28.99,3200.0,1,2,22914175,2014,-9223372036854775808,-9223372036854775808
2021-11-30 11:24:42.780,300557.SZ,28.99,2200.0,1,2,22914176,2014,-9223372036854775808,-9223372036854775808
2021-11-30 11:24:42.780,300557.SZ,28.99,700.0,1,2,22914177,2014,-9223372036854775808,-9223372036854775808
2021-11-30 11:24:42.780,300557.SZ,28.98,100.0,1,2,22914181,2014,-9223372036854775808,-9223372036854775808
2021-11-30 11:24:42.780,300557.SZ,29.0,700.0,1,2,22914182,2014,-9223372036854775808,-9223372036854775808
2021-11-30 11:24:42.780,300557.SZ,29.0,100.0,1,2,22914185,2014,-9223372036854775808,-9223372036854775808
2021-11-30 11:24:42.780,300557.SZ,29.0,1000.0,1,2,22914187,2014,-9223372036854775808,-9223372036854775808
2021-11-30 11:24:42.780,300557.SZ,29.0,700.0,1,2,22914194,2014,-9223372036854775808,-9223372036854775808
2021-11-30 11:24:42.780,300557.SZ,29.0,1200.0,1,2,22914196,2014,-9223372036854775808,-9223372036854775808
2021-11-30 11:24:42.780,300557.SZ,29.0,100.0,1,2,22914199,2014,-9223372036854775808,-9223372036854775808
2021-11-30 11:24:42.780,300557.SZ,29.0,700.0,1,2,22914202,2014,-9223372036854775808,-9223372036854775808
2021-11-30 11:24:42.780,300557.SZ,29.0,300.0,1,2,22914204,2014,-9223372036854775808,-9223372036854775808
2021-11-30 11:24:42.780,300557.SZ,29.0,300.0,1,2,22914205,2014,-9223372036854775808,-9223372036854775808
2021-11-30 11:24:42.780,300557.SZ,29.0,300.0,1,2,22914206,2014,-9223372036854775808,-9223372036854775808
2021-11-30 11:24:42.780,300557.SZ,29.0,300.0,1,2,22914209,2014,-9223372036854775808,-9223372036854775808
2021-11-30 11:24:42.780,300557.SZ,29.0,300.0,1,2,22914210,2014,-9223372036854775808,-9223372036854775808
2021-11-30 11:24:42.780,300557.SZ,29.0,200.0,1,2,22914211,2014,-9223372036854775808,-9223372036854775808
2021-11-30 11:24:42.780,300557.SZ,29.0,300.0,1,2,22914214,2014,-9223372036854775808,-9223372036854775808
2021-11-30 11:24:42.780,300557.SZ,28.98,100.0,1,2,22914215,2014,-9223372036854775808,-9223372036854775808
2021-11-30 11:24:42.780,300557.SZ,29.01,100.0,1,2,22914216,2014,-9223372036854775808,-9223372036854775808
2021-11-30 11:24:42.790,300557.SZ,29.0,600.0,1,2,22914225,2014,-9223372036854775808,-9223372036854775808
2021-11-30 11:24:42.790,300557.SZ,29.01,100.0,1,2,22914228,2014,-9223372036854775808,-9223372036854775808
2021-11-30 11:24:42.800,300557.SZ,29.02,100.0,1,2,22914234,2014,-9223372036854775808,-9223372036854775808
2021-11-30 11:24:42.800,300557.SZ,29.02,100.0,1,2,22914244,2014,-9223372036854775808,-9223372036854775808
2021-11-30 11:24:43.130,300557.SZ,28.98,100.0,1,2,22914886,2014,-9223372036854775808,-9223372036854775808
2021-11-30 11:24:43.130,300557.SZ,29.0,100.0,1,2,22914887,2014,-9223372036854775808,-9223372036854775808
2021-11-30 11:24:43.140,300557.SZ,29.0,100.0,1,2,22914943,2014,-9223372036854775808,-9223372036854775808
2021-11-30 11:24:43.270,300557.SZ,28.97,100.0,1,2,22915127,2014,-9223372036854775808,-9223372036854775808
2021-11-30 11:24:43.270,300557.SZ,28.97,100.0,1,2,22915128,2014,-9223372036854775808,-9223372036854775808
2021-11-30 11:24:43.280,300557.SZ,28.97,100.0,1,2,22915133,2014,-9223372036854775808,-9223372036854775808
2021-11-30 11:24:43.280,300557.SZ,28.97,100.0,1,2,22915137,2014,-9223372036854775808,-9223372036854775808
2021-11-30 11:24:43.300,300557.SZ,28.97,100.0,1,2,22915166,2014,-9223372036854775808,-9223372036854775808
2021-11-30 11:24:43.320,300557.SZ,28.97,200.0,1,2,22915182,2014,-9223372036854775808,-9223372036854775808
2021-11-30 11:24:43.490,300557.SZ,29.05,100.0,1,2,22915353,2014,-9223372036854775808,-9223372036854775808
2021-11-30 11:24:43.490,300557.SZ,29.05,400.0,1,2,22915357,2014,-9223372036854775808,-9223372036854775808
2021-11-30 11:24:43.550,300557.SZ,29.07,100.0,1,2,22915410,2014,-9223372036854775808,-9223372036854775808
2021-11-30 11:24:43.560,300557.SZ,29.03,100.0,1,2,22915415,2014,-9223372036854775808,-9223372036854775808
2021-11-30 11:24:43.560,300557.SZ,29.03,100.0,1,2,22915421,2014,-9223372036854775808,-9223372036854775808
2021-11-30 11:24:43.570,300557.SZ,29.04,200.0,1,2,22915429,2014,-9223372036854775808,-9223372036854775808
2021-11-30 11:24:45.040,300557.SZ,28.99,200.0,1,2,22916956,2014,-9223372036854775808,-9223372036854775808
2021-11-30 11:24:45.090,300557.SZ,28.99,100.0,1,2,22916993,2014,-9223372036854775808,-9223372036854775808
2021-11-30 11:24:45.090,300557.SZ,28.99,100.0,1,2,22916994,2014,-9223372036854775808,-9223372036854775808
2021-11-30 11:24:45.100,300557.SZ,28.99,200.0,1,2,22917001,2014,-9223372036854775808,-9223372036854775808
2021-11-30 11:24:45.170,300557.SZ,29.05,400.0,1,2,22917070,2014,-9223372036854775808,-9223372036854775808
2021-11-30 11:24:46.300,300557.SZ,29.02,200.0,1,2,22918661,2014,-9223372036854775808,-9223372036854775808
2021-11-30 11:24:46.310,300557.SZ,29.07,200.0,1,2,22918683,2014,-9223372036854775808,-9223372036854775808
2021-11-30 11:24:46.350,300557.SZ,29.02,100.0,1,2,22918783,2014,-9223372036854775808,-9223372036854775808
2021-11-30 11:24:48.040,300557.SZ,29.02,100.0,1,2,22920430,2014,-9223372036854775808,-9223372036854775808
2021-11-30 11:24:48.040,300557.SZ,29.02,100.0,1,2,22920431,2014,-9223372036854775808,-9223372036854775808
2021-11-30 11:24:50.130,300557.SZ,29.07,100.0,1,2,22922980,2014,-9223372036854775808,-9223372036854775808
2021-11-30 11:24:50.130,300557.SZ,29.07,100.0,1,2,22922982,2014,-9223372036854775808,-9223372036854775808
2021-11-30 11:24:50.140,300557.SZ,29.07,100.0,1,2,22922993,2014,-9223372036854775808,-9223372036854775808
2021-11-30 11:25:13.800,300557.SZ,29.03,300.0,-1,2,22955692,2014,-9223372036854775808,-9223372036854775808
2021-11-30 11:25:18.350,300557.SZ,29.49,200.0,-1,2,22962000,2014,-9223372036854775808,-9223372036854775808
2021-11-30 11:25:22.280,300557.SZ,28.98,100.0,1,2,22967985,2014,-9223372036854775808,-9223372036854775808
2021-11-30 11:25:22.280,300557.SZ,28.98,100.0,1,2,22967986,2014,-9223372036854775808,-9223372036854775808
2021-11-30 11:25:22.310,300557.SZ,28.98,100.0,1,2,22968029,2014,-9223372036854775808,-9223372036854775808
2021-11-30 11:25:22.310,300557.SZ,28.98,100.0,1,2,22968042,2014,-9223372036854775808,-9223372036854775808
2021-11-30 11:25:22.340,300557.SZ,28.98,200.0,1,2,22968072,2014,-9223372036854775808,-9223372036854775808
2021-11-30 11:25:34.790,300557.SZ,29.09,100.0,-1,2,22983449,2014,-9223372036854775808,-9223372036854775808
2021-11-30 11:25:36.540,300557.SZ,29.0,900.0,1,2,22985729,2014,-9223372036854775808,-9223372036854775808
2021-11-30 11:25:36.540,300557.SZ,29.06,200.0,-1,2,22985730,2014,-9223372036854775808,-9223372036854775808
2021-11-30 11:25:37.710,300557.SZ,29.03,500.0,-1,2,22987477,2014,-9223372036854775808,-9223372036854775808
2021-11-30 11:25:57.150,300557.SZ,28.91,1900.0,1,2,23014335,2014,-9223372036854775808,-9223372036854775808
2021-11-30 11:26:05.640,300557.SZ,29.1,500.0,-1,2,23028587,2014,-9223372036854775808,-9223372036854775808
2021-11-30 11:26:11.780,300557.SZ,30.0,100.0,-1,2,23041777,2014,-9223372036854775808,-9223372036854775808
2021-11-30 11:26:13.200,300557.SZ,29.0,1600.0,-1,2,23044143,2014,-9223372036854775808,-9223372036854775808
2021-11-30 11:26:17.260,300557.SZ,29.06,200.0,-1,2,23050779,2014,-9223372036854775808,-9223372036854775808
2021-11-30 11:26:19.600,300557.SZ,29.03,200.0,1,2,23053910,2014,-9223372036854775808,-9223372036854775808
2021-11-30 11:26:25.010,300557.SZ,29.0,500.0,1,2,23061956,2014,-9223372036854775808,-9223372036854775808
2021-11-30 11:26:40.690,300557.SZ,32.76,600.0,-1,2,23081307,2014,-9223372036854775808,-9223372036854775808
2021-11-30 11:26:41.420,300557.SZ,29.0,1000.0,1,2,23082103,2014,-9223372036854775808,-9223372036854775808
2021-11-30 11:26:44.860,300557.SZ,29.06,200.0,-1,2,23086006,2014,-9223372036854775808,-9223372036854775808
2021-11-30 11:26:49.480,300557.SZ,29.06,300.0,-1,2,23091249,2014,-9223372036854775808,-9223372036854775808
2021-11-30 11:26:50.920,300557.SZ,29.2,300.0,-1,2,23092788,2014,-9223372036854775808,-9223372036854775808
2021-11-30 11:26:55.290,300557.SZ,29.03,100.0,-1,2,23097466,2014,-9223372036854775808,-9223372036854775808
2021-11-30 11:27:18.230,300557.SZ,30.1,200.0,-1,2,23129562,2014,-9223372036854775808,-9223372036854775808
2021-11-30 11:27:29.410,300557.SZ,28.9,1000.0,1,2,23142513,2014,-9223372036854775808,-9223372036854775808
2021-11-30 11:27:31.260,300557.SZ,29.03,100.0,1,2,23144814,2014,-9223372036854775808,-9223372036854775808
2021-11-30 11:27:36.080,300557.SZ,29.03,200.0,-1,2,23150372,2014,-9223372036854775808,-9223372036854775808
2021-11-30 11:27:50.620,300557.SZ,28.99,5000.0,1,2,23166473,2014,-9223372036854775808,-9223372036854775808
2021-11-30 11:27:51.100,300557.SZ,29.01,100.0,1,2,23167004,2014,-9223372036854775808,-9223372036854775808
2021-11-30 11:27:51.270,300557.SZ,29.03,500.0,-1,2,23167162,2014,-9223372036854775808,-9223372036854775808
2021-11-30 11:27:54.340,300557.SZ,29.08,400.0,-1,2,23170577,2014,-9223372036854775808,-9223372036854775808
2021-11-30 11:28:01.390,300557.SZ,29.03,300.0,1,2,23178200,2014,-9223372036854775808,-9223372036854775808
2021-11-30 11:28:24.300,300557.SZ,29.02,2000.0,-1,2,23209510,2014,-9223372036854775808,-9223372036854775808
2021-11-30 11:28:27.720,300557.SZ,29.01,1000.0,-1,2,23212922,2014,-9223372036854775808,-9223372036854775808
2021-11-30 11:28:35.280,300557.SZ,29.01,100.0,1,2,23222897,2014,-9223372036854775808,-9223372036854775808
2021-11-30 11:29:01.000,300557.SZ,29.01,100.0,1,2,23253596,2014,-9223372036854775808,-9223372036854775808
2021-11-30 11:29:06.820,300557.SZ,29.01,200.0,1,2,23264539,2014,-9223372036854775808,-9223372036854775808
2021-11-30 11:29:07.930,300557.SZ,29.3,300.0,-1,2,23266272,2014,-9223372036854775808,-9223372036854775808
2021-11-30 11:29:51.010,300557.SZ,29.01,300.0,-1,2,23318164,2014,-9223372036854775808,-9223372036854775808
2021-11-30 13:00:00.050,300557.SZ,29.06,500.0,-1,2,23334934,2014,-9223372036854775808,-9223372036854775808
2021-11-30 13:00:00.060,300557.SZ,29.2,30.0,-1,2,23336354,2014,-9223372036854775808,-9223372036854775808
2021-11-30 13:00:00.260,300557.SZ,33.68,900.0,-1,2,23356544,2014,-9223372036854775808,-9223372036854775808
2021-11-30 13:00:00.260,300557.SZ,33.69,4800.0,-1,2,23356547,2014,-9223372036854775808,-9223372036854775808
2021-11-30 13:00:00.350,300557.SZ,29.02,1300.0,1,2,23363883,2014,-9223372036854775808,-9223372036854775808
2021-11-30 13:00:00.350,300557.SZ,29.02,2600.0,1,2,23363887,2014,-9223372036854775808,-9223372036854775808
2021-11-30 13:00:00.350,300557.SZ,29.02,1800.0,1,2,23363889,2014,-9223372036854775808,-9223372036854775808
2021-11-30 13:00:00.380,300557.SZ,29.02,100.0,1,2,23365781,2014,-9223372036854775808,-9223372036854775808
2021-11-30 13:00:00.480,300557.SZ,29.02,1500.0,1,2,23372305,2014,-9223372036854775808,-9223372036854775808
2021-11-30 13:00:00.700,300557.SZ,33.77,900.0,-1,2,23387495,2014,-9223372036854775808,-9223372036854775808
2021-11-30 13:00:00.740,300557.SZ,29.3,200.0,-1,2,23389668,2014,-9223372036854775808,-9223372036854775808
2021-11-30 13:00:00.960,300557.SZ,33.72,300.0,-1,2,23398643,2014,-9223372036854775808,-9223372036854775808
2021-11-30 13:00:00.980,300557.SZ,32.22,300.0,-1,2,23399655,2014,-9223372036854775808,-9223372036854775808
2021-11-30 13:00:01.040,300557.SZ,29.5,500.0,-1,2,23402089,2014,-9223372036854775808,-9223372036854775808
2021-11-30 13:00:01.260,300557.SZ,29.0,100.0,1,2,23409957,2014,-9223372036854775808,-9223372036854775808
2021-11-30 13:00:01.260,300557.SZ,29.02,100.0,1,2,23410151,2014,-9223372036854775808,-9223372036854775808
2021-11-30 13:00:01.330,300557.SZ,29.02,100.0,1,2,23412392,2014,-9223372036854775808,-9223372036854775808
2021-11-30 13:00:01.770,300557.SZ,29.02,100.0,1,2,23427987,2014,-9223372036854775808,-9223372036854775808
2021-11-30 13:00:01.890,300557.SZ,29.01,100.0,1,2,23431309,2014,-9223372036854775808,-9223372036854775808
2021-11-30 13:00:02.610,300557.SZ,33.77,1000.0,-1,2,23451187,2014,-9223372036854775808,-9223372036854775808
2021-11-30 13:00:02.620,300557.SZ,29.02,5000.0,1,2,23451518,2014,-9223372036854775808,-9223372036854775808
2021-11-30 13:00:03.230,300557.SZ,29.02,1300.0,1,2,23460092,2014,-9223372036854775808,-9223372036854775808
2021-11-30 13:00:03.490,300557.SZ,33.75,2000.0,-1,2,23464752,2014,-9223372036854775808,-9223372036854775808
2021-11-30 13:00:03.580,300557.SZ,29.02,200.0,1,2,23466172,2014,-9223372036854775808,-9223372036854775808
2021-11-30 13:00:03.590,300557.SZ,29.03,1800.0,1,2,23466513,2014,-9223372036854775808,-9223372036854775808
2021-11-30 13:00:04.150,300557.SZ,29.03,100.0,1,2,23475388,2014,-9223372036854775808,-9223372036854775808
2021-11-30 13:00:04.680,300557.SZ,29.03,100.0,1,2,23485040,2014,-9223372036854775808,-9223372036854775808
2021-11-30 13:00:05.280,300557.SZ,29.04,100.0,1,2,23493320,2014,-9223372036854775808,-9223372036854775808
2021-11-30 13:00:05.380,300557.SZ,28.91,400.0,-1,2,23494719,2014,-9223372036854775808,-9223372036854775808
2021-11-30 13:00:05.650,300557.SZ,29.12,500.0,-1,2,23498000,2014,-9223372036854775808,-9223372036854775808
2021-11-30 13:00:05.740,300557.SZ,29.04,100.0,1,2,23498864,2014,-9223372036854775808,-9223372036854775808
2021-11-30 13:00:06.380,300557.SZ,29.55,100.0,1,2,23505729,2014,-9223372036854775808,-9223372036854775808
2021-11-30 13:00:06.390,300557.SZ,28.53,100.0,-1,2,23505731,2014,-9223372036854775808,-9223372036854775808
2021-11-30 13:00:06.390,300557.SZ,29.55,100.0,1,2,23505733,2014,-9223372036854775808,-9223372036854775808
2021-11-30 13:00:06.390,300557.SZ,29.55,100.0,1,2,23505737,2014,-9223372036854775808,-9223372036854775808
2021-11-30 13:00:06.430,300557.SZ,29.06,100.0,1,2,23506126,2014,-9223372036854775808,-9223372036854775808
2021-11-30 13:00:06.710,300557.SZ,29.04,100.0,-1,2,23508576,2014,-9223372036854775808,-9223372036854775808
2021-11-30 13:00:06.710,300557.SZ,29.04,100.0,-1,2,23508580,2014,-9223372036854775808,-9223372036854775808
2021-11-30 13:00:07.880,300557.SZ,29.56,100.0,1,2,23521811,2014,-9223372036854775808,-9223372036854775808
2021-11-30 13:00:07.880,300557.SZ,29.56,100.0,1,2,23521813,2014,-9223372036854775808,-9223372036854775808
2021-11-30 13:00:07.880,300557.SZ,29.56,100.0,1,2,23521815,2014,-9223372036854775808,-9223372036854775808
2021-11-30 13:00:07.950,300557.SZ,33.77,1000.0,-1,2,23522189,2014,-9223372036854775808,-9223372036854775808
2021-11-30 13:00:10.610,300557.SZ,29.04,100.0,1,2,23541213,2014,-9223372036854775808,-9223372036854775808
2021-11-30 13:00:10.610,300557.SZ,29.04,100.0,1,2,23541214,2014,-9223372036854775808,-9223372036854775808
2021-11-30 13:00:10.620,300557.SZ,29.04,100.0,1,2,23541233,2014,-9223372036854775808,-9223372036854775808
2021-11-30 13:00:10.830,300557.SZ,29.05,200.0,1,2,23542796,2014,-9223372036854775808,-9223372036854775808
2021-11-30 13:00:12.340,300557.SZ,29.03,1100.0,1,2,23549975,2014,-9223372036854775808,-9223372036854775808
2021-11-30 13:00:15.190,300557.SZ,29.01,100.0,-1,2,23563917,2014,-9223372036854775808,-9223372036854775808
2021-11-30 13:00:15.220,300557.SZ,29.06,100.0,1,2,23564016,2014,-9223372036854775808,-9223372036854775808
2021-11-30 13:00:18.750,300557.SZ,29.04,200.0,1,2,23579972,2014,-9223372036854775808,-9223372036854775808
2021-11-30 13:00:25.550,300557.SZ,29.06,100.0,1,2,23604758,2014,-9223372036854775808,-9223372036854775808
2021-11-30 13:00:28.330,300557.SZ,29.05,100.0,-1,2,23614681,2014,-9223372036854775808,-9223372036854775808
2021-11-30 13:00:28.330,300557.SZ,29.05,100.0,-1,2,23614686,2014,-9223372036854775808,-9223372036854775808
2021-11-30 13:00:28.330,300557.SZ,29.05,100.0,-1,2,23614687,2014,-9223372036854775808,-9223372036854775808
2021-11-30 13:00:28.330,300557.SZ,29.05,100.0,-1,2,23614688,2014,-9223372036854775808,-9223372036854775808
2021-11-30 13:00:28.330,300557.SZ,29.05,100.0,-1,2,23614691,2014,-9223372036854775808,-9223372036854775808
2021-11-30 13:00:28.330,300557.SZ,29.05,100.0,-1,2,23614694,2014,-9223372036854775808,-9223372036854775808
2021-11-30 13:00:44.110,300557.SZ,29.05,100.0,1,2,23663533,2014,-9223372036854775808,-9223372036854775808
2021-11-30 13:00:57.860,300557.SZ,29.03,1000.0,-1,2,23691565,2014,-9223372036854775808,-9223372036854775808
2021-11-30 13:01:01.590,300557.SZ,29.07,100.0,1,2,23700077,2014,-9223372036854775808,-9223372036854775808
2021-11-30 13:01:04.540,300557.SZ,29.08,300.0,1,2,23706391,2014,-9223372036854775808,-9223372036854775808
2021-11-30 13:01:07.360,300557.SZ,29.05,100.0,1,2,23713259,2014,-9223372036854775808,-9223372036854775808
2021-11-30 13:01:07.360,300557.SZ,29.05,100.0,1,2,23713264,2014,-9223372036854775808,-9223372036854775808
2021-11-30 13:01:07.360,300557.SZ,29.05,100.0,1,2,23713266,2014,-9223372036854775808,-9223372036854775808
2021-11-30 13:01:07.360,300557.SZ,29.05,100.0,1,2,23713269,2014,-9223372036854775808,-9223372036854775808
2021-11-30 13:01:13.350,300557.SZ,29.05,100.0,-1,2,23728012,2014,-9223372036854775808,-9223372036854775808
2021-11-30 13:01:19.450,300557.SZ,29.06,100.0,1,2,23739816,2014,-9223372036854775808,-9223372036854775808
2021-11-30 13:01:41.350,300557.SZ,29.08,1000.0,-1,2,23783688,2014,-9223372036854775808,-9223372036854775808
2021-11-30 13:01:45.360,300557.SZ,29.06,500.0,1,2,23791271,2014,-9223372036854775808,-9223372036854775808
2021-11-30 13:01:45.360,300557.SZ,29.06,100.0,-1,2,23791283,2014,-9223372036854775808,-9223372036854775808
2021-11-30 13:01:45.370,300557.SZ,28.96,1000.0,1,2,23791320,2014,-9223372036854775808,-9223372036854775808
2021-11-30 13:01:47.200,300557.SZ,29.06,100.0,-1,2,23794978,2014,-9223372036854775808,-9223372036854775808
2021-11-30 13:01:49.460,300557.SZ,29.06,200.0,-1,2,23798755,2014,-9223372036854775808,-9223372036854775808
2021-11-30 13:02:14.650,300557.SZ,29.05,500.0,1,2,23849003,2014,-9223372036854775808,-9223372036854775808
2021-11-30 13:02:19.270,300557.SZ,29.06,100.0,1,2,23857585,2014,-9223372036854775808,-9223372036854775808
2021-11-30 13:02:19.930,300557.SZ,29.04,100.0,1,2,23859242,2014,-9223372036854775808,-9223372036854775808
2021-11-30 13:02:25.320,300557.SZ,29.06,100.0,1,2,23869594,2014,-9223372036854775808,-9223372036854775808
2021-11-30 13:02:27.310,300557.SZ,29.09,200.0,1,2,23872895,2014,-9223372036854775808,-9223372036854775808
2021-11-30 13:02:31.180,300557.SZ,29.12,500.0,-1,2,23880085,2014,-9223372036854775808,-9223372036854775808
2021-11-30 13:02:31.180,300557.SZ,29.07,100.0,1,2,23880096,2014,-9223372036854775808,-9223372036854775808
2021-11-30 13:02:31.180,300557.SZ,29.07,100.0,1,2,23880098,2014,-9223372036854775808,-9223372036854775808
2021-11-30 13:02:31.180,300557.SZ,29.07,100.0,1,2,23880100,2014,-9223372036854775808,-9223372036854775808
2021-11-30 13:02:53.270,300557.SZ,29.1,1000.0,-1,2,23920107,2014,-9223372036854775808,-9223372036854775808
2021-11-30 13:03:03.510,300557.SZ,29.08,200.0,1,2,23939682,2014,-9223372036854775808,-9223372036854775808
2021-11-30 13:03:14.700,300557.SZ,29.05,2000.0,-1,2,23964313,2014,-9223372036854775808,-9223372036854775808
2021-11-30 13:03:17.620,300557.SZ,29.47,700.0,-1,2,23969554,2014,-9223372036854775808,-9223372036854775808
2021-11-30 13:03:19.420,300557.SZ,29.0,500.0,1,2,23973256,2014,-9223372036854775808,-9223372036854775808
2021-11-30 13:03:20.150,300557.SZ,29.07,100.0,1,2,23974606,2014,-9223372036854775808,-9223372036854775808
2021-11-30 13:03:30.350,300557.SZ,29.03,100.0,1,2,23994654,2014,-9223372036854775808,-9223372036854775808
2021-11-30 13:03:46.780,300557.SZ,29.04,1000.0,-1,2,24024788,2014,-9223372036854775808,-9223372036854775808
2021-11-30 13:03:46.780,300557.SZ,29.04,100.0,1,2,24024796,2014,-9223372036854775808,-9223372036854775808
2021-11-30 13:03:53.880,300557.SZ,29.04,500.0,-1,2,24037682,2014,-9223372036854775808,-9223372036854775808
2021-11-30 13:04:36.940,300557.SZ,29.03,900.0,-1,2,24118103,2014,-9223372036854775808,-9223372036854775808
2021-11-30 13:04:36.940,300557.SZ,29.03,100.0,1,2,24118143,2014,-9223372036854775808,-9223372036854775808
2021-11-30 13:04:36.940,300557.SZ,29.03,100.0,1,2,24118146,2014,-9223372036854775808,-9223372036854775808
2021-11-30 13:04:36.940,300557.SZ,29.03,100.0,1,2,24118148,2014,-9223372036854775808,-9223372036854775808
2021-11-30 13:04:36.940,300557.SZ,29.03,100.0,1,2,24118150,2014,-9223372036854775808,-9223372036854775808
2021-11-30 13:04:40.340,300557.SZ,29.03,100.0,1,2,24123998,2014,-9223372036854775808,-9223372036854775808
2021-11-30 13:04:40.340,300557.SZ,29.03,100.0,1,2,24124000,2014,-9223372036854775808,-9223372036854775808
2021-11-30 13:04:40.590,300557.SZ,29.02,100.0,-1,2,24124583,2014,-9223372036854775808,-9223372036854775808
2021-11-30 13:04:44.430,300557.SZ,29.02,4300.0,-1,2,24131003,2014,-9223372036854775808,-9223372036854775808
2021-11-30 13:04:44.430,300557.SZ,29.02,4100.0,-1,2,24131013,2014,-9223372036854775808,-9223372036854775808
2021-11-30 13:04:44.430,300557.SZ,29.02,1300.0,-1,2,24131016,2014,-9223372036854775808,-9223372036854775808
2021-11-30 13:04:46.310,300557.SZ,29.02,100.0,-1,2,24134792,2014,-9223372036854775808,-9223372036854775808
2021-11-30 13:04:46.360,300557.SZ,29.02,900.0,-1,2,24134896,2014,-9223372036854775808,-9223372036854775808
2021-11-30 13:04:46.460,300557.SZ,29.01,100.0,-1,2,24135156,2014,-9223372036854775808,-9223372036854775808
2021-11-30 13:04:46.460,300557.SZ,29.0,1500.0,-1,2,24135167,2014,-9223372036854775808,-9223372036854775808
2021-11-30 13:04:47.330,300557.SZ,29.0,600.0,1,2,24136306,2014,-9223372036854775808,-9223372036854775808
2021-11-30 13:04:49.310,300557.SZ,28.99,100.0,-1,2,24139417,2014,-9223372036854775808,-9223372036854775808
2021-11-30 13:04:49.310,300557.SZ,29.0,500.0,-1,2,24139426,2014,-9223372036854775808,-9223372036854775808
2021-11-30 13:04:49.310,300557.SZ,29.0,500.0,-1,2,24139428,2014,-9223372036854775808,-9223372036854775808
2021-11-30 13:04:49.400,300557.SZ,29.02,400.0,-1,2,24139647,2014,-9223372036854775808,-9223372036854775808
2021-11-30 13:04:53.420,300557.SZ,28.99,900.0,-1,2,24146375,2014,-9223372036854775808,-9223372036854775808
2021-11-30 13:04:53.430,300557.SZ,28.99,1700.0,-1,2,24146381,2014,-9223372036854775808,-9223372036854775808
2021-11-30 13:04:53.430,300557.SZ,28.99,1300.0,-1,2,24146383,2014,-9223372036854775808,-9223372036854775808
2021-11-30 13:04:53.460,300557.SZ,29.0,100.0,-1,2,24146459,2014,-9223372036854775808,-9223372036854775808
2021-11-30 13:04:55.320,300557.SZ,29.0,100.0,-1,2,24149691,2014,-9223372036854775808,-9223372036854775808
2021-11-30 13:04:55.320,300557.SZ,29.0,100.0,-1,2,24149692,2014,-9223372036854775808,-9223372036854775808
2021-11-30 13:04:55.320,300557.SZ,29.0,100.0,-1,2,24149693,2014,-9223372036854775808,-9223372036854775808
2021-11-30 13:04:55.970,300557.SZ,28.98,400.0,1,2,24151038,2014,-9223372036854775808,-9223372036854775808
2021-11-30 13:04:56.210,300557.SZ,28.98,100.0,1,2,24151823,2014,-9223372036854775808,-9223372036854775808
2021-11-30 13:05:01.330,300557.SZ,28.99,100.0,1,2,24161445,2014,-9223372036854775808,-9223372036854775808
2021-11-30 13:05:01.330,300557.SZ,28.99,100.0,1,2,24161449,2014,-9223372036854775808,-9223372036854775808
2021-11-30 13:05:06.180,300557.SZ,28.99,300.0,-1,2,24172004,2014,-9223372036854775808,-9223372036854775808
2021-11-30 13:05:06.180,300557.SZ,28.99,1000.0,-1,2,24172019,2014,-9223372036854775808,-9223372036854775808
2021-11-30 13:05:15.110,300557.SZ,28.88,1000.0,1,2,24191599,2014,-9223372036854775808,-9223372036854775808
2021-11-30 13:05:15.110,300557.SZ,28.98,100.0,-1,2,24191602,2014,-9223372036854775808,-9223372036854775808
2021-11-30 13:05:15.110,300557.SZ,28.98,100.0,-1,2,24191604,2014,-9223372036854775808,-9223372036854775808
2021-11-30 13:05:15.120,300557.SZ,29.0,100.0,-1,2,24191608,2014,-9223372036854775808,-9223372036854775808
2021-11-30 13:05:15.120,300557.SZ,28.98,600.0,-1,2,24191610,2014,-9223372036854775808,-9223372036854775808
2021-11-30 13:05:19.360,300557.SZ,28.94,100.0,1,2,24202435,2014,-9223372036854775808,-9223372036854775808
2021-11-30 13:05:19.370,300557.SZ,28.94,100.0,1,2,24202449,2014,-9223372036854775808,-9223372036854775808
2021-11-30 13:05:19.420,300557.SZ,28.94,200.0,1,2,24202567,2014,-9223372036854775808,-9223372036854775808
2021-11-30 13:05:21.180,300557.SZ,28.95,300.0,1,2,24206194,2014,-9223372036854775808,-9223372036854775808
2021-11-30 13:05:24.510,300557.SZ,28.96,900.0,1,2,24213753,2014,-9223372036854775808,-9223372036854775808
2021-11-30 13:05:32.170,300557.SZ,28.92,600.0,1,2,24230281,2014,-9223372036854775808,-9223372036854775808
2021-11-30 13:05:39.640,300557.SZ,28.95,100.0,1,2,24243339,2014,-9223372036854775808,-9223372036854775808
2021-11-30 13:05:39.640,300557.SZ,29.0,100.0,1,2,24243347,2014,-9223372036854775808,-9223372036854775808
2021-11-30 13:05:39.640,300557.SZ,29.0,100.0,1,2,24243349,2014,-9223372036854775808,-9223372036854775808
2021-11-30 13:05:40.210,300557.SZ,28.95,500.0,1,2,24244895,2014,-9223372036854775808,-9223372036854775808
2021-11-30 13:05:42.210,300557.SZ,29.0,3700.0,1,2,24248197,2014,-9223372036854775808,-9223372036854775808
2021-11-30 13:05:42.210,300557.SZ,28.96,100.0,1,2,24248202,2014,-9223372036854775808,-9223372036854775808
2021-11-30 13:05:42.210,300557.SZ,29.02,100.0,1,2,24248203,2014,-9223372036854775808,-9223372036854775808
2021-11-30 13:05:42.210,300557.SZ,29.02,100.0,1,2,24248205,2014,-9223372036854775808,-9223372036854775808
2021-11-30 13:05:42.210,300557.SZ,28.96,100.0,1,2,24248207,2014,-9223372036854775808,-9223372036854775808
2021-11-30 13:05:42.210,300557.SZ,29.0,100.0,1,2,24248208,2014,-9223372036854775808,-9223372036854775808
2021-11-30 13:05:43.330,300557.SZ,28.96,100.0,1,2,24250393,2014,-9223372036854775808,-9223372036854775808
2021-11-30 13:05:43.330,300557.SZ,28.96,100.0,1,2,24250396,2014,-9223372036854775808,-9223372036854775808
2021-11-30 13:05:43.330,300557.SZ,28.96,100.0,1,2,24250397,2014,-9223372036854775808,-9223372036854775808
2021-11-30 13:05:43.330,300557.SZ,29.0,100.0,1,2,24250398,2014,-9223372036854775808,-9223372036854775808
2021-11-30 13:05:43.330,300557.SZ,29.0,100.0,1,2,24250399,2014,-9223372036854775808,-9223372036854775808
2021-11-30 13:05:43.330,300557.SZ,28.96,100.0,1,2,24250400,2014,-9223372036854775808,-9223372036854775808
2021-11-30 13:05:43.330,300557.SZ,29.0,100.0,1,2,24250401,2014,-9223372036854775808,-9223372036854775808
2021-11-30 13:05:43.370,300557.SZ,28.96,100.0,1,2,24250694,2014,-9223372036854775808,-9223372036854775808
2021-11-30 13:05:43.370,300557.SZ,28.96,100.0,1,2,24250695,2014,-9223372036854775808,-9223372036854775808
2021-11-30 13:05:43.410,300557.SZ,28.96,100.0,1,2,24250809,2014,-9223372036854775808,-9223372036854775808
2021-11-30 13:05:45.450,300557.SZ,29.02,100.0,1,2,24253725,2014,-9223372036854775808,-9223372036854775808
2021-11-30 13:05:45.460,300557.SZ,29.02,100.0,1,2,24253733,2014,-9223372036854775808,-9223372036854775808
2021-11-30 13:05:45.460,300557.SZ,29.02,100.0,1,2,24253742,2014,-9223372036854775808,-9223372036854775808
2021-11-30 13:05:45.460,300557.SZ,29.02,100.0,1,2,24253743,2014,-9223372036854775808,-9223372036854775808
2021-11-30 13:05:46.130,300557.SZ,28.97,100.0,1,2,24255004,2014,-9223372036854775808,-9223372036854775808
2021-11-30 13:05:48.050,300557.SZ,29.0,100.0,1,2,24257793,2014,-9223372036854775808,-9223372036854775808
2021-11-30 13:05:55.250,300557.SZ,29.04,100.0,1,2,24271728,2014,-9223372036854775808,-9223372036854775808
2021-11-30 13:05:55.250,300557.SZ,29.02,100.0,1,2,24271741,2014,-9223372036854775808,-9223372036854775808
2021-11-30 13:06:07.400,300557.SZ,29.04,3800.0,1,2,24299732,2014,-9223372036854775808,-9223372036854775808
2021-11-30 13:06:07.880,300557.SZ,29.08,700.0,-1,2,24300712,2014,-9223372036854775808,-9223372036854775808
2021-11-30 13:06:10.380,300557.SZ,29.04,100.0,1,2,24306481,2014,-9223372036854775808,-9223372036854775808
2021-11-30 13:06:43.040,300557.SZ,29.04,3600.0,-1,2,24368187,2014,-9223372036854775808,-9223372036854775808
2021-11-30 13:06:43.040,300557.SZ,29.04,100.0,1,2,24368197,2014,-9223372036854775808,-9223372036854775808
2021-11-30 13:06:57.770,300557.SZ,29.01,200.0,1,2,24392932,2014,-9223372036854775808,-9223372036854775808
2021-11-30 13:07:02.850,300557.SZ,29.04,600.0,-1,2,24402757,2014,-9223372036854775808,-9223372036854775808
2021-11-30 13:07:29.290,300557.SZ,29.12,300.0,-1,2,24453514,2014,-9223372036854775808,-9223372036854775808
2021-11-30 13:07:36.800,300557.SZ,29.06,600.0,-1,2,24466802,2014,-9223372036854775808,-9223372036854775808
2021-11-30 13:07:56.210,300557.SZ,29.05,300.0,-1,2,24502081,2014,-9223372036854775808,-9223372036854775808
2021-11-30 13:08:16.740,300557.SZ,29.04,300.0,1,2,24541342,2014,-9223372036854775808,-9223372036854775808
2021-11-30 13:08:17.950,300557.SZ,29.8,500.0,-1,2,24543086,2014,-9223372036854775808,-9223372036854775808
2021-11-30 13:08:29.260,300557.SZ,29.07,500.0,-1,2,24561807,2014,-9223372036854775808,-9223372036854775808
2021-11-30 13:08:34.840,300557.SZ,29.04,3600.0,1,2,24571792,2014,-9223372036854775808,-9223372036854775808
2021-11-30 13:08:52.000,300557.SZ,29.05,200.0,-1,2,24598523,2014,-9223372036854775808,-9223372036854775808
2021-11-30 13:08:56.320,300557.SZ,28.97,200.0,1,2,24606228,2014,-9223372036854775808,-9223372036854775808
2021-11-30 13:08:58.220,300557.SZ,29.04,1000.0,-1,2,24609390,2014,-9223372036854775808,-9223372036854775808
2021-11-30 13:09:00.910,300557.SZ,29.04,400.0,-1,2,24614027,2014,-9223372036854775808,-9223372036854775808
2021-11-30 13:09:00.920,300557.SZ,29.04,100.0,1,2,24614037,2014,-9223372036854775808,-9223372036854775808
2021-11-30 13:09:01.350,300557.SZ,29.04,100.0,1,2,24614926,2014,-9223372036854775808,-9223372036854775808
2021-11-30 13:09:01.360,300557.SZ,28.97,200.0,1,2,24614972,2014,-9223372036854775808,-9223372036854775808
2021-11-30 13:09:01.390,300557.SZ,28.97,200.0,1,2,24615049,2014,-9223372036854775808,-9223372036854775808
2021-11-30 13:09:04.360,300557.SZ,29.04,100.0,1,2,24621445,2014,-9223372036854775808,-9223372036854775808
2021-11-30 13:09:04.360,300557.SZ,29.04,100.0,1,2,24621447,2014,-9223372036854775808,-9223372036854775808
2021-11-30 13:09:04.360,300557.SZ,28.97,100.0,1,2,24621469,2014,-9223372036854775808,-9223372036854775808
2021-11-30 13:09:06.650,300557.SZ,29.04,2500.0,1,2,24626372,2014,-9223372036854775808,-9223372036854775808
2021-11-30 13:09:06.650,300557.SZ,29.04,100.0,1,2,24626379,2014,-9223372036854775808,-9223372036854775808
2021-11-30 13:09:07.110,300557.SZ,29.04,100.0,1,2,24627645,2014,-9223372036854775808,-9223372036854775808
2021-11-30 13:09:07.170,300557.SZ,29.05,700.0,1,2,24627889,2014,-9223372036854775808,-9223372036854775808
2021-11-30 13:09:07.180,300557.SZ,29.05,500.0,1,2,24627917,2014,-9223372036854775808,-9223372036854775808
2021-11-30 13:09:07.180,300557.SZ,29.05,100.0,1,2,24627925,2014,-9223372036854775808,-9223372036854775808
2021-11-30 13:09:07.370,300557.SZ,28.97,100.0,1,2,24628534,2014,-9223372036854775808,-9223372036854775808
2021-11-30 13:09:16.550,300557.SZ,28.98,600.0,1,2,24648959,2014,-9223372036854775808,-9223372036854775808
2021-11-30 13:09:52.140,300557.SZ,29.04,400.0,-1,2,24715438,2014,-9223372036854775808,-9223372036854775808
2021-11-30 13:09:52.150,300557.SZ,29.04,100.0,1,2,24715452,2014,-9223372036854775808,-9223372036854775808
2021-11-30 13:09:52.150,300557.SZ,28.98,200.0,1,2,24715463,2014,-9223372036854775808,-9223372036854775808
2021-11-30 13:09:52.520,300557.SZ,29.05,1500.0,1,2,24716279,2014,-9223372036854775808,-9223372036854775808
2021-11-30 13:09:55.330,300557.SZ,29.04,100.0,1,2,24721659,2014,-9223372036854775808,-9223372036854775808
2021-11-30 13:09:55.340,300557.SZ,28.98,100.0,1,2,24721663,2014,-9223372036854775808,-9223372036854775808
2021-11-30 13:09:55.340,300557.SZ,29.04,100.0,1,2,24721664,2014,-9223372036854775808,-9223372036854775808
2021-11-30 13:09:55.340,300557.SZ,29.04,100.0,1,2,24721665,2014,-9223372036854775808,-9223372036854775808
2021-11-30 13:09:55.340,300557.SZ,29.04,100.0,1,2,24721666,2014,-9223372036854775808,-9223372036854775808
2021-11-30 13:09:55.340,300557.SZ,29.04,100.0,1,2,24721667,2014,-9223372036854775808,-9223372036854775808
2021-11-30 13:09:55.340,300557.SZ,28.98,100.0,1,2,24721668,2014,-9223372036854775808,-9223372036854775808
2021-11-30 13:09:55.340,300557.SZ,29.04,100.0,1,2,24721669,2014,-9223372036854775808,-9223372036854775808
2021-11-30 13:09:55.340,300557.SZ,28.98,100.0,1,2,24721670,2014,-9223372036854775808,-9223372036854775808
2021-11-30 13:09:55.340,300557.SZ,29.04,100.0,1,2,24721680,2014,-9223372036854775808,-9223372036854775808
2021-11-30 13:09:55.340,300557.SZ,29.04,100.0,1,2,24721681,2014,-9223372036854775808,-9223372036854775808
2021-11-30 13:09:55.380,300557.SZ,28.98,100.0,1,2,24721770,2014,-9223372036854775808,-9223372036854775808
2021-11-30 13:09:55.390,300557.SZ,28.98,100.0,1,2,24721802,2014,-9223372036854775808,-9223372036854775808
2021-11-30 13:10:05.070,300557.SZ,29.06,500.0,1,2,24741138,2014,-9223372036854775808,-9223372036854775808
2021-11-30 13:10:05.070,300557.SZ,29.06,100.0,1,2,24741142,2014,-9223372036854775808,-9223372036854775808
2021-11-30 13:10:07.670,300557.SZ,33.75,5000.0,-1,2,24750543,2014,-9223372036854775808,-9223372036854775808
2021-11-30 13:10:07.680,300557.SZ,29.05,100.0,-1,2,24750550,2014,-9223372036854775808,-9223372036854775808
2021-11-30 13:10:10.990,300557.SZ,29.05,200.0,-1,2,24761236,2014,-9223372036854775808,-9223372036854775808
2021-11-30 13:10:13.410,300557.SZ,29.06,100.0,-1,2,24768157,2014,-9223372036854775808,-9223372036854775808
2021-11-30 13:10:13.420,300557.SZ,29.05,700.0,-1,2,24768199,2014,-9223372036854775808,-9223372036854775808
2021-11-30 13:10:13.830,300557.SZ,29.04,500.0,-1,2,24769247,2014,-9223372036854775808,-9223372036854775808
2021-11-30 13:10:16.200,300557.SZ,29.04,200.0,-1,2,24776173,2014,-9223372036854775808,-9223372036854775808
2021-11-30 13:10:17.440,300557.SZ,29.04,300.0,-1,2,24779644,2014,-9223372036854775808,-9223372036854775808
2021-11-30 13:10:23.240,300557.SZ,29.05,400.0,-1,2,24793262,2014,-9223372036854775808,-9223372036854775808
2021-11-30 13:10:45.980,300557.SZ,29.01,400.0,1,2,24835397,2014,-9223372036854775808,-9223372036854775808
2021-11-30 13:10:52.110,300557.SZ,29.04,200.0,-1,2,24846265,2014,-9223372036854775808,-9223372036854775808
2021-11-30 13:11:18.830,300557.SZ,29.01,200.0,-1,2,24900159,2014,-9223372036854775808,-9223372036854775808
2021-11-30 13:11:51.110,300557.SZ,29.01,2000.0,-1,2,24959492,2014,-9223372036854775808,-9223372036854775808
2021-11-30 13:12:05.790,300557.SZ,29.02,600.0,1,2,24987311,2014,-9223372036854775808,-9223372036854775808
2021-11-30 13:13:12.700,300557.SZ,29.01,800.0,1,2,25116279,2014,-9223372036854775808,-9223372036854775808
2021-11-30 13:13:12.710,300557.SZ,29.01,100.0,1,2,25116292,2014,-9223372036854775808,-9223372036854775808
2021-11-30 13:13:15.030,300557.SZ,28.7,1000.0,1,2,25120622,2014,-9223372036854775808,-9223372036854775808
2021-11-30 13:13:16.200,300557.SZ,28.99,1100.0,1,2,25123241,2014,-9223372036854775808,-9223372036854775808
2021-11-30 13:13:16.350,300557.SZ,29.01,100.0,1,2,25123558,2014,-9223372036854775808,-9223372036854775808
2021-11-30 13:13:16.350,300557.SZ,29.01,100.0,1,2,25123578,2014,-9223372036854775808,-9223372036854775808
2021-11-30 13:13:16.350,300557.SZ,29.01,100.0,1,2,25123588,2014,-9223372036854775808,-9223372036854775808
2021-11-30 13:13:16.360,300557.SZ,28.99,200.0,1,2,25123605,2014,-9223372036854775808,-9223372036854775808
2021-11-30 13:13:16.620,300557.SZ,28.98,100.0,1,2,25124038,2014,-9223372036854775808,-9223372036854775808
2021-11-30 13:13:19.340,300557.SZ,28.99,100.0,1,2,25128484,2014,-9223372036854775808,-9223372036854775808
2021-11-30 13:13:19.340,300557.SZ,28.99,100.0,1,2,25128485,2014,-9223372036854775808,-9223372036854775808
2021-11-30 13:13:20.270,300557.SZ,28.99,300.0,-1,2,25129796,2014,-9223372036854775808,-9223372036854775808
2021-11-30 13:13:22.350,300557.SZ,28.99,300.0,-1,2,25133208,2014,-9223372036854775808,-9223372036854775808
2021-11-30 13:13:22.350,300557.SZ,28.99,300.0,-1,2,25133210,2014,-9223372036854775808,-9223372036854775808
2021-11-30 13:13:23.330,300557.SZ,28.99,300.0,-1,2,25135094,2014,-9223372036854775808,-9223372036854775808
2021-11-30 13:13:25.350,300557.SZ,28.99,300.0,-1,2,25138390,2014,-9223372036854775808,-9223372036854775808
2021-11-30 13:13:25.350,300557.SZ,28.99,100.0,-1,2,25138394,2014,-9223372036854775808,-9223372036854775808
2021-11-30 13:13:35.460,300557.SZ,28.9,5000.0,-1,2,25155088,2014,-9223372036854775808,-9223372036854775808
2021-11-30 13:13:35.550,300557.SZ,28.99,100.0,1,2,25155218,2014,-9223372036854775808,-9223372036854775808
2021-11-30 13:13:35.560,300557.SZ,29.04,200.0,-1,2,25155225,2014,-9223372036854775808,-9223372036854775808
2021-11-30 13:13:35.570,300557.SZ,29.04,300.0,-1,2,25155231,2014,-9223372036854775808,-9223372036854775808
2021-11-30 13:13:35.570,300557.SZ,29.04,200.0,-1,2,25155232,2014,-9223372036854775808,-9223372036854775808
2021-11-30 13:13:35.570,300557.SZ,29.04,300.0,-1,2,25155236,2014,-9223372036854775808,-9223372036854775808
2021-11-30 13:13:35.570,300557.SZ,29.04,100.0,-1,2,25155237,2014,-9223372036854775808,-9223372036854775808
2021-11-30 13:13:35.580,300557.SZ,29.04,100.0,-1,2,25155258,2014,-9223372036854775808,-9223372036854775808
2021-11-30 13:13:35.620,300557.SZ,29.03,300.0,-1,2,25155295,2014,-9223372036854775808,-9223372036854775808
2021-11-30 13:13:35.620,300557.SZ,29.03,100.0,-1,2,25155306,2014,-9223372036854775808,-9223372036854775808
2021-11-30 13:13:35.640,300557.SZ,29.03,200.0,-1,2,25155335,2014,-9223372036854775808,-9223372036854775808
2021-11-30 13:13:35.640,300557.SZ,29.03,100.0,-1,2,25155338,2014,-9223372036854775808,-9223372036854775808
2021-11-30 13:13:35.650,300557.SZ,29.03,300.0,-1,2,25155344,2014,-9223372036854775808,-9223372036854775808
2021-11-30 13:13:35.650,300557.SZ,29.03,200.0,-1,2,25155349,2014,-9223372036854775808,-9223372036854775808
2021-11-30 13:13:40.380,300557.SZ,28.9,100.0,1,2,25162677,2014,-9223372036854775808,-9223372036854775808
2021-11-30 13:13:40.390,300557.SZ,28.9,100.0,1,2,25162684,2014,-9223372036854775808,-9223372036854775808
2021-11-30 13:13:47.900,300557.SZ,28.89,200.0,1,2,25174598,2014,-9223372036854775808,-9223372036854775808
2021-11-30 13:13:49.320,300557.SZ,29.06,200.0,-1,2,25177382,2014,-9223372036854775808,-9223372036854775808
2021-11-30 13:13:53.950,300557.SZ,28.89,100.0,1,2,25185517,2014,-9223372036854775808,-9223372036854775808
2021-11-30 13:13:55.010,300557.SZ,28.89,100.0,1,2,25187566,2014,-9223372036854775808,-9223372036854775808
2021-11-30 13:14:01.490,300557.SZ,29.0,5000.0,-1,2,25199770,2014,-9223372036854775808,-9223372036854775808
2021-11-30 13:14:01.500,300557.SZ,29.0,100.0,-1,2,25199778,2014,-9223372036854775808,-9223372036854775808
2021-11-30 13:14:01.500,300557.SZ,29.0,100.0,-1,2,25199779,2014,-9223372036854775808,-9223372036854775808
2021-11-30 13:14:01.510,300557.SZ,29.0,400.0,-1,2,25199812,2014,-9223372036854775808,-9223372036854775808
2021-11-30 13:14:01.520,300557.SZ,29.0,300.0,-1,2,25199839,2014,-9223372036854775808,-9223372036854775808
2021-11-30 13:14:01.520,300557.SZ,29.0,200.0,-1,2,25199842,2014,-9223372036854775808,-9223372036854775808
2021-11-30 13:14:01.540,300557.SZ,29.0,100.0,-1,2,25199876,2014,-9223372036854775808,-9223372036854775808
2021-11-30 13:14:01.560,300557.SZ,29.0,200.0,-1,2,25199936,2014,-9223372036854775808,-9223372036854775808
2021-11-30 13:14:03.070,300557.SZ,28.99,100.0,-1,2,25202890,2014,-9223372036854775808,-9223372036854775808
2021-11-30 13:14:03.090,300557.SZ,28.99,200.0,-1,2,25202958,2014,-9223372036854775808,-9223372036854775808
2021-11-30 13:14:03.090,300557.SZ,28.99,300.0,-1,2,25202961,2014,-9223372036854775808,-9223372036854775808
2021-11-30 13:14:03.100,300557.SZ,28.99,300.0,-1,2,25202978,2014,-9223372036854775808,-9223372036854775808
2021-11-30 13:14:04.410,300557.SZ,28.9,400.0,-1,2,25206844,2014,-9223372036854775808,-9223372036854775808
2021-11-30 13:14:04.410,300557.SZ,28.98,900.0,-1,2,25206862,2014,-9223372036854775808,-9223372036854775808
2021-11-30 13:14:04.430,300557.SZ,28.98,300.0,-1,2,25206894,2014,-9223372036854775808,-9223372036854775808
2021-11-30 13:14:04.430,300557.SZ,28.98,200.0,-1,2,25206917,2014,-9223372036854775808,-9223372036854775808
2021-11-30 13:14:04.480,300557.SZ,28.98,400.0,-1,2,25207094,2014,-9223372036854775808,-9223372036854775808
2021-11-30 13:14:04.510,300557.SZ,28.99,1300.0,-1,2,25207163,2014,-9223372036854775808,-9223372036854775808
2021-11-30 13:14:04.540,300557.SZ,28.97,300.0,-1,2,25207252,2014,-9223372036854775808,-9223372036854775808
2021-11-30 13:14:04.550,300557.SZ,28.97,100.0,-1,2,25207272,2014,-9223372036854775808,-9223372036854775808
2021-11-30 13:14:04.560,300557.SZ,28.97,300.0,-1,2,25207296,2014,-9223372036854775808,-9223372036854775808
2021-11-30 13:14:04.560,300557.SZ,28.97,100.0,-1,2,25207303,2014,-9223372036854775808,-9223372036854775808
2021-11-30 13:14:04.560,300557.SZ,28.97,200.0,-1,2,25207320,2014,-9223372036854775808,-9223372036854775808
2021-11-30 13:14:04.900,300557.SZ,28.96,200.0,-1,2,25208015,2014,-9223372036854775808,-9223372036854775808
2021-11-30 13:14:05.040,300557.SZ,28.95,300.0,-1,2,25208382,2014,-9223372036854775808,-9223372036854775808
2021-11-30 13:14:05.050,300557.SZ,28.95,100.0,-1,2,25208412,2014,-9223372036854775808,-9223372036854775808
2021-11-30 13:14:07.390,300557.SZ,28.9,100.0,-1,2,25213857,2014,-9223372036854775808,-9223372036854775808
2021-11-30 13:14:07.420,300557.SZ,28.9,900.0,-1,2,25213959,2014,-9223372036854775808,-9223372036854775808
2021-11-30 13:14:07.910,300557.SZ,28.9,400.0,-1,2,25215366,2014,-9223372036854775808,-9223372036854775808
2021-11-30 13:14:08.660,300557.SZ,28.93,100.0,1,2,25216934,2014,-9223372036854775808,-9223372036854775808
2021-11-30 13:14:08.660,300557.SZ,28.93,100.0,1,2,25216937,2014,-9223372036854775808,-9223372036854775808
2021-11-30 13:14:08.680,300557.SZ,28.79,1000.0,1,2,25216967,2014,-9223372036854775808,-9223372036854775808
2021-11-30 13:14:10.550,300557.SZ,28.91,100.0,1,2,25221905,2014,-9223372036854775808,-9223372036854775808
2021-11-30 13:14:11.180,300557.SZ,28.93,200.0,1,2,25223321,2014,-9223372036854775808,-9223372036854775808
2021-11-30 13:14:11.320,300557.SZ,28.91,400.0,1,2,25223635,2014,-9223372036854775808,-9223372036854775808
2021-11-30 13:14:25.810,300557.SZ,29.0,2000.0,-1,2,25252306,2014,-9223372036854775808,-9223372036854775808
2021-11-30 13:14:31.360,300557.SZ,28.91,100.0,-1,2,25261612,2014,-9223372036854775808,-9223372036854775808
2021-11-30 13:14:31.360,300557.SZ,28.91,100.0,-1,2,25261614,2014,-9223372036854775808,-9223372036854775808
2021-11-30 13:14:31.520,300557.SZ,28.91,100.0,-1,2,25261946,2014,-9223372036854775808,-9223372036854775808
2021-11-30 13:14:31.530,300557.SZ,28.91,100.0,-1,2,25261962,2014,-9223372036854775808,-9223372036854775808
2021-11-30 13:14:31.540,300557.SZ,28.95,300.0,-1,2,25261976,2014,-9223372036854775808,-9223372036854775808
2021-11-30 13:14:31.540,300557.SZ,28.95,100.0,-1,2,25261983,2014,-9223372036854775808,-9223372036854775808
2021-11-30 13:14:32.610,300557.SZ,28.91,100.0,-1,2,25263450,2014,-9223372036854775808,-9223372036854775808
2021-11-30 13:14:34.360,300557.SZ,28.91,100.0,-1,2,25266667,2014,-9223372036854775808,-9223372036854775808
2021-11-30 13:14:34.360,300557.SZ,28.91,100.0,-1,2,25266683,2014,-9223372036854775808,-9223372036854775808
2021-11-30 13:14:34.370,300557.SZ,28.91,100.0,-1,2,25266684,2014,-9223372036854775808,-9223372036854775808
2021-11-30 13:14:34.370,300557.SZ,28.91,200.0,-1,2,25266706,2014,-9223372036854775808,-9223372036854775808
2021-11-30 13:14:34.410,300557.SZ,28.91,200.0,-1,2,25266787,2014,-9223372036854775808,-9223372036854775808
2021-11-30 13:14:34.550,300557.SZ,28.91,100.0,-1,2,25267162,2014,-9223372036854775808,-9223372036854775808
2021-11-30 13:14:34.550,300557.SZ,28.91,100.0,-1,2,25267163,2014,-9223372036854775808,-9223372036854775808
2021-11-30 13:14:34.570,300557.SZ,28.91,100.0,-1,2,25267204,2014,-9223372036854775808,-9223372036854775808
2021-11-30 13:14:34.590,300557.SZ,28.91,100.0,-1,2,25267218,2014,-9223372036854775808,-9223372036854775808
2021-11-30 13:14:35.550,300557.SZ,28.91,100.0,-1,2,25268602,2014,-9223372036854775808,-9223372036854775808
2021-11-30 13:14:37.360,300557.SZ,28.89,100.0,-1,2,25271806,2014,-9223372036854775808,-9223372036854775808
2021-11-30 13:14:37.380,300557.SZ,28.89,100.0,-1,2,25271844,2014,-9223372036854775808,-9223372036854775808
2021-11-30 13:14:37.500,300557.SZ,28.89,100.0,-1,2,25272165,2014,-9223372036854775808,-9223372036854775808
2021-11-30 13:14:37.500,300557.SZ,28.91,100.0,-1,2,25272172,2014,-9223372036854775808,-9223372036854775808
2021-11-30 13:14:37.530,300557.SZ,28.89,100.0,-1,2,25272201,2014,-9223372036854775808,-9223372036854775808
2021-11-30 13:14:37.530,300557.SZ,28.89,100.0,-1,2,25272205,2014,-9223372036854775808,-9223372036854775808
2021-11-30 13:14:38.510,300557.SZ,28.91,100.0,-1,2,25273805,2014,-9223372036854775808,-9223372036854775808
2021-11-30 13:14:40.370,300557.SZ,28.91,100.0,-1,2,25277537,2014,-9223372036854775808,-9223372036854775808
2021-11-30 13:14:40.370,300557.SZ,28.91,100.0,-1,2,25277538,2014,-9223372036854775808,-9223372036854775808
2021-11-30 13:14:40.370,300557.SZ,28.89,100.0,-1,2,25277547,2014,-9223372036854775808,-9223372036854775808
2021-11-30 13:14:40.390,300557.SZ,28.89,100.0,-1,2,25277571,2014,-9223372036854775808,-9223372036854775808
2021-11-30 13:14:40.490,300557.SZ,28.89,100.0,-1,2,25277836,2014,-9223372036854775808,-9223372036854775808
2021-11-30 13:14:40.500,300557.SZ,28.89,100.0,-1,2,25277863,2014,-9223372036854775808,-9223372036854775808
2021-11-30 13:14:41.350,300557.SZ,28.91,100.0,-1,2,25279157,2014,-9223372036854775808,-9223372036854775808
2021-11-30 13:14:42.470,300557.SZ,28.91,300.0,1,2,25280692,2014,-9223372036854775808,-9223372036854775808
2021-11-30 13:14:43.340,300557.SZ,28.91,100.0,-1,2,25282275,2014,-9223372036854775808,-9223372036854775808
2021-11-30 13:14:43.340,300557.SZ,28.91,100.0,-1,2,25282279,2014,-9223372036854775808,-9223372036854775808
2021-11-30 13:14:43.350,300557.SZ,28.88,100.0,-1,2,25282295,2014,-9223372036854775808,-9223372036854775808
2021-11-30 13:14:43.370,300557.SZ,28.88,100.0,-1,2,25282334,2014,-9223372036854775808,-9223372036854775808
2021-11-30 13:14:43.370,300557.SZ,28.88,300.0,-1,2,25282339,2014,-9223372036854775808,-9223372036854775808
2021-11-30 13:14:43.760,300557.SZ,28.88,100.0,-1,2,25282977,2014,-9223372036854775808,-9223372036854775808
2021-11-30 13:14:43.760,300557.SZ,28.88,100.0,-1,2,25282979,2014,-9223372036854775808,-9223372036854775808
2021-11-30 13:14:44.350,300557.SZ,28.89,100.0,-1,2,25283840,2014,-9223372036854775808,-9223372036854775808
2021-11-30 13:14:46.340,300557.SZ,28.88,100.0,1,2,25286852,2014,-9223372036854775808,-9223372036854775808
2021-11-30 13:14:46.340,300557.SZ,28.88,100.0,1,2,25286861,2014,-9223372036854775808,-9223372036854775808
2021-11-30 13:14:46.340,300557.SZ,28.88,100.0,1,2,25286863,2014,-9223372036854775808,-9223372036854775808
2021-11-30 13:14:46.340,300557.SZ,28.88,100.0,1,2,25286866,2014,-9223372036854775808,-9223372036854775808
2021-11-30 13:14:46.340,300557.SZ,28.88,100.0,1,2,25286867,2014,-9223372036854775808,-9223372036854775808
2021-11-30 13:14:46.340,300557.SZ,28.88,100.0,1,2,25286868,2014,-9223372036854775808,-9223372036854775808
2021-11-30 13:14:46.340,300557.SZ,28.88,100.0,1,2,25286869,2014,-9223372036854775808,-9223372036854775808
2021-11-30 13:14:46.340,300557.SZ,28.88,200.0,-1,2,25286879,2014,-9223372036854775808,-9223372036854775808
2021-11-30 13:14:46.340,300557.SZ,28.88,100.0,1,2,25286882,2014,-9223372036854775808,-9223372036854775808
2021-11-30 13:14:46.340,300557.SZ,28.79,100.0,1,2,25286883,2014,-9223372036854775808,-9223372036854775808
2021-11-30 13:14:46.340,300557.SZ,28.79,100.0,1,2,25286884,2014,-9223372036854775808,-9223372036854775808
2021-11-30 13:14:46.340,300557.SZ,28.88,200.0,-1,2,25286888,2014,-9223372036854775808,-9223372036854775808
2021-11-30 13:14:46.350,300557.SZ,28.88,200.0,-1,2,25286898,2014,-9223372036854775808,-9223372036854775808
2021-11-30 13:14:46.350,300557.SZ,28.88,200.0,-1,2,25286905,2014,-9223372036854775808,-9223372036854775808
2021-11-30 13:14:46.350,300557.SZ,28.88,200.0,-1,2,25286915,2014,-9223372036854775808,-9223372036854775808
2021-11-30 13:14:46.400,300557.SZ,28.87,300.0,-1,2,25287010,2014,-9223372036854775808,-9223372036854775808
2021-11-30 13:14:46.410,300557.SZ,28.87,100.0,-1,2,25287033,2014,-9223372036854775808,-9223372036854775808
2021-11-30 13:14:46.520,300557.SZ,28.88,200.0,-1,2,25287300,2014,-9223372036854775808,-9223372036854775808
2021-11-30 13:14:46.540,300557.SZ,28.88,200.0,-1,2,25287317,2014,-9223372036854775808,-9223372036854775808
2021-11-30 13:14:47.350,300557.SZ,28.88,200.0,-1,2,25288440,2014,-9223372036854775808,-9223372036854775808
2021-11-30 13:14:47.800,300557.SZ,28.87,100.0,1,2,25289092,2014,-9223372036854775808,-9223372036854775808
2021-11-30 13:14:47.960,300557.SZ,28.8,1200.0,1,2,25289219,2014,-9223372036854775808,-9223372036854775808
2021-11-30 13:14:48.600,300557.SZ,28.81,100.0,1,2,25290103,2014,-9223372036854775808,-9223372036854775808
2021-11-30 13:14:48.600,300557.SZ,28.87,100.0,1,2,25290108,2014,-9223372036854775808,-9223372036854775808
2021-11-30 13:14:48.600,300557.SZ,28.87,100.0,1,2,25290110,2014,-9223372036854775808,-9223372036854775808
2021-11-30 13:14:48.600,300557.SZ,28.87,100.0,1,2,25290112,2014,-9223372036854775808,-9223372036854775808
2021-11-30 13:14:48.720,300557.SZ,28.87,200.0,1,2,25290325,2014,-9223372036854775808,-9223372036854775808
2021-11-30 13:14:48.890,300557.SZ,28.88,100.0,1,2,25290588,2014,-9223372036854775808,-9223372036854775808
2021-11-30 13:14:49.340,300557.SZ,28.87,100.0,1,2,25292066,2014,-9223372036854775808,-9223372036854775808
2021-11-30 13:14:49.350,300557.SZ,28.87,200.0,-1,2,25292120,2014,-9223372036854775808,-9223372036854775808
2021-11-30 13:14:49.350,300557.SZ,28.87,300.0,-1,2,25292123,2014,-9223372036854775808,-9223372036854775808
2021-11-30 13:14:49.360,300557.SZ,28.87,300.0,-1,2,25292130,2014,-9223372036854775808,-9223372036854775808
2021-11-30 13:14:49.360,300557.SZ,28.87,300.0,-1,2,25292132,2014,-9223372036854775808,-9223372036854775808
2021-11-30 13:14:49.480,300557.SZ,28.87,300.0,-1,2,25292292,2014,-9223372036854775808,-9223372036854775808
2021-11-30 13:14:49.490,300557.SZ,28.87,300.0,-1,2,25292300,2014,-9223372036854775808,-9223372036854775808
2021-11-30 13:14:50.170,300557.SZ,28.89,100.0,1,2,25293307,2014,-9223372036854775808,-9223372036854775808
2021-11-30 13:14:50.320,300557.SZ,28.87,400.0,1,2,25293482,2014,-9223372036854775808,-9223372036854775808
2021-11-30 13:14:50.350,300557.SZ,28.87,300.0,-1,2,25293527,2014,-9223372036854775808,-9223372036854775808
2021-11-30 13:14:50.390,300557.SZ,28.82,100.0,1,2,25293574,2014,-9223372036854775808,-9223372036854775808
2021-11-30 13:14:51.500,300557.SZ,28.84,100.0,1,2,25295359,2014,-9223372036854775808,-9223372036854775808
2021-11-30 13:14:51.820,300557.SZ,28.87,300.0,1,2,25295882,2014,-9223372036854775808,-9223372036854775808
2021-11-30 13:14:51.890,300557.SZ,28.85,400.0,1,2,25296008,2014,-9223372036854775808,-9223372036854775808
2021-11-30 13:14:51.930,300557.SZ,28.87,300.0,1,2,25296112,2014,-9223372036854775808,-9223372036854775808
2021-11-30 13:14:52.040,300557.SZ,28.87,600.0,1,2,25296677,2014,-9223372036854775808,-9223372036854775808
2021-11-30 13:14:52.330,300557.SZ,28.87,100.0,1,2,25297634,2014,-9223372036854775808,-9223372036854775808
2021-11-30 13:14:52.350,300557.SZ,28.87,100.0,-1,2,25297675,2014,-9223372036854775808,-9223372036854775808
2021-11-30 13:14:52.380,300557.SZ,28.87,400.0,1,2,25297714,2014,-9223372036854775808,-9223372036854775808
2021-11-30 13:14:52.810,300557.SZ,28.87,100.0,-1,2,25298402,2014,-9223372036854775808,-9223372036854775808
2021-11-30 13:14:52.810,300557.SZ,28.87,100.0,-1,2,25298404,2014,-9223372036854775808,-9223372036854775808
2021-11-30 13:14:53.140,300557.SZ,28.79,100.0,1,2,25299025,2014,-9223372036854775808,-9223372036854775808
2021-11-30 13:14:54.760,300557.SZ,28.87,500.0,1,2,25301635,2014,-9223372036854775808,-9223372036854775808
2021-11-30 13:14:55.020,300557.SZ,28.87,500.0,1,2,25302218,2014,-9223372036854775808,-9223372036854775808
2021-11-30 13:14:55.330,300557.SZ,28.91,100.0,-1,2,25303085,2014,-9223372036854775808,-9223372036854775808
2021-11-30 13:14:55.710,300557.SZ,28.87,100.0,1,2,25304022,2014,-9223372036854775808,-9223372036854775808
2021-11-30 13:14:55.880,300557.SZ,28.87,100.0,1,2,25304228,2014,-9223372036854775808,-9223372036854775808
2021-11-30 13:14:55.910,300557.SZ,28.91,100.0,-1,2,25304266,2014,-9223372036854775808,-9223372036854775808
2021-11-30 13:14:55.920,300557.SZ,28.91,100.0,-1,2,25304277,2014,-9223372036854775808,-9223372036854775808
2021-11-30 13:14:56.440,300557.SZ,28.8,100.0,1,2,25305081,2014,-9223372036854775808,-9223372036854775808
2021-11-30 13:14:56.540,300557.SZ,28.87,200.0,1,2,25305241,2014,-9223372036854775808,-9223372036854775808
2021-11-30 13:14:58.130,300557.SZ,28.87,100.0,1,2,25307887,2014,-9223372036854775808,-9223372036854775808
2021-11-30 13:14:58.340,300557.SZ,28.9,300.0,-1,2,25308492,2014,-9223372036854775808,-9223372036854775808
2021-11-30 13:14:58.970,300557.SZ,28.9,200.0,-1,2,25309408,2014,-9223372036854775808,-9223372036854775808
2021-11-30 13:14:58.980,300557.SZ,28.9,300.0,-1,2,25309422,2014,-9223372036854775808,-9223372036854775808
2021-11-30 13:14:59.210,300557.SZ,28.88,300.0,1,2,25309761,2014,-9223372036854775808,-9223372036854775808
2021-11-30 13:15:04.390,300557.SZ,28.9,100.0,-1,2,25320620,2014,-9223372036854775808,-9223372036854775808
2021-11-30 13:15:05.090,300557.SZ,28.9,100.0,-1,2,25322215,2014,-9223372036854775808,-9223372036854775808
2021-11-30 13:15:05.090,300557.SZ,28.9,100.0,-1,2,25322216,2014,-9223372036854775808,-9223372036854775808
2021-11-30 13:15:09.080,300557.SZ,28.89,100.0,1,2,25330501,2014,-9223372036854775808,-9223372036854775808
2021-11-30 13:15:09.090,300557.SZ,28.89,100.0,-1,2,25330538,2014,-9223372036854775808,-9223372036854775808
2021-11-30 13:15:16.990,300557.SZ,28.89,100.0,1,2,25348118,2014,-9223372036854775808,-9223372036854775808
2021-11-30 13:15:18.930,300557.SZ,28.9,300.0,1,2,25351678,2014,-9223372036854775808,-9223372036854775808
2021-11-30 13:15:22.620,300557.SZ,28.9,200.0,1,2,25359092,2014,-9223372036854775808,-9223372036854775808
2021-11-30 13:15:24.620,300557.SZ,28.9,300.0,1,2,25361922,2014,-9223372036854775808,-9223372036854775808
2021-11-30 13:15:25.880,300557.SZ,28.88,100.0,1,2,25364823,2014,-9223372036854775808,-9223372036854775808
2021-11-30 13:15:27.550,300557.SZ,28.9,200.0,1,2,25367811,2014,-9223372036854775808,-9223372036854775808
2021-11-30 13:15:27.550,300557.SZ,28.9,100.0,1,2,25367817,2014,-9223372036854775808,-9223372036854775808
2021-11-30 13:15:36.830,300557.SZ,29.0,500.0,-1,2,25387818,2014,-9223372036854775808,-9223372036854775808
2021-11-30 13:15:41.690,300557.SZ,28.9,100.0,1,2,25397338,2014,-9223372036854775808,-9223372036854775808
2021-11-30 13:16:01.350,300557.SZ,28.91,100.0,1,2,25436889,2014,-9223372036854775808,-9223372036854775808
2021-11-30 13:16:01.350,300557.SZ,28.9,100.0,-1,2,25436897,2014,-9223372036854775808,-9223372036854775808
2021-11-30 13:16:01.350,300557.SZ,28.9,100.0,-1,2,25436899,2014,-9223372036854775808,-9223372036854775808
2021-11-30 13:16:01.350,300557.SZ,28.9,100.0,-1,2,25436901,2014,-9223372036854775808,-9223372036854775808
2021-11-30 13:16:01.350,300557.SZ,28.9,100.0,-1,2,25436902,2014,-9223372036854775808,-9223372036854775808
2021-11-30 13:16:01.350,300557.SZ,28.9,100.0,-1,2,25436905,2014,-9223372036854775808,-9223372036854775808
2021-11-30 13:16:01.350,300557.SZ,28.9,100.0,-1,2,25436906,2014,-9223372036854775808,-9223372036854775808
2021-11-30 13:16:01.350,300557.SZ,28.9,100.0,-1,2,25436907,2014,-9223372036854775808,-9223372036854775808
2021-11-30 13:16:01.350,300557.SZ,28.9,100.0,-1,2,25436908,2014,-9223372036854775808,-9223372036854775808
2021-11-30 13:16:01.350,300557.SZ,28.9,100.0,-1,2,25436922,2014,-9223372036854775808,-9223372036854775808
2021-11-30 13:16:04.880,300557.SZ,28.91,400.0,1,2,25445718,2014,-9223372036854775808,-9223372036854775808
2021-11-30 13:16:06.900,300557.SZ,28.88,100.0,1,2,25450033,2014,-9223372036854775808,-9223372036854775808
2021-11-30 13:16:22.150,300557.SZ,28.9,300.0,1,2,25480584,2014,-9223372036854775808,-9223372036854775808
2021-11-30 13:16:31.180,300557.SZ,28.87,300.0,1,2,25497212,2014,-9223372036854775808,-9223372036854775808
2021-11-30 13:17:05.380,300557.SZ,29.0,700.0,-1,2,25558157,2014,-9223372036854775808,-9223372036854775808
2021-11-30 13:17:14.500,300557.SZ,28.9,100.0,1,2,25579947,2014,-9223372036854775808,-9223372036854775808
2021-11-30 13:17:19.340,300557.SZ,28.89,100.0,-1,2,25591610,2014,-9223372036854775808,-9223372036854775808
2021-11-30 13:17:19.340,300557.SZ,28.89,100.0,-1,2,25591619,2014,-9223372036854775808,-9223372036854775808
2021-11-30 13:17:19.340,300557.SZ,28.89,100.0,-1,2,25591620,2014,-9223372036854775808,-9223372036854775808
2021-11-30 13:17:19.340,300557.SZ,28.89,100.0,-1,2,25591621,2014,-9223372036854775808,-9223372036854775808
2021-11-30 13:17:19.350,300557.SZ,28.89,100.0,-1,2,25591637,2014,-9223372036854775808,-9223372036854775808
2021-11-30 13:17:19.350,300557.SZ,28.89,100.0,-1,2,25591638,2014,-9223372036854775808,-9223372036854775808
2021-11-30 13:17:19.350,300557.SZ,28.99,1400.0,-1,2,25591644,2014,-9223372036854775808,-9223372036854775808
2021-11-30 13:17:19.350,300557.SZ,28.99,1100.0,-1,2,25591645,2014,-9223372036854775808,-9223372036854775808
2021-11-30 13:17:19.350,300557.SZ,28.99,1200.0,-1,2,25591646,2014,-9223372036854775808,-9223372036854775808
2021-11-30 13:17:19.350,300557.SZ,28.89,100.0,-1,2,25591649,2014,-9223372036854775808,-9223372036854775808
2021-11-30 13:17:19.370,300557.SZ,28.89,100.0,-1,2,25591708,2014,-9223372036854775808,-9223372036854775808
2021-11-30 13:17:19.400,300557.SZ,28.9,100.0,-1,2,25591756,2014,-9223372036854775808,-9223372036854775808
2021-11-30 13:17:19.420,300557.SZ,28.9,100.0,-1,2,25591829,2014,-9223372036854775808,-9223372036854775808
2021-11-30 13:17:19.560,300557.SZ,28.89,100.0,-1,2,25592150,2014,-9223372036854775808,-9223372036854775808
2021-11-30 13:17:19.570,300557.SZ,28.89,100.0,-1,2,25592196,2014,-9223372036854775808,-9223372036854775808
2021-11-30 13:17:19.580,300557.SZ,28.89,100.0,-1,2,25592249,2014,-9223372036854775808,-9223372036854775808
2021-11-30 13:17:20.160,300557.SZ,28.88,200.0,-1,2,25593186,2014,-9223372036854775808,-9223372036854775808
2021-11-30 13:17:20.280,300557.SZ,28.89,100.0,-1,2,25593352,2014,-9223372036854775808,-9223372036854775808
2021-11-30 13:17:20.760,300557.SZ,28.89,100.0,-1,2,25593977,2014,-9223372036854775808,-9223372036854775808
2021-11-30 13:17:20.850,300557.SZ,28.89,100.0,1,2,25594133,2014,-9223372036854775808,-9223372036854775808
2021-11-30 13:17:22.380,300557.SZ,28.88,100.0,-1,2,25597036,2014,-9223372036854775808,-9223372036854775808
2021-11-30 13:17:22.380,300557.SZ,28.88,100.0,-1,2,25597042,2014,-9223372036854775808,-9223372036854775808
2021-11-30 13:17:22.390,300557.SZ,28.88,100.0,-1,2,25597086,2014,-9223372036854775808,-9223372036854775808
2021-11-30 13:17:22.400,300557.SZ,28.88,100.0,-1,2,25597111,2014,-9223372036854775808,-9223372036854775808
2021-11-30 13:17:22.600,300557.SZ,28.88,100.0,-1,2,25597484,2014,-9223372036854775808,-9223372036854775808
2021-11-30 13:17:22.610,300557.SZ,28.89,100.0,-1,2,25597501,2014,-9223372036854775808,-9223372036854775808
2021-11-30 13:17:22.610,300557.SZ,28.88,100.0,-1,2,25597502,2014,-9223372036854775808,-9223372036854775808
2021-11-30 13:17:22.610,300557.SZ,28.88,100.0,-1,2,25597521,2014,-9223372036854775808,-9223372036854775808
2021-11-30 13:17:23.490,300557.SZ,28.89,100.0,-1,2,25599182,2014,-9223372036854775808,-9223372036854775808
2021-11-30 13:17:23.780,300557.SZ,28.89,100.0,-1,2,25599644,2014,-9223372036854775808,-9223372036854775808
2021-11-30 13:17:25.370,300557.SZ,28.87,400.0,-1,2,25603169,2014,-9223372036854775808,-9223372036854775808
2021-11-30 13:17:25.370,300557.SZ,28.87,400.0,-1,2,25603185,2014,-9223372036854775808,-9223372036854775808
2021-11-30 13:17:25.420,300557.SZ,28.88,400.0,-1,2,25603352,2014,-9223372036854775808,-9223372036854775808
2021-11-30 13:17:25.420,300557.SZ,28.88,400.0,-1,2,25603355,2014,-9223372036854775808,-9223372036854775808
2021-11-30 13:17:25.500,300557.SZ,28.87,400.0,-1,2,25603526,2014,-9223372036854775808,-9223372036854775808
2021-11-30 13:17:25.520,300557.SZ,28.87,400.0,-1,2,25603561,2014,-9223372036854775808,-9223372036854775808
2021-11-30 13:17:25.610,300557.SZ,28.88,400.0,-1,2,25603742,2014,-9223372036854775808,-9223372036854775808
2021-11-30 13:17:25.610,300557.SZ,28.88,300.0,-1,2,25603744,2014,-9223372036854775808,-9223372036854775808
2021-11-30 13:17:25.850,300557.SZ,28.87,200.0,-1,2,25604018,2014,-9223372036854775808,-9223372036854775808
2021-11-30 13:17:26.340,300557.SZ,28.88,300.0,-1,2,25604848,2014,-9223372036854775808,-9223372036854775808
2021-11-30 13:17:26.820,300557.SZ,28.87,400.0,-1,2,25605452,2014,-9223372036854775808,-9223372036854775808
2021-11-30 13:17:28.340,300557.SZ,28.87,200.0,-1,2,25608498,2014,-9223372036854775808,-9223372036854775808
2021-11-30 13:17:28.350,300557.SZ,28.87,200.0,-1,2,25608519,2014,-9223372036854775808,-9223372036854775808
2021-11-30 13:17:28.390,300557.SZ,28.87,1000.0,-1,2,25608592,2014,-9223372036854775808,-9223372036854775808
2021-11-30 13:17:28.560,300557.SZ,28.87,200.0,-1,2,25608930,2014,-9223372036854775808,-9223372036854775808
2021-11-30 13:17:28.560,300557.SZ,28.87,200.0,-1,2,25608933,2014,-9223372036854775808,-9223372036854775808
2021-11-30 13:17:29.580,300557.SZ,28.87,100.0,1,2,25610652,2014,-9223372036854775808,-9223372036854775808
2021-11-30 13:17:30.160,300557.SZ,28.87,100.0,1,2,25611491,2014,-9223372036854775808,-9223372036854775808
2021-11-30 13:17:31.340,300557.SZ,28.84,100.0,-1,2,25614219,2014,-9223372036854775808,-9223372036854775808
2021-11-30 13:17:31.340,300557.SZ,28.84,100.0,-1,2,25614222,2014,-9223372036854775808,-9223372036854775808
2021-11-30 13:17:31.520,300557.SZ,28.84,100.0,-1,2,25614757,2014,-9223372036854775808,-9223372036854775808
2021-11-30 13:17:31.530,300557.SZ,28.84,100.0,-1,2,25614787,2014,-9223372036854775808,-9223372036854775808
2021-11-30 13:17:32.030,300557.SZ,28.87,100.0,1,2,25615569,2014,-9223372036854775808,-9223372036854775808
2021-11-30 13:17:32.040,300557.SZ,28.87,500.0,1,2,25615654,2014,-9223372036854775808,-9223372036854775808
2021-11-30 13:17:32.240,300557.SZ,28.87,100.0,1,2,25616084,2014,-9223372036854775808,-9223372036854775808
2021-11-30 13:17:32.390,300557.SZ,28.87,100.0,-1,2,25616317,2014,-9223372036854775808,-9223372036854775808
2021-11-30 13:17:32.700,300557.SZ,28.87,100.0,-1,2,25616769,2014,-9223372036854775808,-9223372036854775808
2021-11-30 13:17:33.560,300557.SZ,28.83,100.0,1,2,25617867,2014,-9223372036854775808,-9223372036854775808
2021-11-30 13:17:33.680,300557.SZ,28.84,100.0,1,2,25618019,2014,-9223372036854775808,-9223372036854775808
2021-11-30 13:17:33.680,300557.SZ,28.83,500.0,1,2,25618023,2014,-9223372036854775808,-9223372036854775808
2021-11-30 13:17:34.300,300557.SZ,28.87,100.0,-1,2,25619990,2014,-9223372036854775808,-9223372036854775808
2021-11-30 13:17:34.360,300557.SZ,28.84,100.0,-1,2,25620097,2014,-9223372036854775808,-9223372036854775808
2021-11-30 13:17:34.360,300557.SZ,28.82,200.0,1,2,25620105,2014,-9223372036854775808,-9223372036854775808
2021-11-30 13:17:34.370,300557.SZ,28.84,100.0,-1,2,25620123,2014,-9223372036854775808,-9223372036854775808
2021-11-30 13:17:34.490,300557.SZ,28.84,100.0,-1,2,25620586,2014,-9223372036854775808,-9223372036854775808
2021-11-30 13:17:34.500,300557.SZ,28.84,100.0,-1,2,25620598,2014,-9223372036854775808,-9223372036854775808
2021-11-30 13:17:34.530,300557.SZ,28.84,300.0,1,2,25620708,2014,-9223372036854775808,-9223372036854775808
2021-11-30 13:17:34.540,300557.SZ,28.84,100.0,1,2,25620713,2014,-9223372036854775808,-9223372036854775808
2021-11-30 13:17:34.540,300557.SZ,28.99,3700.0,-1,2,25620714,2014,-9223372036854775808,-9223372036854775808
2021-11-30 13:17:34.540,300557.SZ,28.99,400.0,-1,2,25620715,2014,-9223372036854775808,-9223372036854775808
2021-11-30 13:17:34.540,300557.SZ,28.99,1400.0,-1,2,25620716,2014,-9223372036854775808,-9223372036854775808
2021-11-30 13:17:34.540,300557.SZ,28.99,1100.0,-1,2,25620717,2014,-9223372036854775808,-9223372036854775808
2021-11-30 13:17:34.540,300557.SZ,28.99,1400.0,-1,2,25620718,2014,-9223372036854775808,-9223372036854775808
2021-11-30 13:17:34.540,300557.SZ,28.99,2300.0,-1,2,25620719,2014,-9223372036854775808,-9223372036854775808
2021-11-30 13:17:34.540,300557.SZ,28.99,1200.0,-1,2,25620720,2014,-9223372036854775808,-9223372036854775808
2021-11-30 13:17:34.570,300557.SZ,28.84,100.0,-1,2,25620787,2014,-9223372036854775808,-9223372036854775808
2021-11-30 13:17:34.570,300557.SZ,28.84,100.0,-1,2,25620793,2014,-9223372036854775808,-9223372036854775808
2021-11-30 13:17:34.570,300557.SZ,28.99,3700.0,-1,2,25620794,2014,-9223372036854775808,-9223372036854775808
2021-11-30 13:17:34.570,300557.SZ,28.99,1400.0,-1,2,25620795,2014,-9223372036854775808,-9223372036854775808
2021-11-30 13:17:34.570,300557.SZ,28.99,1100.0,-1,2,25620796,2014,-9223372036854775808,-9223372036854775808
2021-11-30 13:17:34.570,300557.SZ,28.99,1200.0,-1,2,25620797,2014,-9223372036854775808,-9223372036854775808
2021-11-30 13:17:35.340,300557.SZ,28.84,100.0,-1,2,25622007,2014,-9223372036854775808,-9223372036854775808
2021-11-30 13:17:35.340,300557.SZ,28.98,3800.0,-1,2,25622010,2014,-9223372036854775808,-9223372036854775808
2021-11-30 13:17:35.340,300557.SZ,28.98,400.0,-1,2,25622011,2014,-9223372036854775808,-9223372036854775808
2021-11-30 13:17:35.340,300557.SZ,28.98,400.0,-1,2,25622012,2014,-9223372036854775808,-9223372036854775808
2021-11-30 13:17:35.340,300557.SZ,28.98,2300.0,-1,2,25622014,2014,-9223372036854775808,-9223372036854775808
2021-11-30 13:17:35.340,300557.SZ,28.98,100.0,-1,2,25622016,2014,-9223372036854775808,-9223372036854775808
2021-11-30 13:17:35.340,300557.SZ,28.98,1400.0,-1,2,25622018,2014,-9223372036854775808,-9223372036854775808
2021-11-30 13:17:35.340,300557.SZ,28.98,200.0,-1,2,25622019,2014,-9223372036854775808,-9223372036854775808
2021-11-30 13:17:35.590,300557.SZ,28.84,100.0,-1,2,25622355,2014,-9223372036854775808,-9223372036854775808
2021-11-30 13:17:35.590,300557.SZ,28.97,3700.0,-1,2,25622360,2014,-9223372036854775808,-9223372036854775808
2021-11-30 13:17:35.590,300557.SZ,28.97,1200.0,-1,2,25622364,2014,-9223372036854775808,-9223372036854775808
2021-11-30 13:17:35.590,300557.SZ,28.97,1200.0,-1,2,25622366,2014,-9223372036854775808,-9223372036854775808
2021-11-30 13:17:35.590,300557.SZ,28.97,100.0,-1,2,25622368,2014,-9223372036854775808,-9223372036854775808
2021-11-30 13:17:35.590,300557.SZ,28.97,1200.0,-1,2,25622369,2014,-9223372036854775808,-9223372036854775808
2021-11-30 13:17:37.210,300557.SZ,28.84,100.0,-1,2,25625528,2014,-9223372036854775808,-9223372036854775808
2021-11-30 13:17:37.210,300557.SZ,28.84,100.0,-1,2,25625529,2014,-9223372036854775808,-9223372036854775808
2021-11-30 13:17:37.360,300557.SZ,28.84,100.0,1,2,25625895,2014,-9223372036854775808,-9223372036854775808
2021-11-30 13:17:37.370,300557.SZ,28.84,100.0,-1,2,25625903,2014,-9223372036854775808,-9223372036854775808
2021-11-30 13:17:37.370,300557.SZ,28.84,100.0,-1,2,25625904,2014,-9223372036854775808,-9223372036854775808
2021-11-30 13:17:37.370,300557.SZ,28.84,100.0,-1,2,25625905,2014,-9223372036854775808,-9223372036854775808
2021-11-30 13:17:37.380,300557.SZ,28.84,100.0,-1,2,25625923,2014,-9223372036854775808,-9223372036854775808
2021-11-30 13:17:37.550,300557.SZ,28.87,100.0,1,2,25626280,2014,-9223372036854775808,-9223372036854775808
2021-11-30 13:17:37.620,300557.SZ,28.84,100.0,-1,2,25626376,2014,-9223372036854775808,-9223372036854775808
2021-11-30 13:17:37.640,300557.SZ,28.84,100.0,-1,2,25626389,2014,-9223372036854775808,-9223372036854775808
2021-11-30 13:17:37.910,300557.SZ,28.84,100.0,1,2,25626801,2014,-9223372036854775808,-9223372036854775808
2021-11-30 13:17:38.190,300557.SZ,28.84,100.0,-1,2,25627190,2014,-9223372036854775808,-9223372036854775808
2021-11-30 13:17:38.370,300557.SZ,28.84,100.0,-1,2,25627476,2014,-9223372036854775808,-9223372036854775808
2021-11-30 13:17:40.220,300557.SZ,28.84,100.0,-1,2,25630695,2014,-9223372036854775808,-9223372036854775808
2021-11-30 13:17:40.230,300557.SZ,28.84,100.0,-1,2,25630715,2014,-9223372036854775808,-9223372036854775808
2021-11-30 13:17:40.350,300557.SZ,28.84,100.0,-1,2,25631072,2014,-9223372036854775808,-9223372036854775808
2021-11-30 13:17:40.350,300557.SZ,28.84,100.0,-1,2,25631077,2014,-9223372036854775808,-9223372036854775808
2021-11-30 13:17:40.390,300557.SZ,28.84,100.0,-1,2,25631157,2014,-9223372036854775808,-9223372036854775808
2021-11-30 13:17:40.390,300557.SZ,28.84,100.0,-1,2,25631158,2014,-9223372036854775808,-9223372036854775808
2021-11-30 13:17:40.460,300557.SZ,28.84,100.0,-1,2,25631326,2014,-9223372036854775808,-9223372036854775808
2021-11-30 13:17:40.460,300557.SZ,28.84,100.0,-1,2,25631343,2014,-9223372036854775808,-9223372036854775808
2021-11-30 13:17:41.240,300557.SZ,28.84,100.0,-1,2,25632586,2014,-9223372036854775808,-9223372036854775808
2021-11-30 13:17:43.330,300557.SZ,28.84,100.0,-1,2,25635898,2014,-9223372036854775808,-9223372036854775808
2021-11-30 13:17:43.330,300557.SZ,28.84,100.0,-1,2,25635899,2014,-9223372036854775808,-9223372036854775808
2021-11-30 13:17:43.420,300557.SZ,28.84,100.0,-1,2,25636135,2014,-9223372036854775808,-9223372036854775808
2021-11-30 13:17:43.430,300557.SZ,28.84,100.0,-1,2,25636139,2014,-9223372036854775808,-9223372036854775808
2021-11-30 13:17:43.450,300557.SZ,28.84,100.0,-1,2,25636185,2014,-9223372036854775808,-9223372036854775808
2021-11-30 13:17:43.450,300557.SZ,28.84,100.0,-1,2,25636189,2014,-9223372036854775808,-9223372036854775808
2021-11-30 13:17:44.360,300557.SZ,28.84,100.0,-1,2,25637610,2014,-9223372036854775808,-9223372036854775808
2021-11-30 13:17:46.230,300557.SZ,28.84,100.0,-1,2,25640505,2014,-9223372036854775808,-9223372036854775808
2021-11-30 13:17:46.370,300557.SZ,28.84,100.0,-1,2,25640865,2014,-9223372036854775808,-9223372036854775808
2021-11-30 13:17:46.380,300557.SZ,28.84,100.0,-1,2,25640881,2014,-9223372036854775808,-9223372036854775808
2021-11-30 13:17:46.660,300557.SZ,28.84,100.0,-1,2,25641430,2014,-9223372036854775808,-9223372036854775808
2021-11-30 13:17:46.670,300557.SZ,28.84,100.0,-1,2,25641436,2014,-9223372036854775808,-9223372036854775808
2021-11-30 13:17:47.220,300557.SZ,28.84,100.0,-1,2,25642203,2014,-9223372036854775808,-9223372036854775808
2021-11-30 13:17:48.160,300557.SZ,28.83,300.0,1,2,25643956,2014,-9223372036854775808,-9223372036854775808
2021-11-30 13:17:49.670,300557.SZ,28.84,100.0,1,2,25646727,2014,-9223372036854775808,-9223372036854775808
2021-11-30 13:17:49.680,300557.SZ,28.81,300.0,1,2,25646751,2014,-9223372036854775808,-9223372036854775808
2021-11-30 13:17:49.810,300557.SZ,28.83,100.0,-1,2,25646874,2014,-9223372036854775808,-9223372036854775808
2021-11-30 13:17:49.940,300557.SZ,28.83,100.0,1,2,25647074,2014,-9223372036854775808,-9223372036854775808
2021-11-30 13:17:52.270,300557.SZ,28.81,100.0,1,2,25650758,2014,-9223372036854775808,-9223372036854775808
2021-11-30 13:17:52.440,300557.SZ,28.81,100.0,1,2,25651097,2014,-9223372036854775808,-9223372036854775808
2021-11-30 13:17:52.630,300557.SZ,28.84,100.0,-1,2,25651373,2014,-9223372036854775808,-9223372036854775808
2021-11-30 13:17:52.970,300557.SZ,28.84,100.0,1,2,25651817,2014,-9223372036854775808,-9223372036854775808
2021-11-30 13:17:53.780,300557.SZ,28.81,100.0,1,2,25653081,2014,-9223372036854775808,-9223372036854775808
2021-11-30 13:17:55.080,300557.SZ,28.73,1000.0,1,2,25655345,2014,-9223372036854775808,-9223372036854775808
2021-11-30 13:17:55.080,300557.SZ,28.67,1500.0,1,2,25655346,2014,-9223372036854775808,-9223372036854775808
2021-11-30 13:17:55.580,300557.SZ,28.83,300.0,1,2,25656270,2014,-9223372036854775808,-9223372036854775808
2021-11-30 13:17:55.590,300557.SZ,28.81,100.0,1,2,25656273,2014,-9223372036854775808,-9223372036854775808
2021-11-30 13:17:56.830,300557.SZ,28.81,100.0,1,2,25657971,2014,-9223372036854775808,-9223372036854775808
2021-11-30 13:17:57.040,300557.SZ,28.84,100.0,1,2,25658168,2014,-9223372036854775808,-9223372036854775808
2021-11-30 13:17:57.170,300557.SZ,28.84,100.0,1,2,25658432,2014,-9223372036854775808,-9223372036854775808
2021-11-30 13:17:57.290,300557.SZ,28.84,100.0,1,2,25658628,2014,-9223372036854775808,-9223372036854775808
2021-11-30 13:17:58.410,300557.SZ,28.84,500.0,1,2,25661252,2014,-9223372036854775808,-9223372036854775808
2021-11-30 13:18:01.130,300557.SZ,28.84,900.0,1,2,25666174,2014,-9223372036854775808,-9223372036854775808
2021-11-30 13:18:01.200,300557.SZ,28.84,200.0,1,2,25666460,2014,-9223372036854775808,-9223372036854775808
2021-11-30 13:18:01.460,300557.SZ,28.84,3800.0,1,2,25667024,2014,-9223372036854775808,-9223372036854775808
2021-11-30 13:18:01.460,300557.SZ,28.99,3700.0,-1,2,25667052,2014,-9223372036854775808,-9223372036854775808
2021-11-30 13:18:01.460,300557.SZ,28.99,200.0,-1,2,25667053,2014,-9223372036854775808,-9223372036854775808
2021-11-30 13:18:01.460,300557.SZ,28.99,1000.0,-1,2,25667054,2014,-9223372036854775808,-9223372036854775808
2021-11-30 13:18:01.460,300557.SZ,28.99,1800.0,-1,2,25667055,2014,-9223372036854775808,-9223372036854775808
2021-11-30 13:18:01.460,300557.SZ,28.99,300.0,-1,2,25667056,2014,-9223372036854775808,-9223372036854775808
2021-11-30 13:18:01.460,300557.SZ,28.99,2600.0,-1,2,25667057,2014,-9223372036854775808,-9223372036854775808
2021-11-30 13:18:01.460,300557.SZ,28.99,800.0,-1,2,25667058,2014,-9223372036854775808,-9223372036854775808
2021-11-30 13:18:01.460,300557.SZ,28.99,1500.0,-1,2,25667059,2014,-9223372036854775808,-9223372036854775808
2021-11-30 13:18:01.460,300557.SZ,28.99,2500.0,-1,2,25667060,2014,-9223372036854775808,-9223372036854775808
2021-11-30 13:18:01.460,300557.SZ,28.99,2600.0,-1,2,25667061,2014,-9223372036854775808,-9223372036854775808
2021-11-30 13:18:01.460,300557.SZ,28.99,1400.0,-1,2,25667062,2014,-9223372036854775808,-9223372036854775808
2021-11-30 13:18:01.460,300557.SZ,28.99,100.0,-1,2,25667063,2014,-9223372036854775808,-9223372036854775808
2021-11-30 13:18:01.460,300557.SZ,28.99,1800.0,-1,2,25667064,2014,-9223372036854775808,-9223372036854775808
2021-11-30 13:18:01.460,300557.SZ,28.99,800.0,-1,2,25667065,2014,-9223372036854775808,-9223372036854775808
2021-11-30 13:18:01.460,300557.SZ,28.99,1300.0,-1,2,25667066,2014,-9223372036854775808,-9223372036854775808
2021-11-30 13:18:01.460,300557.SZ,28.99,1200.0,-1,2,25667067,2014,-9223372036854775808,-9223372036854775808
2021-11-30 13:18:01.460,300557.SZ,28.99,100.0,-1,2,25667068,2014,-9223372036854775808,-9223372036854775808
2021-11-30 13:18:01.470,300557.SZ,29.22,1900.0,-1,2,25667098,2014,-9223372036854775808,-9223372036854775808
2021-11-30 13:18:01.480,300557.SZ,28.98,1600.0,-1,2,25667105,2014,-9223372036854775808,-9223372036854775808
2021-11-30 13:18:01.480,300557.SZ,28.97,1200.0,-1,2,25667126,2014,-9223372036854775808,-9223372036854775808
2021-11-30 13:18:01.480,300557.SZ,28.97,900.0,-1,2,25667127,2014,-9223372036854775808,-9223372036854775808
2021-11-30 13:18:01.480,300557.SZ,28.97,1200.0,-1,2,25667128,2014,-9223372036854775808,-9223372036854775808
2021-11-30 13:18:01.710,300557.SZ,28.85,700.0,1,2,25667579,2014,-9223372036854775808,-9223372036854775808
2021-11-30 13:18:01.710,300557.SZ,28.96,2000.0,-1,2,25667589,2014,-9223372036854775808,-9223372036854775808
2021-11-30 13:18:04.410,300557.SZ,28.84,100.0,1,2,25674425,2014,-9223372036854775808,-9223372036854775808
2021-11-30 13:18:04.410,300557.SZ,28.84,100.0,1,2,25674426,2014,-9223372036854775808,-9223372036854775808
2021-11-30 13:18:04.440,300557.SZ,28.84,1500.0,-1,2,25674556,2014,-9223372036854775808,-9223372036854775808
2021-11-30 13:18:04.440,300557.SZ,28.84,1300.0,-1,2,25674591,2014,-9223372036854775808,-9223372036854775808
2021-11-30 13:18:04.450,300557.SZ,28.84,1600.0,-1,2,25674608,2014,-9223372036854775808,-9223372036854775808
2021-11-30 13:18:04.770,300557.SZ,28.84,200.0,-1,2,25675332,2014,-9223372036854775808,-9223372036854775808
2021-11-30 13:18:04.780,300557.SZ,28.84,100.0,1,2,25675338,2014,-9223372036854775808,-9223372036854775808
2021-11-30 13:18:04.780,300557.SZ,28.84,1000.0,1,2,25675340,2014,-9223372036854775808,-9223372036854775808
2021-11-30 13:18:04.780,300557.SZ,28.97,1200.0,-1,2,25675345,2014,-9223372036854775808,-9223372036854775808
2021-11-30 13:18:04.780,300557.SZ,28.97,1200.0,-1,2,25675346,2014,-9223372036854775808,-9223372036854775808
2021-11-30 13:18:04.780,300557.SZ,28.97,1200.0,-1,2,25675347,2014,-9223372036854775808,-9223372036854775808
2021-11-30 13:18:04.780,300557.SZ,28.97,1200.0,-1,2,25675348,2014,-9223372036854775808,-9223372036854775808
2021-11-30 13:18:04.780,300557.SZ,28.84,200.0,-1,2,25675355,2014,-9223372036854775808,-9223372036854775808
2021-11-30 13:18:05.210,300557.SZ,28.84,100.0,-1,2,25676331,2014,-9223372036854775808,-9223372036854775808
2021-11-30 13:18:29.300,300557.SZ,28.96,3700.0,-1,2,25720244,2014,-9223372036854775808,-9223372036854775808
2021-11-30 13:18:29.300,300557.SZ,28.96,1200.0,-1,2,25720245,2014,-9223372036854775808,-9223372036854775808
2021-11-30 13:18:29.300,300557.SZ,28.96,1200.0,-1,2,25720248,2014,-9223372036854775808,-9223372036854775808
2021-11-30 13:18:29.300,300557.SZ,28.96,100.0,-1,2,25720249,2014,-9223372036854775808,-9223372036854775808
2021-11-30 13:18:29.300,300557.SZ,28.96,1200.0,-1,2,25720250,2014,-9223372036854775808,-9223372036854775808
2021-11-30 13:18:34.400,300557.SZ,28.83,800.0,-1,2,25728406,2014,-9223372036854775808,-9223372036854775808
2021-11-30 13:18:34.410,300557.SZ,28.95,1400.0,-1,2,25728420,2014,-9223372036854775808,-9223372036854775808
2021-11-30 13:18:34.410,300557.SZ,28.95,1500.0,-1,2,25728421,2014,-9223372036854775808,-9223372036854775808
2021-11-30 13:18:34.410,300557.SZ,28.95,400.0,-1,2,25728424,2014,-9223372036854775808,-9223372036854775808
2021-11-30 13:18:34.410,300557.SZ,28.83,1200.0,-1,2,25728430,2014,-9223372036854775808,-9223372036854775808
2021-11-30 13:18:40.220,300557.SZ,28.83,100.0,-1,2,25738428,2014,-9223372036854775808,-9223372036854775808
2021-11-30 13:18:42.910,300557.SZ,28.62,700.0,1,2,25742652,2014,-9223372036854775808,-9223372036854775808
2021-11-30 13:18:43.270,300557.SZ,28.8,100.0,1,2,25743570,2014,-9223372036854775808,-9223372036854775808
2021-11-30 13:18:43.510,300557.SZ,28.83,500.0,1,2,25744035,2014,-9223372036854775808,-9223372036854775808
2021-11-30 13:18:43.510,300557.SZ,28.97,3700.0,-1,2,25744055,2014,-9223372036854775808,-9223372036854775808
2021-11-30 13:18:43.510,300557.SZ,28.97,400.0,-1,2,25744056,2014,-9223372036854775808,-9223372036854775808
2021-11-30 13:18:43.510,300557.SZ,28.97,400.0,-1,2,25744057,2014,-9223372036854775808,-9223372036854775808
2021-11-30 13:18:43.510,300557.SZ,28.97,200.0,-1,2,25744058,2014,-9223372036854775808,-9223372036854775808
2021-11-30 13:18:43.510,300557.SZ,28.97,3800.0,-1,2,25744059,2014,-9223372036854775808,-9223372036854775808
2021-11-30 13:18:43.510,300557.SZ,28.97,100.0,-1,2,25744061,2014,-9223372036854775808,-9223372036854775808
2021-11-30 13:18:43.510,300557.SZ,28.97,2300.0,-1,2,25744062,2014,-9223372036854775808,-9223372036854775808
2021-11-30 13:18:43.510,300557.SZ,28.97,1200.0,-1,2,25744063,2014,-9223372036854775808,-9223372036854775808
2021-11-30 13:18:43.510,300557.SZ,28.97,1200.0,-1,2,25744064,2014,-9223372036854775808,-9223372036854775808
2021-11-30 13:18:43.510,300557.SZ,28.97,800.0,-1,2,25744065,2014,-9223372036854775808,-9223372036854775808
2021-11-30 13:18:43.510,300557.SZ,28.97,400.0,-1,2,25744066,2014,-9223372036854775808,-9223372036854775808
2021-11-30 13:18:43.510,300557.SZ,28.97,100.0,-1,2,25744067,2014,-9223372036854775808,-9223372036854775808
2021-11-30 13:18:43.510,300557.SZ,28.97,1400.0,-1,2,25744068,2014,-9223372036854775808,-9223372036854775808
2021-11-30 13:18:43.570,300557.SZ,28.83,200.0,-1,2,25744240,2014,-9223372036854775808,-9223372036854775808
2021-11-30 13:19:12.840,300557.SZ,28.83,200.0,-1,2,25801578,2014,-9223372036854775808,-9223372036854775808
2021-11-30 13:19:14.320,300557.SZ,28.7,100.0,1,2,25805033,2014,-9223372036854775808,-9223372036854775808
2021-11-30 13:19:18.700,300557.SZ,28.83,200.0,-1,2,25814823,2014,-9223372036854775808,-9223372036854775808
2021-11-30 13:19:22.590,300557.SZ,27.6,300.0,1,2,25823213,2014,-9223372036854775808,-9223372036854775808
2021-11-30 13:19:28.380,300557.SZ,28.81,600.0,-1,2,25832876,2014,-9223372036854775808,-9223372036854775808
2021-11-30 13:19:29.400,300557.SZ,28.82,500.0,1,2,25834387,2014,-9223372036854775808,-9223372036854775808
2021-11-30 13:19:30.930,300557.SZ,28.81,1000.0,-1,2,25837254,2014,-9223372036854775808,-9223372036854775808
2021-11-30 13:19:37.360,300557.SZ,28.81,100.0,-1,2,25848360,2014,-9223372036854775808,-9223372036854775808
2021-11-30 13:19:37.620,300557.SZ,28.81,200.0,-1,2,25848836,2014,-9223372036854775808,-9223372036854775808
2021-11-30 13:19:48.700,300557.SZ,28.8,100.0,-1,2,25865564,2014,-9223372036854775808,-9223372036854775808
2021-11-30 13:19:48.720,300557.SZ,28.8,400.0,-1,2,25865582,2014,-9223372036854775808,-9223372036854775808
2021-11-30 13:19:48.730,300557.SZ,28.8,900.0,-1,2,25865597,2014,-9223372036854775808,-9223372036854775808
2021-11-30 13:19:48.780,300557.SZ,28.8,500.0,-1,2,25865719,2014,-9223372036854775808,-9223372036854775808
2021-11-30 13:19:50.800,300557.SZ,28.8,2000.0,1,2,25868748,2014,-9223372036854775808,-9223372036854775808
2021-11-30 13:19:51.250,300557.SZ,28.71,100.0,1,2,25869331,2014,-9223372036854775808,-9223372036854775808
2021-11-30 13:19:52.410,300557.SZ,28.77,100.0,-1,2,25871500,2014,-9223372036854775808,-9223372036854775808
2021-11-30 13:19:52.550,300557.SZ,28.96,900.0,-1,2,25871673,2014,-9223372036854775808,-9223372036854775808
2021-11-30 13:19:52.550,300557.SZ,28.96,400.0,-1,2,25871674,2014,-9223372036854775808,-9223372036854775808
2021-11-30 13:19:52.550,300557.SZ,28.96,1300.0,-1,2,25871675,2014,-9223372036854775808,-9223372036854775808
2021-11-30 13:19:52.550,300557.SZ,28.96,100.0,-1,2,25871676,2014,-9223372036854775808,-9223372036854775808
2021-11-30 13:19:52.550,300557.SZ,28.97,3800.0,-1,2,25871677,2014,-9223372036854775808,-9223372036854775808
2021-11-30 13:19:52.550,300557.SZ,28.97,200.0,-1,2,25871678,2014,-9223372036854775808,-9223372036854775808
2021-11-30 13:19:52.550,300557.SZ,28.97,200.0,-1,2,25871679,2014,-9223372036854775808,-9223372036854775808
2021-11-30 13:19:52.550,300557.SZ,28.97,200.0,-1,2,25871680,2014,-9223372036854775808,-9223372036854775808
2021-11-30 13:19:52.550,300557.SZ,28.97,400.0,-1,2,25871681,2014,-9223372036854775808,-9223372036854775808
2021-11-30 13:19:52.550,300557.SZ,28.97,200.0,-1,2,25871682,2014,-9223372036854775808,-9223372036854775808
2021-11-30 13:19:52.550,300557.SZ,28.97,400.0,-1,2,25871683,2014,-9223372036854775808,-9223372036854775808
2021-11-30 13:19:52.550,300557.SZ,28.97,2600.0,-1,2,25871684,2014,-9223372036854775808,-9223372036854775808
2021-11-30 13:19:52.550,300557.SZ,28.96,1200.0,-1,2,25871685,2014,-9223372036854775808,-9223372036854775808
2021-11-30 13:19:52.550,300557.SZ,28.97,100.0,-1,2,25871686,2014,-9223372036854775808,-9223372036854775808
2021-11-30 13:19:52.550,300557.SZ,28.97,200.0,-1,2,25871687,2014,-9223372036854775808,-9223372036854775808
2021-11-30 13:19:52.550,300557.SZ,28.96,400.0,-1,2,25871688,2014,-9223372036854775808,-9223372036854775808
2021-11-30 13:19:52.550,300557.SZ,28.96,100.0,-1,2,25871689,2014,-9223372036854775808,-9223372036854775808
2021-11-30 13:19:52.550,300557.SZ,28.97,200.0,-1,2,25871690,2014,-9223372036854775808,-9223372036854775808
2021-11-30 13:19:52.550,300557.SZ,28.97,1100.0,-1,2,25871691,2014,-9223372036854775808,-9223372036854775808
2021-11-30 13:19:52.550,300557.SZ,28.96,800.0,-1,2,25871692,2014,-9223372036854775808,-9223372036854775808
2021-11-30 13:19:52.550,300557.SZ,28.96,1200.0,-1,2,25871693,2014,-9223372036854775808,-9223372036854775808
2021-11-30 13:19:52.550,300557.SZ,28.97,200.0,-1,2,25871694,2014,-9223372036854775808,-9223372036854775808
2021-11-30 13:19:52.550,300557.SZ,28.97,200.0,-1,2,25871695,2014,-9223372036854775808,-9223372036854775808
2021-11-30 13:19:52.550,300557.SZ,28.97,300.0,-1,2,25871696,2014,-9223372036854775808,-9223372036854775808
2021-11-30 13:19:55.560,300557.SZ,28.8,200.0,-1,2,25876097,2014,-9223372036854775808,-9223372036854775808
2021-11-30 13:19:55.560,300557.SZ,28.96,100.0,-1,2,25876101,2014,-9223372036854775808,-9223372036854775808
2021-11-30 13:19:55.560,300557.SZ,28.96,900.0,-1,2,25876102,2014,-9223372036854775808,-9223372036854775808
2021-11-30 13:19:55.560,300557.SZ,28.96,1300.0,-1,2,25876103,2014,-9223372036854775808,-9223372036854775808
2021-11-30 13:19:55.560,300557.SZ,28.96,400.0,-1,2,25876104,2014,-9223372036854775808,-9223372036854775808
2021-11-30 13:19:55.560,300557.SZ,28.97,3800.0,-1,2,25876105,2014,-9223372036854775808,-9223372036854775808
2021-11-30 13:19:55.560,300557.SZ,28.97,400.0,-1,2,25876106,2014,-9223372036854775808,-9223372036854775808
2021-11-30 13:19:55.560,300557.SZ,28.97,400.0,-1,2,25876107,2014,-9223372036854775808,-9223372036854775808
2021-11-30 13:19:55.560,300557.SZ,28.97,200.0,-1,2,25876108,2014,-9223372036854775808,-9223372036854775808
2021-11-30 13:19:55.560,300557.SZ,28.97,2600.0,-1,2,25876109,2014,-9223372036854775808,-9223372036854775808
2021-11-30 13:19:55.560,300557.SZ,28.97,200.0,-1,2,25876110,2014,-9223372036854775808,-9223372036854775808
2021-11-30 13:19:55.560,300557.SZ,28.97,200.0,-1,2,25876111,2014,-9223372036854775808,-9223372036854775808
2021-11-30 13:19:55.560,300557.SZ,28.96,1200.0,-1,2,25876112,2014,-9223372036854775808,-9223372036854775808
2021-11-30 13:19:55.560,300557.SZ,28.97,100.0,-1,2,25876113,2014,-9223372036854775808,-9223372036854775808
2021-11-30 13:19:55.560,300557.SZ,28.97,200.0,-1,2,25876114,2014,-9223372036854775808,-9223372036854775808
2021-11-30 13:19:55.560,300557.SZ,28.96,800.0,-1,2,25876115,2014,-9223372036854775808,-9223372036854775808
2021-11-30 13:19:55.560,300557.SZ,28.96,400.0,-1,2,25876116,2014,-9223372036854775808,-9223372036854775808
2021-11-30 13:19:55.560,300557.SZ,28.96,1200.0,-1,2,25876117,2014,-9223372036854775808,-9223372036854775808
2021-11-30 13:19:55.560,300557.SZ,28.96,100.0,-1,2,25876118,2014,-9223372036854775808,-9223372036854775808
2021-11-30 13:19:55.560,300557.SZ,28.97,1100.0,-1,2,25876119,2014,-9223372036854775808,-9223372036854775808
2021-11-30 13:19:55.560,300557.SZ,28.97,200.0,-1,2,25876120,2014,-9223372036854775808,-9223372036854775808
2021-11-30 13:19:55.560,300557.SZ,28.97,200.0,-1,2,25876121,2014,-9223372036854775808,-9223372036854775808
2021-11-30 13:19:55.560,300557.SZ,28.97,200.0,-1,2,25876122,2014,-9223372036854775808,-9223372036854775808
2021-11-30 13:19:55.560,300557.SZ,28.97,300.0,-1,2,25876123,2014,-9223372036854775808,-9223372036854775808
2021-11-30 13:19:55.560,300557.SZ,28.97,200.0,-1,2,25876124,2014,-9223372036854775808,-9223372036854775808
2021-11-30 13:19:55.570,300557.SZ,28.8,400.0,-1,2,25876156,2014,-9223372036854775808,-9223372036854775808
2021-11-30 13:19:58.960,300557.SZ,28.8,300.0,-1,2,25881762,2014,-9223372036854775808,-9223372036854775808
2021-11-30 13:19:58.960,300557.SZ,28.96,900.0,-1,2,25881768,2014,-9223372036854775808,-9223372036854775808
2021-11-30 13:19:58.960,300557.SZ,28.96,1300.0,-1,2,25881769,2014,-9223372036854775808,-9223372036854775808
2021-11-30 13:19:58.960,300557.SZ,28.96,400.0,-1,2,25881770,2014,-9223372036854775808,-9223372036854775808
2021-11-30 13:19:58.960,300557.SZ,28.96,100.0,-1,2,25881771,2014,-9223372036854775808,-9223372036854775808
2021-11-30 13:19:58.960,300557.SZ,28.97,3800.0,-1,2,25881772,2014,-9223372036854775808,-9223372036854775808
2021-11-30 13:19:58.960,300557.SZ,28.96,1200.0,-1,2,25881773,2014,-9223372036854775808,-9223372036854775808
2021-11-30 13:19:58.960,300557.SZ,28.97,200.0,-1,2,25881774,2014,-9223372036854775808,-9223372036854775808
2021-11-30 13:19:58.960,300557.SZ,28.96,800.0,-1,2,25881775,2014,-9223372036854775808,-9223372036854775808
2021-11-30 13:19:58.960,300557.SZ,28.96,1200.0,-1,2,25881776,2014,-9223372036854775808,-9223372036854775808
2021-11-30 13:19:58.960,300557.SZ,28.96,400.0,-1,2,25881777,2014,-9223372036854775808,-9223372036854775808
2021-11-30 13:19:58.960,300557.SZ,28.96,100.0,-1,2,25881778,2014,-9223372036854775808,-9223372036854775808
2021-11-30 13:19:58.960,300557.SZ,28.97,848.0,-1,2,25881779,2014,-9223372036854775808,-9223372036854775808
2021-11-30 13:19:58.960,300557.SZ,28.97,200.0,-1,2,25881780,2014,-9223372036854775808,-9223372036854775808
2021-11-30 13:19:58.960,300557.SZ,28.97,200.0,-1,2,25881781,2014,-9223372036854775808,-9223372036854775808
2021-11-30 13:19:58.960,300557.SZ,28.97,100.0,-1,2,25881782,2014,-9223372036854775808,-9223372036854775808
2021-11-30 13:19:58.960,300557.SZ,28.97,2600.0,-1,2,25881783,2014,-9223372036854775808,-9223372036854775808
2021-11-30 13:19:58.960,300557.SZ,28.97,200.0,-1,2,25881784,2014,-9223372036854775808,-9223372036854775808
2021-11-30 13:19:58.960,300557.SZ,28.97,400.0,-1,2,25881785,2014,-9223372036854775808,-9223372036854775808
2021-11-30 13:19:58.960,300557.SZ,28.97,400.0,-1,2,25881786,2014,-9223372036854775808,-9223372036854775808
2021-11-30 13:19:58.960,300557.SZ,28.97,200.0,-1,2,25881787,2014,-9223372036854775808,-9223372036854775808
2021-11-30 13:19:58.960,300557.SZ,28.97,200.0,-1,2,25881788,2014,-9223372036854775808,-9223372036854775808
2021-11-30 13:19:58.960,300557.SZ,28.97,200.0,-1,2,25881789,2014,-9223372036854775808,-9223372036854775808
2021-11-30 13:19:58.960,300557.SZ,28.97,200.0,-1,2,25881790,2014,-9223372036854775808,-9223372036854775808
2021-11-30 13:19:58.960,300557.SZ,28.97,200.0,-1,2,25881791,2014,-9223372036854775808,-9223372036854775808
2021-11-30 13:19:58.960,300557.SZ,28.97,300.0,-1,2,25881792,2014,-9223372036854775808,-9223372036854775808
2021-11-30 13:19:59.230,300557.SZ,29.0,2000.0,-1,2,25882399,2014,-9223372036854775808,-9223372036854775808
2021-11-30 13:20:01.350,300557.SZ,28.8,300.0,-1,2,25886308,2014,-9223372036854775808,-9223372036854775808
2021-11-30 13:20:01.360,300557.SZ,28.96,100.0,-1,2,25886322,2014,-9223372036854775808,-9223372036854775808
2021-11-30 13:20:01.360,300557.SZ,28.96,900.0,-1,2,25886323,2014,-9223372036854775808,-9223372036854775808
2021-11-30 13:20:01.360,300557.SZ,28.96,1300.0,-1,2,25886324,2014,-9223372036854775808,-9223372036854775808
2021-11-30 13:20:01.360,300557.SZ,28.96,400.0,-1,2,25886325,2014,-9223372036854775808,-9223372036854775808
2021-11-30 13:20:01.360,300557.SZ,28.96,400.0,-1,2,25886326,2014,-9223372036854775808,-9223372036854775808
2021-11-30 13:20:01.360,300557.SZ,28.96,100.0,-1,2,25886327,2014,-9223372036854775808,-9223372036854775808
2021-11-30 13:20:01.360,300557.SZ,28.96,200.0,-1,2,25886328,2014,-9223372036854775808,-9223372036854775808
2021-11-30 13:20:01.360,300557.SZ,28.97,200.0,-1,2,25886329,2014,-9223372036854775808,-9223372036854775808
2021-11-30 13:20:01.360,300557.SZ,28.96,3800.0,-1,2,25886330,2014,-9223372036854775808,-9223372036854775808
2021-11-30 13:20:01.360,300557.SZ,28.97,200.0,-1,2,25886331,2014,-9223372036854775808,-9223372036854775808
2021-11-30 13:20:01.360,300557.SZ,28.96,2600.0,-1,2,25886332,2014,-9223372036854775808,-9223372036854775808
2021-11-30 13:20:01.360,300557.SZ,28.97,200.0,-1,2,25886333,2014,-9223372036854775808,-9223372036854775808
2021-11-30 13:20:01.360,300557.SZ,28.97,200.0,-1,2,25886334,2014,-9223372036854775808,-9223372036854775808
2021-11-30 13:20:01.360,300557.SZ,28.96,1200.0,-1,2,25886335,2014,-9223372036854775808,-9223372036854775808
2021-11-30 13:20:01.360,300557.SZ,28.96,800.0,-1,2,25886336,2014,-9223372036854775808,-9223372036854775808
2021-11-30 13:20:01.360,300557.SZ,28.96,400.0,-1,2,25886337,2014,-9223372036854775808,-9223372036854775808
2021-11-30 13:20:01.360,300557.SZ,28.96,300.0,-1,2,25886338,2014,-9223372036854775808,-9223372036854775808
2021-11-30 13:20:01.360,300557.SZ,28.96,1100.0,-1,2,25886339,2014,-9223372036854775808,-9223372036854775808
2021-11-30 13:20:01.360,300557.SZ,28.97,200.0,-1,2,25886340,2014,-9223372036854775808,-9223372036854775808
2021-11-30 13:20:01.360,300557.SZ,28.97,200.0,-1,2,25886341,2014,-9223372036854775808,-9223372036854775808
2021-11-30 13:20:01.360,300557.SZ,28.97,200.0,-1,2,25886342,2014,-9223372036854775808,-9223372036854775808
2021-11-30 13:20:01.360,300557.SZ,28.97,300.0,-1,2,25886343,2014,-9223372036854775808,-9223372036854775808
2021-11-30 13:20:02.020,300557.SZ,28.8,100.0,-1,2,25887583,2014,-9223372036854775808,-9223372036854775808
2021-11-30 13:20:02.020,300557.SZ,28.96,100.0,-1,2,25887593,2014,-9223372036854775808,-9223372036854775808
2021-11-30 13:20:02.020,300557.SZ,28.96,900.0,-1,2,25887594,2014,-9223372036854775808,-9223372036854775808
2021-11-30 13:20:02.020,300557.SZ,28.96,400.0,-1,2,25887595,2014,-9223372036854775808,-9223372036854775808
2021-11-30 13:20:02.020,300557.SZ,28.96,1300.0,-1,2,25887596,2014,-9223372036854775808,-9223372036854775808
2021-11-30 13:20:02.020,300557.SZ,28.96,3800.0,-1,2,25887597,2014,-9223372036854775808,-9223372036854775808
2021-11-30 13:20:02.020,300557.SZ,28.97,200.0,-1,2,25887598,2014,-9223372036854775808,-9223372036854775808
2021-11-30 13:20:02.020,300557.SZ,28.97,200.0,-1,2,25887600,2014,-9223372036854775808,-9223372036854775808
2021-11-30 13:20:02.020,300557.SZ,28.96,2600.0,-1,2,25887601,2014,-9223372036854775808,-9223372036854775808
2021-11-30 13:20:02.020,300557.SZ,28.96,400.0,-1,2,25887602,2014,-9223372036854775808,-9223372036854775808
2021-11-30 13:20:02.020,300557.SZ,28.96,200.0,-1,2,25887603,2014,-9223372036854775808,-9223372036854775808
2021-11-30 13:20:02.020,300557.SZ,28.97,200.0,-1,2,25887604,2014,-9223372036854775808,-9223372036854775808
2021-11-30 13:20:02.020,300557.SZ,28.96,100.0,-1,2,25887605,2014,-9223372036854775808,-9223372036854775808
2021-11-30 13:20:02.020,300557.SZ,28.96,1200.0,-1,2,25887606,2014,-9223372036854775808,-9223372036854775808
2021-11-30 13:20:02.020,300557.SZ,28.96,800.0,-1,2,25887607,2014,-9223372036854775808,-9223372036854775808
2021-11-30 13:20:02.020,300557.SZ,28.96,400.0,-1,2,25887608,2014,-9223372036854775808,-9223372036854775808
2021-11-30 13:20:02.020,300557.SZ,28.96,300.0,-1,2,25887609,2014,-9223372036854775808,-9223372036854775808
2021-11-30 13:20:02.020,300557.SZ,28.96,1100.0,-1,2,25887610,2014,-9223372036854775808,-9223372036854775808
2021-11-30 13:20:02.020,300557.SZ,28.97,200.0,-1,2,25887611,2014,-9223372036854775808,-9223372036854775808
2021-11-30 13:20:02.020,300557.SZ,28.97,200.0,-1,2,25887612,2014,-9223372036854775808,-9223372036854775808
2021-11-30 13:20:02.020,300557.SZ,28.97,200.0,-1,2,25887613,2014,-9223372036854775808,-9223372036854775808
2021-11-30 13:20:02.020,300557.SZ,28.97,200.0,-1,2,25887614,2014,-9223372036854775808,-9223372036854775808
2021-11-30 13:20:02.020,300557.SZ,28.97,300.0,-1,2,25887615,2014,-9223372036854775808,-9223372036854775808
2021-11-30 13:20:02.030,300557.SZ,28.8,300.0,-1,2,25887634,2014,-9223372036854775808,-9223372036854775808
2021-11-30 13:20:16.520,300557.SZ,28.73,300.0,1,2,25926923,2014,-9223372036854775808,-9223372036854775808
2021-11-30 13:20:16.890,300557.SZ,28.73,100.0,1,2,25927790,2014,-9223372036854775808,-9223372036854775808
2021-11-30 13:20:19.030,300557.SZ,28.73,200.0,1,2,25932612,2014,-9223372036854775808,-9223372036854775808
2021-11-30 13:20:19.110,300557.SZ,28.74,100.0,1,2,25932820,2014,-9223372036854775808,-9223372036854775808
2021-11-30 13:20:19.340,300557.SZ,28.71,500.0,1,2,25933480,2014,-9223372036854775808,-9223372036854775808
2021-11-30 13:20:20.290,300557.SZ,28.96,900.0,-1,2,25935942,2014,-9223372036854775808,-9223372036854775808
2021-11-30 13:20:20.290,300557.SZ,28.96,1300.0,-1,2,25935943,2014,-9223372036854775808,-9223372036854775808
2021-11-30 13:20:20.290,300557.SZ,28.96,100.0,-1,2,25935944,2014,-9223372036854775808,-9223372036854775808
2021-11-30 13:20:20.290,300557.SZ,28.97,200.0,-1,2,25935945,2014,-9223372036854775808,-9223372036854775808
2021-11-30 13:20:20.290,300557.SZ,28.96,3800.0,-1,2,25935946,2014,-9223372036854775808,-9223372036854775808
2021-11-30 13:20:20.290,300557.SZ,28.96,400.0,-1,2,25935947,2014,-9223372036854775808,-9223372036854775808
2021-11-30 13:20:20.290,300557.SZ,28.97,200.0,-1,2,25935948,2014,-9223372036854775808,-9223372036854775808
2021-11-30 13:20:20.290,300557.SZ,28.96,200.0,-1,2,25935949,2014,-9223372036854775808,-9223372036854775808
2021-11-30 13:20:20.290,300557.SZ,28.97,200.0,-1,2,25935950,2014,-9223372036854775808,-9223372036854775808
2021-11-30 13:20:20.290,300557.SZ,28.96,100.0,-1,2,25935952,2014,-9223372036854775808,-9223372036854775808
2021-11-30 13:20:20.290,300557.SZ,28.96,1200.0,-1,2,25935953,2014,-9223372036854775808,-9223372036854775808
2021-11-30 13:20:20.290,300557.SZ,28.96,400.0,-1,2,25935954,2014,-9223372036854775808,-9223372036854775808
2021-11-30 13:20:20.290,300557.SZ,28.96,300.0,-1,2,25935955,2014,-9223372036854775808,-9223372036854775808
2021-11-30 13:20:20.290,300557.SZ,28.97,200.0,-1,2,25935956,2014,-9223372036854775808,-9223372036854775808
2021-11-30 13:20:20.290,300557.SZ,28.96,800.0,-1,2,25935957,2014,-9223372036854775808,-9223372036854775808
2021-11-30 13:20:20.290,300557.SZ,28.96,1100.0,-1,2,25935958,2014,-9223372036854775808,-9223372036854775808
2021-11-30 13:20:20.290,300557.SZ,28.96,2600.0,-1,2,25935959,2014,-9223372036854775808,-9223372036854775808
2021-11-30 13:20:20.290,300557.SZ,28.97,200.0,-1,2,25935960,2014,-9223372036854775808,-9223372036854775808
2021-11-30 13:20:20.290,300557.SZ,28.97,200.0,-1,2,25935961,2014,-9223372036854775808,-9223372036854775808
2021-11-30 13:20:20.290,300557.SZ,28.97,200.0,-1,2,25935964,2014,-9223372036854775808,-9223372036854775808
2021-11-30 13:20:20.290,300557.SZ,28.97,300.0,-1,2,25935967,2014,-9223372036854775808,-9223372036854775808
2021-11-30 13:20:23.160,300557.SZ,28.74,2000.0,1,2,25943334,2014,-9223372036854775808,-9223372036854775808
2021-11-30 13:20:23.180,300557.SZ,28.96,400.0,-1,2,25943509,2014,-9223372036854775808,-9223372036854775808
2021-11-30 13:20:23.180,300557.SZ,28.96,100.0,-1,2,25943510,2014,-9223372036854775808,-9223372036854775808
2021-11-30 13:20:23.180,300557.SZ,28.96,900.0,-1,2,25943511,2014,-9223372036854775808,-9223372036854775808
2021-11-30 13:20:23.180,300557.SZ,28.96,1300.0,-1,2,25943512,2014,-9223372036854775808,-9223372036854775808
2021-11-30 13:20:23.180,300557.SZ,28.97,3800.0,-1,2,25943513,2014,-9223372036854775808,-9223372036854775808
2021-11-30 13:20:23.180,300557.SZ,28.97,200.0,-1,2,25943514,2014,-9223372036854775808,-9223372036854775808
2021-11-30 13:20:23.180,300557.SZ,28.97,200.0,-1,2,25943515,2014,-9223372036854775808,-9223372036854775808
2021-11-30 13:20:23.180,300557.SZ,28.97,200.0,-1,2,25943516,2014,-9223372036854775808,-9223372036854775808
2021-11-30 13:20:23.180,300557.SZ,28.97,200.0,-1,2,25943517,2014,-9223372036854775808,-9223372036854775808
2021-11-30 13:20:23.180,300557.SZ,28.96,1400.0,-1,2,25943518,2014,-9223372036854775808,-9223372036854775808
2021-11-30 13:20:23.180,300557.SZ,28.97,200.0,-1,2,25943519,2014,-9223372036854775808,-9223372036854775808
2021-11-30 13:20:23.180,300557.SZ,28.96,1200.0,-1,2,25943520,2014,-9223372036854775808,-9223372036854775808
2021-11-30 13:20:23.180,300557.SZ,28.96,400.0,-1,2,25943521,2014,-9223372036854775808,-9223372036854775808
2021-11-30 13:20:23.180,300557.SZ,28.96,300.0,-1,2,25943522,2014,-9223372036854775808,-9223372036854775808
2021-11-30 13:20:23.180,300557.SZ,28.96,800.0,-1,2,25943523,2014,-9223372036854775808,-9223372036854775808
2021-11-30 13:20:23.180,300557.SZ,28.96,1400.0,-1,2,25943524,2014,-9223372036854775808,-9223372036854775808
2021-11-30 13:20:23.180,300557.SZ,28.96,848.0,-1,2,25943525,2014,-9223372036854775808,-9223372036854775808
2021-11-30 13:20:23.180,300557.SZ,28.97,200.0,-1,2,25943526,2014,-9223372036854775808,-9223372036854775808
2021-11-30 13:20:23.180,300557.SZ,28.97,200.0,-1,2,25943527,2014,-9223372036854775808,-9223372036854775808
2021-11-30 13:20:23.180,300557.SZ,28.97,300.0,-1,2,25943528,2014,-9223372036854775808,-9223372036854775808
2021-11-30 13:20:24.730,300557.SZ,28.73,100.0,1,2,25946682,2014,-9223372036854775808,-9223372036854775808
2021-11-30 13:20:24.730,300557.SZ,28.96,100.0,-1,2,25946701,2014,-9223372036854775808,-9223372036854775808
2021-11-30 13:20:24.730,300557.SZ,28.96,400.0,-1,2,25946702,2014,-9223372036854775808,-9223372036854775808
2021-11-30 13:20:24.730,300557.SZ,28.96,900.0,-1,2,25946703,2014,-9223372036854775808,-9223372036854775808
2021-11-30 13:20:24.730,300557.SZ,28.96,1300.0,-1,2,25946704,2014,-9223372036854775808,-9223372036854775808
2021-11-30 13:20:24.730,300557.SZ,28.96,3800.0,-1,2,25946705,2014,-9223372036854775808,-9223372036854775808
2021-11-30 13:20:24.730,300557.SZ,28.97,200.0,-1,2,25946706,2014,-9223372036854775808,-9223372036854775808
2021-11-30 13:20:24.730,300557.SZ,28.97,200.0,-1,2,25946707,2014,-9223372036854775808,-9223372036854775808
2021-11-30 13:20:24.730,300557.SZ,28.96,1400.0,-1,2,25946708,2014,-9223372036854775808,-9223372036854775808
2021-11-30 13:20:24.730,300557.SZ,28.97,200.0,-1,2,25946709,2014,-9223372036854775808,-9223372036854775808
2021-11-30 13:20:24.730,300557.SZ,28.97,200.0,-1,2,25946710,2014,-9223372036854775808,-9223372036854775808
2021-11-30 13:20:24.730,300557.SZ,28.96,800.0,-1,2,25946711,2014,-9223372036854775808,-9223372036854775808
2021-11-30 13:20:24.730,300557.SZ,28.96,300.0,-1,2,25946712,2014,-9223372036854775808,-9223372036854775808
2021-11-30 13:20:24.730,300557.SZ,28.96,400.0,-1,2,25946713,2014,-9223372036854775808,-9223372036854775808
2021-11-30 13:20:24.730,300557.SZ,28.96,1400.0,-1,2,25946714,2014,-9223372036854775808,-9223372036854775808
2021-11-30 13:20:24.730,300557.SZ,28.96,848.0,-1,2,25946715,2014,-9223372036854775808,-9223372036854775808
2021-11-30 13:20:24.730,300557.SZ,28.97,200.0,-1,2,25946716,2014,-9223372036854775808,-9223372036854775808
2021-11-30 13:20:24.730,300557.SZ,28.97,200.0,-1,2,25946717,2014,-9223372036854775808,-9223372036854775808
2021-11-30 13:20:24.730,300557.SZ,28.97,200.0,-1,2,25946718,2014,-9223372036854775808,-9223372036854775808
2021-11-30 13:20:24.730,300557.SZ,28.97,300.0,-1,2,25946719,2014,-9223372036854775808,-9223372036854775808
2021-11-30 13:20:24.860,300557.SZ,28.68,100.0,1,2,25946959,2014,-9223372036854775808,-9223372036854775808
2021-11-30 13:20:29.020,300557.SZ,28.96,100.0,-1,2,25956047,2014,-9223372036854775808,-9223372036854775808
2021-11-30 13:20:29.020,300557.SZ,28.96,900.0,-1,2,25956048,2014,-9223372036854775808,-9223372036854775808
2021-11-30 13:20:29.020,300557.SZ,28.96,1300.0,-1,2,25956049,2014,-9223372036854775808,-9223372036854775808
2021-11-30 13:20:29.020,300557.SZ,28.97,200.0,-1,2,25956050,2014,-9223372036854775808,-9223372036854775808
2021-11-30 13:20:29.020,300557.SZ,28.97,200.0,-1,2,25956051,2014,-9223372036854775808,-9223372036854775808
2021-11-30 13:20:29.020,300557.SZ,28.96,800.0,-1,2,25956052,2014,-9223372036854775808,-9223372036854775808
2021-11-30 13:20:29.020,300557.SZ,28.96,3800.0,-1,2,25956053,2014,-9223372036854775808,-9223372036854775808
2021-11-30 13:20:29.020,300557.SZ,28.96,400.0,-1,2,25956054,2014,-9223372036854775808,-9223372036854775808
2021-11-30 13:20:29.020,300557.SZ,28.96,300.0,-1,2,25956055,2014,-9223372036854775808,-9223372036854775808
2021-11-30 13:20:29.020,300557.SZ,28.97,200.0,-1,2,25956056,2014,-9223372036854775808,-9223372036854775808
2021-11-30 13:20:29.020,300557.SZ,28.96,1400.0,-1,2,25956057,2014,-9223372036854775808,-9223372036854775808
2021-11-30 13:20:29.020,300557.SZ,28.96,848.0,-1,2,25956058,2014,-9223372036854775808,-9223372036854775808
2021-11-30 13:20:29.020,300557.SZ,28.96,1400.0,-1,2,25956059,2014,-9223372036854775808,-9223372036854775808
2021-11-30 13:20:29.020,300557.SZ,28.97,200.0,-1,2,25956060,2014,-9223372036854775808,-9223372036854775808
2021-11-30 13:20:29.020,300557.SZ,28.96,400.0,-1,2,25956061,2014,-9223372036854775808,-9223372036854775808
2021-11-30 13:20:29.020,300557.SZ,28.97,200.0,-1,2,25956062,2014,-9223372036854775808,-9223372036854775808
2021-11-30 13:20:29.020,300557.SZ,28.97,200.0,-1,2,25956063,2014,-9223372036854775808,-9223372036854775808
2021-11-30 13:20:29.020,300557.SZ,28.97,200.0,-1,2,25956064,2014,-9223372036854775808,-9223372036854775808
2021-11-30 13:20:29.020,300557.SZ,28.97,300.0,-1,2,25956065,2014,-9223372036854775808,-9223372036854775808
2021-11-30 13:20:31.780,300557.SZ,28.64,1000.0,1,2,25960882,2014,-9223372036854775808,-9223372036854775808
2021-11-30 13:20:31.950,300557.SZ,27.0,1000.0,1,2,25961174,2014,-9223372036854775808,-9223372036854775808
2021-11-30 13:20:33.590,300557.SZ,28.75,500.0,1,2,25963601,2014,-9223372036854775808,-9223372036854775808
2021-11-30 13:20:33.610,300557.SZ,28.59,1500.0,1,2,25963635,2014,-9223372036854775808,-9223372036854775808
2021-11-30 13:20:33.740,300557.SZ,28.75,100.0,1,2,25963919,2014,-9223372036854775808,-9223372036854775808
2021-11-30 13:20:33.740,300557.SZ,28.96,900.0,-1,2,25963922,2014,-9223372036854775808,-9223372036854775808
2021-11-30 13:20:33.740,300557.SZ,28.96,100.0,-1,2,25963923,2014,-9223372036854775808,-9223372036854775808
2021-11-30 13:20:33.740,300557.SZ,28.96,1300.0,-1,2,25963924,2014,-9223372036854775808,-9223372036854775808
2021-11-30 13:20:33.740,300557.SZ,28.96,400.0,-1,2,25963925,2014,-9223372036854775808,-9223372036854775808
2021-11-30 13:20:33.740,300557.SZ,28.97,200.0,-1,2,25963926,2014,-9223372036854775808,-9223372036854775808
2021-11-30 13:20:33.740,300557.SZ,28.97,200.0,-1,2,25963927,2014,-9223372036854775808,-9223372036854775808
2021-11-30 13:20:33.740,300557.SZ,28.97,3800.0,-1,2,25963928,2014,-9223372036854775808,-9223372036854775808
2021-11-30 13:20:33.740,300557.SZ,28.96,400.0,-1,2,25963929,2014,-9223372036854775808,-9223372036854775808
2021-11-30 13:20:33.740,300557.SZ,28.96,300.0,-1,2,25963930,2014,-9223372036854775808,-9223372036854775808
2021-11-30 13:20:33.740,300557.SZ,28.96,1400.0,-1,2,25963931,2014,-9223372036854775808,-9223372036854775808
2021-11-30 13:20:33.740,300557.SZ,28.96,848.0,-1,2,25963932,2014,-9223372036854775808,-9223372036854775808
2021-11-30 13:20:33.740,300557.SZ,28.97,200.0,-1,2,25963933,2014,-9223372036854775808,-9223372036854775808
2021-11-30 13:20:33.740,300557.SZ,28.97,200.0,-1,2,25963934,2014,-9223372036854775808,-9223372036854775808
2021-11-30 13:20:33.740,300557.SZ,28.96,1400.0,-1,2,25963935,2014,-9223372036854775808,-9223372036854775808
2021-11-30 13:20:33.740,300557.SZ,28.97,200.0,-1,2,25963936,2014,-9223372036854775808,-9223372036854775808
2021-11-30 13:20:33.740,300557.SZ,28.97,200.0,-1,2,25963937,2014,-9223372036854775808,-9223372036854775808
2021-11-30 13:20:33.740,300557.SZ,28.97,200.0,-1,2,25963938,2014,-9223372036854775808,-9223372036854775808
2021-11-30 13:20:33.740,300557.SZ,28.97,300.0,-1,2,25963939,2014,-9223372036854775808,-9223372036854775808
2021-11-30 13:20:33.740,300557.SZ,28.96,800.0,-1,2,25963940,2014,-9223372036854775808,-9223372036854775808
2021-11-30 13:20:33.850,300557.SZ,28.76,100.0,1,2,25964103,2014,-9223372036854775808,-9223372036854775808
2021-11-30 13:20:35.820,300557.SZ,28.75,500.0,1,2,25967836,2014,-9223372036854775808,-9223372036854775808
2021-11-30 13:20:35.820,300557.SZ,28.96,400.0,-1,2,25967842,2014,-9223372036854775808,-9223372036854775808
2021-11-30 13:20:35.820,300557.SZ,28.96,100.0,-1,2,25967843,2014,-9223372036854775808,-9223372036854775808
2021-11-30 13:20:35.820,300557.SZ,28.96,900.0,-1,2,25967844,2014,-9223372036854775808,-9223372036854775808
2021-11-30 13:20:35.820,300557.SZ,28.96,1300.0,-1,2,25967845,2014,-9223372036854775808,-9223372036854775808
2021-11-30 13:20:35.820,300557.SZ,28.96,800.0,-1,2,25967846,2014,-9223372036854775808,-9223372036854775808
2021-11-30 13:20:35.820,300557.SZ,28.96,300.0,-1,2,25967847,2014,-9223372036854775808,-9223372036854775808
2021-11-30 13:20:35.820,300557.SZ,28.96,400.0,-1,2,25967848,2014,-9223372036854775808,-9223372036854775808
2021-11-30 13:20:35.820,300557.SZ,28.96,1400.0,-1,2,25967849,2014,-9223372036854775808,-9223372036854775808
2021-11-30 13:20:35.820,300557.SZ,28.96,848.0,-1,2,25967850,2014,-9223372036854775808,-9223372036854775808
2021-11-30 13:20:35.820,300557.SZ,28.96,1400.0,-1,2,25967851,2014,-9223372036854775808,-9223372036854775808
2021-11-30 13:20:35.820,300557.SZ,28.97,200.0,-1,2,25967852,2014,-9223372036854775808,-9223372036854775808
2021-11-30 13:20:35.820,300557.SZ,28.97,200.0,-1,2,25967853,2014,-9223372036854775808,-9223372036854775808
2021-11-30 13:20:35.820,300557.SZ,28.97,200.0,-1,2,25967854,2014,-9223372036854775808,-9223372036854775808
2021-11-30 13:20:35.820,300557.SZ,28.97,200.0,-1,2,25967855,2014,-9223372036854775808,-9223372036854775808
2021-11-30 13:20:35.820,300557.SZ,28.97,200.0,-1,2,25967856,2014,-9223372036854775808,-9223372036854775808
2021-11-30 13:20:35.820,300557.SZ,28.97,200.0,-1,2,25967857,2014,-9223372036854775808,-9223372036854775808
2021-11-30 13:20:35.820,300557.SZ,28.97,200.0,-1,2,25967858,2014,-9223372036854775808,-9223372036854775808
2021-11-30 13:20:35.820,300557.SZ,28.97,300.0,-1,2,25967859,2014,-9223372036854775808,-9223372036854775808
2021-11-30 13:20:36.850,300557.SZ,28.74,500.0,1,2,25969522,2014,-9223372036854775808,-9223372036854775808
2021-11-30 13:20:37.850,300557.SZ,28.74,400.0,1,2,25971581,2014,-9223372036854775808,-9223372036854775808
2021-11-30 13:20:37.860,300557.SZ,28.96,100.0,-1,2,25971582,2014,-9223372036854775808,-9223372036854775808
2021-11-30 13:20:37.860,300557.SZ,28.96,900.0,-1,2,25971583,2014,-9223372036854775808,-9223372036854775808
2021-11-30 13:20:37.860,300557.SZ,28.96,1300.0,-1,2,25971584,2014,-9223372036854775808,-9223372036854775808
2021-11-30 13:20:37.860,300557.SZ,28.96,400.0,-1,2,25971585,2014,-9223372036854775808,-9223372036854775808
2021-11-30 13:20:37.860,300557.SZ,28.96,800.0,-1,2,25971586,2014,-9223372036854775808,-9223372036854775808
2021-11-30 13:20:37.860,300557.SZ,28.96,300.0,-1,2,25971587,2014,-9223372036854775808,-9223372036854775808
2021-11-30 13:20:37.860,300557.SZ,28.96,400.0,-1,2,25971588,2014,-9223372036854775808,-9223372036854775808
2021-11-30 13:20:37.860,300557.SZ,28.96,1400.0,-1,2,25971589,2014,-9223372036854775808,-9223372036854775808
2021-11-30 13:20:37.860,300557.SZ,28.96,848.0,-1,2,25971590,2014,-9223372036854775808,-9223372036854775808
2021-11-30 13:20:37.860,300557.SZ,28.96,1400.0,-1,2,25971591,2014,-9223372036854775808,-9223372036854775808
2021-11-30 13:20:37.860,300557.SZ,28.97,200.0,-1,2,25971592,2014,-9223372036854775808,-9223372036854775808
2021-11-30 13:20:37.860,300557.SZ,28.97,200.0,-1,2,25971593,2014,-9223372036854775808,-9223372036854775808
2021-11-30 13:20:37.860,300557.SZ,28.97,200.0,-1,2,25971594,2014,-9223372036854775808,-9223372036854775808
2021-11-30 13:20:37.860,300557.SZ,28.97,200.0,-1,2,25971595,2014,-9223372036854775808,-9223372036854775808
2021-11-30 13:20:37.860,300557.SZ,28.97,200.0,-1,2,25971597,2014,-9223372036854775808,-9223372036854775808
2021-11-30 13:20:37.860,300557.SZ,28.97,200.0,-1,2,25971598,2014,-9223372036854775808,-9223372036854775808
2021-11-30 13:20:37.860,300557.SZ,28.97,200.0,-1,2,25971599,2014,-9223372036854775808,-9223372036854775808
2021-11-30 13:20:37.860,300557.SZ,28.97,300.0,-1,2,25971600,2014,-9223372036854775808,-9223372036854775808
2021-11-30 13:20:40.500,300557.SZ,28.75,1600.0,1,2,25977401,2014,-9223372036854775808,-9223372036854775808
2021-11-30 13:20:40.510,300557.SZ,28.96,100.0,-1,2,25977405,2014,-9223372036854775808,-9223372036854775808
2021-11-30 13:20:40.510,300557.SZ,28.96,900.0,-1,2,25977406,2014,-9223372036854775808,-9223372036854775808
2021-11-30 13:20:40.510,300557.SZ,28.96,1300.0,-1,2,25977407,2014,-9223372036854775808,-9223372036854775808
2021-11-30 13:20:40.510,300557.SZ,28.96,400.0,-1,2,25977409,2014,-9223372036854775808,-9223372036854775808
2021-11-30 13:20:40.510,300557.SZ,28.97,200.0,-1,2,25977410,2014,-9223372036854775808,-9223372036854775808
2021-11-30 13:20:40.510,300557.SZ,28.97,200.0,-1,2,25977411,2014,-9223372036854775808,-9223372036854775808
2021-11-30 13:20:40.510,300557.SZ,28.97,200.0,-1,2,25977412,2014,-9223372036854775808,-9223372036854775808
2021-11-30 13:20:40.510,300557.SZ,28.96,800.0,-1,2,25977413,2014,-9223372036854775808,-9223372036854775808
2021-11-30 13:20:40.510,300557.SZ,28.96,400.0,-1,2,25977414,2014,-9223372036854775808,-9223372036854775808
2021-11-30 13:20:40.510,300557.SZ,28.97,1400.0,-1,2,25977415,2014,-9223372036854775808,-9223372036854775808
2021-11-30 13:20:40.510,300557.SZ,28.97,1400.0,-1,2,25977416,2014,-9223372036854775808,-9223372036854775808
2021-11-30 13:20:40.510,300557.SZ,28.97,200.0,-1,2,25977417,2014,-9223372036854775808,-9223372036854775808
2021-11-30 13:20:40.510,300557.SZ,28.97,848.0,-1,2,25977418,2014,-9223372036854775808,-9223372036854775808
2021-11-30 13:20:40.510,300557.SZ,28.97,200.0,-1,2,25977419,2014,-9223372036854775808,-9223372036854775808
2021-11-30 13:20:40.510,300557.SZ,28.97,200.0,-1,2,25977420,2014,-9223372036854775808,-9223372036854775808
2021-11-30 13:20:40.510,300557.SZ,28.97,200.0,-1,2,25977421,2014,-9223372036854775808,-9223372036854775808
2021-11-30 13:20:40.510,300557.SZ,28.97,300.0,-1,2,25977422,2014,-9223372036854775808,-9223372036854775808
2021-11-30 13:20:46.360,300557.SZ,28.83,100.0,1,2,25988601,2014,-9223372036854775808,-9223372036854775808
2021-11-30 13:20:46.360,300557.SZ,28.96,900.0,-1,2,25988611,2014,-9223372036854775808,-9223372036854775808
2021-11-30 13:20:46.360,300557.SZ,28.96,1300.0,-1,2,25988612,2014,-9223372036854775808,-9223372036854775808
2021-11-30 13:20:46.360,300557.SZ,28.96,100.0,-1,2,25988613,2014,-9223372036854775808,-9223372036854775808
2021-11-30 13:20:46.360,300557.SZ,28.96,400.0,-1,2,25988614,2014,-9223372036854775808,-9223372036854775808
2021-11-30 13:20:46.360,300557.SZ,28.97,200.0,-1,2,25988615,2014,-9223372036854775808,-9223372036854775808
2021-11-30 13:20:46.360,300557.SZ,28.97,600.0,-1,2,25988616,2014,-9223372036854775808,-9223372036854775808
2021-11-30 13:20:46.360,300557.SZ,28.97,100.0,-1,2,25988617,2014,-9223372036854775808,-9223372036854775808
2021-11-30 13:20:46.360,300557.SZ,28.97,100.0,-1,2,25988618,2014,-9223372036854775808,-9223372036854775808
2021-11-30 13:20:46.360,300557.SZ,28.97,100.0,-1,2,25988619,2014,-9223372036854775808,-9223372036854775808
2021-11-30 13:20:46.360,300557.SZ,28.97,900.0,-1,2,25988621,2014,-9223372036854775808,-9223372036854775808
2021-11-30 13:20:46.360,300557.SZ,28.96,800.0,-1,2,25988622,2014,-9223372036854775808,-9223372036854775808
2021-11-30 13:20:46.360,300557.SZ,28.97,1400.0,-1,2,25988623,2014,-9223372036854775808,-9223372036854775808
2021-11-30 13:20:46.360,300557.SZ,28.97,848.0,-1,2,25988624,2014,-9223372036854775808,-9223372036854775808
2021-11-30 13:20:46.360,300557.SZ,28.97,500.0,-1,2,25988625,2014,-9223372036854775808,-9223372036854775808
2021-11-30 13:20:47.370,300557.SZ,28.96,400.0,-1,2,25990357,2014,-9223372036854775808,-9223372036854775808
2021-11-30 13:20:47.370,300557.SZ,28.96,900.0,-1,2,25990358,2014,-9223372036854775808,-9223372036854775808
2021-11-30 13:20:47.370,300557.SZ,28.96,1300.0,-1,2,25990359,2014,-9223372036854775808,-9223372036854775808
2021-11-30 13:20:47.370,300557.SZ,28.96,800.0,-1,2,25990360,2014,-9223372036854775808,-9223372036854775808
2021-11-30 13:20:47.370,300557.SZ,28.97,1400.0,-1,2,25990361,2014,-9223372036854775808,-9223372036854775808
2021-11-30 13:20:47.370,300557.SZ,28.97,1400.0,-1,2,25990362,2014,-9223372036854775808,-9223372036854775808
2021-11-30 13:20:47.370,300557.SZ,28.97,848.0,-1,2,25990363,2014,-9223372036854775808,-9223372036854775808
2021-11-30 13:20:47.370,300557.SZ,28.97,200.0,-1,2,25990364,2014,-9223372036854775808,-9223372036854775808
2021-11-30 13:20:47.370,300557.SZ,28.97,100.0,-1,2,25990365,2014,-9223372036854775808,-9223372036854775808
2021-11-30 13:20:47.370,300557.SZ,28.97,100.0,-1,2,25990366,2014,-9223372036854775808,-9223372036854775808
2021-11-30 13:20:47.370,300557.SZ,28.97,100.0,-1,2,25990367,2014,-9223372036854775808,-9223372036854775808
2021-11-30 13:20:58.010,300557.SZ,28.89,200.0,-1,2,26011049,2014,-9223372036854775808,-9223372036854775808
2021-11-30 13:20:58.010,300557.SZ,28.96,900.0,-1,2,26011056,2014,-9223372036854775808,-9223372036854775808
2021-11-30 13:20:58.010,300557.SZ,28.96,400.0,-1,2,26011057,2014,-9223372036854775808,-9223372036854775808
2021-11-30 13:20:58.010,300557.SZ,28.96,1300.0,-1,2,26011058,2014,-9223372036854775808,-9223372036854775808
2021-11-30 13:20:58.010,300557.SZ,28.97,900.0,-1,2,26011060,2014,-9223372036854775808,-9223372036854775808
2021-11-30 13:20:58.010,300557.SZ,28.97,200.0,-1,2,26011061,2014,-9223372036854775808,-9223372036854775808
2021-11-30 13:20:58.010,300557.SZ,28.97,100.0,-1,2,26011062,2014,-9223372036854775808,-9223372036854775808
2021-11-30 13:20:58.010,300557.SZ,28.96,800.0,-1,2,26011063,2014,-9223372036854775808,-9223372036854775808
2021-11-30 13:20:58.010,300557.SZ,28.97,1400.0,-1,2,26011064,2014,-9223372036854775808,-9223372036854775808
2021-11-30 13:20:58.010,300557.SZ,28.97,848.0,-1,2,26011065,2014,-9223372036854775808,-9223372036854775808
2021-11-30 13:20:58.010,300557.SZ,28.97,100.0,-1,2,26011066,2014,-9223372036854775808,-9223372036854775808
2021-11-30 13:20:58.010,300557.SZ,28.97,500.0,-1,2,26011067,2014,-9223372036854775808,-9223372036854775808
2021-11-30 13:20:58.010,300557.SZ,28.97,100.0,-1,2,26011069,2014,-9223372036854775808,-9223372036854775808
2021-11-30 13:20:58.740,300557.SZ,28.77,100.0,1,2,26012662,2014,-9223372036854775808,-9223372036854775808
2021-11-30 13:21:01.430,300557.SZ,28.96,400.0,-1,2,26017788,2014,-9223372036854775808,-9223372036854775808
2021-11-30 13:21:01.430,300557.SZ,28.96,900.0,-1,2,26017789,2014,-9223372036854775808,-9223372036854775808
2021-11-30 13:21:01.430,300557.SZ,28.96,1300.0,-1,2,26017791,2014,-9223372036854775808,-9223372036854775808
2021-11-30 13:21:01.430,300557.SZ,28.97,200.0,-1,2,26017792,2014,-9223372036854775808,-9223372036854775808
2021-11-30 13:21:01.430,300557.SZ,28.97,100.0,-1,2,26017793,2014,-9223372036854775808,-9223372036854775808
2021-11-30 13:21:01.430,300557.SZ,28.97,100.0,-1,2,26017794,2014,-9223372036854775808,-9223372036854775808
2021-11-30 13:21:01.430,300557.SZ,28.97,100.0,-1,2,26017795,2014,-9223372036854775808,-9223372036854775808
2021-11-30 13:21:01.430,300557.SZ,28.97,500.0,-1,2,26017796,2014,-9223372036854775808,-9223372036854775808
2021-11-30 13:21:01.430,300557.SZ,28.97,848.0,-1,2,26017797,2014,-9223372036854775808,-9223372036854775808
2021-11-30 13:21:01.430,300557.SZ,28.97,2000.0,-1,2,26017798,2014,-9223372036854775808,-9223372036854775808
2021-11-30 13:21:01.430,300557.SZ,28.97,300.0,-1,2,26017799,2014,-9223372036854775808,-9223372036854775808
2021-11-30 13:21:01.440,300557.SZ,28.78,100.0,1,2,26017819,2014,-9223372036854775808,-9223372036854775808
2021-11-30 13:21:02.200,300557.SZ,28.76,100.0,1,2,26019027,2014,-9223372036854775808,-9223372036854775808
2021-11-30 13:21:02.200,300557.SZ,28.96,900.0,-1,2,26019029,2014,-9223372036854775808,-9223372036854775808
2021-11-30 13:21:02.200,300557.SZ,28.96,1300.0,-1,2,26019030,2014,-9223372036854775808,-9223372036854775808
2021-11-30 13:21:02.200,300557.SZ,28.96,400.0,-1,2,26019031,2014,-9223372036854775808,-9223372036854775808
2021-11-30 13:21:02.200,300557.SZ,28.97,500.0,-1,2,26019032,2014,-9223372036854775808,-9223372036854775808
2021-11-30 13:21:02.200,300557.SZ,28.97,848.0,-1,2,26019033,2014,-9223372036854775808,-9223372036854775808
2021-11-30 13:21:02.200,300557.SZ,28.97,200.0,-1,2,26019034,2014,-9223372036854775808,-9223372036854775808
2021-11-30 13:21:02.200,300557.SZ,28.97,100.0,-1,2,26019039,2014,-9223372036854775808,-9223372036854775808
2021-11-30 13:21:02.200,300557.SZ,28.97,100.0,-1,2,26019040,2014,-9223372036854775808,-9223372036854775808
2021-11-30 13:21:02.200,300557.SZ,28.97,2000.0,-1,2,26019041,2014,-9223372036854775808,-9223372036854775808
2021-11-30 13:21:02.200,300557.SZ,28.97,300.0,-1,2,26019042,2014,-9223372036854775808,-9223372036854775808
2021-11-30 13:21:02.200,300557.SZ,28.97,100.0,-1,2,26019043,2014,-9223372036854775808,-9223372036854775808
2021-11-30 13:21:25.990,300557.SZ,28.82,100.0,1,2,26062411,2014,-9223372036854775808,-9223372036854775808
2021-11-30 13:21:31.630,300557.SZ,28.96,900.0,-1,2,26071522,2014,-9223372036854775808,-9223372036854775808
2021-11-30 13:21:31.630,300557.SZ,28.96,400.0,-1,2,26071524,2014,-9223372036854775808,-9223372036854775808
2021-11-30 13:21:31.630,300557.SZ,28.97,500.0,-1,2,26071525,2014,-9223372036854775808,-9223372036854775808
2021-11-30 13:21:31.630,300557.SZ,28.96,1300.0,-1,2,26071526,2014,-9223372036854775808,-9223372036854775808
2021-11-30 13:21:31.630,300557.SZ,28.97,848.0,-1,2,26071527,2014,-9223372036854775808,-9223372036854775808
2021-11-30 13:21:31.630,300557.SZ,28.97,100.0,-1,2,26071528,2014,-9223372036854775808,-9223372036854775808
2021-11-30 13:21:31.630,300557.SZ,28.97,100.0,-1,2,26071529,2014,-9223372036854775808,-9223372036854775808
2021-11-30 13:21:31.630,300557.SZ,28.97,100.0,-1,2,26071530,2014,-9223372036854775808,-9223372036854775808
2021-11-30 13:21:31.630,300557.SZ,28.97,300.0,-1,2,26071531,2014,-9223372036854775808,-9223372036854775808
2021-11-30 13:21:31.630,300557.SZ,28.97,2000.0,-1,2,26071532,2014,-9223372036854775808,-9223372036854775808
2021-11-30 13:21:32.610,300557.SZ,28.97,500.0,-1,2,26072895,2014,-9223372036854775808,-9223372036854775808
2021-11-30 13:21:32.610,300557.SZ,28.97,848.0,-1,2,26072896,2014,-9223372036854775808,-9223372036854775808
2021-11-30 13:21:32.610,300557.SZ,28.97,100.0,-1,2,26072897,2014,-9223372036854775808,-9223372036854775808
2021-11-30 13:21:32.610,300557.SZ,28.97,2000.0,-1,2,26072898,2014,-9223372036854775808,-9223372036854775808
2021-11-30 13:21:32.610,300557.SZ,28.97,300.0,-1,2,26072899,2014,-9223372036854775808,-9223372036854775808
2021-11-30 13:21:32.610,300557.SZ,28.97,100.0,-1,2,26072900,2014,-9223372036854775808,-9223372036854775808
2021-11-30 13:21:32.610,300557.SZ,28.97,100.0,-1,2,26072901,2014,-9223372036854775808,-9223372036854775808
2021-11-30 13:21:36.460,300557.SZ,28.97,2000.0,-1,2,26079227,2014,-9223372036854775808,-9223372036854775808
2021-11-30 13:21:36.460,300557.SZ,28.97,500.0,-1,2,26079228,2014,-9223372036854775808,-9223372036854775808
2021-11-30 13:21:36.460,300557.SZ,28.97,848.0,-1,2,26079229,2014,-9223372036854775808,-9223372036854775808
2021-11-30 13:21:36.460,300557.SZ,28.97,300.0,-1,2,26079230,2014,-9223372036854775808,-9223372036854775808
2021-11-30 13:21:36.460,300557.SZ,28.97,100.0,-1,2,26079231,2014,-9223372036854775808,-9223372036854775808
2021-11-30 13:21:36.460,300557.SZ,28.97,100.0,-1,2,26079232,2014,-9223372036854775808,-9223372036854775808
2021-11-30 13:21:36.460,300557.SZ,28.97,100.0,-1,2,26079233,2014,-9223372036854775808,-9223372036854775808
2021-11-30 13:21:39.550,300557.SZ,28.82,500.0,1,2,26084756,2014,-9223372036854775808,-9223372036854775808
2021-11-30 13:21:39.550,300557.SZ,28.97,2000.0,-1,2,26084765,2014,-9223372036854775808,-9223372036854775808
2021-11-30 13:21:39.550,300557.SZ,28.97,500.0,-1,2,26084766,2014,-9223372036854775808,-9223372036854775808
2021-11-30 13:21:39.550,300557.SZ,28.97,848.0,-1,2,26084767,2014,-9223372036854775808,-9223372036854775808
2021-11-30 13:21:39.550,300557.SZ,28.97,300.0,-1,2,26084768,2014,-9223372036854775808,-9223372036854775808
2021-11-30 13:21:40.950,300557.SZ,28.82,400.0,1,2,26088094,2014,-9223372036854775808,-9223372036854775808
2021-11-30 13:21:43.330,300557.SZ,28.97,500.0,-1,2,26092965,2014,-9223372036854775808,-9223372036854775808
2021-11-30 13:21:43.330,300557.SZ,28.97,300.0,-1,2,26092966,2014,-9223372036854775808,-9223372036854775808
2021-11-30 13:21:43.330,300557.SZ,28.97,848.0,-1,2,26092967,2014,-9223372036854775808,-9223372036854775808
2021-11-30 13:21:43.330,300557.SZ,28.97,2000.0,-1,2,26092968,2014,-9223372036854775808,-9223372036854775808
2021-11-30 13:21:45.810,300557.SZ,28.81,300.0,-1,2,26096836,2014,-9223372036854775808,-9223372036854775808
2021-11-30 13:21:45.820,300557.SZ,28.96,100.0,-1,2,26096850,2014,-9223372036854775808,-9223372036854775808
2021-11-30 13:21:45.820,300557.SZ,28.96,100.0,-1,2,26096851,2014,-9223372036854775808,-9223372036854775808
2021-11-30 13:21:45.820,300557.SZ,28.96,100.0,-1,2,26096852,2014,-9223372036854775808,-9223372036854775808
2021-11-30 13:21:46.390,300557.SZ,28.81,400.0,-1,2,26098302,2014,-9223372036854775808,-9223372036854775808
2021-11-30 13:21:46.400,300557.SZ,28.95,500.0,-1,2,26098323,2014,-9223372036854775808,-9223372036854775808
2021-11-30 13:21:46.400,300557.SZ,28.95,900.0,-1,2,26098327,2014,-9223372036854775808,-9223372036854775808
2021-11-30 13:21:46.400,300557.SZ,28.95,848.0,-1,2,26098328,2014,-9223372036854775808,-9223372036854775808
2021-11-30 13:21:46.400,300557.SZ,28.95,400.0,-1,2,26098329,2014,-9223372036854775808,-9223372036854775808
2021-11-30 13:21:46.400,300557.SZ,28.95,1000.0,-1,2,26098331,2014,-9223372036854775808,-9223372036854775808
2021-11-30 13:21:46.690,300557.SZ,28.81,100.0,-1,2,26098844,2014,-9223372036854775808,-9223372036854775808
2021-11-30 13:21:46.690,300557.SZ,28.83,700.0,1,2,26098846,2014,-9223372036854775808,-9223372036854775808
2021-11-30 13:21:46.700,300557.SZ,28.97,1000.0,-1,2,26098853,2014,-9223372036854775808,-9223372036854775808
2021-11-30 13:21:46.700,300557.SZ,28.97,500.0,-1,2,26098854,2014,-9223372036854775808,-9223372036854775808
2021-11-30 13:21:46.700,300557.SZ,28.97,1800.0,-1,2,26098855,2014,-9223372036854775808,-9223372036854775808
2021-11-30 13:21:46.700,300557.SZ,28.97,100.0,-1,2,26098856,2014,-9223372036854775808,-9223372036854775808
2021-11-30 13:21:46.700,300557.SZ,28.97,100.0,-1,2,26098857,2014,-9223372036854775808,-9223372036854775808
2021-11-30 13:21:46.700,300557.SZ,28.97,100.0,-1,2,26098858,2014,-9223372036854775808,-9223372036854775808
2021-11-30 13:21:46.700,300557.SZ,28.97,400.0,-1,2,26098859,2014,-9223372036854775808,-9223372036854775808
2021-11-30 13:21:49.700,300557.SZ,28.79,200.0,-1,2,26104751,2014,-9223372036854775808,-9223372036854775808
2021-11-30 13:21:49.710,300557.SZ,28.97,500.0,-1,2,26104757,2014,-9223372036854775808,-9223372036854775808
2021-11-30 13:21:49.710,300557.SZ,28.97,1000.0,-1,2,26104758,2014,-9223372036854775808,-9223372036854775808
2021-11-30 13:21:49.710,300557.SZ,28.97,400.0,-1,2,26104759,2014,-9223372036854775808,-9223372036854775808
2021-11-30 13:21:49.710,300557.SZ,28.97,1800.0,-1,2,26104760,2014,-9223372036854775808,-9223372036854775808
2021-11-30 13:21:49.740,300557.SZ,28.83,300.0,-1,2,26104794,2014,-9223372036854775808,-9223372036854775808
2021-11-30 13:21:49.740,300557.SZ,28.89,400.0,-1,2,26104796,2014,-9223372036854775808,-9223372036854775808
2021-11-30 13:21:49.740,300557.SZ,28.89,200.0,-1,2,26104797,2014,-9223372036854775808,-9223372036854775808
2021-11-30 13:21:49.740,300557.SZ,28.97,500.0,-1,2,26104812,2014,-9223372036854775808,-9223372036854775808
2021-11-30 13:21:49.740,300557.SZ,28.97,1000.0,-1,2,26104813,2014,-9223372036854775808,-9223372036854775808
2021-11-30 13:21:49.740,300557.SZ,28.97,400.0,-1,2,26104814,2014,-9223372036854775808,-9223372036854775808
2021-11-30 13:21:49.740,300557.SZ,28.97,1800.0,-1,2,26104815,2014,-9223372036854775808,-9223372036854775808
2021-11-30 13:21:49.890,300557.SZ,28.81,300.0,-1,2,26104994,2014,-9223372036854775808,-9223372036854775808
2021-11-30 13:21:52.350,300557.SZ,28.83,100.0,-1,2,26109604,2014,-9223372036854775808,-9223372036854775808
2021-11-30 13:21:52.350,300557.SZ,28.83,100.0,-1,2,26109605,2014,-9223372036854775808,-9223372036854775808
2021-11-30 13:21:52.350,300557.SZ,28.83,100.0,-1,2,26109606,2014,-9223372036854775808,-9223372036854775808
2021-11-30 13:21:52.350,300557.SZ,28.83,100.0,-1,2,26109616,2014,-9223372036854775808,-9223372036854775808
2021-11-30 13:21:52.350,300557.SZ,28.83,100.0,-1,2,26109618,2014,-9223372036854775808,-9223372036854775808
2021-11-30 13:21:52.660,300557.SZ,28.83,100.0,-1,2,26110387,2014,-9223372036854775808,-9223372036854775808
2021-11-30 13:21:52.660,300557.SZ,28.83,100.0,-1,2,26110388,2014,-9223372036854775808,-9223372036854775808
2021-11-30 13:21:54.660,300557.SZ,28.77,100.0,1,2,26113421,2014,-9223372036854775808,-9223372036854775808
2021-11-30 13:21:55.350,300557.SZ,28.78,100.0,-1,2,26115388,2014,-9223372036854775808,-9223372036854775808
2021-11-30 13:21:55.350,300557.SZ,28.78,100.0,-1,2,26115392,2014,-9223372036854775808,-9223372036854775808
2021-11-30 13:21:55.500,300557.SZ,28.78,100.0,-1,2,26115659,2014,-9223372036854775808,-9223372036854775808
2021-11-30 13:21:55.680,300557.SZ,28.5,100.0,1,2,26115967,2014,-9223372036854775808,-9223372036854775808
2021-11-30 13:21:58.350,300557.SZ,28.78,100.0,1,2,26119876,2014,-9223372036854775808,-9223372036854775808
2021-11-30 13:21:58.350,300557.SZ,28.78,100.0,1,2,26119884,2014,-9223372036854775808,-9223372036854775808
2021-11-30 13:21:58.350,300557.SZ,28.78,100.0,-1,2,26119897,2014,-9223372036854775808,-9223372036854775808
2021-11-30 13:21:58.360,300557.SZ,28.78,100.0,-1,2,26119918,2014,-9223372036854775808,-9223372036854775808
2021-11-30 13:21:58.510,300557.SZ,28.78,100.0,-1,2,26120142,2014,-9223372036854775808,-9223372036854775808
2021-11-30 13:21:58.520,300557.SZ,28.78,100.0,-1,2,26120149,2014,-9223372036854775808,-9223372036854775808
2021-11-30 13:22:01.730,300557.SZ,28.76,400.0,1,2,26125885,2014,-9223372036854775808,-9223372036854775808
2021-11-30 13:22:02.150,300557.SZ,28.78,300.0,1,2,26126618,2014,-9223372036854775808,-9223372036854775808
2021-11-30 13:22:04.440,300557.SZ,28.78,100.0,1,2,26132534,2014,-9223372036854775808,-9223372036854775808
2021-11-30 13:22:17.120,300557.SZ,28.81,400.0,1,2,26158588,2014,-9223372036854775808,-9223372036854775808
2021-11-30 13:22:58.920,300557.SZ,28.75,1800.0,1,2,26225446,2014,-9223372036854775808,-9223372036854775808
2021-11-30 13:23:10.830,300557.SZ,28.81,200.0,-1,2,26249628,2014,-9223372036854775808,-9223372036854775808
2021-11-30 13:23:12.980,300557.SZ,28.83,200.0,1,2,26253327,2014,-9223372036854775808,-9223372036854775808
2021-11-30 13:23:41.810,300557.SZ,28.77,100.0,-1,2,26302896,2014,-9223372036854775808,-9223372036854775808
2021-11-30 13:23:41.830,300557.SZ,28.97,2000.0,-1,2,26302925,2014,-9223372036854775808,-9223372036854775808
2021-11-30 13:23:41.830,300557.SZ,28.97,500.0,-1,2,26302926,2014,-9223372036854775808,-9223372036854775808
2021-11-30 13:23:41.830,300557.SZ,28.97,1000.0,-1,2,26302927,2014,-9223372036854775808,-9223372036854775808
2021-11-30 13:23:41.830,300557.SZ,28.97,200.0,-1,2,26302928,2014,-9223372036854775808,-9223372036854775808
2021-11-30 13:23:41.830,300557.SZ,28.97,100.0,-1,2,26302932,2014,-9223372036854775808,-9223372036854775808
2021-11-30 13:23:41.830,300557.SZ,28.97,100.0,-1,2,26302933,2014,-9223372036854775808,-9223372036854775808
2021-11-30 13:23:41.830,300557.SZ,28.97,100.0,-1,2,26302934,2014,-9223372036854775808,-9223372036854775808
2021-11-30 13:23:47.090,300557.SZ,28.76,100.0,-1,2,26312516,2014,-9223372036854775808,-9223372036854775808
2021-11-30 13:24:01.080,300557.SZ,28.77,200.0,1,2,26334289,2014,-9223372036854775808,-9223372036854775808
2021-11-30 13:24:01.080,300557.SZ,28.97,1800.0,-1,2,26334294,2014,-9223372036854775808,-9223372036854775808
2021-11-30 13:24:01.080,300557.SZ,28.97,500.0,-1,2,26334295,2014,-9223372036854775808,-9223372036854775808
2021-11-30 13:24:01.080,300557.SZ,28.97,400.0,-1,2,26334296,2014,-9223372036854775808,-9223372036854775808
2021-11-30 13:24:01.080,300557.SZ,28.97,1000.0,-1,2,26334297,2014,-9223372036854775808,-9223372036854775808
2021-11-30 13:24:01.100,300557.SZ,28.77,100.0,-1,2,26334376,2014,-9223372036854775808,-9223372036854775808
2021-11-30 13:24:32.990,300557.SZ,28.98,400.0,-1,2,26393182,2014,-9223372036854775808,-9223372036854775808
2021-11-30 13:24:32.990,300557.SZ,28.97,500.0,-1,2,26393187,2014,-9223372036854775808,-9223372036854775808
2021-11-30 13:24:32.990,300557.SZ,28.97,1800.0,-1,2,26393188,2014,-9223372036854775808,-9223372036854775808
2021-11-30 13:24:32.990,300557.SZ,28.97,1000.0,-1,2,26393189,2014,-9223372036854775808,-9223372036854775808
2021-11-30 13:24:32.990,300557.SZ,28.97,400.0,-1,2,26393190,2014,-9223372036854775808,-9223372036854775808
2021-11-30 13:24:33.130,300557.SZ,28.89,300.0,-1,2,26393361,2014,-9223372036854775808,-9223372036854775808
2021-11-30 13:24:35.560,300557.SZ,28.97,200.0,-1,2,26397202,2014,-9223372036854775808,-9223372036854775808
2021-11-30 13:24:41.690,300557.SZ,28.72,300.0,1,2,26407506,2014,-9223372036854775808,-9223372036854775808
2021-11-30 13:24:43.300,300557.SZ,28.77,400.0,1,2,26410030,2014,-9223372036854775808,-9223372036854775808
2021-11-30 13:24:43.380,300557.SZ,28.88,300.0,-1,2,26410156,2014,-9223372036854775808,-9223372036854775808
2021-11-30 13:24:43.380,300557.SZ,28.88,100.0,-1,2,26410157,2014,-9223372036854775808,-9223372036854775808
2021-11-30 13:24:46.350,300557.SZ,28.87,100.0,-1,2,26414751,2014,-9223372036854775808,-9223372036854775808
2021-11-30 13:24:48.120,300557.SZ,28.77,200.0,1,2,26417254,2014,-9223372036854775808,-9223372036854775808
2021-11-30 13:24:52.740,300557.SZ,28.77,200.0,1,2,26424818,2014,-9223372036854775808,-9223372036854775808
2021-11-30 13:24:55.500,300557.SZ,28.77,100.0,-1,2,26428619,2014,-9223372036854775808,-9223372036854775808
2021-11-30 13:24:55.620,300557.SZ,28.87,100.0,-1,2,26428814,2014,-9223372036854775808,-9223372036854775808
2021-11-30 13:24:55.620,300557.SZ,28.87,300.0,-1,2,26428822,2014,-9223372036854775808,-9223372036854775808
2021-11-30 13:25:07.180,300557.SZ,28.78,500.0,1,2,26451026,2014,-9223372036854775808,-9223372036854775808
2021-11-30 13:25:12.110,300557.SZ,28.78,200.0,1,2,26461949,2014,-9223372036854775808,-9223372036854775808
2021-11-30 13:25:23.840,300557.SZ,28.76,6700.0,1,2,26488324,2014,-9223372036854775808,-9223372036854775808
2021-11-30 13:25:23.850,300557.SZ,28.78,100.0,1,2,26488326,2014,-9223372036854775808,-9223372036854775808
2021-11-30 13:25:51.550,300557.SZ,28.78,1800.0,1,2,26535099,2014,-9223372036854775808,-9223372036854775808
2021-11-30 13:26:03.380,300557.SZ,29.0,1600.0,-1,2,26554709,2014,-9223372036854775808,-9223372036854775808
2021-11-30 13:26:24.860,300557.SZ,28.79,100.0,1,2,26593204,2014,-9223372036854775808,-9223372036854775808
2021-11-30 13:26:24.860,300557.SZ,28.79,100.0,-1,2,26593211,2014,-9223372036854775808,-9223372036854775808
2021-11-30 13:26:24.860,300557.SZ,28.79,100.0,-1,2,26593213,2014,-9223372036854775808,-9223372036854775808
2021-11-30 13:26:24.860,300557.SZ,28.79,100.0,-1,2,26593214,2014,-9223372036854775808,-9223372036854775808
2021-11-30 13:26:24.860,300557.SZ,28.79,100.0,-1,2,26593215,2014,-9223372036854775808,-9223372036854775808
2021-11-30 13:26:24.860,300557.SZ,28.79,100.0,-1,2,26593216,2014,-9223372036854775808,-9223372036854775808
2021-11-30 13:26:24.860,300557.SZ,28.79,100.0,-1,2,26593217,2014,-9223372036854775808,-9223372036854775808
2021-11-30 13:26:24.860,300557.SZ,28.79,100.0,-1,2,26593218,2014,-9223372036854775808,-9223372036854775808
2021-11-30 13:26:25.000,300557.SZ,28.79,300.0,1,2,26593458,2014,-9223372036854775808,-9223372036854775808
2021-11-30 13:26:28.340,300557.SZ,28.79,100.0,1,2,26599342,2014,-9223372036854775808,-9223372036854775808
2021-11-30 13:26:28.340,300557.SZ,28.79,100.0,1,2,26599350,2014,-9223372036854775808,-9223372036854775808
2021-11-30 13:26:31.330,300557.SZ,28.79,100.0,1,2,26604057,2014,-9223372036854775808,-9223372036854775808
2021-11-30 13:26:31.330,300557.SZ,28.97,500.0,-1,2,26604059,2014,-9223372036854775808,-9223372036854775808
2021-11-30 13:26:31.330,300557.SZ,28.97,400.0,-1,2,26604060,2014,-9223372036854775808,-9223372036854775808
2021-11-30 13:26:31.330,300557.SZ,28.97,1800.0,-1,2,26604061,2014,-9223372036854775808,-9223372036854775808
2021-11-30 13:26:31.330,300557.SZ,28.97,1000.0,-1,2,26604062,2014,-9223372036854775808,-9223372036854775808
2021-11-30 13:26:31.370,300557.SZ,28.89,400.0,-1,2,26604115,2014,-9223372036854775808,-9223372036854775808
2021-11-30 13:26:31.370,300557.SZ,28.89,400.0,-1,2,26604116,2014,-9223372036854775808,-9223372036854775808
2021-11-30 13:26:33.480,300557.SZ,28.79,100.0,1,2,26607351,2014,-9223372036854775808,-9223372036854775808
2021-11-30 13:26:33.480,300557.SZ,28.79,100.0,-1,2,26607358,2014,-9223372036854775808,-9223372036854775808
2021-11-30 13:26:33.490,300557.SZ,28.79,100.0,-1,2,26607360,2014,-9223372036854775808,-9223372036854775808
2021-11-30 13:26:34.360,300557.SZ,28.78,700.0,-1,2,26609243,2014,-9223372036854775808,-9223372036854775808
2021-11-30 13:26:34.420,300557.SZ,28.79,100.0,1,2,26609400,2014,-9223372036854775808,-9223372036854775808
2021-11-30 13:26:37.360,300557.SZ,28.78,100.0,-1,2,26614339,2014,-9223372036854775808,-9223372036854775808
2021-11-30 13:26:37.360,300557.SZ,28.78,100.0,-1,2,26614347,2014,-9223372036854775808,-9223372036854775808
2021-11-30 13:26:40.350,300557.SZ,28.78,700.0,-1,2,26618981,2014,-9223372036854775808,-9223372036854775808
2021-11-30 13:26:40.350,300557.SZ,28.78,1500.0,-1,2,26618989,2014,-9223372036854775808,-9223372036854775808
2021-11-30 13:26:43.270,300557.SZ,28.77,400.0,-1,2,26623716,2014,-9223372036854775808,-9223372036854775808
2021-11-30 13:26:43.530,300557.SZ,28.77,1200.0,-1,2,26624183,2014,-9223372036854775808,-9223372036854775808
2021-11-30 13:26:48.050,300557.SZ,28.76,100.0,1,2,26631120,2014,-9223372036854775808,-9223372036854775808
2021-11-30 13:26:48.050,300557.SZ,28.76,100.0,1,2,26631121,2014,-9223372036854775808,-9223372036854775808
2021-11-30 13:26:49.640,300557.SZ,29.3,2000.0,-1,2,26634500,2014,-9223372036854775808,-9223372036854775808
2021-11-30 13:26:58.090,300557.SZ,28.77,100.0,1,2,26648212,2014,-9223372036854775808,-9223372036854775808
2021-11-30 13:26:58.560,300557.SZ,28.77,100.0,1,2,26649177,2014,-9223372036854775808,-9223372036854775808
2021-11-30 13:26:58.640,300557.SZ,28.77,100.0,1,2,26649418,2014,-9223372036854775808,-9223372036854775808
2021-11-30 13:26:58.660,300557.SZ,28.77,100.0,1,2,26649629,2014,-9223372036854775808,-9223372036854775808
2021-11-30 13:26:58.760,300557.SZ,28.77,2200.0,1,2,26649730,2014,-9223372036854775808,-9223372036854775808
2021-11-30 13:27:00.060,300557.SZ,28.77,100.0,1,2,26651757,2014,-9223372036854775808,-9223372036854775808
2021-11-30 13:27:00.060,300557.SZ,28.77,100.0,1,2,26651785,2014,-9223372036854775808,-9223372036854775808
2021-11-30 13:27:00.380,300557.SZ,28.78,900.0,1,2,26652369,2014,-9223372036854775808,-9223372036854775808
2021-11-30 13:27:01.350,300557.SZ,28.77,100.0,1,2,26654373,2014,-9223372036854775808,-9223372036854775808
2021-11-30 13:27:01.370,300557.SZ,28.78,100.0,1,2,26654407,2014,-9223372036854775808,-9223372036854775808
2021-11-30 13:27:01.370,300557.SZ,28.78,100.0,1,2,26654408,2014,-9223372036854775808,-9223372036854775808
2021-11-30 13:27:04.370,300557.SZ,28.78,100.0,-1,2,26660692,2014,-9223372036854775808,-9223372036854775808
2021-11-30 13:27:04.370,300557.SZ,28.78,100.0,-1,2,26660694,2014,-9223372036854775808,-9223372036854775808
2021-11-30 13:27:31.310,300557.SZ,28.85,700.0,-1,2,26710056,2014,-9223372036854775808,-9223372036854775808
2021-11-30 13:27:34.050,300557.SZ,28.74,5000.0,-1,2,26713784,2014,-9223372036854775808,-9223372036854775808
2021-11-30 13:27:34.120,300557.SZ,28.76,2700.0,-1,2,26713969,2014,-9223372036854775808,-9223372036854775808
2021-11-30 13:27:34.130,300557.SZ,28.76,400.0,-1,2,26714004,2014,-9223372036854775808,-9223372036854775808
2021-11-30 13:27:34.130,300557.SZ,28.76,400.0,-1,2,26714006,2014,-9223372036854775808,-9223372036854775808
2021-11-30 13:27:34.170,300557.SZ,28.76,1300.0,-1,2,26714099,2014,-9223372036854775808,-9223372036854775808
2021-11-30 13:27:34.170,300557.SZ,28.84,100.0,-1,2,26714104,2014,-9223372036854775808,-9223372036854775808
2021-11-30 13:27:34.380,300557.SZ,28.78,200.0,-1,2,26714554,2014,-9223372036854775808,-9223372036854775808
2021-11-30 13:27:34.420,300557.SZ,28.78,900.0,-1,2,26714741,2014,-9223372036854775808,-9223372036854775808
2021-11-30 13:27:34.470,300557.SZ,28.78,100.0,-1,2,26714846,2014,-9223372036854775808,-9223372036854775808
2021-11-30 13:27:37.280,300557.SZ,28.78,600.0,-1,2,26719689,2014,-9223372036854775808,-9223372036854775808
2021-11-30 13:27:37.700,300557.SZ,28.78,300.0,-1,2,26720572,2014,-9223372036854775808,-9223372036854775808
2021-11-30 13:27:39.120,300557.SZ,28.76,3000.0,1,2,26722327,2014,-9223372036854775808,-9223372036854775808
2021-11-30 13:27:40.390,300557.SZ,28.68,400.0,1,2,26724522,2014,-9223372036854775808,-9223372036854775808
2021-11-30 13:27:51.030,300557.SZ,28.78,2100.0,1,2,26742876,2014,-9223372036854775808,-9223372036854775808
2021-11-30 13:28:47.390,300557.SZ,28.63,500.0,1,2,26861329,2014,-9223372036854775808,-9223372036854775808
2021-11-30 13:29:18.780,300557.SZ,28.7,300.0,1,2,26928664,2014,-9223372036854775808,-9223372036854775808
2021-11-30 13:30:00.530,300557.SZ,28.78,400.0,-1,2,27011922,2014,-9223372036854775808,-9223372036854775808
2021-11-30 13:30:04.460,300557.SZ,28.78,100.0,-1,2,27026559,2014,-9223372036854775808,-9223372036854775808
2021-11-30 13:30:04.460,300557.SZ,28.78,100.0,-1,2,27026561,2014,-9223372036854775808,-9223372036854775808
2021-11-30 13:30:20.170,300557.SZ,28.75,2200.0,1,2,27080284,2014,-9223372036854775808,-9223372036854775808
2021-11-30 13:30:30.300,300557.SZ,28.77,100.0,1,2,27103197,2014,-9223372036854775808,-9223372036854775808
2021-11-30 13:30:30.930,300557.SZ,28.97,1000.0,-1,2,27104666,2014,-9223372036854775808,-9223372036854775808
2021-11-30 13:30:30.930,300557.SZ,28.97,1800.0,-1,2,27104667,2014,-9223372036854775808,-9223372036854775808
2021-11-30 13:30:30.930,300557.SZ,28.97,400.0,-1,2,27104668,2014,-9223372036854775808,-9223372036854775808
2021-11-30 13:30:30.930,300557.SZ,28.97,500.0,-1,2,27104669,2014,-9223372036854775808,-9223372036854775808
2021-11-30 13:30:30.930,300557.SZ,28.97,100.0,-1,2,27104670,2014,-9223372036854775808,-9223372036854775808
2021-11-30 13:30:30.930,300557.SZ,28.97,100.0,-1,2,27104671,2014,-9223372036854775808,-9223372036854775808
2021-11-30 13:30:30.930,300557.SZ,28.97,100.0,-1,2,27104672,2014,-9223372036854775808,-9223372036854775808
2021-11-30 13:30:31.650,300557.SZ,28.83,2100.0,-1,2,27106602,2014,-9223372036854775808,-9223372036854775808
2021-11-30 13:30:34.390,300557.SZ,28.77,100.0,-1,2,27113688,2014,-9223372036854775808,-9223372036854775808
2021-11-30 13:30:39.800,300557.SZ,28.76,700.0,-1,2,27124495,2014,-9223372036854775808,-9223372036854775808
2021-11-30 13:30:46.590,300557.SZ,33.76,200.0,-1,2,27139098,2014,-9223372036854775808,-9223372036854775808
2021-11-30 13:30:55.130,300557.SZ,28.75,200.0,1,2,27158249,2014,-9223372036854775808,-9223372036854775808
2021-11-30 13:31:45.480,300557.SZ,28.76,200.0,1,2,27262532,2014,-9223372036854775808,-9223372036854775808
2021-11-30 13:32:21.890,300557.SZ,28.77,200.0,1,2,27334635,2014,-9223372036854775808,-9223372036854775808
2021-11-30 13:32:34.530,300557.SZ,28.33,200.0,1,2,27359644,2014,-9223372036854775808,-9223372036854775808
2021-11-30 13:32:45.440,300557.SZ,28.78,300.0,1,2,27384365,2014,-9223372036854775808,-9223372036854775808
2021-11-30 13:32:54.730,300557.SZ,28.33,200.0,1,2,27403552,2014,-9223372036854775808,-9223372036854775808
2021-11-30 13:32:58.040,300557.SZ,29.08,25000.0,-1,2,27410390,2014,-9223372036854775808,-9223372036854775808
2021-11-30 13:33:11.130,300557.SZ,28.33,200.0,1,2,27442898,2014,-9223372036854775808,-9223372036854775808
2021-11-30 13:33:13.870,300557.SZ,28.78,1000.0,-1,2,27449320,2014,-9223372036854775808,-9223372036854775808
2021-11-30 13:33:14.030,300557.SZ,28.78,100.0,1,2,27449550,2014,-9223372036854775808,-9223372036854775808
2021-11-30 13:33:16.390,300557.SZ,28.78,100.0,-1,2,27455392,2014,-9223372036854775808,-9223372036854775808
2021-11-30 13:33:16.600,300557.SZ,28.79,200.0,-1,2,27456320,2014,-9223372036854775808,-9223372036854775808
2021-11-30 13:33:18.700,300557.SZ,28.79,200.0,-1,2,27460470,2014,-9223372036854775808,-9223372036854775808
2021-11-30 13:33:18.700,300557.SZ,28.78,100.0,1,2,27460480,2014,-9223372036854775808,-9223372036854775808
2021-11-30 13:33:19.500,300557.SZ,28.78,500.0,-1,2,27462812,2014,-9223372036854775808,-9223372036854775808
2021-11-30 13:33:20.530,300557.SZ,28.77,300.0,-1,2,27464891,2014,-9223372036854775808,-9223372036854775808
2021-11-30 13:33:27.090,300557.SZ,28.77,3000.0,1,2,27477920,2014,-9223372036854775808,-9223372036854775808
2021-11-30 13:33:45.520,300557.SZ,28.78,100.0,1,2,27519251,2014,-9223372036854775808,-9223372036854775808
2021-11-30 13:33:45.530,300557.SZ,28.78,100.0,1,2,27519254,2014,-9223372036854775808,-9223372036854775808
2021-11-30 13:33:45.530,300557.SZ,28.78,100.0,1,2,27519256,2014,-9223372036854775808,-9223372036854775808
2021-11-30 13:33:45.530,300557.SZ,28.78,100.0,1,2,27519259,2014,-9223372036854775808,-9223372036854775808
2021-11-30 13:33:45.640,300557.SZ,28.78,100.0,1,2,27519505,2014,-9223372036854775808,-9223372036854775808
2021-11-30 13:33:45.720,300557.SZ,28.78,100.0,1,2,27519702,2014,-9223372036854775808,-9223372036854775808
2021-11-30 13:33:45.720,300557.SZ,28.78,100.0,1,2,27519704,2014,-9223372036854775808,-9223372036854775808
2021-11-30 13:33:45.770,300557.SZ,28.78,100.0,1,2,27519840,2014,-9223372036854775808,-9223372036854775808
2021-11-30 13:33:46.060,300557.SZ,28.78,100.0,1,2,27520587,2014,-9223372036854775808,-9223372036854775808
2021-11-30 13:33:46.060,300557.SZ,28.78,100.0,1,2,27520589,2014,-9223372036854775808,-9223372036854775808
2021-11-30 13:33:46.060,300557.SZ,28.78,100.0,1,2,27520592,2014,-9223372036854775808,-9223372036854775808
2021-11-30 13:33:46.100,300557.SZ,28.78,100.0,1,2,27520746,2014,-9223372036854775808,-9223372036854775808
2021-11-30 13:33:46.210,300557.SZ,28.79,300.0,1,2,27521015,2014,-9223372036854775808,-9223372036854775808
2021-11-30 13:33:46.400,300557.SZ,28.79,100.0,1,2,27521644,2014,-9223372036854775808,-9223372036854775808
2021-11-30 13:33:46.570,300557.SZ,28.8,100.0,1,2,27522079,2014,-9223372036854775808,-9223372036854775808
2021-11-30 13:33:46.770,300557.SZ,28.83,100.0,1,2,27522494,2014,-9223372036854775808,-9223372036854775808
2021-11-30 13:33:48.570,300557.SZ,28.84,100.0,1,2,27525494,2014,-9223372036854775808,-9223372036854775808
2021-11-30 13:33:49.160,300557.SZ,28.78,100.0,1,2,27526909,2014,-9223372036854775808,-9223372036854775808
2021-11-30 13:34:14.750,300557.SZ,29.0,500.0,-1,2,27580618,2014,-9223372036854775808,-9223372036854775808
2021-11-30 13:34:49.570,300557.SZ,28.77,100.0,-1,2,27644264,2014,-9223372036854775808,-9223372036854775808
2021-11-30 13:34:55.360,300557.SZ,28.82,100.0,-1,2,27656088,2014,-9223372036854775808,-9223372036854775808
2021-11-30 13:34:55.360,300557.SZ,28.82,100.0,-1,2,27656092,2014,-9223372036854775808,-9223372036854775808
2021-11-30 13:34:56.090,300557.SZ,28.83,1000.0,1,2,27657349,2014,-9223372036854775808,-9223372036854775808
2021-11-30 13:34:58.810,300557.SZ,28.78,300.0,1,2,27662428,2014,-9223372036854775808,-9223372036854775808
2021-11-30 13:35:56.630,300557.SZ,29.0,5000.0,-1,2,27764084,2014,-9223372036854775808,-9223372036854775808
2021-11-30 13:36:01.410,300557.SZ,28.82,100.0,-1,2,27772417,2014,-9223372036854775808,-9223372036854775808
2021-11-30 13:36:20.630,300557.SZ,28.78,1000.0,-1,2,27809694,2014,-9223372036854775808,-9223372036854775808
2021-11-30 13:36:27.150,300557.SZ,28.77,100.0,1,2,27821433,2014,-9223372036854775808,-9223372036854775808
2021-11-30 13:36:42.090,300557.SZ,28.77,100.0,1,2,27847019,2014,-9223372036854775808,-9223372036854775808
2021-11-30 13:36:47.730,300557.SZ,28.99,1200.0,-1,2,27857250,2014,-9223372036854775808,-9223372036854775808
2021-11-30 13:36:48.600,300557.SZ,28.78,700.0,1,2,27858525,2014,-9223372036854775808,-9223372036854775808
2021-11-30 13:36:50.410,300557.SZ,28.78,2000.0,1,2,27861913,2014,-9223372036854775808,-9223372036854775808
2021-11-30 13:37:03.330,300557.SZ,28.82,100.0,1,2,27890322,2014,-9223372036854775808,-9223372036854775808
2021-11-30 13:37:03.400,300557.SZ,28.79,100.0,1,2,27890515,2014,-9223372036854775808,-9223372036854775808
2021-11-30 13:37:04.010,300557.SZ,28.8,100.0,1,2,27892299,2014,-9223372036854775808,-9223372036854775808
2021-11-30 13:37:04.130,300557.SZ,28.83,100.0,1,2,27892893,2014,-9223372036854775808,-9223372036854775808
2021-11-30 13:37:04.130,300557.SZ,28.83,100.0,1,2,27892895,2014,-9223372036854775808,-9223372036854775808
2021-11-30 13:37:30.350,300557.SZ,28.81,100.0,1,2,27942142,2014,-9223372036854775808,-9223372036854775808
2021-11-30 13:37:33.690,300557.SZ,28.83,1600.0,1,2,27947480,2014,-9223372036854775808,-9223372036854775808
2021-11-30 13:37:33.690,300557.SZ,28.97,1000.0,-1,2,27947485,2014,-9223372036854775808,-9223372036854775808
2021-11-30 13:37:33.690,300557.SZ,28.97,400.0,-1,2,27947486,2014,-9223372036854775808,-9223372036854775808
2021-11-30 13:37:33.690,300557.SZ,28.97,500.0,-1,2,27947487,2014,-9223372036854775808,-9223372036854775808
2021-11-30 13:37:33.690,300557.SZ,28.97,1400.0,-1,2,27947488,2014,-9223372036854775808,-9223372036854775808
2021-11-30 13:37:33.690,300557.SZ,28.97,400.0,-1,2,27947489,2014,-9223372036854775808,-9223372036854775808
2021-11-30 13:37:33.700,300557.SZ,28.84,100.0,1,2,27947498,2014,-9223372036854775808,-9223372036854775808
2021-11-30 13:37:33.700,300557.SZ,28.83,100.0,-1,2,27947500,2014,-9223372036854775808,-9223372036854775808
2021-11-30 13:37:34.340,300557.SZ,28.81,100.0,-1,2,27949213,2014,-9223372036854775808,-9223372036854775808
2021-11-30 13:37:34.340,300557.SZ,28.97,400.0,-1,2,27949232,2014,-9223372036854775808,-9223372036854775808
2021-11-30 13:37:34.340,300557.SZ,28.97,1000.0,-1,2,27949233,2014,-9223372036854775808,-9223372036854775808
2021-11-30 13:37:34.340,300557.SZ,28.97,1400.0,-1,2,27949234,2014,-9223372036854775808,-9223372036854775808
2021-11-30 13:37:34.340,300557.SZ,28.97,900.0,-1,2,27949235,2014,-9223372036854775808,-9223372036854775808
2021-11-30 13:37:37.350,300557.SZ,28.83,100.0,-1,2,27954016,2014,-9223372036854775808,-9223372036854775808
2021-11-30 13:37:37.350,300557.SZ,28.83,100.0,-1,2,27954018,2014,-9223372036854775808,-9223372036854775808
2021-11-30 13:37:37.350,300557.SZ,28.83,100.0,-1,2,27954022,2014,-9223372036854775808,-9223372036854775808
2021-11-30 13:37:37.350,300557.SZ,28.83,600.0,-1,2,27954041,2014,-9223372036854775808,-9223372036854775808
2021-11-30 13:37:37.380,300557.SZ,28.83,200.0,-1,2,27954090,2014,-9223372036854775808,-9223372036854775808
2021-11-30 13:37:37.390,300557.SZ,28.83,100.0,-1,2,27954111,2014,-9223372036854775808,-9223372036854775808
2021-11-30 13:37:37.410,300557.SZ,28.83,100.0,-1,2,27954135,2014,-9223372036854775808,-9223372036854775808
2021-11-30 13:37:37.720,300557.SZ,28.83,100.0,-1,2,27954607,2014,-9223372036854775808,-9223372036854775808
2021-11-30 13:38:02.330,300557.SZ,28.79,200.0,1,2,27997658,2014,-9223372036854775808,-9223372036854775808
2021-11-30 13:38:05.120,300557.SZ,33.3,15800.0,-1,2,28002923,2014,-9223372036854775808,-9223372036854775808
2021-11-30 13:38:06.330,300557.SZ,28.83,400.0,1,2,28004878,2014,-9223372036854775808,-9223372036854775808
2021-11-30 13:38:06.330,300557.SZ,28.96,400.0,-1,2,28004881,2014,-9223372036854775808,-9223372036854775808
2021-11-30 13:38:06.330,300557.SZ,28.96,1000.0,-1,2,28004882,2014,-9223372036854775808,-9223372036854775808
2021-11-30 13:38:06.330,300557.SZ,28.96,1400.0,-1,2,28004883,2014,-9223372036854775808,-9223372036854775808
2021-11-30 13:38:06.330,300557.SZ,28.96,900.0,-1,2,28004884,2014,-9223372036854775808,-9223372036854775808
2021-11-30 13:38:06.330,300557.SZ,28.96,100.0,-1,2,28004886,2014,-9223372036854775808,-9223372036854775808
2021-11-30 13:38:06.330,300557.SZ,28.96,100.0,-1,2,28004887,2014,-9223372036854775808,-9223372036854775808
2021-11-30 13:38:06.330,300557.SZ,28.96,100.0,-1,2,28004888,2014,-9223372036854775808,-9223372036854775808
2021-11-30 13:38:21.340,300557.SZ,28.83,400.0,1,2,28035357,2014,-9223372036854775808,-9223372036854775808
2021-11-30 13:38:21.350,300557.SZ,28.88,700.0,-1,2,28035419,2014,-9223372036854775808,-9223372036854775808
2021-11-30 13:38:25.390,300557.SZ,28.83,100.0,-1,2,28043637,2014,-9223372036854775808,-9223372036854775808
2021-11-30 13:38:26.160,300557.SZ,28.82,200.0,-1,2,28045299,2014,-9223372036854775808,-9223372036854775808
2021-11-30 13:38:33.070,300557.SZ,28.97,400.0,-1,2,28059851,2014,-9223372036854775808,-9223372036854775808
2021-11-30 13:38:33.070,300557.SZ,28.97,1000.0,-1,2,28059852,2014,-9223372036854775808,-9223372036854775808
2021-11-30 13:38:33.070,300557.SZ,28.97,900.0,-1,2,28059853,2014,-9223372036854775808,-9223372036854775808
2021-11-30 13:38:33.070,300557.SZ,28.97,1400.0,-1,2,28059854,2014,-9223372036854775808,-9223372036854775808
2021-11-30 13:38:43.570,300557.SZ,33.6,18600.0,-1,2,28081843,2014,-9223372036854775808,-9223372036854775808
2021-11-30 13:39:07.500,300557.SZ,28.83,700.0,1,2,28125928,2014,-9223372036854775808,-9223372036854775808
2021-11-30 13:39:07.510,300557.SZ,28.97,400.0,-1,2,28125939,2014,-9223372036854775808,-9223372036854775808
2021-11-30 13:39:07.510,300557.SZ,28.97,1000.0,-1,2,28125940,2014,-9223372036854775808,-9223372036854775808
2021-11-30 13:39:07.510,300557.SZ,28.97,900.0,-1,2,28125941,2014,-9223372036854775808,-9223372036854775808
2021-11-30 13:39:07.510,300557.SZ,28.97,1400.0,-1,2,28125942,2014,-9223372036854775808,-9223372036854775808
2021-11-30 13:39:24.500,300557.SZ,28.88,200.0,-1,2,28158272,2014,-9223372036854775808,-9223372036854775808
2021-11-30 13:39:24.510,300557.SZ,28.96,1400.0,-1,2,28158286,2014,-9223372036854775808,-9223372036854775808
2021-11-30 13:39:24.510,300557.SZ,28.96,1000.0,-1,2,28158287,2014,-9223372036854775808,-9223372036854775808
2021-11-30 13:39:24.510,300557.SZ,28.96,400.0,-1,2,28158288,2014,-9223372036854775808,-9223372036854775808
2021-11-30 13:39:24.510,300557.SZ,28.96,900.0,-1,2,28158289,2014,-9223372036854775808,-9223372036854775808
2021-11-30 13:39:27.540,300557.SZ,28.83,300.0,1,2,28164383,2014,-9223372036854775808,-9223372036854775808
2021-11-30 13:39:27.540,300557.SZ,28.96,400.0,-1,2,28164386,2014,-9223372036854775808,-9223372036854775808
2021-11-30 13:39:27.540,300557.SZ,28.96,700.0,-1,2,28164387,2014,-9223372036854775808,-9223372036854775808
2021-11-30 13:39:31.730,300557.SZ,28.88,300.0,-1,2,28172813,2014,-9223372036854775808,-9223372036854775808
2021-11-30 13:39:50.200,300557.SZ,28.88,200.0,1,2,28203537,2014,-9223372036854775808,-9223372036854775808
2021-11-30 13:39:58.410,300557.SZ,29.0,1400.0,-1,2,28217570,2014,-9223372036854775808,-9223372036854775808
2021-11-30 13:39:59.050,300557.SZ,28.84,400.0,1,2,28218677,2014,-9223372036854775808,-9223372036854775808
2021-11-30 13:40:09.070,300557.SZ,28.88,100.0,-1,2,28246301,2014,-9223372036854775808,-9223372036854775808
2021-11-30 13:40:09.410,300557.SZ,28.87,100.0,-1,2,28247264,2014,-9223372036854775808,-9223372036854775808
2021-11-30 13:40:12.070,300557.SZ,28.87,100.0,-1,2,28254420,2014,-9223372036854775808,-9223372036854775808
2021-11-30 13:40:13.700,300557.SZ,28.83,300.0,-1,2,28259107,2014,-9223372036854775808,-9223372036854775808
2021-11-30 13:41:01.680,300557.SZ,28.87,400.0,-1,2,28347914,2014,-9223372036854775808,-9223372036854775808
2021-11-30 13:41:07.460,300557.SZ,28.87,100.0,-1,2,28361072,2014,-9223372036854775808,-9223372036854775808
2021-11-30 13:41:07.890,300557.SZ,28.87,400.0,-1,2,28362165,2014,-9223372036854775808,-9223372036854775808
2021-11-30 13:41:13.380,300557.SZ,28.87,100.0,-1,2,28374184,2014,-9223372036854775808,-9223372036854775808
2021-11-30 13:41:27.340,300557.SZ,28.87,400.0,-1,2,28402869,2014,-9223372036854775808,-9223372036854775808
2021-11-30 13:41:27.420,300557.SZ,30.0,300.0,-1,2,28403032,2014,-9223372036854775808,-9223372036854775808
2021-11-30 13:41:35.930,300557.SZ,28.86,200.0,-1,2,28419403,2014,-9223372036854775808,-9223372036854775808
2021-11-30 13:41:35.940,300557.SZ,28.84,100.0,-1,2,28419412,2014,-9223372036854775808,-9223372036854775808
2021-11-30 13:41:47.400,300557.SZ,29.5,200.0,-1,2,28440924,2014,-9223372036854775808,-9223372036854775808
2021-11-30 13:41:47.940,300557.SZ,28.86,400.0,-1,2,28441742,2014,-9223372036854775808,-9223372036854775808
2021-11-30 13:41:57.000,300557.SZ,28.81,300.0,-1,2,28459135,2014,-9223372036854775808,-9223372036854775808
2021-11-30 13:41:57.060,300557.SZ,28.85,100.0,-1,2,28459266,2014,-9223372036854775808,-9223372036854775808
2021-11-30 13:41:57.060,300557.SZ,28.83,300.0,-1,2,28459271,2014,-9223372036854775808,-9223372036854775808
2021-11-30 13:41:57.060,300557.SZ,28.83,100.0,-1,2,28459273,2014,-9223372036854775808,-9223372036854775808
2021-11-30 13:42:01.700,300557.SZ,28.81,200.0,-1,2,28468817,2014,-9223372036854775808,-9223372036854775808
2021-11-30 13:42:07.000,300557.SZ,28.83,100.0,-1,2,28482358,2014,-9223372036854775808,-9223372036854775808
2021-11-30 13:42:08.140,300557.SZ,28.85,400.0,-1,2,28485520,2014,-9223372036854775808,-9223372036854775808
2021-11-30 13:42:19.680,300557.SZ,28.79,100.0,-1,2,28514054,2014,-9223372036854775808,-9223372036854775808
2021-11-30 13:42:22.390,300557.SZ,28.85,100.0,1,2,28519259,2014,-9223372036854775808,-9223372036854775808
2021-11-30 13:42:27.360,300557.SZ,28.85,100.0,-1,2,28529106,2014,-9223372036854775808,-9223372036854775808
2021-11-30 13:42:28.670,300557.SZ,28.85,400.0,-1,2,28532270,2014,-9223372036854775808,-9223372036854775808
2021-11-30 13:42:48.760,300557.SZ,28.85,400.0,-1,2,28574266,2014,-9223372036854775808,-9223372036854775808
2021-11-30 13:42:59.500,300557.SZ,29.0,200.0,-1,2,28594062,2014,-9223372036854775808,-9223372036854775808
2021-11-30 13:43:08.360,300557.SZ,28.8,300.0,-1,2,28612906,2014,-9223372036854775808,-9223372036854775808
2021-11-30 13:43:08.820,300557.SZ,28.85,400.0,-1,2,28613675,2014,-9223372036854775808,-9223372036854775808
2021-11-30 13:43:28.960,300557.SZ,28.8,400.0,-1,2,28650791,2014,-9223372036854775808,-9223372036854775808
2021-11-30 13:43:56.620,300557.SZ,28.85,600.0,-1,2,28701790,2014,-9223372036854775808,-9223372036854775808
2021-11-30 13:44:30.920,300557.SZ,28.85,200.0,-1,2,28771791,2014,-9223372036854775808,-9223372036854775808
2021-11-30 13:44:31.950,300557.SZ,28.8,200.0,1,2,28774204,2014,-9223372036854775808,-9223372036854775808
2021-11-30 13:44:32.080,300557.SZ,28.81,100.0,1,2,28774566,2014,-9223372036854775808,-9223372036854775808
2021-11-30 13:44:36.280,300557.SZ,28.79,100.0,-1,2,28782427,2014,-9223372036854775808,-9223372036854775808
2021-11-30 13:44:40.410,300557.SZ,28.78,100.0,1,2,28790792,2014,-9223372036854775808,-9223372036854775808
2021-11-30 13:44:43.500,300557.SZ,28.85,100.0,-1,2,28796618,2014,-9223372036854775808,-9223372036854775808
2021-11-30 13:44:48.490,300557.SZ,28.79,200.0,-1,2,28805407,2014,-9223372036854775808,-9223372036854775808
2021-11-30 13:44:48.830,300557.SZ,28.79,100.0,1,2,28806025,2014,-9223372036854775808,-9223372036854775808
2021-11-30 13:44:52.350,300557.SZ,28.79,100.0,1,2,28813273,2014,-9223372036854775808,-9223372036854775808
2021-11-30 13:44:52.350,300557.SZ,28.79,100.0,1,2,28813275,2014,-9223372036854775808,-9223372036854775808
2021-11-30 13:44:55.390,300557.SZ,28.85,100.0,-1,2,28819050,2014,-9223372036854775808,-9223372036854775808
2021-11-30 13:45:14.090,300557.SZ,28.58,600.0,1,2,28864221,2014,-9223372036854775808,-9223372036854775808
2021-11-30 13:45:14.090,300557.SZ,28.79,100.0,-1,2,28864225,2014,-9223372036854775808,-9223372036854775808
2021-11-30 13:45:22.200,300557.SZ,27.5,200.0,1,2,28881260,2014,-9223372036854775808,-9223372036854775808
2021-11-30 13:45:27.830,300557.SZ,28.77,500.0,-1,2,28892815,2014,-9223372036854775808,-9223372036854775808
2021-11-30 13:45:27.840,300557.SZ,28.85,100.0,-1,2,28892830,2014,-9223372036854775808,-9223372036854775808
2021-11-30 13:45:42.870,300557.SZ,28.78,200.0,1,2,28923400,2014,-9223372036854775808,-9223372036854775808
2021-11-30 13:45:51.130,300557.SZ,28.68,1000.0,1,2,28939977,2014,-9223372036854775808,-9223372036854775808
2021-11-30 13:45:51.130,300557.SZ,28.62,1500.0,1,2,28939978,2014,-9223372036854775808,-9223372036854775808
2021-11-30 13:45:59.260,300557.SZ,28.78,100.0,1,2,28956708,2014,-9223372036854775808,-9223372036854775808
2021-11-30 13:46:12.090,300557.SZ,28.85,100.0,-1,2,28986843,2014,-9223372036854775808,-9223372036854775808
2021-11-30 13:46:20.900,300557.SZ,28.77,1200.0,1,2,29007733,2014,-9223372036854775808,-9223372036854775808
2021-11-30 13:46:28.960,300557.SZ,28.78,1000.0,1,2,29025589,2014,-9223372036854775808,-9223372036854775808
2021-11-30 13:46:29.050,300557.SZ,28.79,100.0,1,2,29025795,2014,-9223372036854775808,-9223372036854775808
2021-11-30 13:47:04.540,300557.SZ,28.84,200.0,-1,2,29095583,2014,-9223372036854775808,-9223372036854775808
2021-11-30 13:47:08.610,300557.SZ,28.86,1000.0,-1,2,29107317,2014,-9223372036854775808,-9223372036854775808
2021-11-30 13:47:08.690,300557.SZ,28.79,1600.0,-1,2,29107491,2014,-9223372036854775808,-9223372036854775808
2021-11-30 13:47:10.550,300557.SZ,28.79,100.0,1,2,29112668,2014,-9223372036854775808,-9223372036854775808
2021-11-30 13:47:13.300,300557.SZ,28.78,900.0,-1,2,29119633,2014,-9223372036854775808,-9223372036854775808
2021-11-30 13:47:15.960,300557.SZ,28.78,600.0,-1,2,29126494,2014,-9223372036854775808,-9223372036854775808
2021-11-30 13:47:16.520,300557.SZ,28.77,100.0,1,2,29129117,2014,-9223372036854775808,-9223372036854775808
2021-11-30 13:47:19.390,300557.SZ,28.78,100.0,1,2,29137573,2014,-9223372036854775808,-9223372036854775808
2021-11-30 13:47:19.460,300557.SZ,28.78,100.0,-1,2,29137725,2014,-9223372036854775808,-9223372036854775808
2021-11-30 13:47:35.800,300557.SZ,28.77,1000.0,-1,2,29181200,2014,-9223372036854775808,-9223372036854775808
2021-11-30 13:47:35.810,300557.SZ,28.77,100.0,-1,2,29181204,2014,-9223372036854775808,-9223372036854775808
2021-11-30 13:47:45.550,300557.SZ,28.78,500.0,-1,2,29206203,2014,-9223372036854775808,-9223372036854775808
2021-11-30 13:47:46.610,300557.SZ,28.77,900.0,-1,2,29211512,2014,-9223372036854775808,-9223372036854775808
2021-11-30 13:47:46.610,300557.SZ,28.77,400.0,-1,2,29211525,2014,-9223372036854775808,-9223372036854775808
2021-11-30 13:47:46.610,300557.SZ,28.77,1000.0,-1,2,29211527,2014,-9223372036854775808,-9223372036854775808
2021-11-30 13:47:46.610,300557.SZ,28.77,400.0,-1,2,29211529,2014,-9223372036854775808,-9223372036854775808
2021-11-30 13:47:46.610,300557.SZ,28.77,1500.0,-1,2,29211532,2014,-9223372036854775808,-9223372036854775808
2021-11-30 13:47:46.610,300557.SZ,28.77,500.0,-1,2,29211533,2014,-9223372036854775808,-9223372036854775808
2021-11-30 13:47:46.610,300557.SZ,28.77,400.0,-1,2,29211534,2014,-9223372036854775808,-9223372036854775808
2021-11-30 13:47:46.610,300557.SZ,28.77,100.0,-1,2,29211538,2014,-9223372036854775808,-9223372036854775808
2021-11-30 13:47:46.610,300557.SZ,28.77,100.0,-1,2,29211539,2014,-9223372036854775808,-9223372036854775808
2021-11-30 13:47:46.610,300557.SZ,28.77,700.0,-1,2,29211545,2014,-9223372036854775808,-9223372036854775808
2021-11-30 13:47:46.610,300557.SZ,28.77,200.0,-1,2,29211546,2014,-9223372036854775808,-9223372036854775808
2021-11-30 13:47:46.820,300557.SZ,28.75,300.0,-1,2,29212019,2014,-9223372036854775808,-9223372036854775808
2021-11-30 13:47:46.830,300557.SZ,28.77,200.0,-1,2,29212041,2014,-9223372036854775808,-9223372036854775808
2021-11-30 13:47:46.830,300557.SZ,28.77,100.0,-1,2,29212042,2014,-9223372036854775808,-9223372036854775808
2021-11-30 13:47:46.830,300557.SZ,28.77,100.0,-1,2,29212043,2014,-9223372036854775808,-9223372036854775808
2021-11-30 13:47:46.830,300557.SZ,28.77,100.0,-1,2,29212045,2014,-9223372036854775808,-9223372036854775808
2021-11-30 13:47:46.840,300557.SZ,28.77,100.0,-1,2,29212076,2014,-9223372036854775808,-9223372036854775808
2021-11-30 13:47:46.840,300557.SZ,28.77,100.0,-1,2,29212077,2014,-9223372036854775808,-9223372036854775808
2021-11-30 13:47:46.850,300557.SZ,28.77,100.0,-1,2,29212083,2014,-9223372036854775808,-9223372036854775808
2021-11-30 13:47:46.850,300557.SZ,28.77,100.0,-1,2,29212084,2014,-9223372036854775808,-9223372036854775808
2021-11-30 13:47:53.960,300557.SZ,28.75,500.0,1,2,29236464,2014,-9223372036854775808,-9223372036854775808
2021-11-30 13:47:54.150,300557.SZ,28.74,500.0,-1,2,29237025,2014,-9223372036854775808,-9223372036854775808
2021-11-30 13:47:57.860,300557.SZ,28.75,500.0,-1,2,29247393,2014,-9223372036854775808,-9223372036854775808
2021-11-30 13:48:02.430,300557.SZ,28.74,5000.0,-1,2,29265814,2014,-9223372036854775808,-9223372036854775808
2021-11-30 13:48:02.630,300557.SZ,28.71,300.0,-1,2,29267252,2014,-9223372036854775808,-9223372036854775808
2021-11-30 13:48:02.640,300557.SZ,28.74,100.0,-1,2,29267283,2014,-9223372036854775808,-9223372036854775808
2021-11-30 13:48:02.640,300557.SZ,28.74,100.0,-1,2,29267297,2014,-9223372036854775808,-9223372036854775808
2021-11-30 13:48:02.640,300557.SZ,28.74,100.0,-1,2,29267298,2014,-9223372036854775808,-9223372036854775808
2021-11-30 13:48:02.640,300557.SZ,28.74,100.0,-1,2,29267307,2014,-9223372036854775808,-9223372036854775808
2021-11-30 13:48:02.650,300557.SZ,28.74,100.0,-1,2,29267316,2014,-9223372036854775808,-9223372036854775808
2021-11-30 13:48:02.660,300557.SZ,28.74,100.0,-1,2,29267341,2014,-9223372036854775808,-9223372036854775808
2021-11-30 13:48:02.660,300557.SZ,28.74,100.0,-1,2,29267343,2014,-9223372036854775808,-9223372036854775808
2021-11-30 13:48:07.190,300557.SZ,28.76,100.0,-1,2,29291767,2014,-9223372036854775808,-9223372036854775808
2021-11-30 13:48:07.220,300557.SZ,28.74,100.0,-1,2,29291943,2014,-9223372036854775808,-9223372036854775808
2021-11-30 13:48:07.220,300557.SZ,28.74,100.0,-1,2,29291959,2014,-9223372036854775808,-9223372036854775808
2021-11-30 13:48:08.190,300557.SZ,28.71,100.0,-1,2,29297350,2014,-9223372036854775808,-9223372036854775808
2021-11-30 13:48:08.340,300557.SZ,28.7,100.0,-1,2,29298154,2014,-9223372036854775808,-9223372036854775808
2021-11-30 13:48:09.480,300557.SZ,28.74,400.0,-1,2,29303478,2014,-9223372036854775808,-9223372036854775808
2021-11-30 13:48:09.480,300557.SZ,28.73,100.0,-1,2,29303479,2014,-9223372036854775808,-9223372036854775808
2021-11-30 13:48:09.510,300557.SZ,28.73,300.0,-1,2,29303554,2014,-9223372036854775808,-9223372036854775808
2021-11-30 13:48:12.560,300557.SZ,28.71,100.0,-1,2,29318436,2014,-9223372036854775808,-9223372036854775808
2021-11-30 13:48:13.570,300557.SZ,28.73,100.0,-1,2,29323051,2014,-9223372036854775808,-9223372036854775808
2021-11-30 13:48:13.570,300557.SZ,28.7,100.0,-1,2,29323066,2014,-9223372036854775808,-9223372036854775808
2021-11-30 13:48:13.580,300557.SZ,28.7,100.0,-1,2,29323069,2014,-9223372036854775808,-9223372036854775808
2021-11-30 13:48:15.950,300557.SZ,28.7,500.0,-1,2,29331044,2014,-9223372036854775808,-9223372036854775808
2021-11-30 13:48:15.970,300557.SZ,28.53,1000.0,1,2,29331091,2014,-9223372036854775808,-9223372036854775808
2021-11-30 13:48:15.970,300557.SZ,28.48,1500.0,1,2,29331092,2014,-9223372036854775808,-9223372036854775808
2021-11-30 13:48:31.440,300557.SZ,28.7,100.0,1,2,29378393,2014,-9223372036854775808,-9223372036854775808
2021-11-30 13:48:33.910,300557.SZ,28.7,400.0,-1,2,29384986,2014,-9223372036854775808,-9223372036854775808
2021-11-30 13:48:35.140,300557.SZ,28.68,2000.0,1,2,29388966,2014,-9223372036854775808,-9223372036854775808
2021-11-30 13:48:35.550,300557.SZ,28.73,100.0,-1,2,29389990,2014,-9223372036854775808,-9223372036854775808
2021-11-30 13:48:36.080,300557.SZ,28.7,400.0,-1,2,29390993,2014,-9223372036854775808,-9223372036854775808
2021-11-30 13:48:36.450,300557.SZ,28.83,1200.0,-1,2,29392031,2014,-9223372036854775808,-9223372036854775808
2021-11-30 13:48:38.140,300557.SZ,28.7,4400.0,1,2,29397369,2014,-9223372036854775808,-9223372036854775808
2021-11-30 13:48:38.150,300557.SZ,28.73,100.0,1,2,29397394,2014,-9223372036854775808,-9223372036854775808
2021-11-30 13:48:43.700,300557.SZ,28.61,500.0,1,2,29412519,2014,-9223372036854775808,-9223372036854775808
2021-11-30 13:48:56.280,300557.SZ,28.73,200.0,1,2,29447407,2014,-9223372036854775808,-9223372036854775808
2021-11-30 13:48:57.510,300557.SZ,28.42,700.0,-1,2,29450894,2014,-9223372036854775808,-9223372036854775808
2021-11-30 13:49:17.740,300557.SZ,28.42,200.0,-1,2,29515661,2014,-9223372036854775808,-9223372036854775808
2021-11-30 13:49:25.120,300557.SZ,28.42,100.0,-1,2,29535689,2014,-9223372036854775808,-9223372036854775808
2021-11-30 13:49:29.030,300557.SZ,28.7,2000.0,-1,2,29546328,2014,-9223372036854775808,-9223372036854775808
2021-11-30 13:49:29.050,300557.SZ,28.73,300.0,-1,2,29546428,2014,-9223372036854775808,-9223372036854775808
2021-11-30 13:49:29.050,300557.SZ,28.73,100.0,-1,2,29546429,2014,-9223372036854775808,-9223372036854775808
2021-11-30 13:49:29.070,300557.SZ,28.73,100.0,-1,2,29546483,2014,-9223372036854775808,-9223372036854775808
2021-11-30 13:49:29.070,300557.SZ,28.73,100.0,-1,2,29546485,2014,-9223372036854775808,-9223372036854775808
2021-11-30 13:49:29.070,300557.SZ,28.73,100.0,-1,2,29546487,2014,-9223372036854775808,-9223372036854775808
2021-11-30 13:49:29.080,300557.SZ,28.7,100.0,-1,2,29546529,2014,-9223372036854775808,-9223372036854775808
2021-11-30 13:49:33.070,300557.SZ,28.73,300.0,-1,2,29557545,2014,-9223372036854775808,-9223372036854775808
2021-11-30 13:49:33.080,300557.SZ,28.7,100.0,-1,2,29557578,2014,-9223372036854775808,-9223372036854775808
2021-11-30 13:49:33.080,300557.SZ,28.73,100.0,-1,2,29557581,2014,-9223372036854775808,-9223372036854775808
2021-11-30 13:49:34.470,300557.SZ,28.7,100.0,-1,2,29562146,2014,-9223372036854775808,-9223372036854775808
2021-11-30 13:49:34.490,300557.SZ,28.73,100.0,-1,2,29562214,2014,-9223372036854775808,-9223372036854775808
2021-11-30 13:49:34.490,300557.SZ,28.73,200.0,-1,2,29562215,2014,-9223372036854775808,-9223372036854775808
2021-11-30 13:49:39.040,300557.SZ,28.73,100.0,-1,2,29573973,2014,-9223372036854775808,-9223372036854775808
2021-11-30 13:49:45.070,300557.SZ,28.72,200.0,-1,2,29589388,2014,-9223372036854775808,-9223372036854775808
2021-11-30 13:49:45.090,300557.SZ,28.72,300.0,-1,2,29589441,2014,-9223372036854775808,-9223372036854775808
2021-11-30 13:49:45.110,300557.SZ,28.72,100.0,-1,2,29589492,2014,-9223372036854775808,-9223372036854775808
2021-11-30 13:49:45.130,300557.SZ,28.72,100.0,-1,2,29589511,2014,-9223372036854775808,-9223372036854775808
2021-11-30 13:49:45.140,300557.SZ,28.72,100.0,-1,2,29589562,2014,-9223372036854775808,-9223372036854775808
2021-11-30 13:49:59.410,300557.SZ,28.69,500.0,1,2,29625821,2014,-9223372036854775808,-9223372036854775808
2021-11-30 13:50:09.600,300557.SZ,28.72,300.0,-1,2,29664659,2014,-9223372036854775808,-9223372036854775808
2021-11-30 13:50:20.310,300557.SZ,28.7,300.0,-1,2,29708038,2014,-9223372036854775808,-9223372036854775808
2021-11-30 13:50:20.330,300557.SZ,28.57,1000.0,1,2,29708075,2014,-9223372036854775808,-9223372036854775808
2021-11-30 13:50:35.490,300557.SZ,29.07,200.0,-1,2,29751945,2014,-9223372036854775808,-9223372036854775808
2021-11-30 13:50:35.670,300557.SZ,28.69,300.0,-1,2,29752361,2014,-9223372036854775808,-9223372036854775808
2021-11-30 13:50:36.160,300557.SZ,28.68,200.0,-1,2,29753574,2014,-9223372036854775808,-9223372036854775808
2021-11-30 13:50:53.310,300557.SZ,28.68,3000.0,-1,2,29799381,2014,-9223372036854775808,-9223372036854775808
2021-11-30 13:50:53.310,300557.SZ,28.68,100.0,1,2,29799401,2014,-9223372036854775808,-9223372036854775808
2021-11-30 13:50:55.300,300557.SZ,28.69,200.0,-1,2,29804727,2014,-9223372036854775808,-9223372036854775808
2021-11-30 13:51:03.700,300557.SZ,28.66,500.0,1,2,29830280,2014,-9223372036854775808,-9223372036854775808
2021-11-30 13:51:03.700,300557.SZ,28.69,200.0,1,2,29830296,2014,-9223372036854775808,-9223372036854775808
2021-11-30 13:51:04.470,300557.SZ,28.69,100.0,-1,2,29833998,2014,-9223372036854775808,-9223372036854775808
2021-11-30 13:51:04.570,300557.SZ,28.66,100.0,1,2,29834512,2014,-9223372036854775808,-9223372036854775808
2021-11-30 13:51:07.420,300557.SZ,28.69,100.0,1,2,29844158,2014,-9223372036854775808,-9223372036854775808
2021-11-30 13:51:07.470,300557.SZ,28.67,100.0,1,2,29844320,2014,-9223372036854775808,-9223372036854775808
2021-11-30 13:51:07.510,300557.SZ,28.66,200.0,1,2,29844493,2014,-9223372036854775808,-9223372036854775808
2021-11-30 13:51:15.360,300557.SZ,28.65,200.0,1,2,29875009,2014,-9223372036854775808,-9223372036854775808
2021-11-30 13:51:22.860,300557.SZ,28.66,2000.0,1,2,29901147,2014,-9223372036854775808,-9223372036854775808
2021-11-30 13:51:24.420,300557.SZ,28.67,200.0,1,2,29906058,2014,-9223372036854775808,-9223372036854775808
2021-11-30 13:51:34.350,300557.SZ,28.67,500.0,1,2,29934173,2014,-9223372036854775808,-9223372036854775808
2021-11-30 13:51:51.310,300557.SZ,28.68,200.0,1,2,29974561,2014,-9223372036854775808,-9223372036854775808
2021-11-30 13:52:09.860,300557.SZ,28.73,300.0,1,2,30019869,2014,-9223372036854775808,-9223372036854775808
2021-11-30 13:52:25.420,300557.SZ,28.63,1200.0,-1,2,30057032,2014,-9223372036854775808,-9223372036854775808
2021-11-30 13:52:26.380,300557.SZ,28.68,100.0,-1,2,30059439,2014,-9223372036854775808,-9223372036854775808
2021-11-30 13:52:26.490,300557.SZ,28.68,100.0,1,2,30059637,2014,-9223372036854775808,-9223372036854775808
2021-11-30 13:52:28.460,300557.SZ,28.66,100.0,1,2,30064906,2014,-9223372036854775808,-9223372036854775808
2021-11-30 13:52:28.460,300557.SZ,28.66,100.0,1,2,30064907,2014,-9223372036854775808,-9223372036854775808
2021-11-30 13:52:28.480,300557.SZ,28.66,100.0,1,2,30064947,2014,-9223372036854775808,-9223372036854775808
2021-11-30 13:52:56.260,300557.SZ,28.66,300.0,-1,2,30126181,2014,-9223372036854775808,-9223372036854775808
2021-11-30 13:52:58.220,300557.SZ,28.67,300.0,1,2,30129883,2014,-9223372036854775808,-9223372036854775808
2021-11-30 13:53:20.420,300557.SZ,28.67,100.0,-1,2,30180024,2014,-9223372036854775808,-9223372036854775808
2021-11-30 13:53:20.530,300557.SZ,28.67,100.0,-1,2,30180248,2014,-9223372036854775808,-9223372036854775808
2021-11-30 13:53:26.470,300557.SZ,28.7,300.0,1,2,30191206,2014,-9223372036854775808,-9223372036854775808
2021-11-30 13:53:26.670,300557.SZ,28.7,100.0,-1,2,30191539,2014,-9223372036854775808,-9223372036854775808
2021-11-30 13:53:33.870,300557.SZ,28.67,300.0,1,2,30204948,2014,-9223372036854775808,-9223372036854775808
2021-11-30 13:53:49.170,300557.SZ,28.54,500.0,1,2,30235097,2014,-9223372036854775808,-9223372036854775808
2021-11-30 13:54:02.490,300557.SZ,28.7,200.0,-1,2,30260752,2014,-9223372036854775808,-9223372036854775808
2021-11-30 13:54:27.540,300557.SZ,28.03,200.0,1,2,30317713,2014,-9223372036854775808,-9223372036854775808
2021-11-30 13:54:30.120,300557.SZ,28.73,200.0,-1,2,30322433,2014,-9223372036854775808,-9223372036854775808
2021-11-30 13:54:34.360,300557.SZ,28.72,100.0,-1,2,30329997,2014,-9223372036854775808,-9223372036854775808
2021-11-30 13:54:41.330,300557.SZ,28.68,100.0,1,2,30343493,2014,-9223372036854775808,-9223372036854775808
2021-11-30 13:54:46.620,300557.SZ,28.03,200.0,1,2,30354448,2014,-9223372036854775808,-9223372036854775808
2021-11-30 13:54:47.820,300557.SZ,28.7,200.0,-1,2,30356283,2014,-9223372036854775808,-9223372036854775808
2021-11-30 13:54:50.540,300557.SZ,28.68,500.0,1,2,30360878,2014,-9223372036854775808,-9223372036854775808
2021-11-30 13:55:06.740,300557.SZ,28.7,200.0,-1,2,30393771,2014,-9223372036854775808,-9223372036854775808
2021-11-30 13:55:06.740,300557.SZ,28.7,100.0,1,2,30393779,2014,-9223372036854775808,-9223372036854775808
2021-11-30 13:55:18.420,300557.SZ,28.7,300.0,-1,2,30417548,2014,-9223372036854775808,-9223372036854775808
2021-11-30 13:55:37.130,300557.SZ,28.7,200.0,-1,2,30454733,2014,-9223372036854775808,-9223372036854775808
2021-11-30 13:55:40.990,300557.SZ,28.7,100.0,-1,2,30462028,2014,-9223372036854775808,-9223372036854775808
2021-11-30 13:55:43.340,300557.SZ,28.68,100.0,-1,2,30466475,2014,-9223372036854775808,-9223372036854775808
2021-11-30 13:55:43.340,300557.SZ,28.68,100.0,-1,2,30466477,2014,-9223372036854775808,-9223372036854775808
2021-11-30 13:55:43.520,300557.SZ,28.68,200.0,-1,2,30466793,2014,-9223372036854775808,-9223372036854775808
2021-11-30 13:55:43.540,300557.SZ,28.68,100.0,-1,2,30466845,2014,-9223372036854775808,-9223372036854775808
2021-11-30 13:55:43.770,300557.SZ,28.68,100.0,-1,2,30467197,2014,-9223372036854775808,-9223372036854775808
2021-11-30 13:55:43.780,300557.SZ,28.68,100.0,-1,2,30467199,2014,-9223372036854775808,-9223372036854775808
2021-11-30 13:55:44.020,300557.SZ,28.68,100.0,-1,2,30467682,2014,-9223372036854775808,-9223372036854775808
2021-11-30 13:55:46.080,300557.SZ,28.67,100.0,1,2,30471195,2014,-9223372036854775808,-9223372036854775808
2021-11-30 13:55:46.240,300557.SZ,28.68,100.0,1,2,30471546,2014,-9223372036854775808,-9223372036854775808
2021-11-30 13:55:52.780,300557.SZ,28.7,300.0,-1,2,30483087,2014,-9223372036854775808,-9223372036854775808
2021-11-30 13:55:58.850,300557.SZ,28.7,200.0,-1,2,30493753,2014,-9223372036854775808,-9223372036854775808
2021-11-30 13:55:59.030,300557.SZ,28.67,200.0,-1,2,30493959,2014,-9223372036854775808,-9223372036854775808
2021-11-30 13:56:00.340,300557.SZ,28.7,100.0,-1,2,30495824,2014,-9223372036854775808,-9223372036854775808
2021-11-30 13:56:04.940,300557.SZ,28.68,200.0,-1,2,30505641,2014,-9223372036854775808,-9223372036854775808
2021-11-30 13:56:06.860,300557.SZ,28.67,100.0,-1,2,30509996,2014,-9223372036854775808,-9223372036854775808
2021-11-30 13:56:06.860,300557.SZ,28.67,100.0,1,2,30509997,2014,-9223372036854775808,-9223372036854775808
2021-11-30 13:56:07.140,300557.SZ,28.67,100.0,1,2,30510678,2014,-9223372036854775808,-9223372036854775808
2021-11-30 13:56:09.710,300557.SZ,28.67,300.0,-1,2,30516655,2014,-9223372036854775808,-9223372036854775808
2021-11-30 13:56:13.510,300557.SZ,28.66,500.0,1,2,30524286,2014,-9223372036854775808,-9223372036854775808
2021-11-30 13:56:15.540,300557.SZ,28.67,100.0,1,2,30527940,2014,-9223372036854775808,-9223372036854775808
2021-11-30 13:56:16.110,300557.SZ,28.67,100.0,1,2,30529156,2014,-9223372036854775808,-9223372036854775808
2021-11-30 13:56:16.110,300557.SZ,28.67,100.0,1,2,30529158,2014,-9223372036854775808,-9223372036854775808
2021-11-30 13:56:20.060,300557.SZ,28.67,200.0,-1,2,30535730,2014,-9223372036854775808,-9223372036854775808
2021-11-30 13:56:20.430,300557.SZ,28.67,100.0,1,2,30536343,2014,-9223372036854775808,-9223372036854775808
2021-11-30 13:56:20.480,300557.SZ,28.68,100.0,1,2,30536392,2014,-9223372036854775808,-9223372036854775808
2021-11-30 13:56:20.610,300557.SZ,28.69,100.0,1,2,30536592,2014,-9223372036854775808,-9223372036854775808
2021-11-30 13:56:26.010,300557.SZ,28.69,100.0,-1,2,30545615,2014,-9223372036854775808,-9223372036854775808
2021-11-30 13:56:40.350,300557.SZ,28.66,100.0,1,2,30569190,2014,-9223372036854775808,-9223372036854775808
2021-11-30 13:56:40.350,300557.SZ,28.66,100.0,1,2,30569192,2014,-9223372036854775808,-9223372036854775808
2021-11-30 13:56:50.540,300557.SZ,28.66,600.0,-1,2,30585643,2014,-9223372036854775808,-9223372036854775808
2021-11-30 13:56:52.150,300557.SZ,28.67,1200.0,1,2,30587965,2014,-9223372036854775808,-9223372036854775808
2021-11-30 13:56:55.340,300557.SZ,28.73,100.0,-1,2,30593600,2014,-9223372036854775808,-9223372036854775808
2021-11-30 13:56:55.370,300557.SZ,28.67,200.0,1,2,30593722,2014,-9223372036854775808,-9223372036854775808
2021-11-30 13:56:55.930,300557.SZ,28.73,300.0,-1,2,30594422,2014,-9223372036854775808,-9223372036854775808
2021-11-30 13:56:56.430,300557.SZ,28.73,300.0,-1,2,30595022,2014,-9223372036854775808,-9223372036854775808
2021-11-30 13:56:57.050,300557.SZ,28.67,100.0,1,2,30595723,2014,-9223372036854775808,-9223372036854775808
2021-11-30 13:56:57.050,300557.SZ,28.67,100.0,1,2,30595724,2014,-9223372036854775808,-9223372036854775808
2021-11-30 13:56:58.390,300557.SZ,28.67,100.0,1,2,30598207,2014,-9223372036854775808,-9223372036854775808
2021-11-30 13:57:57.300,300557.SZ,28.97,500.0,-1,2,30693820,2014,-9223372036854775808,-9223372036854775808
2021-11-30 13:58:03.510,300557.SZ,28.73,500.0,1,2,30703643,2014,-9223372036854775808,-9223372036854775808
2021-11-30 13:58:03.640,300557.SZ,28.68,100.0,1,2,30703881,2014,-9223372036854775808,-9223372036854775808
2021-11-30 13:58:03.940,300557.SZ,28.73,100.0,1,2,30704649,2014,-9223372036854775808,-9223372036854775808
2021-11-30 13:58:03.940,300557.SZ,28.73,100.0,1,2,30704651,2014,-9223372036854775808,-9223372036854775808
2021-11-30 13:58:04.050,300557.SZ,28.69,100.0,1,2,30705046,2014,-9223372036854775808,-9223372036854775808
2021-11-30 13:58:04.500,300557.SZ,28.69,100.0,1,2,30706466,2014,-9223372036854775808,-9223372036854775808
2021-11-30 13:58:04.560,300557.SZ,28.73,100.0,1,2,30706656,2014,-9223372036854775808,-9223372036854775808
2021-11-30 13:58:04.590,300557.SZ,28.7,100.0,1,2,30706714,2014,-9223372036854775808,-9223372036854775808
2021-11-30 13:58:04.740,300557.SZ,28.69,200.0,1,2,30706929,2014,-9223372036854775808,-9223372036854775808
2021-11-30 13:58:09.040,300557.SZ,28.69,100.0,1,2,30714656,2014,-9223372036854775808,-9223372036854775808
2021-11-30 13:58:09.040,300557.SZ,28.69,100.0,1,2,30714657,2014,-9223372036854775808,-9223372036854775808
2021-11-30 13:58:09.050,300557.SZ,28.7,100.0,-1,2,30714682,2014,-9223372036854775808,-9223372036854775808
2021-11-30 13:58:09.100,300557.SZ,28.69,100.0,1,2,30714934,2014,-9223372036854775808,-9223372036854775808
2021-11-30 13:58:09.100,300557.SZ,28.69,100.0,1,2,30714947,2014,-9223372036854775808,-9223372036854775808
2021-11-30 13:58:09.100,300557.SZ,28.69,100.0,1,2,30714948,2014,-9223372036854775808,-9223372036854775808
2021-11-30 13:58:10.390,300557.SZ,28.7,200.0,1,2,30717691,2014,-9223372036854775808,-9223372036854775808
2021-11-30 13:58:10.430,300557.SZ,28.7,100.0,-1,2,30717739,2014,-9223372036854775808,-9223372036854775808
2021-11-30 13:58:10.570,300557.SZ,28.7,100.0,-1,2,30717997,2014,-9223372036854775808,-9223372036854775808
2021-11-30 13:58:11.300,300557.SZ,28.7,100.0,-1,2,30718965,2014,-9223372036854775808,-9223372036854775808
2021-11-30 13:58:11.300,300557.SZ,28.7,100.0,1,2,30718976,2014,-9223372036854775808,-9223372036854775808
2021-11-30 13:58:11.310,300557.SZ,28.69,100.0,-1,2,30718984,2014,-9223372036854775808,-9223372036854775808
2021-11-30 13:58:12.050,300557.SZ,28.7,100.0,1,2,30720171,2014,-9223372036854775808,-9223372036854775808
2021-11-30 13:58:12.050,300557.SZ,28.7,100.0,1,2,30720172,2014,-9223372036854775808,-9223372036854775808
2021-11-30 13:58:12.050,300557.SZ,28.7,100.0,-1,2,30720190,2014,-9223372036854775808,-9223372036854775808
2021-11-30 13:58:12.060,300557.SZ,28.7,100.0,-1,2,30720217,2014,-9223372036854775808,-9223372036854775808
2021-11-30 13:58:12.160,300557.SZ,28.7,100.0,1,2,30720477,2014,-9223372036854775808,-9223372036854775808
2021-11-30 13:58:12.930,300557.SZ,28.8,100.0,-1,2,30721770,2014,-9223372036854775808,-9223372036854775808
2021-11-30 13:58:13.340,300557.SZ,28.8,100.0,-1,2,30722726,2014,-9223372036854775808,-9223372036854775808
2021-11-30 13:58:13.350,300557.SZ,28.7,100.0,-1,2,30722741,2014,-9223372036854775808,-9223372036854775808
2021-11-30 13:58:13.350,300557.SZ,28.7,100.0,-1,2,30722743,2014,-9223372036854775808,-9223372036854775808
2021-11-30 13:58:13.370,300557.SZ,28.7,100.0,-1,2,30722801,2014,-9223372036854775808,-9223372036854775808
2021-11-30 13:58:13.400,300557.SZ,28.7,100.0,-1,2,30722855,2014,-9223372036854775808,-9223372036854775808
2021-11-30 13:58:16.480,300557.SZ,28.8,100.0,-1,2,30727990,2014,-9223372036854775808,-9223372036854775808
2021-11-30 13:58:19.110,300557.SZ,28.7,100.0,1,2,30731961,2014,-9223372036854775808,-9223372036854775808
2021-11-30 13:58:23.620,300557.SZ,28.7,100.0,1,2,30737986,2014,-9223372036854775808,-9223372036854775808
2021-11-30 13:58:27.590,300557.SZ,28.7,200.0,1,2,30743317,2014,-9223372036854775808,-9223372036854775808
2021-11-30 13:58:28.110,300557.SZ,28.7,100.0,1,2,30744109,2014,-9223372036854775808,-9223372036854775808
2021-11-30 13:58:28.190,300557.SZ,28.7,100.0,1,2,30744235,2014,-9223372036854775808,-9223372036854775808
2021-11-30 13:58:28.190,300557.SZ,28.7,100.0,1,2,30744236,2014,-9223372036854775808,-9223372036854775808
2021-11-30 13:58:31.340,300557.SZ,28.7,100.0,-1,2,30748714,2014,-9223372036854775808,-9223372036854775808
2021-11-30 13:58:31.340,300557.SZ,28.7,100.0,-1,2,30748718,2014,-9223372036854775808,-9223372036854775808
2021-11-30 13:58:33.760,300557.SZ,28.79,100.0,-1,2,30752060,2014,-9223372036854775808,-9223372036854775808
2021-11-30 13:58:33.760,300557.SZ,28.7,100.0,-1,2,30752130,2014,-9223372036854775808,-9223372036854775808
2021-11-30 13:58:33.830,300557.SZ,28.79,100.0,-1,2,30752328,2014,-9223372036854775808,-9223372036854775808
2021-11-30 13:58:35.950,300557.SZ,28.79,100.0,-1,2,30755701,2014,-9223372036854775808,-9223372036854775808
2021-11-30 13:58:37.330,300557.SZ,28.7,100.0,-1,2,30758043,2014,-9223372036854775808,-9223372036854775808
2021-11-30 13:58:37.330,300557.SZ,28.7,100.0,-1,2,30758051,2014,-9223372036854775808,-9223372036854775808
2021-11-30 13:58:37.860,300557.SZ,28.79,100.0,-1,2,30758724,2014,-9223372036854775808,-9223372036854775808
2021-11-30 13:58:38.200,300557.SZ,28.8,100.0,-1,2,30759280,2014,-9223372036854775808,-9223372036854775808
2021-11-30 13:58:38.630,300557.SZ,28.8,100.0,-1,2,30759750,2014,-9223372036854775808,-9223372036854775808
2021-11-30 13:58:44.980,300557.SZ,28.5,2000.0,1,2,30769168,2014,-9223372036854775808,-9223372036854775808
2021-11-30 13:59:38.390,300557.SZ,28.7,400.0,1,2,30851382,2014,-9223372036854775808,-9223372036854775808
2021-11-30 13:59:38.390,300557.SZ,28.71,100.0,1,2,30851385,2014,-9223372036854775808,-9223372036854775808
2021-11-30 13:59:38.400,300557.SZ,28.71,100.0,1,2,30851387,2014,-9223372036854775808,-9223372036854775808
2021-11-30 13:59:38.400,300557.SZ,28.72,100.0,1,2,30851391,2014,-9223372036854775808,-9223372036854775808
2021-11-30 13:59:38.400,300557.SZ,28.71,100.0,1,2,30851395,2014,-9223372036854775808,-9223372036854775808
2021-11-30 13:59:38.410,300557.SZ,28.73,100.0,1,2,30851404,2014,-9223372036854775808,-9223372036854775808
2021-11-30 13:59:38.410,300557.SZ,28.73,100.0,1,2,30851408,2014,-9223372036854775808,-9223372036854775808
2021-11-30 13:59:43.340,300557.SZ,28.73,100.0,-1,2,30858471,2014,-9223372036854775808,-9223372036854775808
2021-11-30 13:59:43.340,300557.SZ,28.79,100.0,-1,2,30858473,2014,-9223372036854775808,-9223372036854775808
2021-11-30 13:59:43.390,300557.SZ,28.73,200.0,-1,2,30858542,2014,-9223372036854775808,-9223372036854775808
2021-11-30 13:59:43.810,300557.SZ,28.73,100.0,-1,2,30859214,2014,-9223372036854775808,-9223372036854775808
2021-11-30 13:59:43.810,300557.SZ,28.73,100.0,-1,2,30859215,2014,-9223372036854775808,-9223372036854775808
2021-11-30 13:59:44.120,300557.SZ,28.73,100.0,-1,2,30859496,2014,-9223372036854775808,-9223372036854775808
2021-11-30 13:59:46.070,300557.SZ,28.73,200.0,-1,2,30862025,2014,-9223372036854775808,-9223372036854775808
2021-11-30 13:59:46.130,300557.SZ,28.73,100.0,-1,2,30862144,2014,-9223372036854775808,-9223372036854775808
2021-11-30 13:59:46.290,300557.SZ,28.8,100.0,-1,2,30862527,2014,-9223372036854775808,-9223372036854775808
2021-11-30 13:59:46.400,300557.SZ,28.8,100.0,-1,2,30862723,2014,-9223372036854775808,-9223372036854775808
2021-11-30 13:59:49.490,300557.SZ,28.8,100.0,-1,2,30866774,2014,-9223372036854775808,-9223372036854775808
2021-11-30 13:59:49.970,300557.SZ,28.8,100.0,-1,2,30867387,2014,-9223372036854775808,-9223372036854775808
2021-11-30 13:59:51.990,300557.SZ,28.73,400.0,-1,2,30870047,2014,-9223372036854775808,-9223372036854775808
2021-11-30 14:00:02.160,300557.SZ,29.29,200.0,-1,2,30887708,2014,-9223372036854775808,-9223372036854775808
2021-11-30 14:00:06.780,300557.SZ,28.72,100.0,-1,2,30899919,2014,-9223372036854775808,-9223372036854775808
2021-11-30 14:00:14.280,300557.SZ,28.72,100.0,-1,2,30918256,2014,-9223372036854775808,-9223372036854775808
2021-11-30 14:00:14.290,300557.SZ,28.72,100.0,-1,2,30918295,2014,-9223372036854775808,-9223372036854775808
2021-11-30 14:00:16.640,300557.SZ,28.66,1000.0,-1,2,30925772,2014,-9223372036854775808,-9223372036854775808
2021-11-30 14:00:17.110,300557.SZ,28.67,100.0,-1,2,30926736,2014,-9223372036854775808,-9223372036854775808
2021-11-30 14:00:18.430,300557.SZ,28.72,300.0,-1,2,30929845,2014,-9223372036854775808,-9223372036854775808
2021-11-30 14:00:18.440,300557.SZ,28.7,200.0,-1,2,30929866,2014,-9223372036854775808,-9223372036854775808
2021-11-30 14:00:19.700,300557.SZ,28.68,300.0,-1,2,30934046,2014,-9223372036854775808,-9223372036854775808
2021-11-30 14:00:21.700,300557.SZ,28.68,200.0,-1,2,30938772,2014,-9223372036854775808,-9223372036854775808
2021-11-30 14:00:25.330,300557.SZ,28.67,700.0,-1,2,30947970,2014,-9223372036854775808,-9223372036854775808
2021-11-30 14:00:25.860,300557.SZ,28.68,100.0,-1,2,30949350,2014,-9223372036854775808,-9223372036854775808
2021-11-30 14:00:25.870,300557.SZ,28.68,100.0,-1,2,30949357,2014,-9223372036854775808,-9223372036854775808
2021-11-30 14:00:28.300,300557.SZ,28.68,100.0,-1,2,30953888,2014,-9223372036854775808,-9223372036854775808
2021-11-30 14:01:42.840,300557.SZ,28.67,100.0,1,2,31096697,2014,-9223372036854775808,-9223372036854775808
2021-11-30 14:01:54.480,300557.SZ,28.67,300.0,-1,2,31123369,2014,-9223372036854775808,-9223372036854775808
2021-11-30 14:02:11.540,300557.SZ,28.67,100.0,-1,2,31170600,2014,-9223372036854775808,-9223372036854775808
2021-11-30 14:02:16.440,300557.SZ,28.66,800.0,-1,2,31183064,2014,-9223372036854775808,-9223372036854775808
2021-11-30 14:02:19.420,300557.SZ,28.66,100.0,-1,2,31189145,2014,-9223372036854775808,-9223372036854775808
2021-11-30 14:02:19.440,300557.SZ,28.66,800.0,-1,2,31189177,2014,-9223372036854775808,-9223372036854775808
2021-11-30 14:02:19.450,300557.SZ,28.68,200.0,-1,2,31189199,2014,-9223372036854775808,-9223372036854775808
2021-11-30 14:02:22.390,300557.SZ,28.66,100.0,-1,2,31195498,2014,-9223372036854775808,-9223372036854775808
2021-11-30 14:02:24.730,300557.SZ,28.67,100.0,-1,2,31199495,2014,-9223372036854775808,-9223372036854775808
2021-11-30 14:02:28.620,300557.SZ,28.66,200.0,-1,2,31207716,2014,-9223372036854775808,-9223372036854775808
2021-11-30 14:02:28.760,300557.SZ,28.66,100.0,-1,2,31207895,2014,-9223372036854775808,-9223372036854775808
2021-11-30 14:02:28.760,300557.SZ,28.66,100.0,-1,2,31207896,2014,-9223372036854775808,-9223372036854775808
2021-11-30 14:02:33.860,300557.SZ,28.68,1000.0,1,2,31217025,2014,-9223372036854775808,-9223372036854775808
2021-11-30 14:02:34.040,300557.SZ,28.67,100.0,-1,2,31217587,2014,-9223372036854775808,-9223372036854775808
2021-11-30 14:02:37.360,300557.SZ,28.67,100.0,1,2,31224151,2014,-9223372036854775808,-9223372036854775808
2021-11-30 14:02:37.360,300557.SZ,28.67,100.0,1,2,31224153,2014,-9223372036854775808,-9223372036854775808
2021-11-30 14:02:40.790,300557.SZ,28.78,200.0,-1,2,31230194,2014,-9223372036854775808,-9223372036854775808
2021-11-30 14:02:42.960,300557.SZ,28.64,300.0,1,2,31233387,2014,-9223372036854775808,-9223372036854775808
2021-11-30 14:02:52.300,300557.SZ,28.66,1000.0,1,2,31250263,2014,-9223372036854775808,-9223372036854775808
2021-11-30 14:03:03.180,300557.SZ,28.72,100.0,1,2,31270515,2014,-9223372036854775808,-9223372036854775808
2021-11-30 14:03:31.490,300557.SZ,28.66,100.0,1,2,31332121,2014,-9223372036854775808,-9223372036854775808
2021-11-30 14:03:31.490,300557.SZ,28.67,2100.0,1,2,31332128,2014,-9223372036854775808,-9223372036854775808
2021-11-30 14:03:31.510,300557.SZ,28.52,1000.0,1,2,31332158,2014,-9223372036854775808,-9223372036854775808
2021-11-30 14:03:55.540,300557.SZ,28.68,3900.0,1,2,31376689,2014,-9223372036854775808,-9223372036854775808
2021-11-30 14:03:56.840,300557.SZ,28.68,200.0,-1,2,31378994,2014,-9223372036854775808,-9223372036854775808
2021-11-30 14:03:56.850,300557.SZ,28.7,100.0,1,2,31378996,2014,-9223372036854775808,-9223372036854775808
2021-11-30 14:04:01.380,300557.SZ,28.7,100.0,1,2,31387920,2014,-9223372036854775808,-9223372036854775808
2021-11-30 14:04:01.780,300557.SZ,28.71,100.0,1,2,31388761,2014,-9223372036854775808,-9223372036854775808
2021-11-30 14:04:03.320,300557.SZ,28.72,300.0,-1,2,31391630,2014,-9223372036854775808,-9223372036854775808
2021-11-30 14:04:06.650,300557.SZ,28.74,100.0,-1,2,31399167,2014,-9223372036854775808,-9223372036854775808
2021-11-30 14:04:08.360,300557.SZ,28.74,100.0,-1,2,31404327,2014,-9223372036854775808,-9223372036854775808
2021-11-30 14:04:08.730,300557.SZ,28.69,100.0,1,2,31404954,2014,-9223372036854775808,-9223372036854775808
2021-11-30 14:04:09.220,300557.SZ,28.74,100.0,-1,2,31406182,2014,-9223372036854775808,-9223372036854775808
2021-11-30 14:04:11.190,300557.SZ,28.7,200.0,1,2,31411488,2014,-9223372036854775808,-9223372036854775808
2021-11-30 14:04:11.340,300557.SZ,28.74,100.0,-1,2,31411682,2014,-9223372036854775808,-9223372036854775808
2021-11-30 14:04:13.580,300557.SZ,28.7,2000.0,-1,2,31416329,2014,-9223372036854775808,-9223372036854775808
2021-11-30 14:04:14.790,300557.SZ,28.74,100.0,-1,2,31418466,2014,-9223372036854775808,-9223372036854775808
2021-11-30 14:04:16.400,300557.SZ,28.72,100.0,-1,2,31422033,2014,-9223372036854775808,-9223372036854775808
2021-11-30 14:04:41.820,300557.SZ,28.69,600.0,1,2,31474541,2014,-9223372036854775808,-9223372036854775808
2021-11-30 14:04:46.300,300557.SZ,28.69,500.0,-1,2,31483189,2014,-9223372036854775808,-9223372036854775808
2021-11-30 14:04:46.410,300557.SZ,28.69,100.0,-1,2,31483388,2014,-9223372036854775808,-9223372036854775808
2021-11-30 14:04:52.660,300557.SZ,28.69,400.0,-1,2,31495707,2014,-9223372036854775808,-9223372036854775808
2021-11-30 14:04:52.660,300557.SZ,28.67,100.0,-1,2,31495711,2014,-9223372036854775808,-9223372036854775808
2021-11-30 14:04:58.290,300557.SZ,28.7,100.0,-1,2,31507239,2014,-9223372036854775808,-9223372036854775808
2021-11-30 14:04:59.190,300557.SZ,28.7,2200.0,1,2,31508958,2014,-9223372036854775808,-9223372036854775808
2021-11-30 14:05:07.700,300557.SZ,28.71,100.0,-1,2,31530526,2014,-9223372036854775808,-9223372036854775808
2021-11-30 14:05:10.470,300557.SZ,28.68,100.0,1,2,31537077,2014,-9223372036854775808,-9223372036854775808
2021-11-30 14:05:11.170,300557.SZ,29.1,200.0,-1,2,31538778,2014,-9223372036854775808,-9223372036854775808
2021-11-30 14:05:33.340,300557.SZ,28.71,500.0,-1,2,31586121,2014,-9223372036854775808,-9223372036854775808
2021-11-30 14:05:36.130,300557.SZ,28.67,1000.0,1,2,31591675,2014,-9223372036854775808,-9223372036854775808
2021-11-30 14:05:39.690,300557.SZ,28.71,100.0,1,2,31599516,2014,-9223372036854775808,-9223372036854775808
2021-11-30 14:05:48.970,300557.SZ,28.68,500.0,1,2,31617956,2014,-9223372036854775808,-9223372036854775808
2021-11-30 14:05:48.990,300557.SZ,28.63,3000.0,1,2,31617995,2014,-9223372036854775808,-9223372036854775808
2021-11-30 14:05:52.960,300557.SZ,28.68,1500.0,1,2,31625803,2014,-9223372036854775808,-9223372036854775808
2021-11-30 14:05:58.380,300557.SZ,28.71,100.0,1,2,31638380,2014,-9223372036854775808,-9223372036854775808
2021-11-30 14:05:58.780,300557.SZ,28.72,100.0,1,2,31639127,2014,-9223372036854775808,-9223372036854775808
2021-11-30 14:06:04.650,300557.SZ,28.7,200.0,-1,2,31653008,2014,-9223372036854775808,-9223372036854775808
2021-11-30 14:06:25.920,300557.SZ,28.7,1000.0,1,2,31700270,2014,-9223372036854775808,-9223372036854775808
2021-11-30 14:06:27.400,300557.SZ,28.71,200.0,1,2,31702696,2014,-9223372036854775808,-9223372036854775808
2021-11-30 14:06:28.100,300557.SZ,28.71,100.0,1,2,31704033,2014,-9223372036854775808,-9223372036854775808
2021-11-30 14:06:39.710,300557.SZ,28.7,200.0,1,2,31727588,2014,-9223372036854775808,-9223372036854775808
2021-11-30 14:07:01.760,300557.SZ,28.72,600.0,1,2,31770434,2014,-9223372036854775808,-9223372036854775808
2021-11-30 14:07:05.420,300557.SZ,28.78,500.0,-1,2,31779356,2014,-9223372036854775808,-9223372036854775808
2021-11-30 14:07:15.490,300557.SZ,28.72,100.0,1,2,31800550,2014,-9223372036854775808,-9223372036854775808
2021-11-30 14:07:19.640,300557.SZ,28.75,100.0,-1,2,31809248,2014,-9223372036854775808,-9223372036854775808
2021-11-30 14:07:30.340,300557.SZ,28.73,500.0,1,2,31829411,2014,-9223372036854775808,-9223372036854775808
2021-11-30 14:07:30.970,300557.SZ,28.75,100.0,1,2,31830775,2014,-9223372036854775808,-9223372036854775808
2021-11-30 14:07:33.770,300557.SZ,28.69,300.0,1,2,31835692,2014,-9223372036854775808,-9223372036854775808
2021-11-30 14:07:40.630,300557.SZ,28.73,300.0,1,2,31848729,2014,-9223372036854775808,-9223372036854775808
2021-11-30 14:08:09.460,300557.SZ,28.73,200.0,-1,2,31907435,2014,-9223372036854775808,-9223372036854775808
2021-11-30 14:08:12.100,300557.SZ,28.74,600.0,-1,2,31913552,2014,-9223372036854775808,-9223372036854775808
2021-11-30 14:08:12.280,300557.SZ,28.73,100.0,-1,2,31913988,2014,-9223372036854775808,-9223372036854775808
2021-11-30 14:08:15.700,300557.SZ,28.7,200.0,-1,2,31922104,2014,-9223372036854775808,-9223372036854775808
2021-11-30 14:08:15.810,300557.SZ,28.74,100.0,-1,2,31922393,2014,-9223372036854775808,-9223372036854775808
2021-11-30 14:08:15.820,300557.SZ,28.71,300.0,-1,2,31922434,2014,-9223372036854775808,-9223372036854775808
2021-11-30 14:08:15.900,300557.SZ,28.73,200.0,-1,2,31922569,2014,-9223372036854775808,-9223372036854775808
2021-11-30 14:08:15.900,300557.SZ,28.72,100.0,-1,2,31922570,2014,-9223372036854775808,-9223372036854775808
2021-11-30 14:08:16.130,300557.SZ,28.73,300.0,-1,2,31923307,2014,-9223372036854775808,-9223372036854775808
2021-11-30 14:08:16.400,300557.SZ,28.73,100.0,-1,2,31923955,2014,-9223372036854775808,-9223372036854775808
2021-11-30 14:08:16.400,300557.SZ,28.73,100.0,-1,2,31923956,2014,-9223372036854775808,-9223372036854775808
2021-11-30 14:08:16.430,300557.SZ,28.73,100.0,-1,2,31924010,2014,-9223372036854775808,-9223372036854775808
2021-11-30 14:08:16.670,300557.SZ,28.73,300.0,-1,2,31924531,2014,-9223372036854775808,-9223372036854775808
2021-11-30 14:08:22.420,300557.SZ,28.72,100.0,-1,2,31936608,2014,-9223372036854775808,-9223372036854775808
2021-11-30 14:08:22.430,300557.SZ,28.72,100.0,-1,2,31936609,2014,-9223372036854775808,-9223372036854775808
2021-11-30 14:08:25.570,300557.SZ,28.71,100.0,-1,2,31942789,2014,-9223372036854775808,-9223372036854775808
2021-11-30 14:08:27.820,300557.SZ,28.71,200.0,-1,2,31946993,2014,-9223372036854775808,-9223372036854775808
2021-11-30 14:08:28.440,300557.SZ,28.71,200.0,-1,2,31948732,2014,-9223372036854775808,-9223372036854775808
2021-11-30 14:08:34.400,300557.SZ,28.7,100.0,-1,2,31960679,2014,-9223372036854775808,-9223372036854775808
2021-11-30 14:08:34.400,300557.SZ,28.7,100.0,-1,2,31960681,2014,-9223372036854775808,-9223372036854775808
2021-11-30 14:08:34.400,300557.SZ,28.7,100.0,-1,2,31960695,2014,-9223372036854775808,-9223372036854775808
2021-11-30 14:08:57.470,300557.SZ,28.7,100.0,-1,2,32004569,2014,-9223372036854775808,-9223372036854775808
2021-11-30 14:08:59.440,300557.SZ,28.71,500.0,1,2,32008480,2014,-9223372036854775808,-9223372036854775808
2021-11-30 14:09:01.330,300557.SZ,28.7,400.0,-1,2,32014125,2014,-9223372036854775808,-9223372036854775808
2021-11-30 14:09:01.330,300557.SZ,28.7,100.0,-1,2,32014133,2014,-9223372036854775808,-9223372036854775808
2021-11-30 14:09:04.430,300557.SZ,28.7,100.0,-1,2,32023488,2014,-9223372036854775808,-9223372036854775808
2021-11-30 14:09:04.480,300557.SZ,28.7,100.0,-1,2,32023932,2014,-9223372036854775808,-9223372036854775808
2021-11-30 14:09:04.700,300557.SZ,28.7,100.0,-1,2,32024516,2014,-9223372036854775808,-9223372036854775808
2021-11-30 14:09:10.640,300557.SZ,28.7,1000.0,-1,2,32042540,2014,-9223372036854775808,-9223372036854775808
2021-11-30 14:09:10.820,300557.SZ,28.68,200.0,-1,2,32043092,2014,-9223372036854775808,-9223372036854775808
2021-11-30 14:09:18.620,300557.SZ,28.69,100.0,-1,2,32062249,2014,-9223372036854775808,-9223372036854775808
2021-11-30 14:09:18.830,300557.SZ,28.68,300.0,-1,2,32062840,2014,-9223372036854775808,-9223372036854775808
2021-11-30 14:09:21.870,300557.SZ,28.68,600.0,1,2,32069839,2014,-9223372036854775808,-9223372036854775808
2021-11-30 14:09:21.890,300557.SZ,28.68,100.0,-1,2,32069887,2014,-9223372036854775808,-9223372036854775808
2021-11-30 14:09:21.920,300557.SZ,28.68,100.0,-1,2,32069949,2014,-9223372036854775808,-9223372036854775808
2021-11-30 14:09:34.780,300557.SZ,28.68,500.0,1,2,32102001,2014,-9223372036854775808,-9223372036854775808
2021-11-30 14:09:36.790,300557.SZ,28.67,1000.0,-1,2,32106659,2014,-9223372036854775808,-9223372036854775808
2021-11-30 14:09:57.080,300557.SZ,28.67,100.0,-1,2,32153173,2014,-9223372036854775808,-9223372036854775808
2021-11-30 14:09:57.090,300557.SZ,28.67,100.0,-1,2,32153228,2014,-9223372036854775808,-9223372036854775808
2021-11-30 14:09:57.410,300557.SZ,28.69,100.0,1,2,32154187,2014,-9223372036854775808,-9223372036854775808
2021-11-30 14:09:57.430,300557.SZ,28.72,200.0,-1,2,32154232,2014,-9223372036854775808,-9223372036854775808
2021-11-30 14:10:06.410,300557.SZ,28.72,100.0,-1,2,32182197,2014,-9223372036854775808,-9223372036854775808
2021-11-30 14:10:06.460,300557.SZ,28.72,100.0,-1,2,32182454,2014,-9223372036854775808,-9223372036854775808
2021-11-30 14:10:06.460,300557.SZ,28.72,100.0,-1,2,32182503,2014,-9223372036854775808,-9223372036854775808
2021-11-30 14:10:07.730,300557.SZ,28.71,100.0,-1,2,32187895,2014,-9223372036854775808,-9223372036854775808
2021-11-30 14:10:07.800,300557.SZ,28.71,100.0,-1,2,32188062,2014,-9223372036854775808,-9223372036854775808
2021-11-30 14:10:07.990,300557.SZ,28.71,100.0,-1,2,32188657,2014,-9223372036854775808,-9223372036854775808
2021-11-30 14:10:10.460,300557.SZ,28.72,100.0,-1,2,32196903,2014,-9223372036854775808,-9223372036854775808
2021-11-30 14:10:10.560,300557.SZ,28.71,100.0,-1,2,32197237,2014,-9223372036854775808,-9223372036854775808
2021-11-30 14:10:10.620,300557.SZ,28.67,100.0,-1,2,32197437,2014,-9223372036854775808,-9223372036854775808
2021-11-30 14:10:13.450,300557.SZ,28.67,100.0,-1,2,32205698,2014,-9223372036854775808,-9223372036854775808
2021-11-30 14:10:13.600,300557.SZ,28.67,200.0,-1,2,32206165,2014,-9223372036854775808,-9223372036854775808
2021-11-30 14:10:13.630,300557.SZ,28.71,100.0,-1,2,32206230,2014,-9223372036854775808,-9223372036854775808
2021-11-30 14:10:13.630,300557.SZ,28.71,100.0,-1,2,32206232,2014,-9223372036854775808,-9223372036854775808
2021-11-30 14:10:18.060,300557.SZ,28.71,200.0,-1,2,32218117,2014,-9223372036854775808,-9223372036854775808
2021-11-30 14:10:18.290,300557.SZ,28.67,300.0,-1,2,32218933,2014,-9223372036854775808,-9223372036854775808
2021-11-30 14:10:18.310,300557.SZ,28.7,300.0,-1,2,32218997,2014,-9223372036854775808,-9223372036854775808
2021-11-30 14:10:18.340,300557.SZ,28.7,200.0,-1,2,32219063,2014,-9223372036854775808,-9223372036854775808
2021-11-30 14:10:18.370,300557.SZ,28.7,200.0,-1,2,32219158,2014,-9223372036854775808,-9223372036854775808
2021-11-30 14:10:18.390,300557.SZ,28.7,200.0,-1,2,32219203,2014,-9223372036854775808,-9223372036854775808
2021-11-30 14:10:20.700,300557.SZ,28.67,100.0,-1,2,32225848,2014,-9223372036854775808,-9223372036854775808
2021-11-30 14:10:20.710,300557.SZ,28.67,200.0,-1,2,32225871,2014,-9223372036854775808,-9223372036854775808
2021-11-30 14:10:20.730,300557.SZ,28.67,100.0,-1,2,32225898,2014,-9223372036854775808,-9223372036854775808
2021-11-30 14:10:20.790,300557.SZ,28.67,200.0,-1,2,32226056,2014,-9223372036854775808,-9223372036854775808
2021-11-30 14:10:20.870,300557.SZ,28.67,100.0,-1,2,32226249,2014,-9223372036854775808,-9223372036854775808
2021-11-30 14:10:21.510,300557.SZ,28.67,100.0,-1,2,32228037,2014,-9223372036854775808,-9223372036854775808
2021-11-30 14:10:21.850,300557.SZ,28.67,100.0,-1,2,32228877,2014,-9223372036854775808,-9223372036854775808
2021-11-30 14:10:22.360,300557.SZ,28.7,300.0,-1,2,32230601,2014,-9223372036854775808,-9223372036854775808
2021-11-30 14:10:22.940,300557.SZ,28.67,100.0,-1,2,32232028,2014,-9223372036854775808,-9223372036854775808
2021-11-30 14:10:23.150,300557.SZ,28.69,100.0,-1,2,32232509,2014,-9223372036854775808,-9223372036854775808
2021-11-30 14:10:23.240,300557.SZ,28.69,300.0,-1,2,32232722,2014,-9223372036854775808,-9223372036854775808
2021-11-30 14:10:23.680,300557.SZ,28.66,100.0,-1,2,32233458,2014,-9223372036854775808,-9223372036854775808
2021-11-30 14:10:23.720,300557.SZ,28.69,300.0,-1,2,32233734,2014,-9223372036854775808,-9223372036854775808
2021-11-30 14:10:24.070,300557.SZ,28.69,300.0,-1,2,32234711,2014,-9223372036854775808,-9223372036854775808
2021-11-30 14:10:24.100,300557.SZ,28.67,100.0,-1,2,32234777,2014,-9223372036854775808,-9223372036854775808
2021-11-30 14:10:49.330,300557.SZ,28.67,100.0,1,2,32295787,2014,-9223372036854775808,-9223372036854775808
2021-11-30 14:10:50.410,300557.SZ,28.66,100.0,1,2,32298248,2014,-9223372036854775808,-9223372036854775808
2021-11-30 14:11:07.800,300557.SZ,28.69,300.0,1,2,32351078,2014,-9223372036854775808,-9223372036854775808
2021-11-30 14:11:10.720,300557.SZ,28.48,2000.0,1,2,32360211,2014,-9223372036854775808,-9223372036854775808
2021-11-30 14:11:14.270,300557.SZ,28.66,100.0,-1,2,32370553,2014,-9223372036854775808,-9223372036854775808
2021-11-30 14:11:14.300,300557.SZ,28.66,100.0,-1,2,32370607,2014,-9223372036854775808,-9223372036854775808
2021-11-30 14:11:24.700,300557.SZ,28.69,100.0,-1,2,32399071,2014,-9223372036854775808,-9223372036854775808
2021-11-30 14:11:24.840,300557.SZ,28.66,300.0,-1,2,32399444,2014,-9223372036854775808,-9223372036854775808
2021-11-30 14:11:29.140,300557.SZ,28.7,300.0,1,2,32409630,2014,-9223372036854775808,-9223372036854775808
2021-11-30 14:11:29.300,300557.SZ,28.66,100.0,-1,2,32409925,2014,-9223372036854775808,-9223372036854775808
2021-11-30 14:11:38.300,300557.SZ,28.72,300.0,-1,2,32432212,2014,-9223372036854775808,-9223372036854775808
2021-11-30 14:11:39.230,300557.SZ,28.72,100.0,-1,2,32433970,2014,-9223372036854775808,-9223372036854775808
2021-11-30 14:11:53.080,300557.SZ,28.65,100.0,-1,2,32465847,2014,-9223372036854775808,-9223372036854775808
2021-11-30 14:11:55.290,300557.SZ,28.69,100.0,-1,2,32471652,2014,-9223372036854775808,-9223372036854775808
2021-11-30 14:11:56.760,300557.SZ,28.67,500.0,1,2,32474990,2014,-9223372036854775808,-9223372036854775808
2021-11-30 14:12:01.340,300557.SZ,28.67,300.0,-1,2,32488890,2014,-9223372036854775808,-9223372036854775808
2021-11-30 14:12:04.430,300557.SZ,28.67,100.0,-1,2,32497511,2014,-9223372036854775808,-9223372036854775808
2021-11-30 14:12:10.600,300557.SZ,28.67,100.0,-1,2,32515942,2014,-9223372036854775808,-9223372036854775808
2021-11-30 14:12:16.470,300557.SZ,28.66,300.0,-1,2,32532403,2014,-9223372036854775808,-9223372036854775808
2021-11-30 14:12:16.480,300557.SZ,28.65,100.0,1,2,32532419,2014,-9223372036854775808,-9223372036854775808
2021-11-30 14:12:16.640,300557.SZ,28.65,100.0,-1,2,32532918,2014,-9223372036854775808,-9223372036854775808
2021-11-30 14:12:19.460,300557.SZ,28.65,200.0,-1,2,32540066,2014,-9223372036854775808,-9223372036854775808
2021-11-30 14:12:19.680,300557.SZ,28.63,200.0,-1,2,32540574,2014,-9223372036854775808,-9223372036854775808
2021-11-30 14:12:19.690,300557.SZ,28.65,100.0,1,2,32540590,2014,-9223372036854775808,-9223372036854775808
2021-11-30 14:12:22.580,300557.SZ,28.63,100.0,1,2,32548193,2014,-9223372036854775808,-9223372036854775808
2021-11-30 14:12:22.780,300557.SZ,28.63,200.0,-1,2,32548608,2014,-9223372036854775808,-9223372036854775808
2021-11-30 14:12:26.100,300557.SZ,28.53,500.0,1,2,32557250,2014,-9223372036854775808,-9223372036854775808
2021-11-30 14:12:30.300,300557.SZ,28.64,100.0,1,2,32567786,2014,-9223372036854775808,-9223372036854775808
2021-11-30 14:12:32.040,300557.SZ,28.69,100.0,-1,2,32572439,2014,-9223372036854775808,-9223372036854775808
2021-11-30 14:12:34.770,300557.SZ,28.66,100.0,-1,2,32579414,2014,-9223372036854775808,-9223372036854775808
2021-11-30 14:12:38.140,300557.SZ,28.7,100.0,-1,2,32587515,2014,-9223372036854775808,-9223372036854775808
2021-11-30 14:12:42.620,300557.SZ,28.63,500.0,-1,2,32598324,2014,-9223372036854775808,-9223372036854775808
2021-11-30 14:12:42.620,300557.SZ,28.66,100.0,1,2,32598341,2014,-9223372036854775808,-9223372036854775808
2021-11-30 14:12:43.550,300557.SZ,28.68,500.0,-1,2,32600880,2014,-9223372036854775808,-9223372036854775808
2021-11-30 14:12:43.810,300557.SZ,28.71,100.0,-1,2,32601447,2014,-9223372036854775808,-9223372036854775808
2021-11-30 14:12:44.490,300557.SZ,28.48,1000.0,1,2,32602991,2014,-9223372036854775808,-9223372036854775808
2021-11-30 14:12:44.500,300557.SZ,28.44,1500.0,1,2,32602998,2014,-9223372036854775808,-9223372036854775808
2021-11-30 14:12:56.000,300557.SZ,28.64,600.0,1,2,32632793,2014,-9223372036854775808,-9223372036854775808
2021-11-30 14:12:58.310,300557.SZ,28.63,5000.0,-1,2,32638419,2014,-9223372036854775808,-9223372036854775808
2021-11-30 14:12:58.550,300557.SZ,28.62,700.0,-1,2,32639203,2014,-9223372036854775808,-9223372036854775808
2021-11-30 14:12:59.200,300557.SZ,28.68,200.0,1,2,32640719,2014,-9223372036854775808,-9223372036854775808
2021-11-30 14:13:03.670,300557.SZ,28.63,100.0,-1,2,32651671,2014,-9223372036854775808,-9223372036854775808
2021-11-30 14:13:03.680,300557.SZ,28.63,100.0,1,2,32651677,2014,-9223372036854775808,-9223372036854775808
2021-11-30 14:13:03.720,300557.SZ,28.62,500.0,-1,2,32651878,2014,-9223372036854775808,-9223372036854775808
2021-11-30 14:13:07.440,300557.SZ,28.62,100.0,1,2,32664498,2014,-9223372036854775808,-9223372036854775808
2021-11-30 14:13:11.740,300557.SZ,28.62,400.0,-1,2,32676479,2014,-9223372036854775808,-9223372036854775808
2021-11-30 14:13:12.740,300557.SZ,28.61,100.0,-1,2,32678824,2014,-9223372036854775808,-9223372036854775808
2021-11-30 14:13:15.600,300557.SZ,28.63,5000.0,1,2,32686651,2014,-9223372036854775808,-9223372036854775808
2021-11-30 14:13:16.510,300557.SZ,28.6,400.0,1,2,32689818,2014,-9223372036854775808,-9223372036854775808
2021-11-30 14:13:17.130,300557.SZ,28.63,100.0,1,2,32691132,2014,-9223372036854775808,-9223372036854775808
2021-11-30 14:13:19.120,300557.SZ,28.62,500.0,-1,2,32696091,2014,-9223372036854775808,-9223372036854775808
2021-11-30 14:13:22.940,300557.SZ,28.63,2100.0,-1,2,32705021,2014,-9223372036854775808,-9223372036854775808
2021-11-30 14:13:22.950,300557.SZ,28.68,100.0,-1,2,32705048,2014,-9223372036854775808,-9223372036854775808
2021-11-30 14:13:22.960,300557.SZ,28.68,100.0,-1,2,32705078,2014,-9223372036854775808,-9223372036854775808
2021-11-30 14:13:24.030,300557.SZ,28.69,100.0,-1,2,32707316,2014,-9223372036854775808,-9223372036854775808
2021-11-30 14:13:25.300,300557.SZ,28.69,100.0,-1,2,32710809,2014,-9223372036854775808,-9223372036854775808
2021-11-30 14:13:33.090,300557.SZ,28.61,3000.0,1,2,32730358,2014,-9223372036854775808,-9223372036854775808
2021-11-30 14:13:34.930,300557.SZ,28.63,1000.0,-1,2,32735617,2014,-9223372036854775808,-9223372036854775808
2021-11-30 14:13:35.080,300557.SZ,28.63,100.0,1,2,32735995,2014,-9223372036854775808,-9223372036854775808
2021-11-30 14:13:35.140,300557.SZ,28.63,100.0,1,2,32736186,2014,-9223372036854775808,-9223372036854775808
2021-11-30 14:13:35.140,300557.SZ,28.63,100.0,1,2,32736195,2014,-9223372036854775808,-9223372036854775808
2021-11-30 14:13:38.100,300557.SZ,28.63,100.0,1,2,32743428,2014,-9223372036854775808,-9223372036854775808
2021-11-30 14:13:44.420,300557.SZ,28.62,300.0,1,2,32758545,2014,-9223372036854775808,-9223372036854775808
2021-11-30 14:13:49.240,300557.SZ,28.62,300.0,1,2,32769789,2014,-9223372036854775808,-9223372036854775808
2021-11-30 14:13:50.070,300557.SZ,28.55,100.0,1,2,32771489,2014,-9223372036854775808,-9223372036854775808
2021-11-30 14:13:53.360,300557.SZ,28.63,1000.0,1,2,32778063,2014,-9223372036854775808,-9223372036854775808
2021-11-30 14:13:53.660,300557.SZ,28.63,600.0,1,2,32778500,2014,-9223372036854775808,-9223372036854775808
2021-11-30 14:13:58.620,300557.SZ,28.63,600.0,1,2,32789062,2014,-9223372036854775808,-9223372036854775808
2021-11-30 14:13:59.110,300557.SZ,28.64,700.0,1,2,32790087,2014,-9223372036854775808,-9223372036854775808
2021-11-30 14:14:00.870,300557.SZ,28.61,200.0,-1,2,32793892,2014,-9223372036854775808,-9223372036854775808
2021-11-30 14:14:31.020,300557.SZ,28.68,600.0,1,2,32864735,2014,-9223372036854775808,-9223372036854775808
2021-11-30 14:14:43.150,300557.SZ,28.71,100.0,-1,2,32890920,2014,-9223372036854775808,-9223372036854775808
2021-11-30 14:14:50.260,300557.SZ,28.63,500.0,1,2,32905369,2014,-9223372036854775808,-9223372036854775808
2021-11-30 14:15:03.560,300557.SZ,28.7,100.0,-1,2,32934002,2014,-9223372036854775808,-9223372036854775808
2021-11-30 14:15:03.570,300557.SZ,28.64,1100.0,-1,2,32934005,2014,-9223372036854775808,-9223372036854775808
2021-11-30 14:15:10.100,300557.SZ,28.64,100.0,-1,2,32954657,2014,-9223372036854775808,-9223372036854775808
2021-11-30 14:15:10.120,300557.SZ,28.47,1000.0,1,2,32954790,2014,-9223372036854775808,-9223372036854775808
2021-11-30 14:15:12.330,300557.SZ,28.64,300.0,1,2,32962303,2014,-9223372036854775808,-9223372036854775808
2021-11-30 14:15:12.790,300557.SZ,28.68,500.0,-1,2,32963766,2014,-9223372036854775808,-9223372036854775808
2021-11-30 14:15:13.090,300557.SZ,28.64,100.0,1,2,32965311,2014,-9223372036854775808,-9223372036854775808
2021-11-30 14:15:13.660,300557.SZ,28.64,800.0,1,2,32968044,2014,-9223372036854775808,-9223372036854775808
2021-11-30 14:15:16.990,300557.SZ,28.64,300.0,1,2,32982345,2014,-9223372036854775808,-9223372036854775808
2021-11-30 14:15:19.400,300557.SZ,28.64,300.0,1,2,32992757,2014,-9223372036854775808,-9223372036854775808
2021-11-30 14:15:33.060,300557.SZ,28.64,100.0,1,2,33033712,2014,-9223372036854775808,-9223372036854775808
2021-11-30 14:16:02.720,300557.SZ,28.65,100.0,1,2,33111325,2014,-9223372036854775808,-9223372036854775808
2021-11-30 14:16:03.080,300557.SZ,28.68,100.0,1,2,33112156,2014,-9223372036854775808,-9223372036854775808
2021-11-30 14:16:09.050,300557.SZ,28.65,100.0,1,2,33131289,2014,-9223372036854775808,-9223372036854775808
2021-11-30 14:16:27.530,300557.SZ,28.64,600.0,1,2,33182555,2014,-9223372036854775808,-9223372036854775808
2021-11-30 14:17:39.820,300557.SZ,28.65,300.0,-1,2,33356017,2014,-9223372036854775808,-9223372036854775808
2021-11-30 14:17:51.670,300557.SZ,28.65,100.0,-1,2,33380349,2014,-9223372036854775808,-9223372036854775808
2021-11-30 14:17:59.290,300557.SZ,28.66,100.0,1,2,33394962,2014,-9223372036854775808,-9223372036854775808
2021-11-30 14:17:59.690,300557.SZ,28.65,100.0,1,2,33395579,2014,-9223372036854775808,-9223372036854775808
2021-11-30 14:18:08.690,300557.SZ,28.65,200.0,1,2,33414855,2014,-9223372036854775808,-9223372036854775808
2021-11-30 14:18:17.760,300557.SZ,28.73,500.0,-1,2,33433711,2014,-9223372036854775808,-9223372036854775808
2021-11-30 14:18:18.030,300557.SZ,28.68,300.0,-1,2,33434259,2014,-9223372036854775808,-9223372036854775808
2021-11-30 14:18:22.870,300557.SZ,28.65,100.0,1,2,33444702,2014,-9223372036854775808,-9223372036854775808
2021-11-30 14:18:30.350,300557.SZ,28.65,100.0,1,2,33458255,2014,-9223372036854775808,-9223372036854775808
2021-11-30 14:21:00.310,300557.SZ,28.65,400.0,-1,2,33740820,2014,-9223372036854775808,-9223372036854775808
2021-11-30 14:21:22.980,300557.SZ,28.65,200.0,-1,2,33788141,2014,-9223372036854775808,-9223372036854775808
2021-11-30 14:21:45.340,300557.SZ,28.65,200.0,1,2,33828897,2014,-9223372036854775808,-9223372036854775808
2021-11-30 14:21:46.140,300557.SZ,28.65,100.0,1,2,33830788,2014,-9223372036854775808,-9223372036854775808
2021-11-30 14:21:50.160,300557.SZ,28.64,200.0,-1,2,33838352,2014,-9223372036854775808,-9223372036854775808
2021-11-30 14:22:04.190,300557.SZ,28.67,100.0,-1,2,33863947,2014,-9223372036854775808,-9223372036854775808
2021-11-30 14:22:13.310,300557.SZ,28.66,100.0,-1,2,33883093,2014,-9223372036854775808,-9223372036854775808
2021-11-30 14:22:40.100,300557.SZ,28.64,100.0,-1,2,33930468,2014,-9223372036854775808,-9223372036854775808
2021-11-30 14:23:06.860,300557.SZ,28.64,600.0,-1,2,33979880,2014,-9223372036854775808,-9223372036854775808
2021-11-30 14:23:47.600,300557.SZ,28.64,500.0,1,2,34060112,2014,-9223372036854775808,-9223372036854775808
2021-11-30 14:23:53.430,300557.SZ,28.63,200.0,1,2,34070544,2014,-9223372036854775808,-9223372036854775808
2021-11-30 14:23:56.760,300557.SZ,28.64,500.0,1,2,34075636,2014,-9223372036854775808,-9223372036854775808
2021-11-30 14:23:57.700,300557.SZ,28.66,200.0,1,2,34077280,2014,-9223372036854775808,-9223372036854775808
2021-11-30 14:23:58.560,300557.SZ,28.67,100.0,1,2,34079243,2014,-9223372036854775808,-9223372036854775808
2021-11-30 14:23:58.660,300557.SZ,28.66,100.0,1,2,34079374,2014,-9223372036854775808,-9223372036854775808
2021-11-30 14:24:01.710,300557.SZ,28.67,100.0,1,2,34085357,2014,-9223372036854775808,-9223372036854775808
2021-11-30 14:24:05.710,300557.SZ,28.68,700.0,1,2,34093954,2014,-9223372036854775808,-9223372036854775808
2021-11-30 14:24:07.370,300557.SZ,28.67,100.0,-1,2,34098108,2014,-9223372036854775808,-9223372036854775808
2021-11-30 14:24:14.850,300557.SZ,28.74,100.0,-1,2,34113619,2014,-9223372036854775808,-9223372036854775808
2021-11-30 14:24:18.890,300557.SZ,28.74,100.0,-1,2,34121883,2014,-9223372036854775808,-9223372036854775808
2021-11-30 14:24:21.360,300557.SZ,28.75,100.0,-1,2,34127058,2014,-9223372036854775808,-9223372036854775808
2021-11-30 14:24:21.640,300557.SZ,28.75,300.0,-1,2,34127487,2014,-9223372036854775808,-9223372036854775808
2021-11-30 14:24:21.800,300557.SZ,28.74,100.0,-1,2,34127820,2014,-9223372036854775808,-9223372036854775808
2021-11-30 14:24:25.950,300557.SZ,28.75,100.0,-1,2,34136031,2014,-9223372036854775808,-9223372036854775808
2021-11-30 14:24:26.240,300557.SZ,28.73,2000.0,1,2,34136480,2014,-9223372036854775808,-9223372036854775808
2021-11-30 14:24:31.390,300557.SZ,28.73,100.0,-1,2,34145444,2014,-9223372036854775808,-9223372036854775808
2021-11-30 14:24:31.560,300557.SZ,28.72,100.0,-1,2,34145686,2014,-9223372036854775808,-9223372036854775808
2021-11-30 14:24:31.580,300557.SZ,28.73,1300.0,-1,2,34145719,2014,-9223372036854775808,-9223372036854775808
2021-11-30 14:24:31.690,300557.SZ,28.72,100.0,-1,2,34145925,2014,-9223372036854775808,-9223372036854775808
2021-11-30 14:24:31.700,300557.SZ,28.7,100.0,-1,2,34145931,2014,-9223372036854775808,-9223372036854775808
2021-11-30 14:24:32.090,300557.SZ,28.72,200.0,-1,2,34146415,2014,-9223372036854775808,-9223372036854775808
2021-11-30 14:24:33.700,300557.SZ,28.7,100.0,-1,2,34148807,2014,-9223372036854775808,-9223372036854775808
2021-11-30 14:24:33.790,300557.SZ,28.72,300.0,-1,2,34148963,2014,-9223372036854775808,-9223372036854775808
2021-11-30 14:24:34.080,300557.SZ,28.72,200.0,-1,2,34149597,2014,-9223372036854775808,-9223372036854775808
2021-11-30 14:24:34.430,300557.SZ,28.73,1000.0,-1,2,34150300,2014,-9223372036854775808,-9223372036854775808
2021-11-30 14:24:34.450,300557.SZ,28.72,200.0,-1,2,34150344,2014,-9223372036854775808,-9223372036854775808
2021-11-30 14:24:34.650,300557.SZ,28.65,2000.0,1,2,34150772,2014,-9223372036854775808,-9223372036854775808
2021-11-30 14:24:34.700,300557.SZ,28.72,100.0,-1,2,34150858,2014,-9223372036854775808,-9223372036854775808
2021-11-30 14:24:36.090,300557.SZ,28.72,200.0,-1,2,34153246,2014,-9223372036854775808,-9223372036854775808
2021-11-30 14:24:37.700,300557.SZ,28.63,100.0,-1,2,34156229,2014,-9223372036854775808,-9223372036854775808
2021-11-30 14:24:45.610,300557.SZ,28.69,100.0,-1,2,34169274,2014,-9223372036854775808,-9223372036854775808
2021-11-30 14:24:54.400,300557.SZ,28.66,100.0,1,2,34183935,2014,-9223372036854775808,-9223372036854775808
2021-11-30 14:25:05.680,300557.SZ,28.66,100.0,1,2,34204447,2014,-9223372036854775808,-9223372036854775808
2021-11-30 14:25:24.940,300557.SZ,28.66,4500.0,1,2,34239463,2014,-9223372036854775808,-9223372036854775808
2021-11-30 14:25:36.770,300557.SZ,28.73,400.0,1,2,34259425,2014,-9223372036854775808,-9223372036854775808
2021-11-30 14:26:01.230,300557.SZ,28.72,300.0,-1,2,34300246,2014,-9223372036854775808,-9223372036854775808
2021-11-30 14:26:08.380,300557.SZ,28.66,400.0,-1,2,34314685,2014,-9223372036854775808,-9223372036854775808
2021-11-30 14:26:09.090,300557.SZ,28.65,200.0,-1,2,34315815,2014,-9223372036854775808,-9223372036854775808
2021-11-30 14:26:18.350,300557.SZ,28.66,300.0,-1,2,34333142,2014,-9223372036854775808,-9223372036854775808
2021-11-30 14:26:33.640,300557.SZ,28.67,300.0,1,2,34361276,2014,-9223372036854775808,-9223372036854775808
2021-11-30 14:26:57.630,300557.SZ,28.65,100.0,1,2,34397882,2014,-9223372036854775808,-9223372036854775808
2021-11-30 14:27:12.840,300557.SZ,28.67,1000.0,1,2,34423936,2014,-9223372036854775808,-9223372036854775808
2021-11-30 14:27:32.390,300557.SZ,28.6,500.0,1,2,34455726,2014,-9223372036854775808,-9223372036854775808
2021-11-30 14:27:42.230,300557.SZ,28.67,900.0,-1,2,34473265,2014,-9223372036854775808,-9223372036854775808
2021-11-30 14:28:07.190,300557.SZ,28.67,300.0,-1,2,34515607,2014,-9223372036854775808,-9223372036854775808
2021-11-30 14:28:34.040,300557.SZ,28.72,400.0,1,2,34558543,2014,-9223372036854775808,-9223372036854775808
2021-11-30 14:28:50.530,300557.SZ,28.75,100.0,-1,2,34582997,2014,-9223372036854775808,-9223372036854775808
2021-11-30 14:29:08.440,300557.SZ,28.73,300.0,-1,2,34612047,2014,-9223372036854775808,-9223372036854775808
2021-11-30 14:29:32.850,300557.SZ,28.72,500.0,-1,2,34651258,2014,-9223372036854775808,-9223372036854775808
2021-11-30 14:29:41.130,300557.SZ,28.98,600.0,-1,2,34663964,2014,-9223372036854775808,-9223372036854775808
2021-11-30 14:29:45.390,300557.SZ,28.73,500.0,-1,2,34670222,2014,-9223372036854775808,-9223372036854775808
2021-11-30 14:29:53.210,300557.SZ,28.67,500.0,-1,2,34681423,2014,-9223372036854775808,-9223372036854775808
2021-11-30 14:29:54.010,300557.SZ,28.67,100.0,-1,2,34682306,2014,-9223372036854775808,-9223372036854775808
2021-11-30 14:29:56.030,300557.SZ,28.67,100.0,-1,2,34685609,2014,-9223372036854775808,-9223372036854775808
2021-11-30 14:29:58.710,300557.SZ,28.67,700.0,1,2,34688984,2014,-9223372036854775808,-9223372036854775808
2021-11-30 14:30:01.380,300557.SZ,28.67,100.0,-1,2,34694521,2014,-9223372036854775808,-9223372036854775808
2021-11-30 14:30:01.670,300557.SZ,28.67,400.0,1,2,34695122,2014,-9223372036854775808,-9223372036854775808
2021-11-30 14:30:03.970,300557.SZ,28.68,500.0,1,2,34699731,2014,-9223372036854775808,-9223372036854775808
2021-11-30 14:30:05.030,300557.SZ,28.67,100.0,-1,2,34704649,2014,-9223372036854775808,-9223372036854775808
2021-11-30 14:30:08.850,300557.SZ,28.75,100.0,-1,2,34723861,2014,-9223372036854775808,-9223372036854775808
2021-11-30 14:30:09.200,300557.SZ,28.75,300.0,-1,2,34725504,2014,-9223372036854775808,-9223372036854775808
2021-11-30 14:30:10.560,300557.SZ,28.72,100.0,-1,2,34731672,2014,-9223372036854775808,-9223372036854775808
2021-11-30 14:30:15.140,300557.SZ,28.75,100.0,-1,2,34745709,2014,-9223372036854775808,-9223372036854775808
2021-11-30 14:30:16.620,300557.SZ,28.4,100.0,-1,2,34751506,2014,-9223372036854775808,-9223372036854775808
2021-11-30 14:30:18.210,300557.SZ,28.68,2600.0,1,2,34754948,2014,-9223372036854775808,-9223372036854775808
2021-11-30 14:30:43.060,300557.SZ,28.72,300.0,-1,2,34807309,2014,-9223372036854775808,-9223372036854775808
2021-11-30 14:30:43.320,300557.SZ,28.72,1000.0,-1,2,34808790,2014,-9223372036854775808,-9223372036854775808
2021-11-30 14:31:01.360,300557.SZ,28.72,400.0,1,2,34845803,2014,-9223372036854775808,-9223372036854775808
2021-11-30 14:31:32.040,300557.SZ,28.68,20000.0,-1,2,34924084,2014,-9223372036854775808,-9223372036854775808
2021-11-30 14:31:40.310,300557.SZ,28.67,100.0,-1,2,34941412,2014,-9223372036854775808,-9223372036854775808
2021-11-30 14:31:47.790,300557.SZ,28.68,500.0,1,2,34955706,2014,-9223372036854775808,-9223372036854775808
2021-11-30 14:32:02.560,300557.SZ,28.68,11500.0,1,2,34983826,2014,-9223372036854775808,-9223372036854775808
2021-11-30 14:32:03.080,300557.SZ,28.69,100.0,1,2,34984687,2014,-9223372036854775808,-9223372036854775808
2021-11-30 14:32:03.560,300557.SZ,28.67,500.0,-1,2,34985476,2014,-9223372036854775808,-9223372036854775808
2021-11-30 14:32:07.730,300557.SZ,28.67,1100.0,1,2,34995172,2014,-9223372036854775808,-9223372036854775808
2021-11-30 14:32:10.730,300557.SZ,28.68,4700.0,1,2,35001560,2014,-9223372036854775808,-9223372036854775808
2021-11-30 14:32:10.740,300557.SZ,28.68,400.0,1,2,35001576,2014,-9223372036854775808,-9223372036854775808
2021-11-30 14:32:14.460,300557.SZ,28.68,800.0,1,2,35007998,2014,-9223372036854775808,-9223372036854775808
2021-11-30 14:32:23.270,300557.SZ,28.74,100.0,-1,2,35023368,2014,-9223372036854775808,-9223372036854775808
2021-11-30 14:32:24.660,300557.SZ,28.74,200.0,-1,2,35025232,2014,-9223372036854775808,-9223372036854775808
2021-11-30 14:32:34.270,300557.SZ,28.74,100.0,-1,2,35042400,2014,-9223372036854775808,-9223372036854775808
2021-11-30 14:32:51.070,300557.SZ,28.68,400.0,1,2,35071246,2014,-9223372036854775808,-9223372036854775808
2021-11-30 14:33:23.100,300557.SZ,28.69,100.0,1,2,35132012,2014,-9223372036854775808,-9223372036854775808
2021-11-30 14:33:50.590,300557.SZ,28.72,200.0,1,2,35178621,2014,-9223372036854775808,-9223372036854775808
2021-11-30 14:34:00.360,300557.SZ,28.68,400.0,-1,2,35195013,2014,-9223372036854775808,-9223372036854775808
2021-11-30 14:34:13.530,300557.SZ,28.71,100.0,-1,2,35220603,2014,-9223372036854775808,-9223372036854775808
2021-11-30 14:34:25.580,300557.SZ,28.69,100.0,1,2,35245527,2014,-9223372036854775808,-9223372036854775808
2021-11-30 14:35:57.140,300557.SZ,28.66,100.0,1,2,35416644,2014,-9223372036854775808,-9223372036854775808
2021-11-30 14:35:57.210,300557.SZ,28.71,100.0,1,2,35416727,2014,-9223372036854775808,-9223372036854775808
2021-11-30 14:36:13.890,300557.SZ,28.69,200.0,-1,2,35454501,2014,-9223372036854775808,-9223372036854775808
2021-11-30 14:36:15.330,300557.SZ,28.68,2000.0,1,2,35457438,2014,-9223372036854775808,-9223372036854775808
2021-11-30 14:36:20.130,300557.SZ,28.69,100.0,1,2,35467820,2014,-9223372036854775808,-9223372036854775808
2021-11-30 14:36:21.650,300557.SZ,28.69,100.0,1,2,35470631,2014,-9223372036854775808,-9223372036854775808
2021-11-30 14:36:25.000,300557.SZ,28.69,100.0,1,2,35478167,2014,-9223372036854775808,-9223372036854775808
2021-11-30 14:36:27.800,300557.SZ,28.68,500.0,1,2,35483663,2014,-9223372036854775808,-9223372036854775808
2021-11-30 14:36:28.030,300557.SZ,28.71,100.0,-1,2,35484149,2014,-9223372036854775808,-9223372036854775808
2021-11-30 14:36:30.350,300557.SZ,28.69,100.0,1,2,35488914,2014,-9223372036854775808,-9223372036854775808
2021-11-30 14:36:35.830,300557.SZ,28.72,100.0,-1,2,35500107,2014,-9223372036854775808,-9223372036854775808
2021-11-30 14:36:36.790,300557.SZ,28.7,100.0,-1,2,35501853,2014,-9223372036854775808,-9223372036854775808
2021-11-30 14:36:43.180,300557.SZ,28.69,100.0,-1,2,35513715,2014,-9223372036854775808,-9223372036854775808
2021-11-30 14:37:00.790,300557.SZ,28.7,100.0,-1,2,35544196,2014,-9223372036854775808,-9223372036854775808
2021-11-30 14:37:06.030,300557.SZ,28.71,200.0,1,2,35554471,2014,-9223372036854775808,-9223372036854775808
2021-11-30 14:37:14.980,300557.SZ,28.7,100.0,-1,2,35572603,2014,-9223372036854775808,-9223372036854775808
2021-11-30 14:37:25.390,300557.SZ,28.62,100.0,-1,2,35592107,2014,-9223372036854775808,-9223372036854775808
2021-11-30 14:37:26.510,300557.SZ,28.71,100.0,1,2,35594244,2014,-9223372036854775808,-9223372036854775808
2021-11-30 14:37:28.460,300557.SZ,28.7,100.0,-1,2,35597901,2014,-9223372036854775808,-9223372036854775808
2021-11-30 14:37:45.150,300557.SZ,28.71,100.0,-1,2,35627011,2014,-9223372036854775808,-9223372036854775808
2021-11-30 14:37:47.740,300557.SZ,28.72,600.0,1,2,35632761,2014,-9223372036854775808,-9223372036854775808
2021-11-30 14:38:24.450,300557.SZ,28.69,100.0,-1,2,35701325,2014,-9223372036854775808,-9223372036854775808
2021-11-30 14:38:34.840,300557.SZ,28.71,100.0,-1,2,35719828,2014,-9223372036854775808,-9223372036854775808
2021-11-30 14:39:01.240,300557.SZ,28.66,200.0,1,2,35764302,2014,-9223372036854775808,-9223372036854775808
2021-11-30 14:39:14.920,300557.SZ,28.68,500.0,1,2,35792361,2014,-9223372036854775808,-9223372036854775808
2021-11-30 14:39:16.490,300557.SZ,28.69,500.0,1,2,35795342,2014,-9223372036854775808,-9223372036854775808
2021-11-30 14:39:24.100,300557.SZ,28.72,200.0,1,2,35808928,2014,-9223372036854775808,-9223372036854775808
2021-11-30 14:39:50.550,300557.SZ,28.72,500.0,-1,2,35856719,2014,-9223372036854775808,-9223372036854775808
2021-11-30 14:39:51.730,300557.SZ,28.72,300.0,1,2,35858958,2014,-9223372036854775808,-9223372036854775808
2021-11-30 14:39:57.040,300557.SZ,28.72,1000.0,1,2,35869777,2014,-9223372036854775808,-9223372036854775808
2021-11-30 14:40:01.270,300557.SZ,28.69,1000.0,1,2,35880445,2014,-9223372036854775808,-9223372036854775808
2021-11-30 14:40:01.360,300557.SZ,28.72,400.0,-1,2,35880793,2014,-9223372036854775808,-9223372036854775808
2021-11-30 14:40:01.700,300557.SZ,28.73,300.0,-1,2,35881634,2014,-9223372036854775808,-9223372036854775808
2021-11-30 14:40:02.190,300557.SZ,28.71,200.0,-1,2,35882782,2014,-9223372036854775808,-9223372036854775808
2021-11-30 14:40:22.470,300557.SZ,28.69,700.0,1,2,35935435,2014,-9223372036854775808,-9223372036854775808
2021-11-30 14:40:23.110,300557.SZ,28.73,100.0,1,2,35937153,2014,-9223372036854775808,-9223372036854775808
2021-11-30 14:40:57.650,300557.SZ,28.7,100.0,1,2,36008328,2014,-9223372036854775808,-9223372036854775808
2021-11-30 14:41:11.150,300557.SZ,28.7,700.0,1,2,36040987,2014,-9223372036854775808,-9223372036854775808
2021-11-30 14:41:13.220,300557.SZ,28.73,100.0,1,2,36046411,2014,-9223372036854775808,-9223372036854775808
2021-11-30 14:41:17.590,300557.SZ,28.72,200.0,1,2,36056300,2014,-9223372036854775808,-9223372036854775808
2021-11-30 14:41:22.490,300557.SZ,28.73,100.0,1,2,36067689,2014,-9223372036854775808,-9223372036854775808
2021-11-30 14:41:27.830,300557.SZ,28.71,600.0,1,2,36078804,2014,-9223372036854775808,-9223372036854775808
2021-11-30 14:41:30.980,300557.SZ,28.7,1000.0,1,2,36084865,2014,-9223372036854775808,-9223372036854775808
2021-11-30 14:41:31.980,300557.SZ,28.73,200.0,-1,2,36087372,2014,-9223372036854775808,-9223372036854775808
2021-11-30 14:41:36.030,300557.SZ,28.73,400.0,1,2,36095692,2014,-9223372036854775808,-9223372036854775808
2021-11-30 14:41:36.030,300557.SZ,28.74,100.0,1,2,36095700,2014,-9223372036854775808,-9223372036854775808
2021-11-30 14:41:44.800,300557.SZ,28.79,100.0,-1,2,36114012,2014,-9223372036854775808,-9223372036854775808
2021-11-30 14:41:45.870,300557.SZ,28.79,100.0,-1,2,36115863,2014,-9223372036854775808,-9223372036854775808
2021-11-30 14:41:46.330,300557.SZ,28.79,200.0,-1,2,36117254,2014,-9223372036854775808,-9223372036854775808
2021-11-30 14:41:47.940,300557.SZ,28.79,100.0,-1,2,36120921,2014,-9223372036854775808,-9223372036854775808
2021-11-30 14:41:49.470,300557.SZ,28.73,100.0,-1,2,36124639,2014,-9223372036854775808,-9223372036854775808
2021-11-30 14:41:49.520,300557.SZ,28.8,100.0,-1,2,36124797,2014,-9223372036854775808,-9223372036854775808
2021-11-30 14:42:00.910,300557.SZ,28.78,100.0,-1,2,36148413,2014,-9223372036854775808,-9223372036854775808
2021-11-30 14:42:09.300,300557.SZ,28.72,500.0,1,2,36169587,2014,-9223372036854775808,-9223372036854775808
2021-11-30 14:42:21.160,300557.SZ,28.99,200.0,-1,2,36195866,2014,-9223372036854775808,-9223372036854775808
2021-11-30 14:42:22.420,300557.SZ,28.78,100.0,-1,2,36198379,2014,-9223372036854775808,-9223372036854775808
2021-11-30 14:42:35.550,300557.SZ,28.73,100.0,1,2,36225389,2014,-9223372036854775808,-9223372036854775808
2021-11-30 14:43:21.810,300557.SZ,28.78,200.0,-1,2,36322139,2014,-9223372036854775808,-9223372036854775808
2021-11-30 14:43:36.110,300557.SZ,28.73,200.0,-1,2,36351550,2014,-9223372036854775808,-9223372036854775808
2021-11-30 14:43:40.740,300557.SZ,28.72,1000.0,-1,2,36362523,2014,-9223372036854775808,-9223372036854775808
2021-11-30 14:43:40.750,300557.SZ,28.74,300.0,1,2,36362563,2014,-9223372036854775808,-9223372036854775808
2021-11-30 14:43:46.790,300557.SZ,28.73,300.0,1,2,36373854,2014,-9223372036854775808,-9223372036854775808
2021-11-30 14:43:48.710,300557.SZ,28.78,400.0,-1,2,36376624,2014,-9223372036854775808,-9223372036854775808
2021-11-30 14:43:49.280,300557.SZ,28.72,100.0,-1,2,36378474,2014,-9223372036854775808,-9223372036854775808
2021-11-30 14:43:52.480,300557.SZ,28.73,100.0,-1,2,36384453,2014,-9223372036854775808,-9223372036854775808
2021-11-30 14:43:58.400,300557.SZ,28.73,100.0,-1,2,36396013,2014,-9223372036854775808,-9223372036854775808
2021-11-30 14:44:13.490,300557.SZ,28.73,200.0,1,2,36428887,2014,-9223372036854775808,-9223372036854775808
2021-11-30 14:44:13.500,300557.SZ,28.71,600.0,-1,2,36428907,2014,-9223372036854775808,-9223372036854775808
2021-11-30 14:44:17.300,300557.SZ,28.73,100.0,-1,2,36437464,2014,-9223372036854775808,-9223372036854775808
2021-11-30 14:44:25.840,300557.SZ,28.72,100.0,-1,2,36454861,2014,-9223372036854775808,-9223372036854775808
2021-11-30 14:44:32.660,300557.SZ,28.71,100.0,-1,2,36468623,2014,-9223372036854775808,-9223372036854775808
2021-11-30 14:44:34.370,300557.SZ,28.72,100.0,-1,2,36472597,2014,-9223372036854775808,-9223372036854775808
2021-11-30 14:44:48.050,300557.SZ,28.7,800.0,-1,2,36500379,2014,-9223372036854775808,-9223372036854775808
2021-11-30 14:44:49.600,300557.SZ,28.72,100.0,1,2,36503730,2014,-9223372036854775808,-9223372036854775808
2021-11-30 14:45:02.730,300557.SZ,28.71,1900.0,1,2,36534633,2014,-9223372036854775808,-9223372036854775808
2021-11-30 14:45:04.680,300557.SZ,28.72,100.0,1,2,36540300,2014,-9223372036854775808,-9223372036854775808
2021-11-30 14:45:05.120,300557.SZ,28.72,100.0,1,2,36541749,2014,-9223372036854775808,-9223372036854775808
2021-11-30 14:45:09.840,300557.SZ,28.74,300.0,1,2,36555641,2014,-9223372036854775808,-9223372036854775808
2021-11-30 14:45:10.100,300557.SZ,28.72,100.0,1,2,36556577,2014,-9223372036854775808,-9223372036854775808
2021-11-30 14:45:10.530,300557.SZ,28.72,100.0,-1,2,36558118,2014,-9223372036854775808,-9223372036854775808
2021-11-30 14:45:12.550,300557.SZ,28.66,2700.0,-1,2,36562523,2014,-9223372036854775808,-9223372036854775808
2021-11-30 14:45:16.610,300557.SZ,28.68,1000.0,1,2,36574757,2014,-9223372036854775808,-9223372036854775808
2021-11-30 14:45:21.120,300557.SZ,28.71,500.0,1,2,36585936,2014,-9223372036854775808,-9223372036854775808
2021-11-30 14:45:50.270,300557.SZ,28.7,400.0,-1,2,36649995,2014,-9223372036854775808,-9223372036854775808
2021-11-30 14:45:52.900,300557.SZ,29.68,200.0,-1,2,36655371,2014,-9223372036854775808,-9223372036854775808
2021-11-30 14:45:53.270,300557.SZ,28.8,100.0,-1,2,36656355,2014,-9223372036854775808,-9223372036854775808
2021-11-30 14:45:54.900,300557.SZ,28.7,400.0,1,2,36659076,2014,-9223372036854775808,-9223372036854775808
2021-11-30 14:45:55.480,300557.SZ,28.71,100.0,-1,2,36660406,2014,-9223372036854775808,-9223372036854775808
2021-11-30 14:46:04.510,300557.SZ,28.72,500.0,-1,2,36679608,2014,-9223372036854775808,-9223372036854775808
2021-11-30 14:46:09.980,300557.SZ,29.5,2400.0,-1,2,36692988,2014,-9223372036854775808,-9223372036854775808
2021-11-30 14:46:10.760,300557.SZ,28.74,400.0,1,2,36695327,2014,-9223372036854775808,-9223372036854775808
2021-11-30 14:46:12.680,300557.SZ,29.68,200.0,-1,2,36698877,2014,-9223372036854775808,-9223372036854775808
2021-11-30 14:46:13.180,300557.SZ,28.72,100.0,1,2,36700094,2014,-9223372036854775808,-9223372036854775808
2021-11-30 14:46:13.180,300557.SZ,28.72,100.0,1,2,36700096,2014,-9223372036854775808,-9223372036854775808
2021-11-30 14:46:13.250,300557.SZ,28.72,100.0,1,2,36700288,2014,-9223372036854775808,-9223372036854775808
2021-11-30 14:46:18.290,300557.SZ,28.72,300.0,1,2,36710876,2014,-9223372036854775808,-9223372036854775808
2021-11-30 14:46:26.570,300557.SZ,28.8,100.0,-1,2,36727886,2014,-9223372036854775808,-9223372036854775808
2021-11-30 14:46:31.430,300557.SZ,29.68,200.0,-1,2,36736615,2014,-9223372036854775808,-9223372036854775808
2021-11-30 14:46:36.110,300557.SZ,28.8,100.0,1,2,36745800,2014,-9223372036854775808,-9223372036854775808
2021-11-30 14:46:44.850,300557.SZ,28.72,400.0,1,2,36764591,2014,-9223372036854775808,-9223372036854775808
2021-11-30 14:46:51.780,300557.SZ,28.78,300.0,-1,2,36777463,2014,-9223372036854775808,-9223372036854775808
2021-11-30 14:47:39.020,300557.SZ,28.78,1000.0,-1,2,36887374,2014,-9223372036854775808,-9223372036854775808
2021-11-30 14:47:46.360,300557.SZ,28.62,200.0,1,2,36902724,2014,-9223372036854775808,-9223372036854775808
2021-11-30 14:47:48.290,300557.SZ,29.39,200.0,-1,2,36906239,2014,-9223372036854775808,-9223372036854775808
2021-11-30 14:47:53.180,300557.SZ,28.95,100.0,-1,2,36916471,2014,-9223372036854775808,-9223372036854775808
2021-11-30 14:48:04.480,300557.SZ,28.78,600.0,-1,2,36941233,2014,-9223372036854775808,-9223372036854775808
2021-11-30 14:48:08.040,300557.SZ,28.81,500.0,-1,2,36949154,2014,-9223372036854775808,-9223372036854775808
2021-11-30 14:48:10.080,300557.SZ,29.39,200.0,-1,2,36953940,2014,-9223372036854775808,-9223372036854775808
2021-11-30 14:48:14.640,300557.SZ,28.62,1000.0,1,2,36963657,2014,-9223372036854775808,-9223372036854775808
2021-11-30 14:48:22.460,300557.SZ,28.78,600.0,-1,2,36979835,2014,-9223372036854775808,-9223372036854775808
2021-11-30 14:48:24.390,300557.SZ,28.78,2300.0,-1,2,36983437,2014,-9223372036854775808,-9223372036854775808
2021-11-30 14:48:29.350,300557.SZ,28.78,500.0,-1,2,36993133,2014,-9223372036854775808,-9223372036854775808
2021-11-30 14:48:32.710,300557.SZ,28.78,600.0,1,2,36999113,2014,-9223372036854775808,-9223372036854775808
2021-11-30 14:48:37.480,300557.SZ,28.78,600.0,-1,2,37010021,2014,-9223372036854775808,-9223372036854775808
2021-11-30 14:48:47.300,300557.SZ,29.39,200.0,-1,2,37031075,2014,-9223372036854775808,-9223372036854775808
2021-11-30 14:48:53.720,300557.SZ,28.99,200.0,-1,2,37044801,2014,-9223372036854775808,-9223372036854775808
2021-11-30 14:48:55.420,300557.SZ,28.72,100.0,-1,2,37048852,2014,-9223372036854775808,-9223372036854775808
2021-11-30 14:48:55.470,300557.SZ,28.78,600.0,-1,2,37049012,2014,-9223372036854775808,-9223372036854775808
2021-11-30 14:48:56.200,300557.SZ,28.79,100.0,-1,2,37050747,2014,-9223372036854775808,-9223372036854775808
2021-11-30 14:49:04.710,300557.SZ,28.77,100.0,-1,2,37071211,2014,-9223372036854775808,-9223372036854775808
2021-11-30 14:49:10.490,300557.SZ,28.77,600.0,-1,2,37085035,2014,-9223372036854775808,-9223372036854775808
2021-11-30 14:49:11.220,300557.SZ,28.78,1100.0,1,2,37086748,2014,-9223372036854775808,-9223372036854775808
2021-11-30 14:49:14.240,300557.SZ,28.72,300.0,1,2,37093954,2014,-9223372036854775808,-9223372036854775808
2021-11-30 14:49:20.000,300557.SZ,28.78,500.0,-1,2,37107067,2014,-9223372036854775808,-9223372036854775808
2021-11-30 14:49:36.230,300557.SZ,28.8,100.0,1,2,37141510,2014,-9223372036854775808,-9223372036854775808
2021-11-30 14:49:50.720,300557.SZ,28.73,100.0,1,2,37174482,2014,-9223372036854775808,-9223372036854775808
2021-11-30 14:49:54.650,300557.SZ,28.73,100.0,1,2,37182505,2014,-9223372036854775808,-9223372036854775808
2021-11-30 14:50:10.090,300557.SZ,28.64,1300.0,1,2,37235359,2014,-9223372036854775808,-9223372036854775808
2021-11-30 14:50:12.040,300557.SZ,28.98,1400.0,-1,2,37241829,2014,-9223372036854775808,-9223372036854775808
2021-11-30 14:50:19.600,300557.SZ,28.78,100.0,-1,2,37264026,2014,-9223372036854775808,-9223372036854775808
2021-11-30 14:50:21.000,300557.SZ,28.78,100.0,-1,2,37267367,2014,-9223372036854775808,-9223372036854775808
2021-11-30 14:50:21.350,300557.SZ,28.73,200.0,-1,2,37268292,2014,-9223372036854775808,-9223372036854775808
2021-11-30 14:50:22.130,300557.SZ,28.61,1400.0,1,2,37270666,2014,-9223372036854775808,-9223372036854775808
2021-11-30 14:50:22.200,300557.SZ,28.79,100.0,-1,2,37270863,2014,-9223372036854775808,-9223372036854775808
2021-11-30 14:50:25.870,300557.SZ,28.78,300.0,1,2,37280624,2014,-9223372036854775808,-9223372036854775808
2021-11-30 14:51:37.210,300557.SZ,28.78,500.0,1,2,37461617,2014,-9223372036854775808,-9223372036854775808
2021-11-30 14:51:40.000,300557.SZ,28.77,1600.0,-1,2,37469478,2014,-9223372036854775808,-9223372036854775808
2021-11-30 14:51:40.590,300557.SZ,28.8,100.0,1,2,37471597,2014,-9223372036854775808,-9223372036854775808
2021-11-30 14:51:47.370,300557.SZ,28.78,200.0,1,2,37489309,2014,-9223372036854775808,-9223372036854775808
2021-11-30 14:51:55.520,300557.SZ,28.76,100.0,-1,2,37509627,2014,-9223372036854775808,-9223372036854775808
2021-11-30 14:52:13.400,300557.SZ,28.72,100.0,-1,2,37558911,2014,-9223372036854775808,-9223372036854775808
2021-11-30 14:52:16.680,300557.SZ,28.78,100.0,1,2,37567932,2014,-9223372036854775808,-9223372036854775808
2021-11-30 14:52:21.700,300557.SZ,28.76,600.0,1,2,37580208,2014,-9223372036854775808,-9223372036854775808
2021-11-30 14:52:24.500,300557.SZ,28.79,100.0,1,2,37587528,2014,-9223372036854775808,-9223372036854775808
2021-11-30 14:52:25.430,300557.SZ,28.76,300.0,-1,2,37590116,2014,-9223372036854775808,-9223372036854775808
2021-11-30 14:52:26.170,300557.SZ,28.76,100.0,-1,2,37591841,2014,-9223372036854775808,-9223372036854775808
2021-11-30 14:52:28.680,300557.SZ,28.79,100.0,1,2,37597668,2014,-9223372036854775808,-9223372036854775808
2021-11-30 14:52:30.980,300557.SZ,28.77,100.0,-1,2,37603363,2014,-9223372036854775808,-9223372036854775808
2021-11-30 14:52:31.550,300557.SZ,28.77,100.0,-1,2,37605182,2014,-9223372036854775808,-9223372036854775808
2021-11-30 14:52:36.370,300557.SZ,28.77,100.0,-1,2,37617674,2014,-9223372036854775808,-9223372036854775808
2021-11-30 14:52:36.590,300557.SZ,28.76,200.0,1,2,37618111,2014,-9223372036854775808,-9223372036854775808
2021-11-30 14:52:38.190,300557.SZ,28.77,100.0,-1,2,37623688,2014,-9223372036854775808,-9223372036854775808
2021-11-30 14:52:41.710,300557.SZ,28.77,100.0,-1,2,37633665,2014,-9223372036854775808,-9223372036854775808
2021-11-30 14:52:50.930,300557.SZ,28.74,100.0,-1,2,37657405,2014,-9223372036854775808,-9223372036854775808
2021-11-30 14:53:08.970,300557.SZ,28.76,100.0,-1,2,37719502,2014,-9223372036854775808,-9223372036854775808
2021-11-30 14:53:12.470,300557.SZ,28.76,400.0,-1,2,37729854,2014,-9223372036854775808,-9223372036854775808
2021-11-30 14:53:15.650,300557.SZ,28.74,100.0,-1,2,37739420,2014,-9223372036854775808,-9223372036854775808
2021-11-30 14:53:16.560,300557.SZ,28.78,100.0,1,2,37742208,2014,-9223372036854775808,-9223372036854775808
2021-11-30 14:53:17.630,300557.SZ,28.7,100.0,-1,2,37745028,2014,-9223372036854775808,-9223372036854775808
2021-11-30 14:53:19.660,300557.SZ,28.75,100.0,-1,2,37750478,2014,-9223372036854775808,-9223372036854775808
2021-11-30 14:53:21.620,300557.SZ,28.73,100.0,-1,2,37755405,2014,-9223372036854775808,-9223372036854775808
2021-11-30 14:53:23.600,300557.SZ,28.7,100.0,-1,2,37760394,2014,-9223372036854775808,-9223372036854775808
2021-11-30 14:53:25.140,300557.SZ,28.73,100.0,1,2,37764433,2014,-9223372036854775808,-9223372036854775808
2021-11-30 14:53:25.820,300557.SZ,28.75,100.0,-1,2,37766511,2014,-9223372036854775808,-9223372036854775808
2021-11-30 14:53:26.280,300557.SZ,28.75,100.0,-1,2,37767682,2014,-9223372036854775808,-9223372036854775808
2021-11-30 14:53:27.580,300557.SZ,28.73,100.0,-1,2,37770486,2014,-9223372036854775808,-9223372036854775808
2021-11-30 14:53:28.140,300557.SZ,28.73,100.0,1,2,37772003,2014,-9223372036854775808,-9223372036854775808
2021-11-30 14:53:28.660,300557.SZ,28.77,100.0,1,2,37773478,2014,-9223372036854775808,-9223372036854775808
2021-11-30 14:53:32.110,300557.SZ,28.72,200.0,-1,2,37782092,2014,-9223372036854775808,-9223372036854775808
2021-11-30 14:53:36.080,300557.SZ,28.77,100.0,1,2,37792950,2014,-9223372036854775808,-9223372036854775808
2021-11-30 14:53:37.610,300557.SZ,28.74,100.0,-1,2,37797741,2014,-9223372036854775808,-9223372036854775808
2021-11-30 14:53:38.080,300557.SZ,28.74,100.0,-1,2,37799158,2014,-9223372036854775808,-9223372036854775808
2021-11-30 14:53:39.910,300557.SZ,28.74,100.0,-1,2,37803681,2014,-9223372036854775808,-9223372036854775808
2021-11-30 14:53:40.560,300557.SZ,28.78,100.0,1,2,37805642,2014,-9223372036854775808,-9223372036854775808
2021-11-30 14:53:40.970,300557.SZ,28.75,100.0,-1,2,37806634,2014,-9223372036854775808,-9223372036854775808
2021-11-30 14:53:41.530,300557.SZ,28.75,100.0,-1,2,37808254,2014,-9223372036854775808,-9223372036854775808
2021-11-30 14:53:43.530,300557.SZ,28.75,100.0,-1,2,37814253,2014,-9223372036854775808,-9223372036854775808
2021-11-30 14:53:43.910,300557.SZ,28.75,100.0,-1,2,37815751,2014,-9223372036854775808,-9223372036854775808
2021-11-30 14:53:58.870,300557.SZ,28.72,200.0,-1,2,37853251,2014,-9223372036854775808,-9223372036854775808
2021-11-30 14:54:10.660,300557.SZ,28.73,100.0,-1,2,37888418,2014,-9223372036854775808,-9223372036854775808
2021-11-30 14:54:16.120,300557.SZ,28.76,100.0,1,2,37903453,2014,-9223372036854775808,-9223372036854775808
2021-11-30 14:54:16.200,300557.SZ,28.75,100.0,1,2,37903737,2014,-9223372036854775808,-9223372036854775808
2021-11-30 14:54:17.650,300557.SZ,28.73,100.0,-1,2,37907519,2014,-9223372036854775808,-9223372036854775808
2021-11-30 14:54:19.590,300557.SZ,28.76,100.0,1,2,37913118,2014,-9223372036854775808,-9223372036854775808
2021-11-30 14:54:19.990,300557.SZ,28.69,100.0,-1,2,37914330,2014,-9223372036854775808,-9223372036854775808
2021-11-30 14:54:22.280,300557.SZ,28.72,300.0,-1,2,37920884,2014,-9223372036854775808,-9223372036854775808
2021-11-30 14:54:23.560,300557.SZ,28.73,100.0,-1,2,37924225,2014,-9223372036854775808,-9223372036854775808
2021-11-30 14:54:25.810,300557.SZ,28.74,400.0,1,2,37930439,2014,-9223372036854775808,-9223372036854775808
2021-11-30 14:54:25.980,300557.SZ,28.71,100.0,-1,2,37930815,2014,-9223372036854775808,-9223372036854775808
2021-11-30 14:54:27.540,300557.SZ,28.71,100.0,-1,2,37934537,2014,-9223372036854775808,-9223372036854775808
2021-11-30 14:54:29.220,300557.SZ,28.73,300.0,1,2,37939308,2014,-9223372036854775808,-9223372036854775808
2021-11-30 14:54:29.240,300557.SZ,28.98,1400.0,-1,2,37939353,2014,-9223372036854775808,-9223372036854775808
2021-11-30 14:54:29.830,300557.SZ,28.71,100.0,-1,2,37940600,2014,-9223372036854775808,-9223372036854775808
2021-11-30 14:54:31.520,300557.SZ,28.71,100.0,-1,2,37945460,2014,-9223372036854775808,-9223372036854775808
2021-11-30 14:54:31.820,300557.SZ,28.73,100.0,1,2,37946340,2014,-9223372036854775808,-9223372036854775808
2021-11-30 14:54:33.630,300557.SZ,28.71,100.0,-1,2,37950754,2014,-9223372036854775808,-9223372036854775808
2021-11-30 14:54:35.090,300557.SZ,28.76,100.0,-1,2,37955149,2014,-9223372036854775808,-9223372036854775808
2021-11-30 14:54:35.550,300557.SZ,28.76,100.0,-1,2,37956387,2014,-9223372036854775808,-9223372036854775808
2021-11-30 14:54:35.970,300557.SZ,28.76,100.0,-1,2,37957448,2014,-9223372036854775808,-9223372036854775808
2021-11-30 14:54:37.590,300557.SZ,28.73,100.0,1,2,37962893,2014,-9223372036854775808,-9223372036854775808
2021-11-30 14:54:37.630,300557.SZ,28.76,100.0,-1,2,37963033,2014,-9223372036854775808,-9223372036854775808
2021-11-30 14:54:39.880,300557.SZ,28.71,100.0,-1,2,37970858,2014,-9223372036854775808,-9223372036854775808
2021-11-30 14:54:49.550,300557.SZ,28.68,100.0,1,2,37997388,2014,-9223372036854775808,-9223372036854775808
2021-11-30 14:54:50.870,300557.SZ,28.68,100.0,1,2,38000798,2014,-9223372036854775808,-9223372036854775808
2021-11-30 14:54:52.020,300557.SZ,28.71,100.0,-1,2,38003802,2014,-9223372036854775808,-9223372036854775808
2021-11-30 14:54:53.320,300557.SZ,28.71,100.0,1,2,38007719,2014,-9223372036854775808,-9223372036854775808
2021-11-30 14:54:55.680,300557.SZ,28.71,100.0,-1,2,38014926,2014,-9223372036854775808,-9223372036854775808
2021-11-30 14:55:00.800,300557.SZ,28.89,400.0,-1,2,38030178,2014,-9223372036854775808,-9223372036854775808
2021-11-30 14:55:07.930,300557.SZ,28.71,100.0,1,2,38057530,2014,-9223372036854775808,-9223372036854775808
2021-11-30 14:55:11.670,300557.SZ,28.71,300.0,1,2,38070343,2014,-9223372036854775808,-9223372036854775808
2021-11-30 14:55:13.600,300557.SZ,28.71,100.0,-1,2,38077587,2014,-9223372036854775808,-9223372036854775808
2021-11-30 14:55:15.690,300557.SZ,28.71,100.0,-1,2,38083544,2014,-9223372036854775808,-9223372036854775808
2021-11-30 14:55:16.670,300557.SZ,28.71,100.0,-1,2,38087160,2014,-9223372036854775808,-9223372036854775808
2021-11-30 14:55:17.680,300557.SZ,28.75,100.0,-1,2,38089963,2014,-9223372036854775808,-9223372036854775808
2021-11-30 14:55:19.620,300557.SZ,28.78,100.0,1,2,38096142,2014,-9223372036854775808,-9223372036854775808
2021-11-30 14:55:19.620,300557.SZ,28.71,100.0,1,2,38096144,2014,-9223372036854775808,-9223372036854775808
2021-11-30 14:55:19.690,300557.SZ,28.75,100.0,-1,2,38096353,2014,-9223372036854775808,-9223372036854775808
2021-11-30 14:55:20.540,300557.SZ,28.76,100.0,-1,2,38098820,2014,-9223372036854775808,-9223372036854775808
2021-11-30 14:55:22.370,300557.SZ,28.78,100.0,-1,2,38104654,2014,-9223372036854775808,-9223372036854775808
2021-11-30 14:55:23.580,300557.SZ,28.71,100.0,-1,2,38107928,2014,-9223372036854775808,-9223372036854775808
2021-11-30 14:55:23.660,300557.SZ,28.69,1700.0,-1,2,38108166,2014,-9223372036854775808,-9223372036854775808
2021-11-30 14:55:25.580,300557.SZ,28.71,100.0,1,2,38114105,2014,-9223372036854775808,-9223372036854775808
2021-11-30 14:55:25.670,300557.SZ,28.71,100.0,-1,2,38114390,2014,-9223372036854775808,-9223372036854775808
2021-11-30 14:55:28.570,300557.SZ,28.77,200.0,1,2,38123405,2014,-9223372036854775808,-9223372036854775808
2021-11-30 14:55:28.630,300557.SZ,28.7,100.0,1,2,38123577,2014,-9223372036854775808,-9223372036854775808
2021-11-30 14:55:29.550,300557.SZ,28.7,100.0,1,2,38126099,2014,-9223372036854775808,-9223372036854775808
2021-11-30 14:55:29.910,300557.SZ,28.67,300.0,-1,2,38126914,2014,-9223372036854775808,-9223372036854775808
2021-11-30 14:55:31.550,300557.SZ,28.74,100.0,-1,2,38132018,2014,-9223372036854775808,-9223372036854775808
2021-11-30 14:55:32.080,300557.SZ,28.74,100.0,-1,2,38133506,2014,-9223372036854775808,-9223372036854775808
2021-11-30 14:55:33.550,300557.SZ,28.74,100.0,-1,2,38137622,2014,-9223372036854775808,-9223372036854775808
2021-11-30 14:55:35.120,300557.SZ,28.74,100.0,-1,2,38142731,2014,-9223372036854775808,-9223372036854775808
2021-11-30 14:55:35.580,300557.SZ,28.67,300.0,-1,2,38144030,2014,-9223372036854775808,-9223372036854775808
2021-11-30 14:55:48.570,300557.SZ,28.68,200.0,1,2,38184013,2014,-9223372036854775808,-9223372036854775808
2021-11-30 14:55:49.380,300557.SZ,28.7,100.0,1,2,38186628,2014,-9223372036854775808,-9223372036854775808
2021-11-30 14:55:52.580,300557.SZ,28.69,100.0,-1,2,38197856,2014,-9223372036854775808,-9223372036854775808
2021-11-30 14:55:54.130,300557.SZ,28.75,2300.0,-1,2,38202214,2014,-9223372036854775808,-9223372036854775808
2021-11-30 14:55:55.550,300557.SZ,28.68,100.0,-1,2,38206954,2014,-9223372036854775808,-9223372036854775808
2021-11-30 14:55:58.720,300557.SZ,28.74,2500.0,-1,2,38216645,2014,-9223372036854775808,-9223372036854775808
2021-11-30 14:56:00.370,300557.SZ,28.69,100.0,-1,2,38222640,2014,-9223372036854775808,-9223372036854775808
2021-11-30 14:56:00.440,300557.SZ,28.69,100.0,-1,2,38223274,2014,-9223372036854775808,-9223372036854775808
2021-11-30 14:56:01.950,300557.SZ,28.67,100.0,-1,2,38229990,2014,-9223372036854775808,-9223372036854775808
2021-11-30 14:56:05.080,300557.SZ,28.67,200.0,-1,2,38241827,2014,-9223372036854775808,-9223372036854775808
2021-11-30 14:56:05.650,300557.SZ,28.73,100.0,-1,2,38243563,2014,-9223372036854775808,-9223372036854775808
2021-11-30 14:56:07.570,300557.SZ,28.73,100.0,-1,2,38250073,2014,-9223372036854775808,-9223372036854775808
2021-11-30 14:56:09.550,300557.SZ,28.7,100.0,1,2,38256136,2014,-9223372036854775808,-9223372036854775808
2021-11-30 14:56:10.440,300557.SZ,28.73,100.0,-1,2,38259373,2014,-9223372036854775808,-9223372036854775808
2021-11-30 14:56:11.720,300557.SZ,28.67,100.0,-1,2,38263324,2014,-9223372036854775808,-9223372036854775808
2021-11-30 14:56:21.210,300557.SZ,28.6,5000.0,1,2,38293119,2014,-9223372036854775808,-9223372036854775808
2021-11-30 14:56:22.340,300557.SZ,28.7,2000.0,1,2,38296604,2014,-9223372036854775808,-9223372036854775808
2021-11-30 14:56:27.480,300557.SZ,28.7,200.0,1,2,38312086,2014,-9223372036854775808,-9223372036854775808
2021-11-30 14:56:29.980,300557.SZ,28.69,1000.0,1,2,38319622,2014,-9223372036854775808,-9223372036854775808
2021-11-30 14:56:30.340,300557.SZ,28.7,500.0,-1,2,38320828,2014,-9223372036854775808,-9223372036854775808
2021-11-30 14:56:35.360,300557.SZ,28.68,100.0,-1,2,38336976,2014,-9223372036854775808,-9223372036854775808
2021-11-30 14:56:36.940,300557.SZ,28.75,5100.0,1,2,38341676,2014,-9223372036854775808,-9223372036854775808
2021-11-30 14:56:37.360,300557.SZ,28.68,100.0,-1,2,38342833,2014,-9223372036854775808,-9223372036854775808
2021-11-30 14:56:37.730,300557.SZ,28.73,100.0,-1,2,38343832,2014,-9223372036854775808,-9223372036854775808
2021-11-30 14:56:37.820,300557.SZ,28.71,800.0,1,2,38344086,2014,-9223372036854775808,-9223372036854775808
2021-11-30 14:56:39.580,300557.SZ,28.73,100.0,-1,2,38348672,2014,-9223372036854775808,-9223372036854775808
2021-11-30 14:56:41.360,300557.SZ,28.73,100.0,-1,2,38353541,2014,-9223372036854775808,-9223372036854775808
2021-11-30 14:56:44.360,300557.SZ,28.78,100.0,-1,2,38361790,2014,-9223372036854775808,-9223372036854775808
2021-11-30 14:56:44.420,300557.SZ,28.78,300.0,-1,2,38362004,2014,-9223372036854775808,-9223372036854775808
2021-11-30 14:56:44.970,300557.SZ,28.77,100.0,-1,2,38363506,2014,-9223372036854775808,-9223372036854775808
2021-11-30 14:56:45.360,300557.SZ,28.69,200.0,-1,2,38364538,2014,-9223372036854775808,-9223372036854775808
2021-11-30 14:56:47.100,300557.SZ,28.75,200.0,-1,2,38370324,2014,-9223372036854775808,-9223372036854775808
2021-11-30 14:56:53.600,300557.SZ,28.76,500.0,-1,2,38389414,2014,-9223372036854775808,-9223372036854775808
2021-11-30 14:57:02.940,300557.SZ,28.72,1000.0,1,2,38407289,2014,-9223372036854775808,-9223372036854775808
2021-11-30 14:57:48.850,300557.SZ,28.71,300.0,-1,2,38452397,2014,-9223372036854775808,-9223372036854775808
2021-11-30 14:57:57.730,300557.SZ,28.84,100.0,1,2,38458021,2014,-9223372036854775808,-9223372036854775808
2021-11-30 14:58:06.050,300557.SZ,28.73,300.0,1,2,38463162,2014,-9223372036854775808,-9223372036854775808
2021-11-30 14:58:29.760,300557.SZ,28.7,100.0,-1,2,38477161,2014,-9223372036854775808,-9223372036854775808
2021-11-30 14:58:31.490,300557.SZ,28.69,4900.0,-1,2,38478332,2014,-9223372036854775808,-9223372036854775808
2021-11-30 14:58:35.580,300557.SZ,28.75,500.0,-1,2,38480904,2014,-9223372036854775808,-9223372036854775808
2021-11-30 14:58:36.650,300557.SZ,29.0,700.0,1,2,38481534,2014,-9223372036854775808,-9223372036854775808
2021-11-30 14:58:41.620,300557.SZ,29.0,200.0,1,2,38484279,2014,-9223372036854775808,-9223372036854775808
2021-11-30 14:58:49.250,300557.SZ,29.0,200.0,1,2,38488320,2014,-9223372036854775808,-9223372036854775808
2021-11-30 14:58:54.310,300557.SZ,29.0,500.0,1,2,38491004,2014,-9223372036854775808,-9223372036854775808
2021-11-30 14:59:04.200,300557.SZ,28.58,2000.0,-1,2,38496447,2014,-9223372036854775808,-9223372036854775808
2021-11-30 14:59:48.120,300557.SZ,28.66,200.0,-1,2,38523697,2014,-9223372036854775808,-9223372036854775808
2021-11-30 14:59:51.150,300557.SZ,28.67,500.0,-1,2,38525691,2014,-9223372036854775808,-9223372036854775808
2021-11-30 14:59:57.650,300557.SZ,28.74,600.0,1,2,38529811,2014,-9223372036854775808,-9223372036854775808
2021-11-30 14:59:57.920,300557.SZ,28.74,200.0,1,2,38530137,2014,-9223372036854775808,-9223372036854775808
2021-11-30 14:59:58.100,300557.SZ,28.74,100.0,1,2,38530297,2014,-9223372036854775808,-9223372036854775808
2021-11-30 14:59:58.420,300557.SZ,28.74,800.0,1,2,38530570,2014,-9223372036854775808,-9223372036854775808
2021-11-30 14:59:58.480,300557.SZ,28.74,500.0,1,2,38530604,2014,-9223372036854775808,-9223372036854775808
2021-11-30 14:59:58.520,300557.SZ,28.74,100.0,1,2,38530649,2014,-9223372036854775808,-9223372036854775808
2021-11-30 14:59:58.710,300557.SZ,28.74,400.0,1,2,38530746,2014,-9223372036854775808,-9223372036854775808
2021-11-30 14:59:58.850,300557.SZ,28.76,1000.0,1,2,38530819,2014,-9223372036854775808,-9223372036854775808
2021-11-30 14:59:59.240,300557.SZ,28.74,200.0,1,2,38531289,2014,-9223372036854775808,-9223372036854775808
