datetime,sym,prevclose,open,high,low,close,volume,turnover,tradecount,bid1,bsize1,bid2,bsize2,bid3,bsize3,bid4,bsize4,bid5,bsize5,bid6,bsize6,bid7,bsize7,bid8,bsize8,bid9,bsize9,bid10,bsize10,ask1,asize1,ask2,asize2,ask3,asize3,ask4,asize4,ask5,asize5,ask6,asize6,ask7,asize7,ask8,asize8,ask9,asize9,ask10,asize10,avgbid,avgask,totalbsize,totalasize,iopv
2021-11-30 09:00:45,300557.SZ,28.14,0.0,0.0,0.0,0.0,0.0,0.0,0.0,0.0,0.0,0.0,0.0,0.0,0.0,0.0,0.0,0.0,0.0,0.0,0.0,0.0,0.0,0.0,0.0,0.0,0.0,0.0,0.0,0.0,0.0,0.0,0.0,0.0,0.0,0.0,0.0,0.0,0.0,0.0,0.0,0.0,0.0,0.0,0.0,0.0,0.0,0.0,0.0,0.0,0.0,0.0,0.0,0.0
2021-11-30 09:01:45,300557.SZ,28.14,0.0,0.0,0.0,0.0,0.0,0.0,0.0,0.0,0.0,0.0,0.0,0.0,0.0,0.0,0.0,0.0,0.0,0.0,0.0,0.0,0.0,0.0,0.0,0.0,0.0,0.0,0.0,0.0,0.0,0.0,0.0,0.0,0.0,0.0,0.0,0.0,0.0,0.0,0.0,0.0,0.0,0.0,0.0,0.0,0.0,0.0,0.0,0.0,0.0,0.0,0.0,0.0
2021-11-30 09:02:45,300557.SZ,28.14,0.0,0.0,0.0,0.0,0.0,0.0,0.0,0.0,0.0,0.0,0.0,0.0,0.0,0.0,0.0,0.0,0.0,0.0,0.0,0.0,0.0,0.0,0.0,0.0,0.0,0.0,0.0,0.0,0.0,0.0,0.0,0.0,0.0,0.0,0.0,0.0,0.0,0.0,0.0,0.0,0.0,0.0,0.0,0.0,0.0,0.0,0.0,0.0,0.0,0.0,0.0,0.0
2021-11-30 09:03:45,300557.SZ,28.14,0.0,0.0,0.0,0.0,0.0,0.0,0.0,0.0,0.0,0.0,0.0,0.0,0.0,0.0,0.0,0.0,0.0,0.0,0.0,0.0,0.0,0.0,0.0,0.0,0.0,0.0,0.0,0.0,0.0,0.0,0.0,0.0,0.0,0.0,0.0,0.0,0.0,0.0,0.0,0.0,0.0,0.0,0.0,0.0,0.0,0.0,0.0,0.0,0.0,0.0,0.0,0.0
2021-11-30 09:04:45,300557.SZ,28.14,0.0,0.0,0.0,0.0,0.0,0.0,0.0,0.0,0.0,0.0,0.0,0.0,0.0,0.0,0.0,0.0,0.0,0.0,0.0,0.0,0.0,0.0,0.0,0.0,0.0,0.0,0.0,0.0,0.0,0.0,0.0,0.0,0.0,0.0,0.0,0.0,0.0,0.0,0.0,0.0,0.0,0.0,0.0,0.0,0.0,0.0,0.0,0.0,0.0,0.0,0.0,0.0
2021-11-30 09:05:45,300557.SZ,28.14,0.0,0.0,0.0,0.0,0.0,0.0,0.0,0.0,0.0,0.0,0.0,0.0,0.0,0.0,0.0,0.0,0.0,0.0,0.0,0.0,0.0,0.0,0.0,0.0,0.0,0.0,0.0,0.0,0.0,0.0,0.0,0.0,0.0,0.0,0.0,0.0,0.0,0.0,0.0,0.0,0.0,0.0,0.0,0.0,0.0,0.0,0.0,0.0,0.0,0.0,0.0,0.0
2021-11-30 09:06:45,300557.SZ,28.14,0.0,0.0,0.0,0.0,0.0,0.0,0.0,0.0,0.0,0.0,0.0,0.0,0.0,0.0,0.0,0.0,0.0,0.0,0.0,0.0,0.0,0.0,0.0,0.0,0.0,0.0,0.0,0.0,0.0,0.0,0.0,0.0,0.0,0.0,0.0,0.0,0.0,0.0,0.0,0.0,0.0,0.0,0.0,0.0,0.0,0.0,0.0,0.0,0.0,0.0,0.0,0.0
2021-11-30 09:07:45,300557.SZ,28.14,0.0,0.0,0.0,0.0,0.0,0.0,0.0,0.0,0.0,0.0,0.0,0.0,0.0,0.0,0.0,0.0,0.0,0.0,0.0,0.0,0.0,0.0,0.0,0.0,0.0,0.0,0.0,0.0,0.0,0.0,0.0,0.0,0.0,0.0,0.0,0.0,0.0,0.0,0.0,0.0,0.0,0.0,0.0,0.0,0.0,0.0,0.0,0.0,0.0,0.0,0.0,0.0
2021-11-30 09:08:45,300557.SZ,28.14,0.0,0.0,0.0,0.0,0.0,0.0,0.0,0.0,0.0,0.0,0.0,0.0,0.0,0.0,0.0,0.0,0.0,0.0,0.0,0.0,0.0,0.0,0.0,0.0,0.0,0.0,0.0,0.0,0.0,0.0,0.0,0.0,0.0,0.0,0.0,0.0,0.0,0.0,0.0,0.0,0.0,0.0,0.0,0.0,0.0,0.0,0.0,0.0,0.0,0.0,0.0,0.0
2021-11-30 09:09:45,300557.SZ,28.14,0.0,0.0,0.0,0.0,0.0,0.0,0.0,0.0,0.0,0.0,0.0,0.0,0.0,0.0,0.0,0.0,0.0,0.0,0.0,0.0,0.0,0.0,0.0,0.0,0.0,0.0,0.0,0.0,0.0,0.0,0.0,0.0,0.0,0.0,0.0,0.0,0.0,0.0,0.0,0.0,0.0,0.0,0.0,0.0,0.0,0.0,0.0,0.0,0.0,0.0,0.0,0.0
2021-11-30 09:10:45,300557.SZ,28.14,0.0,0.0,0.0,0.0,0.0,0.0,0.0,0.0,0.0,0.0,0.0,0.0,0.0,0.0,0.0,0.0,0.0,0.0,0.0,0.0,0.0,0.0,0.0,0.0,0.0,0.0,0.0,0.0,0.0,0.0,0.0,0.0,0.0,0.0,0.0,0.0,0.0,0.0,0.0,0.0,0.0,0.0,0.0,0.0,0.0,0.0,0.0,0.0,0.0,0.0,0.0,0.0
2021-11-30 09:11:45,300557.SZ,28.14,0.0,0.0,0.0,0.0,0.0,0.0,0.0,0.0,0.0,0.0,0.0,0.0,0.0,0.0,0.0,0.0,0.0,0.0,0.0,0.0,0.0,0.0,0.0,0.0,0.0,0.0,0.0,0.0,0.0,0.0,0.0,0.0,0.0,0.0,0.0,0.0,0.0,0.0,0.0,0.0,0.0,0.0,0.0,0.0,0.0,0.0,0.0,0.0,0.0,0.0,0.0,0.0
2021-11-30 09:12:45,300557.SZ,28.14,0.0,0.0,0.0,0.0,0.0,0.0,0.0,0.0,0.0,0.0,0.0,0.0,0.0,0.0,0.0,0.0,0.0,0.0,0.0,0.0,0.0,0.0,0.0,0.0,0.0,0.0,0.0,0.0,0.0,0.0,0.0,0.0,0.0,0.0,0.0,0.0,0.0,0.0,0.0,0.0,0.0,0.0,0.0,0.0,0.0,0.0,0.0,0.0,0.0,0.0,0.0,0.0
2021-11-30 09:13:45,300557.SZ,28.14,0.0,0.0,0.0,0.0,0.0,0.0,0.0,0.0,0.0,0.0,0.0,0.0,0.0,0.0,0.0,0.0,0.0,0.0,0.0,0.0,0.0,0.0,0.0,0.0,0.0,0.0,0.0,0.0,0.0,0.0,0.0,0.0,0.0,0.0,0.0,0.0,0.0,0.0,0.0,0.0,0.0,0.0,0.0,0.0,0.0,0.0,0.0,0.0,0.0,0.0,0.0,0.0
2021-11-30 09:14:45,300557.SZ,28.14,0.0,0.0,0.0,0.0,0.0,0.0,0.0,0.0,0.0,0.0,0.0,0.0,0.0,0.0,0.0,0.0,0.0,0.0,0.0,0.0,0.0,0.0,0.0,0.0,0.0,0.0,0.0,0.0,0.0,0.0,0.0,0.0,0.0,0.0,0.0,0.0,0.0,0.0,0.0,0.0,0.0,0.0,0.0,0.0,0.0,0.0,0.0,0.0,0.0,0.0,0.0,0.0
2021-11-30 09:15:03,300557.SZ,28.14,0.0,0.0,0.0,0.0,0.0,0.0,0.0,0.0,0.0,0.0,0.0,0.0,0.0,0.0,0.0,0.0,0.0,0.0,0.0,0.0,0.0,0.0,0.0,0.0,0.0,0.0,0.0,0.0,0.0,0.0,0.0,0.0,0.0,0.0,0.0,0.0,0.0,0.0,0.0,0.0,0.0,0.0,0.0,0.0,0.0,0.0,0.0,0.0,0.0,0.0,0.0,0.0
2021-11-30 09:15:12,300557.SZ,28.14,0.0,0.0,0.0,0.0,0.0,0.0,0.0,26.11,16400.0,0.0,1000.0,0.0,0.0,0.0,0.0,0.0,0.0,0.0,0.0,0.0,0.0,0.0,0.0,0.0,0.0,0.0,0.0,26.11,16400.0,0.0,0.0,0.0,0.0,0.0,0.0,0.0,0.0,0.0,0.0,0.0,0.0,0.0,0.0,0.0,0.0,0.0,0.0,0.0,0.0,0.0,0.0,0.0
2021-11-30 09:15:48,300557.SZ,28.14,0.0,0.0,0.0,0.0,0.0,0.0,0.0,26.11,16400.0,0.0,1500.0,0.0,0.0,0.0,0.0,0.0,0.0,0.0,0.0,0.0,0.0,0.0,0.0,0.0,0.0,0.0,0.0,26.11,16400.0,0.0,0.0,0.0,0.0,0.0,0.0,0.0,0.0,0.0,0.0,0.0,0.0,0.0,0.0,0.0,0.0,0.0,0.0,0.0,0.0,0.0,0.0,0.0
2021-11-30 09:15:57,300557.SZ,28.14,0.0,0.0,0.0,0.0,0.0,0.0,0.0,26.45,16400.0,0.0,2400.0,0.0,0.0,0.0,0.0,0.0,0.0,0.0,0.0,0.0,0.0,0.0,0.0,0.0,0.0,0.0,0.0,26.45,16400.0,0.0,0.0,0.0,0.0,0.0,0.0,0.0,0.0,0.0,0.0,0.0,0.0,0.0,0.0,0.0,0.0,0.0,0.0,0.0,0.0,0.0,0.0,0.0
2021-11-30 09:16:42,300557.SZ,28.14,0.0,0.0,0.0,0.0,0.0,0.0,0.0,23.1,33000.0,0.0,0.0,0.0,0.0,0.0,0.0,0.0,0.0,0.0,0.0,0.0,0.0,0.0,0.0,0.0,0.0,0.0,0.0,23.1,33000.0,0.0,13400.0,0.0,0.0,0.0,0.0,0.0,0.0,0.0,0.0,0.0,0.0,0.0,0.0,0.0,0.0,0.0,0.0,0.0,0.0,0.0,0.0,0.0
2021-11-30 09:17:00,300557.SZ,28.14,0.0,0.0,0.0,0.0,0.0,0.0,0.0,26.5,16400.0,0.0,300.0,0.0,0.0,0.0,0.0,0.0,0.0,0.0,0.0,0.0,0.0,0.0,0.0,0.0,0.0,0.0,0.0,26.5,16400.0,0.0,0.0,0.0,0.0,0.0,0.0,0.0,0.0,0.0,0.0,0.0,0.0,0.0,0.0,0.0,0.0,0.0,0.0,0.0,0.0,0.0,0.0,0.0
2021-11-30 09:17:36,300557.SZ,28.14,0.0,0.0,0.0,0.0,0.0,0.0,0.0,26.5,16400.0,0.0,600.0,0.0,0.0,0.0,0.0,0.0,0.0,0.0,0.0,0.0,0.0,0.0,0.0,0.0,0.0,0.0,0.0,26.5,16400.0,0.0,0.0,0.0,0.0,0.0,0.0,0.0,0.0,0.0,0.0,0.0,0.0,0.0,0.0,0.0,0.0,0.0,0.0,0.0,0.0,0.0,0.0,0.0
2021-11-30 09:18:30,300557.SZ,28.14,0.0,0.0,0.0,0.0,0.0,0.0,0.0,26.5,16400.0,0.0,1600.0,0.0,0.0,0.0,0.0,0.0,0.0,0.0,0.0,0.0,0.0,0.0,0.0,0.0,0.0,0.0,0.0,26.5,16400.0,0.0,0.0,0.0,0.0,0.0,0.0,0.0,0.0,0.0,0.0,0.0,0.0,0.0,0.0,0.0,0.0,0.0,0.0,0.0,0.0,0.0,0.0,0.0
2021-11-30 09:18:39,300557.SZ,28.14,0.0,0.0,0.0,0.0,0.0,0.0,0.0,26.5,16400.0,0.0,2200.0,0.0,0.0,0.0,0.0,0.0,0.0,0.0,0.0,0.0,0.0,0.0,0.0,0.0,0.0,0.0,0.0,26.5,16400.0,0.0,0.0,0.0,0.0,0.0,0.0,0.0,0.0,0.0,0.0,0.0,0.0,0.0,0.0,0.0,0.0,0.0,0.0,0.0,0.0,0.0,0.0,0.0
2021-11-30 09:19:15,300557.SZ,28.14,0.0,0.0,0.0,0.0,0.0,0.0,0.0,26.5,16400.0,0.0,4300.0,0.0,0.0,0.0,0.0,0.0,0.0,0.0,0.0,0.0,0.0,0.0,0.0,0.0,0.0,0.0,0.0,26.5,16400.0,0.0,0.0,0.0,0.0,0.0,0.0,0.0,0.0,0.0,0.0,0.0,0.0,0.0,0.0,0.0,0.0,0.0,0.0,0.0,0.0,0.0,0.0,0.0
2021-11-30 09:19:51,300557.SZ,28.14,0.0,0.0,0.0,0.0,0.0,0.0,0.0,0.0,0.0,0.0,0.0,0.0,0.0,0.0,0.0,0.0,0.0,0.0,0.0,0.0,0.0,0.0,0.0,0.0,0.0,0.0,0.0,0.0,0.0,0.0,0.0,0.0,0.0,0.0,0.0,0.0,0.0,0.0,0.0,0.0,0.0,0.0,0.0,0.0,0.0,0.0,0.0,0.0,0.0,0.0,0.0,0.0
2021-11-30 09:20:51,300557.SZ,28.14,0.0,0.0,0.0,0.0,0.0,0.0,0.0,0.0,0.0,0.0,0.0,0.0,0.0,0.0,0.0,0.0,0.0,0.0,0.0,0.0,0.0,0.0,0.0,0.0,0.0,0.0,0.0,0.0,0.0,0.0,0.0,0.0,0.0,0.0,0.0,0.0,0.0,0.0,0.0,0.0,0.0,0.0,0.0,0.0,0.0,0.0,0.0,0.0,0.0,0.0,0.0,0.0
2021-11-30 09:21:51,300557.SZ,28.14,0.0,0.0,0.0,0.0,0.0,0.0,0.0,0.0,0.0,0.0,0.0,0.0,0.0,0.0,0.0,0.0,0.0,0.0,0.0,0.0,0.0,0.0,0.0,0.0,0.0,0.0,0.0,0.0,0.0,0.0,0.0,0.0,0.0,0.0,0.0,0.0,0.0,0.0,0.0,0.0,0.0,0.0,0.0,0.0,0.0,0.0,0.0,0.0,0.0,0.0,0.0,0.0
2021-11-30 09:22:51,300557.SZ,28.14,0.0,0.0,0.0,0.0,0.0,0.0,0.0,0.0,0.0,0.0,0.0,0.0,0.0,0.0,0.0,0.0,0.0,0.0,0.0,0.0,0.0,0.0,0.0,0.0,0.0,0.0,0.0,0.0,0.0,0.0,0.0,0.0,0.0,0.0,0.0,0.0,0.0,0.0,0.0,0.0,0.0,0.0,0.0,0.0,0.0,0.0,0.0,0.0,0.0,0.0,0.0,0.0
2021-11-30 09:23:51,300557.SZ,28.14,0.0,0.0,0.0,0.0,0.0,0.0,0.0,0.0,0.0,0.0,0.0,0.0,0.0,0.0,0.0,0.0,0.0,0.0,0.0,0.0,0.0,0.0,0.0,0.0,0.0,0.0,0.0,0.0,0.0,0.0,0.0,0.0,0.0,0.0,0.0,0.0,0.0,0.0,0.0,0.0,0.0,0.0,0.0,0.0,0.0,0.0,0.0,0.0,0.0,0.0,0.0,0.0
2021-11-30 09:24:51,300557.SZ,28.14,0.0,0.0,0.0,0.0,0.0,0.0,0.0,0.0,0.0,0.0,0.0,0.0,0.0,0.0,0.0,0.0,0.0,0.0,0.0,0.0,0.0,0.0,0.0,0.0,0.0,0.0,0.0,0.0,0.0,0.0,0.0,0.0,0.0,0.0,0.0,0.0,0.0,0.0,0.0,0.0,0.0,0.0,0.0,0.0,0.0,0.0,0.0,0.0,0.0,0.0,0.0,0.0
2021-11-30 09:25:03,300557.SZ,28.14,0.0,0.0,0.0,0.0,0.0,0.0,0.0,27.95,500.0,27.9,500.0,27.88,600.0,27.8,200.0,27.7,800.0,0.0,0.0,0.0,0.0,0.0,0.0,0.0,0.0,0.0,0.0,28.21,1100.0,28.22,800.0,28.24,200.0,28.38,1400.0,28.39,1100.0,0.0,0.0,0.0,0.0,0.0,0.0,0.0,0.0,0.0,0.0,25.85,31.21,57300.0,72700.0,0.0
2021-11-30 09:26:03,300557.SZ,28.14,0.0,0.0,0.0,0.0,0.0,0.0,0.0,27.95,500.0,27.9,500.0,27.88,600.0,27.8,200.0,27.7,800.0,0.0,0.0,0.0,0.0,0.0,0.0,0.0,0.0,0.0,0.0,28.21,1100.0,28.22,800.0,28.24,200.0,28.38,1400.0,28.39,1100.0,0.0,0.0,0.0,0.0,0.0,0.0,0.0,0.0,0.0,0.0,25.85,31.21,57300.0,72700.0,0.0
2021-11-30 09:27:03,300557.SZ,28.14,0.0,0.0,0.0,0.0,0.0,0.0,0.0,27.95,500.0,27.9,500.0,27.88,600.0,27.8,200.0,27.7,800.0,0.0,0.0,0.0,0.0,0.0,0.0,0.0,0.0,0.0,0.0,28.21,1100.0,28.22,800.0,28.24,200.0,28.38,1400.0,28.39,1100.0,0.0,0.0,0.0,0.0,0.0,0.0,0.0,0.0,0.0,0.0,25.85,31.21,57300.0,72700.0,0.0
2021-11-30 09:28:03,300557.SZ,28.14,0.0,0.0,0.0,0.0,0.0,0.0,0.0,27.95,500.0,27.9,500.0,27.88,600.0,27.8,200.0,27.7,800.0,0.0,0.0,0.0,0.0,0.0,0.0,0.0,0.0,0.0,0.0,28.21,1100.0,28.22,800.0,28.24,200.0,28.38,1400.0,28.39,1100.0,0.0,0.0,0.0,0.0,0.0,0.0,0.0,0.0,0.0,0.0,25.85,31.21,57300.0,72700.0,0.0
2021-11-30 09:29:03,300557.SZ,28.14,0.0,0.0,0.0,0.0,0.0,0.0,0.0,27.95,500.0,27.9,500.0,27.88,600.0,27.8,200.0,27.7,800.0,0.0,0.0,0.0,0.0,0.0,0.0,0.0,0.0,0.0,0.0,28.21,1100.0,28.22,800.0,28.24,200.0,28.38,1400.0,28.39,1100.0,0.0,0.0,0.0,0.0,0.0,0.0,0.0,0.0,0.0,0.0,25.85,31.21,57300.0,72700.0,0.0
2021-11-30 09:30:03,300557.SZ,28.14,0.0,0.0,0.0,0.0,0.0,0.0,0.0,27.96,1800.0,27.95,1500.0,27.91,200.0,27.9,500.0,27.88,600.0,0.0,0.0,0.0,0.0,0.0,0.0,0.0,0.0,0.0,0.0,28.18,500.0,28.2,1000.0,28.21,1100.0,28.22,800.0,28.24,200.0,0.0,0.0,0.0,0.0,0.0,0.0,0.0,0.0,0.0,0.0,26.18,31.45,67300.0,85000.0,0.0
2021-11-30 09:30:06,300557.SZ,28.14,28.18,28.2,28.18,28.2,600.0,16910.0,6.0,28.0,400.0,27.96,1800.0,27.95,1500.0,27.91,1200.0,27.9,500.0,0.0,0.0,0.0,0.0,0.0,0.0,0.0,0.0,0.0,0.0,28.2,900.0,28.21,1100.0,28.22,800.0,28.24,200.0,28.3,600.0,0.0,0.0,0.0,0.0,0.0,0.0,0.0,0.0,0.0,0.0,26.23,31.44,69400.0,100400.0,0.0
2021-11-30 09:30:09,300557.SZ,28.14,28.18,28.2,28.18,28.2,900.0,25370.0,8.0,28.18,100.0,28.1,200.0,28.0,800.0,27.97,600.0,27.96,2200.0,0.0,0.0,0.0,0.0,0.0,0.0,0.0,0.0,0.0,0.0,28.2,600.0,28.21,1100.0,28.22,800.0,28.24,200.0,28.3,600.0,0.0,0.0,0.0,0.0,0.0,0.0,0.0,0.0,0.0,0.0,26.27,31.44,71100.0,100300.0,0.0
2021-11-30 09:30:12,300557.SZ,28.14,28.18,28.2,28.18,28.19,1400.0,39465.0,12.0,28.18,100.0,28.13,200.0,28.1,400.0,28.04,300.0,28.0,800.0,0.0,0.0,0.0,0.0,0.0,0.0,0.0,0.0,0.0,0.0,28.19,3500.0,28.2,600.0,28.21,1100.0,28.22,800.0,28.24,200.0,0.0,0.0,0.0,0.0,0.0,0.0,0.0,0.0,0.0,0.0,26.29,31.44,71800.0,109700.0,0.0
2021-11-30 09:30:15,300557.SZ,28.14,28.18,28.2,28.18,28.18,2100.0,59197.0,17.0,28.13,200.0,28.1,400.0,28.04,300.0,28.0,800.0,27.97,500.0,0.0,0.0,0.0,0.0,0.0,0.0,0.0,0.0,0.0,0.0,28.18,400.0,28.2,600.0,28.21,1100.0,28.22,800.0,28.24,200.0,0.0,0.0,0.0,0.0,0.0,0.0,0.0,0.0,0.0,0.0,26.29,31.53,71600.0,106600.0,0.0
2021-11-30 09:30:18,300557.SZ,28.14,28.18,28.2,28.18,28.2,2700.0,76109.0,22.0,28.19,100.0,28.18,500.0,28.13,200.0,28.1,400.0,28.04,300.0,0.0,0.0,0.0,0.0,0.0,0.0,0.0,0.0,0.0,0.0,28.2,400.0,28.21,1100.0,28.22,800.0,28.24,200.0,28.3,600.0,0.0,0.0,0.0,0.0,0.0,0.0,0.0,0.0,0.0,0.0,26.29,31.55,71800.0,106000.0,0.0
2021-11-30 09:30:21,300557.SZ,28.14,28.18,28.22,28.18,28.22,4400.0,124064.0,35.0,28.2,700.0,28.19,300.0,28.18,100.0,28.13,200.0,28.1,400.0,0.0,0.0,0.0,0.0,0.0,0.0,0.0,0.0,0.0,0.0,28.22,600.0,28.24,200.0,28.3,600.0,28.37,1300.0,28.38,1400.0,0.0,0.0,0.0,0.0,0.0,0.0,0.0,0.0,0.0,0.0,26.3,31.6,72300.0,104300.0,0.0
2021-11-30 09:30:24,300557.SZ,28.14,28.18,28.24,28.18,28.24,5100.0,143820.0,40.0,28.22,700.0,28.2,800.0,28.19,200.0,28.18,100.0,28.13,200.0,0.0,0.0,0.0,0.0,0.0,0.0,0.0,0.0,0.0,0.0,28.24,100.0,28.3,600.0,28.37,1300.0,28.38,1400.0,28.39,1100.0,0.0,0.0,0.0,0.0,0.0,0.0,0.0,0.0,0.0,0.0,26.31,31.61,72500.0,104100.0,0.0
2021-11-30 09:30:27,300557.SZ,28.14,28.18,28.24,28.18,28.24,5800.0,163576.0,47.0,28.26,100.0,28.24,100.0,28.22,100.0,28.2,400.0,28.19,200.0,0.0,0.0,0.0,0.0,0.0,0.0,0.0,0.0,0.0,0.0,28.3,600.0,28.37,1300.0,28.38,1400.0,28.39,1100.0,28.48,700.0,0.0,0.0,0.0,0.0,0.0,0.0,0.0,0.0,0.0,0.0,26.28,31.61,71300.0,104000.0,0.0
2021-11-30 09:30:30,300557.SZ,28.14,28.18,28.3,28.18,28.3,5900.0,166406.0,48.0,28.26,100.0,28.2,400.0,28.19,200.0,28.18,100.0,28.13,200.0,0.0,0.0,0.0,0.0,0.0,0.0,0.0,0.0,0.0,0.0,28.3,500.0,28.37,1300.0,28.38,1400.0,28.39,1100.0,28.48,700.0,0.0,0.0,0.0,0.0,0.0,0.0,0.0,0.0,0.0,0.0,26.28,31.62,71100.0,103900.0,0.0
2021-11-30 09:30:33,300557.SZ,28.14,28.18,28.3,28.18,28.3,6100.0,172066.0,50.0,28.27,100.0,28.26,200.0,28.2,400.0,28.19,200.0,28.18,100.0,0.0,0.0,0.0,0.0,0.0,0.0,0.0,0.0,0.0,0.0,28.3,300.0,28.37,1300.0,28.38,1400.0,28.39,1100.0,28.48,700.0,0.0,0.0,0.0,0.0,0.0,0.0,0.0,0.0,0.0,0.0,26.28,31.62,71300.0,103700.0,0.0
2021-11-30 09:30:36,300557.SZ,28.14,28.18,28.3,28.18,28.3,6200.0,174896.0,51.0,28.27,100.0,28.26,200.0,28.2,200.0,28.19,200.0,28.18,100.0,0.0,0.0,0.0,0.0,0.0,0.0,0.0,0.0,0.0,0.0,28.3,200.0,28.36,500.0,28.37,1300.0,28.38,1400.0,28.39,1100.0,0.0,0.0,0.0,0.0,0.0,0.0,0.0,0.0,0.0,0.0,26.29,31.61,71500.0,104100.0,0.0
2021-11-30 09:30:42,300557.SZ,28.14,28.18,28.36,28.18,28.36,6500.0,183392.0,53.0,28.33,1000.0,28.26,200.0,28.2,200.0,28.19,200.0,28.18,100.0,0.0,0.0,0.0,0.0,0.0,0.0,0.0,0.0,0.0,0.0,28.36,400.0,28.37,1300.0,28.38,1400.0,28.39,1100.0,28.48,700.0,0.0,0.0,0.0,0.0,0.0,0.0,0.0,0.0,0.0,0.0,26.31,31.62,72400.0,103800.0,0.0
2021-11-30 09:30:45,300557.SZ,28.14,28.18,28.36,28.18,28.28,7700.0,217378.0,57.0,28.29,100.0,28.28,100.0,28.26,200.0,28.2,200.0,28.19,200.0,0.0,0.0,0.0,0.0,0.0,0.0,0.0,0.0,0.0,0.0,28.36,400.0,28.37,1300.0,28.38,1400.0,28.39,1100.0,28.48,700.0,0.0,0.0,0.0,0.0,0.0,0.0,0.0,0.0,0.0,0.0,26.29,31.62,71600.0,103800.0,0.0
2021-11-30 09:30:48,300557.SZ,28.14,28.18,28.36,28.18,28.27,8100.0,228691.0,61.0,28.26,200.0,28.24,100.0,28.2,200.0,28.19,200.0,28.18,100.0,0.0,0.0,0.0,0.0,0.0,0.0,0.0,0.0,0.0,0.0,28.36,400.0,28.37,1300.0,28.38,1400.0,28.39,1100.0,28.48,700.0,0.0,0.0,0.0,0.0,0.0,0.0,0.0,0.0,0.0,0.0,26.29,31.62,71500.0,103800.0,0.0
2021-11-30 09:30:51,300557.SZ,28.14,28.18,28.36,28.18,28.27,8100.0,228691.0,61.0,28.26,200.0,28.24,100.0,28.2,200.0,28.19,200.0,28.18,100.0,0.0,0.0,0.0,0.0,0.0,0.0,0.0,0.0,0.0,0.0,28.29,300.0,28.35,300.0,28.36,400.0,28.37,1300.0,28.38,1400.0,0.0,0.0,0.0,0.0,0.0,0.0,0.0,0.0,0.0,0.0,26.29,31.6,71500.0,104400.0,0.0
2021-11-30 09:31:06,300557.SZ,28.14,28.18,28.36,28.18,28.36,8800.0,248519.0,64.0,28.32,400.0,28.31,1300.0,28.26,200.0,28.24,100.0,28.2,200.0,0.0,0.0,0.0,0.0,0.0,0.0,0.0,0.0,0.0,0.0,28.36,300.0,28.37,1300.0,28.38,1400.0,28.39,1100.0,28.48,700.0,0.0,0.0,0.0,0.0,0.0,0.0,0.0,0.0,0.0,0.0,26.31,31.62,72200.0,103700.0,0.0
2021-11-30 09:31:09,300557.SZ,28.14,28.18,28.36,28.18,28.36,8900.0,251355.0,65.0,28.32,400.0,28.31,1300.0,28.26,200.0,28.24,100.0,28.2,200.0,0.0,0.0,0.0,0.0,0.0,0.0,0.0,0.0,0.0,0.0,28.36,200.0,28.37,1300.0,28.38,1400.0,28.39,1100.0,28.48,700.0,0.0,0.0,0.0,0.0,0.0,0.0,0.0,0.0,0.0,0.0,26.31,31.63,72200.0,103600.0,0.0
2021-11-30 09:31:12,300557.SZ,28.14,28.18,28.36,28.18,28.36,8900.0,251355.0,65.0,28.32,400.0,28.31,1300.0,28.26,200.0,28.24,100.0,28.2,200.0,0.0,0.0,0.0,0.0,0.0,0.0,0.0,0.0,0.0,0.0,28.36,200.0,28.37,1300.0,28.38,1400.0,28.39,1100.0,28.48,700.0,0.0,0.0,0.0,0.0,0.0,0.0,0.0,0.0,0.0,0.0,26.31,31.63,71900.0,103600.0,0.0
2021-11-30 09:31:15,300557.SZ,28.14,28.18,28.36,28.18,28.36,8900.0,251355.0,65.0,28.32,400.0,28.31,1300.0,28.26,200.0,28.2,200.0,28.19,200.0,0.0,0.0,0.0,0.0,0.0,0.0,0.0,0.0,0.0,0.0,28.36,600.0,28.37,200.0,28.38,1400.0,28.39,1100.0,28.48,700.0,0.0,0.0,0.0,0.0,0.0,0.0,0.0,0.0,0.0,0.0,26.3,31.65,71800.0,103000.0,0.0
2021-11-30 09:31:18,300557.SZ,28.14,28.18,28.36,28.18,28.36,9500.0,268371.0,68.0,28.36,100.0,28.32,400.0,28.31,1300.0,28.26,200.0,28.2,200.0,0.0,0.0,0.0,0.0,0.0,0.0,0.0,0.0,0.0,0.0,28.37,200.0,28.38,1400.0,28.39,1100.0,28.48,700.0,28.49,500.0,0.0,0.0,0.0,0.0,0.0,0.0,0.0,0.0,0.0,0.0,26.31,31.67,71900.0,102400.0,0.0
2021-11-30 09:31:24,300557.SZ,28.14,28.18,28.36,28.18,28.36,9600.0,271207.0,69.0,28.32,400.0,28.31,1300.0,28.26,200.0,28.2,200.0,28.19,200.0,0.0,0.0,0.0,0.0,0.0,0.0,0.0,0.0,0.0,0.0,28.36,1000.0,28.37,200.0,28.38,1400.0,28.39,1100.0,28.48,700.0,0.0,0.0,0.0,0.0,0.0,0.0,0.0,0.0,0.0,0.0,26.3,31.63,71600.0,103400.0,0.0
2021-11-30 09:31:27,300557.SZ,28.14,28.18,28.36,28.18,28.36,9700.0,274043.0,70.0,28.32,400.0,28.31,1300.0,28.26,200.0,28.2,200.0,28.19,200.0,0.0,0.0,0.0,0.0,0.0,0.0,0.0,0.0,0.0,0.0,28.36,900.0,28.37,200.0,28.38,1400.0,28.39,1100.0,28.48,700.0,0.0,0.0,0.0,0.0,0.0,0.0,0.0,0.0,0.0,0.0,26.3,31.64,71700.0,103300.0,0.0
2021-11-30 09:31:30,300557.SZ,28.14,28.18,28.36,28.18,28.36,9700.0,274043.0,70.0,28.32,400.0,28.31,1300.0,28.26,200.0,28.2,200.0,28.19,200.0,0.0,0.0,0.0,0.0,0.0,0.0,0.0,0.0,0.0,0.0,28.33,100.0,28.36,900.0,28.37,200.0,28.38,1400.0,28.39,1100.0,0.0,0.0,0.0,0.0,0.0,0.0,0.0,0.0,0.0,0.0,26.3,31.63,71700.0,103700.0,0.0
2021-11-30 09:31:33,300557.SZ,28.14,28.18,28.36,28.18,28.32,9800.0,276875.0,71.0,28.32,400.0,28.31,1300.0,28.26,100.0,28.2,200.0,28.19,200.0,0.0,0.0,0.0,0.0,0.0,0.0,0.0,0.0,0.0,0.0,28.36,900.0,28.37,200.0,28.38,1400.0,28.39,1100.0,28.48,700.0,0.0,0.0,0.0,0.0,0.0,0.0,0.0,0.0,0.0,0.0,26.3,31.63,71600.0,103600.0,0.0
2021-11-30 09:31:36,300557.SZ,28.14,28.18,28.36,28.18,28.36,10700.0,302399.0,73.0,28.33,200.0,28.32,400.0,28.31,1300.0,28.26,100.0,28.2,200.0,0.0,0.0,0.0,0.0,0.0,0.0,0.0,0.0,0.0,0.0,28.37,200.0,28.38,1400.0,28.39,1100.0,28.48,700.0,28.49,800.0,0.0,0.0,0.0,0.0,0.0,0.0,0.0,0.0,0.0,0.0,26.3,31.66,71800.0,102700.0,0.0
2021-11-30 09:31:39,300557.SZ,28.14,28.18,28.37,28.18,28.37,10900.0,308071.0,75.0,28.33,2000.0,28.32,400.0,28.26,100.0,28.2,200.0,28.19,200.0,0.0,0.0,0.0,0.0,0.0,0.0,0.0,0.0,0.0,0.0,28.37,100.0,28.38,1400.0,28.39,1100.0,28.48,700.0,28.49,800.0,0.0,0.0,0.0,0.0,0.0,0.0,0.0,0.0,0.0,0.0,26.32,31.66,72300.0,102600.0,0.0
2021-11-30 09:31:42,300557.SZ,28.14,28.18,28.39,28.18,28.39,13500.0,381869.0,79.0,28.4,700.0,28.39,1400.0,28.37,500.0,28.35,400.0,28.34,500.0,0.0,0.0,0.0,0.0,0.0,0.0,0.0,0.0,0.0,0.0,28.48,700.0,28.49,800.0,28.5,600.0,28.56,400.0,28.66,700.0,0.0,0.0,0.0,0.0,0.0,0.0,0.0,0.0,0.0,0.0,26.42,31.75,76100.0,100000.0,0.0
2021-11-30 09:31:45,300557.SZ,28.14,28.18,28.49,28.18,28.49,15300.0,433119.0,85.0,28.48,100.0,28.42,500.0,28.41,1000.0,28.4,1100.0,28.39,200.0,0.0,0.0,0.0,0.0,0.0,0.0,0.0,0.0,0.0,0.0,28.5,600.0,28.56,400.0,28.66,700.0,28.7,1100.0,28.78,400.0,0.0,0.0,0.0,0.0,0.0,0.0,0.0,0.0,0.0,0.0,26.41,31.8,75400.0,98500.0,0.0
2021-11-30 09:31:48,300557.SZ,28.14,28.18,28.5,28.18,28.5,15400.0,435969.0,86.0,28.49,500.0,28.48,100.0,28.42,500.0,28.41,1000.0,28.4,900.0,0.0,0.0,0.0,0.0,0.0,0.0,0.0,0.0,0.0,0.0,28.5,500.0,28.56,400.0,28.66,700.0,28.7,1100.0,28.78,400.0,0.0,0.0,0.0,0.0,0.0,0.0,0.0,0.0,0.0,0.0,26.42,31.8,75600.0,98400.0,0.0
2021-11-30 09:31:51,300557.SZ,28.14,28.18,28.5,28.18,28.5,15900.0,450219.0,88.0,28.52,200.0,28.5,100.0,28.49,700.0,28.48,100.0,28.42,500.0,0.0,0.0,0.0,0.0,0.0,0.0,0.0,0.0,0.0,0.0,28.56,400.0,28.66,700.0,28.7,1100.0,28.78,400.0,28.8,100.0,0.0,0.0,0.0,0.0,0.0,0.0,0.0,0.0,0.0,0.0,26.43,31.82,76000.0,97900.0,0.0
2021-11-30 09:31:54,300557.SZ,28.14,28.18,28.56,28.18,28.56,16500.0,467327.0,92.0,28.49,600.0,28.42,500.0,28.41,1000.0,28.4,900.0,28.39,200.0,0.0,0.0,0.0,0.0,0.0,0.0,0.0,0.0,0.0,0.0,28.56,300.0,28.66,700.0,28.7,1100.0,28.78,400.0,28.8,100.0,0.0,0.0,0.0,0.0,0.0,0.0,0.0,0.0,0.0,0.0,26.41,31.82,75300.0,97800.0,0.0
2021-11-30 09:31:57,300557.SZ,28.14,28.18,28.56,28.18,28.49,17500.0,495814.0,98.0,28.49,100.0,28.45,300.0,28.44,500.0,28.43,300.0,28.42,500.0,0.0,0.0,0.0,0.0,0.0,0.0,0.0,0.0,0.0,0.0,28.56,300.0,28.66,700.0,28.7,1100.0,28.78,400.0,28.8,100.0,0.0,0.0,0.0,0.0,0.0,0.0,0.0,0.0,0.0,0.0,26.43,31.82,75900.0,97800.0,0.0
2021-11-30 09:32:00,300557.SZ,28.14,28.18,28.56,28.18,28.49,17500.0,495814.0,98.0,28.49,100.0,28.45,300.0,28.44,500.0,28.43,300.0,28.41,300.0,0.0,0.0,0.0,0.0,0.0,0.0,0.0,0.0,0.0,0.0,28.56,300.0,28.66,700.0,28.7,1100.0,28.78,400.0,28.8,900.0,0.0,0.0,0.0,0.0,0.0,0.0,0.0,0.0,0.0,0.0,26.34,31.79,72700.0,98600.0,0.0
2021-11-30 09:32:03,300557.SZ,28.14,28.18,28.67,28.18,28.67,18700.0,530178.0,101.0,28.5,800.0,28.49,800.0,28.45,300.0,28.44,500.0,28.43,300.0,0.0,0.0,0.0,0.0,0.0,0.0,0.0,0.0,0.0,0.0,28.66,900.0,28.67,2100.0,28.7,1100.0,28.78,400.0,28.8,900.0,0.0,0.0,0.0,0.0,0.0,0.0,0.0,0.0,0.0,0.0,26.37,31.73,73500.0,100600.0,0.0
2021-11-30 09:32:06,300557.SZ,28.14,28.18,28.67,28.18,28.66,18800.0,533044.0,102.0,28.52,1200.0,28.51,3000.0,28.5,1000.0,28.49,800.0,28.45,300.0,0.0,0.0,0.0,0.0,0.0,0.0,0.0,0.0,0.0,0.0,28.66,800.0,28.67,2100.0,28.7,1100.0,28.78,400.0,28.8,900.0,0.0,0.0,0.0,0.0,0.0,0.0,0.0,0.0,0.0,0.0,26.48,31.74,77500.0,100500.0,0.0
2021-11-30 09:32:09,300557.SZ,28.14,28.18,28.67,28.18,28.66,18800.0,533044.0,102.0,28.52,1400.0,28.51,3000.0,28.5,1000.0,28.49,800.0,28.45,300.0,0.0,0.0,0.0,0.0,0.0,0.0,0.0,0.0,0.0,0.0,28.66,800.0,28.67,2100.0,28.69,300.0,28.7,1100.0,28.78,400.0,0.0,0.0,0.0,0.0,0.0,0.0,0.0,0.0,0.0,0.0,26.48,31.73,77600.0,100800.0,0.0
2021-11-30 09:32:12,300557.SZ,28.14,28.18,28.67,28.18,28.66,18800.0,533044.0,102.0,28.52,1000.0,28.51,3000.0,28.5,600.0,28.49,400.0,28.37,200.0,0.0,0.0,0.0,0.0,0.0,0.0,0.0,0.0,0.0,0.0,28.66,800.0,28.67,2100.0,28.69,300.0,28.7,2100.0,28.78,400.0,0.0,0.0,0.0,0.0,0.0,0.0,0.0,0.0,0.0,0.0,26.4,31.7,74400.0,101800.0,0.0
2021-11-30 09:32:15,300557.SZ,28.14,28.18,28.67,28.18,28.52,19300.0,547304.0,103.0,28.52,300.0,28.51,3000.0,28.5,400.0,28.49,400.0,28.37,200.0,0.0,0.0,0.0,0.0,0.0,0.0,0.0,0.0,0.0,0.0,28.65,600.0,28.66,2800.0,28.69,300.0,28.7,2100.0,28.78,400.0,0.0,0.0,0.0,0.0,0.0,0.0,0.0,0.0,0.0,0.0,26.37,31.67,73300.0,102800.0,0.0
2021-11-30 09:32:18,300557.SZ,28.14,28.18,28.67,28.18,28.52,19300.0,547304.0,103.0,28.52,100.0,28.51,3000.0,28.5,400.0,28.49,200.0,28.37,100.0,0.0,0.0,0.0,0.0,0.0,0.0,0.0,0.0,0.0,0.0,28.62,1200.0,28.63,1600.0,28.64,1000.0,28.65,2400.0,28.66,2800.0,0.0,0.0,0.0,0.0,0.0,0.0,0.0,0.0,0.0,0.0,26.39,31.5,72100.0,109000.0,0.0
2021-11-30 09:32:21,300557.SZ,28.14,28.18,28.67,28.18,28.52,19300.0,547304.0,103.0,28.56,2700.0,28.52,100.0,28.51,3000.0,28.5,400.0,28.49,200.0,0.0,0.0,0.0,0.0,0.0,0.0,0.0,0.0,0.0,0.0,28.62,1200.0,28.63,1600.0,28.64,1000.0,28.65,2700.0,28.66,2800.0,0.0,0.0,0.0,0.0,0.0,0.0,0.0,0.0,0.0,0.0,26.47,31.49,74800.0,109400.0,0.0
2021-11-30 09:32:24,300557.SZ,28.14,28.18,28.67,28.18,28.62,20400.0,578786.0,105.0,28.56,2700.0,28.52,100.0,28.51,3000.0,28.5,200.0,28.49,200.0,0.0,0.0,0.0,0.0,0.0,0.0,0.0,0.0,0.0,0.0,28.62,100.0,28.63,1600.0,28.64,1000.0,28.65,2700.0,28.66,2800.0,0.0,0.0,0.0,0.0,0.0,0.0,0.0,0.0,0.0,0.0,26.46,31.51,74600.0,108500.0,0.0
2021-11-30 09:32:27,300557.SZ,28.14,28.18,28.67,28.18,28.62,20400.0,578786.0,105.0,28.56,2700.0,28.52,100.0,28.51,3000.0,28.5,200.0,28.49,200.0,0.0,0.0,0.0,0.0,0.0,0.0,0.0,0.0,0.0,0.0,28.6,100.0,28.62,100.0,28.63,1600.0,28.64,1000.0,28.65,2700.0,0.0,0.0,0.0,0.0,0.0,0.0,0.0,0.0,0.0,0.0,26.46,31.51,74600.0,108600.0,0.0
2021-11-30 09:32:30,300557.SZ,28.14,28.18,28.67,28.18,28.62,20400.0,578786.0,105.0,28.56,200.0,28.52,100.0,28.51,3000.0,28.5,200.0,28.49,200.0,0.0,0.0,0.0,0.0,0.0,0.0,0.0,0.0,0.0,0.0,28.6,100.0,28.63,1600.0,28.65,2100.0,28.66,3000.0,28.69,900.0,0.0,0.0,0.0,0.0,0.0,0.0,0.0,0.0,0.0,0.0,26.39,31.55,72100.0,107100.0,0.0
2021-11-30 09:32:33,300557.SZ,28.14,28.18,28.67,28.18,28.6,20500.0,581646.0,106.0,28.56,200.0,28.52,100.0,28.51,3000.0,28.5,200.0,28.49,100.0,0.0,0.0,0.0,0.0,0.0,0.0,0.0,0.0,0.0,0.0,28.6,500.0,28.65,2100.0,28.66,3000.0,28.69,900.0,28.7,2200.0,0.0,0.0,0.0,0.0,0.0,0.0,0.0,0.0,0.0,0.0,26.39,31.56,72000.0,106600.0,0.0
2021-11-30 09:32:36,300557.SZ,28.14,28.18,28.67,28.18,28.51,22300.0,632989.0,118.0,28.51,2900.0,28.5,200.0,28.49,100.0,28.37,100.0,28.34,400.0,0.0,0.0,0.0,0.0,0.0,0.0,0.0,0.0,0.0,0.0,28.52,900.0,28.6,700.0,28.61,500.0,28.62,7900.0,28.65,2500.0,0.0,0.0,0.0,0.0,0.0,0.0,0.0,0.0,0.0,0.0,26.37,31.32,71600.0,116200.0,0.0
2021-11-30 09:32:39,300557.SZ,28.14,28.18,28.67,28.18,28.52,22900.0,650101.0,121.0,28.51,4200.0,28.5,200.0,28.49,100.0,28.37,100.0,28.34,400.0,0.0,0.0,0.0,0.0,0.0,0.0,0.0,0.0,0.0,0.0,28.52,300.0,28.6,700.0,28.61,500.0,28.62,7900.0,28.65,2500.0,0.0,0.0,0.0,0.0,0.0,0.0,0.0,0.0,0.0,0.0,26.41,31.33,72900.0,115600.0,0.0
2021-11-30 09:32:42,300557.SZ,28.14,28.18,28.67,28.18,28.52,23800.0,675763.0,124.0,28.51,3800.0,28.5,200.0,28.49,100.0,28.37,100.0,28.34,400.0,0.0,0.0,0.0,0.0,0.0,0.0,0.0,0.0,0.0,0.0,28.59,600.0,28.6,700.0,28.61,500.0,28.62,7900.0,28.65,2500.0,0.0,0.0,0.0,0.0,0.0,0.0,0.0,0.0,0.0,0.0,26.4,31.34,72500.0,115100.0,0.0
2021-11-30 09:32:45,300557.SZ,28.14,28.18,28.67,28.18,28.52,23800.0,675763.0,124.0,28.52,700.0,28.51,3800.0,28.5,200.0,28.49,100.0,28.37,100.0,0.0,0.0,0.0,0.0,0.0,0.0,0.0,0.0,0.0,0.0,28.59,600.0,28.6,700.0,28.61,500.0,28.62,7900.0,28.64,100.0,0.0,0.0,0.0,0.0,0.0,0.0,0.0,0.0,0.0,0.0,26.42,31.34,73200.0,115200.0,0.0
2021-11-30 09:32:48,300557.SZ,28.14,28.18,28.67,28.18,28.59,24600.0,698630.0,126.0,28.52,1100.0,28.51,3800.0,28.5,200.0,28.49,100.0,28.37,100.0,0.0,0.0,0.0,0.0,0.0,0.0,0.0,0.0,0.0,0.0,28.59,300.0,28.6,700.0,28.61,500.0,28.62,7900.0,28.64,100.0,0.0,0.0,0.0,0.0,0.0,0.0,0.0,0.0,0.0,0.0,26.43,31.35,73600.0,114900.0,0.0
2021-11-30 09:32:51,300557.SZ,28.14,28.18,28.67,28.18,28.59,24800.0,704348.0,128.0,28.52,1100.0,28.51,3800.0,28.5,200.0,28.49,100.0,28.37,100.0,0.0,0.0,0.0,0.0,0.0,0.0,0.0,0.0,0.0,0.0,28.59,100.0,28.6,700.0,28.61,800.0,28.62,7900.0,28.64,100.0,0.0,0.0,0.0,0.0,0.0,0.0,0.0,0.0,0.0,0.0,26.43,31.35,73600.0,115000.0,0.0
2021-11-30 09:32:54,300557.SZ,28.14,28.18,28.67,28.18,28.59,24900.0,707207.0,129.0,28.52,2400.0,28.51,3800.0,28.5,200.0,28.49,100.0,28.37,100.0,0.0,0.0,0.0,0.0,0.0,0.0,0.0,0.0,0.0,0.0,28.6,700.0,28.61,800.0,28.62,7900.0,28.64,100.0,28.65,2500.0,0.0,0.0,0.0,0.0,0.0,0.0,0.0,0.0,0.0,0.0,26.47,31.35,74900.0,114900.0,0.0
2021-11-30 09:32:57,300557.SZ,28.14,28.18,28.67,28.18,28.59,24900.0,707207.0,129.0,28.52,7100.0,28.51,3800.0,28.5,200.0,28.49,100.0,28.37,100.0,0.0,0.0,0.0,0.0,0.0,0.0,0.0,0.0,0.0,0.0,28.6,700.0,28.61,800.0,28.62,7900.0,28.64,100.0,28.65,700.0,0.0,0.0,0.0,0.0,0.0,0.0,0.0,0.0,0.0,0.0,26.59,31.43,79600.0,114600.0,0.0
2021-11-30 09:33:00,300557.SZ,28.14,28.18,28.67,28.18,28.6,25600.0,727227.0,134.0,28.6,2500.0,28.52,7200.0,28.51,2500.0,28.5,200.0,28.49,100.0,0.0,0.0,0.0,0.0,0.0,0.0,0.0,0.0,0.0,0.0,28.61,800.0,28.62,7900.0,28.64,100.0,28.65,700.0,28.66,2200.0,0.0,0.0,0.0,0.0,0.0,0.0,0.0,0.0,0.0,0.0,26.62,31.38,80900.0,118900.0,0.0
2021-11-30 09:33:03,300557.SZ,28.14,28.18,28.69,28.18,28.65,37800.0,1076513.0,162.0,28.65,700.0,28.61,1500.0,28.6,3500.0,28.52,7400.0,28.51,2300.0,0.0,0.0,0.0,0.0,0.0,0.0,0.0,0.0,0.0,0.0,28.69,800.0,28.7,2200.0,28.78,2400.0,28.79,300.0,28.8,100.0,0.0,0.0,0.0,0.0,0.0,0.0,0.0,0.0,0.0,0.0,26.69,31.69,83400.0,107100.0,0.0
2021-11-30 09:33:06,300557.SZ,28.14,28.18,28.69,28.18,28.69,37900.0,1079382.0,163.0,28.66,1500.0,28.65,100.0,28.61,2000.0,28.6,4000.0,28.52,7400.0,0.0,0.0,0.0,0.0,0.0,0.0,0.0,0.0,0.0,0.0,28.69,700.0,28.7,2200.0,28.78,2400.0,28.79,300.0,28.8,100.0,0.0,0.0,0.0,0.0,0.0,0.0,0.0,0.0,0.0,0.0,26.74,31.67,85700.0,107800.0,0.0
2021-11-30 09:33:09,300557.SZ,28.14,28.18,28.78,28.18,28.78,42300.0,1205677.0,177.0,28.7,200.0,28.69,600.0,28.66,1900.0,28.65,700.0,28.61,1900.0,0.0,0.0,0.0,0.0,0.0,0.0,0.0,0.0,0.0,0.0,28.78,2000.0,28.79,300.0,28.8,100.0,28.87,400.0,28.88,2000.0,0.0,0.0,0.0,0.0,0.0,0.0,0.0,0.0,0.0,0.0,26.77,31.74,87400.0,105500.0,0.0
2021-11-30 09:33:12,300557.SZ,28.14,28.18,28.78,28.18,28.78,42300.0,1205677.0,177.0,28.7,1000.0,28.69,1200.0,28.66,2000.0,28.65,500.0,28.61,1900.0,0.0,0.0,0.0,0.0,0.0,0.0,0.0,0.0,0.0,0.0,28.78,2000.0,28.79,300.0,28.8,100.0,28.87,400.0,28.88,2000.0,0.0,0.0,0.0,0.0,0.0,0.0,0.0,0.0,0.0,0.0,26.79,31.74,88200.0,105500.0,0.0
2021-11-30 09:33:15,300557.SZ,28.14,28.18,28.78,28.18,28.78,42600.0,1214311.0,179.0,28.71,1600.0,28.7,2200.0,28.69,2200.0,28.66,2000.0,28.65,500.0,0.0,0.0,0.0,0.0,0.0,0.0,0.0,0.0,0.0,0.0,28.78,1700.0,28.79,300.0,28.8,100.0,28.87,400.0,28.88,2000.0,0.0,0.0,0.0,0.0,0.0,0.0,0.0,0.0,0.0,0.0,26.86,31.74,91300.0,105200.0,0.0
2021-11-30 09:33:18,300557.SZ,28.14,28.18,28.78,28.18,28.78,43000.0,1225802.0,181.0,28.71,1500.0,28.7,2200.0,28.69,2200.0,28.66,2000.0,28.65,500.0,0.0,0.0,0.0,0.0,0.0,0.0,0.0,0.0,0.0,0.0,28.78,1600.0,28.79,300.0,28.8,100.0,28.87,400.0,28.88,2000.0,0.0,0.0,0.0,0.0,0.0,0.0,0.0,0.0,0.0,0.0,26.8,31.75,88200.0,105100.0,0.0
2021-11-30 09:33:21,300557.SZ,28.14,28.18,28.78,28.18,28.78,44600.0,1271850.0,184.0,28.78,100.0,28.72,1400.0,28.71,600.0,28.7,1000.0,28.69,2200.0,0.0,0.0,0.0,0.0,0.0,0.0,0.0,0.0,0.0,0.0,28.79,300.0,28.8,100.0,28.87,400.0,28.88,2000.0,28.96,1800.0,0.0,0.0,0.0,0.0,0.0,0.0,0.0,0.0,0.0,0.0,26.78,31.79,77800.0,103500.0,0.0
2021-11-30 09:33:24,300557.SZ,28.14,28.18,28.78,28.18,28.78,44600.0,1271850.0,184.0,28.78,200.0,28.72,1400.0,28.71,600.0,28.7,900.0,28.69,2200.0,0.0,0.0,0.0,0.0,0.0,0.0,0.0,0.0,0.0,0.0,28.79,300.0,28.8,100.0,28.87,400.0,28.88,2000.0,28.96,1800.0,0.0,0.0,0.0,0.0,0.0,0.0,0.0,0.0,0.0,0.0,26.74,31.79,76100.0,103500.0,0.0
2021-11-30 09:33:27,300557.SZ,28.14,28.18,28.78,28.18,28.78,44700.0,1274728.0,185.0,28.78,100.0,28.72,1400.0,28.71,600.0,28.7,900.0,28.69,2200.0,0.0,0.0,0.0,0.0,0.0,0.0,0.0,0.0,0.0,0.0,28.79,300.0,28.8,100.0,28.87,400.0,28.88,2000.0,28.96,1800.0,0.0,0.0,0.0,0.0,0.0,0.0,0.0,0.0,0.0,0.0,26.8,31.79,73800.0,103500.0,0.0
2021-11-30 09:33:30,300557.SZ,28.14,28.18,28.78,28.18,28.72,45600.0,1300606.0,189.0,28.72,700.0,28.71,600.0,28.7,900.0,28.69,1700.0,28.66,500.0,0.0,0.0,0.0,0.0,0.0,0.0,0.0,0.0,0.0,0.0,28.78,100.0,28.79,300.0,28.8,100.0,28.87,400.0,28.88,2000.0,0.0,0.0,0.0,0.0,0.0,0.0,0.0,0.0,0.0,0.0,26.77,31.79,72400.0,103600.0,0.0
2021-11-30 09:33:33,300557.SZ,28.14,28.18,28.78,28.18,28.78,45700.0,1303484.0,190.0,28.72,800.0,28.71,400.0,28.7,700.0,28.69,1000.0,28.66,300.0,0.0,0.0,0.0,0.0,0.0,0.0,0.0,0.0,0.0,0.0,28.79,300.0,28.8,100.0,28.87,400.0,28.88,2000.0,28.96,1800.0,0.0,0.0,0.0,0.0,0.0,0.0,0.0,0.0,0.0,0.0,26.7,31.79,69600.0,103500.0,0.0
2021-11-30 09:33:36,300557.SZ,28.14,28.18,28.78,28.18,28.72,47500.0,1355180.0,199.0,28.71,200.0,28.7,500.0,28.69,1000.0,28.66,200.0,28.65,300.0,0.0,0.0,0.0,0.0,0.0,0.0,0.0,0.0,0.0,0.0,28.72,900.0,28.79,300.0,28.8,100.0,28.87,400.0,28.88,2000.0,0.0,0.0,0.0,0.0,0.0,0.0,0.0,0.0,0.0,0.0,26.64,31.77,66900.0,104400.0,0.0
2021-11-30 09:33:39,300557.SZ,28.14,28.18,28.78,28.18,28.72,48400.0,1381028.0,202.0,28.71,2100.0,28.7,500.0,28.69,1000.0,28.66,200.0,28.65,300.0,0.0,0.0,0.0,0.0,0.0,0.0,0.0,0.0,0.0,0.0,28.79,300.0,28.8,100.0,28.87,700.0,28.88,2000.0,28.96,1800.0,0.0,0.0,0.0,0.0,0.0,0.0,0.0,0.0,0.0,0.0,26.69,31.78,68800.0,103800.0,0.0
2021-11-30 09:33:42,300557.SZ,28.14,28.18,28.8,28.18,28.8,48800.0,1392545.0,204.0,28.71,2600.0,28.7,500.0,28.69,1000.0,28.66,200.0,28.65,300.0,0.0,0.0,0.0,0.0,0.0,0.0,0.0,0.0,0.0,0.0,28.83,500.0,28.87,700.0,28.88,2000.0,28.96,1800.0,28.98,1300.0,0.0,0.0,0.0,0.0,0.0,0.0,0.0,0.0,0.0,0.0,26.71,31.77,69300.0,104500.0,0.0
2021-11-30 09:33:45,300557.SZ,28.14,28.18,28.8,28.18,28.8,48800.0,1392545.0,204.0,28.71,3100.0,28.7,500.0,28.69,1000.0,28.66,200.0,28.65,300.0,0.0,0.0,0.0,0.0,0.0,0.0,0.0,0.0,0.0,0.0,28.78,300.0,28.83,500.0,28.87,700.0,28.88,2000.0,28.96,1800.0,0.0,0.0,0.0,0.0,0.0,0.0,0.0,0.0,0.0,0.0,26.72,31.76,69800.0,104800.0,0.0
2021-11-30 09:33:48,300557.SZ,28.14,28.18,28.8,28.18,28.8,48800.0,1392545.0,204.0,28.71,3300.0,28.7,500.0,28.69,1000.0,28.66,200.0,28.65,300.0,0.0,0.0,0.0,0.0,0.0,0.0,0.0,0.0,0.0,0.0,28.78,300.0,28.83,500.0,28.87,700.0,28.88,2000.0,28.96,1800.0,0.0,0.0,0.0,0.0,0.0,0.0,0.0,0.0,0.0,0.0,26.73,31.76,70000.0,104800.0,0.0
2021-11-30 09:33:51,300557.SZ,28.14,28.18,28.8,28.18,28.78,49100.0,1401179.0,205.0,28.78,4800.0,28.71,3700.0,28.7,500.0,28.69,1000.0,28.66,200.0,0.0,0.0,0.0,0.0,0.0,0.0,0.0,0.0,0.0,0.0,28.83,500.0,28.87,700.0,28.88,2000.0,28.94,500.0,28.96,1800.0,0.0,0.0,0.0,0.0,0.0,0.0,0.0,0.0,0.0,0.0,26.87,31.75,75200.0,105000.0,0.0
2021-11-30 09:33:54,300557.SZ,28.14,28.18,28.8,28.18,28.78,49100.0,1401179.0,205.0,28.78,5100.0,28.75,700.0,28.72,400.0,28.71,3800.0,28.7,500.0,0.0,0.0,0.0,0.0,0.0,0.0,0.0,0.0,0.0,0.0,28.83,500.0,28.86,1800.0,28.87,700.0,28.88,2000.0,28.94,500.0,0.0,0.0,0.0,0.0,0.0,0.0,0.0,0.0,0.0,0.0,26.91,31.7,76700.0,106800.0,0.0
2021-11-30 09:33:57,300557.SZ,28.14,28.18,28.8,28.18,28.78,49100.0,1401179.0,205.0,28.78,5200.0,28.75,700.0,28.72,400.0,28.71,3800.0,28.7,500.0,0.0,0.0,0.0,0.0,0.0,0.0,0.0,0.0,0.0,0.0,28.82,1000.0,28.83,500.0,28.86,1800.0,28.87,700.0,28.88,2000.0,0.0,0.0,0.0,0.0,0.0,0.0,0.0,0.0,0.0,0.0,26.89,31.68,76100.0,107800.0,0.0
2021-11-30 09:34:00,300557.SZ,28.14,28.18,28.8,28.18,28.78,49300.0,1406935.0,206.0,28.78,5000.0,28.75,700.0,28.72,400.0,28.71,3700.0,28.7,500.0,0.0,0.0,0.0,0.0,0.0,0.0,0.0,0.0,0.0,0.0,28.82,1000.0,28.83,500.0,28.86,1800.0,28.87,700.0,28.88,2000.0,0.0,0.0,0.0,0.0,0.0,0.0,0.0,0.0,0.0,0.0,26.89,31.66,75800.0,108300.0,0.0
2021-11-30 09:34:03,300557.SZ,28.14,28.18,28.8,28.18,28.78,51700.0,1476007.0,208.0,28.78,2700.0,28.75,700.0,28.72,400.0,28.71,3200.0,28.7,500.0,0.0,0.0,0.0,0.0,0.0,0.0,0.0,0.0,0.0,0.0,28.81,1800.0,28.82,1000.0,28.83,500.0,28.86,1800.0,28.87,300.0,0.0,0.0,0.0,0.0,0.0,0.0,0.0,0.0,0.0,0.0,26.81,31.64,73000.0,110300.0,0.0
2021-11-30 09:34:06,300557.SZ,28.14,28.18,28.81,28.18,28.78,55900.0,1596916.0,216.0,28.75,700.0,28.72,400.0,28.71,2900.0,28.7,500.0,28.69,1000.0,0.0,0.0,0.0,0.0,0.0,0.0,0.0,0.0,0.0,0.0,28.78,1900.0,28.8,300.0,28.81,700.0,28.82,1000.0,28.83,500.0,0.0,0.0,0.0,0.0,0.0,0.0,0.0,0.0,0.0,0.0,26.73,31.61,70000.0,111400.0,0.0
2021-11-30 09:34:09,300557.SZ,28.14,28.18,28.81,28.18,28.78,56200.0,1605550.0,218.0,28.75,700.0,28.72,400.0,28.71,2700.0,28.7,200.0,28.69,1000.0,0.0,0.0,0.0,0.0,0.0,0.0,0.0,0.0,0.0,0.0,28.77,500.0,28.78,1900.0,28.8,300.0,28.81,1000.0,28.82,1000.0,0.0,0.0,0.0,0.0,0.0,0.0,0.0,0.0,0.0,0.0,26.72,31.58,69500.0,112600.0,0.0
2021-11-30 09:34:12,300557.SZ,28.14,28.18,28.81,28.18,28.78,56200.0,1605550.0,218.0,28.75,2000.0,28.72,400.0,28.71,2400.0,28.7,200.0,28.69,1000.0,0.0,0.0,0.0,0.0,0.0,0.0,0.0,0.0,0.0,0.0,28.77,500.0,28.78,1900.0,28.8,300.0,28.81,1000.0,28.82,1000.0,0.0,0.0,0.0,0.0,0.0,0.0,0.0,0.0,0.0,0.0,26.76,31.59,70100.0,114800.0,0.0
2021-11-30 09:34:15,300557.SZ,28.14,28.18,28.81,28.18,28.78,56200.0,1605550.0,218.0,28.75,2200.0,28.72,400.0,28.71,2300.0,28.7,200.0,28.69,1000.0,0.0,0.0,0.0,0.0,0.0,0.0,0.0,0.0,0.0,0.0,28.77,500.0,28.78,1900.0,28.8,300.0,28.81,1000.0,28.83,500.0,0.0,0.0,0.0,0.0,0.0,0.0,0.0,0.0,0.0,0.0,26.76,31.58,70200.0,112000.0,0.0
2021-11-30 09:34:18,300557.SZ,28.14,28.18,28.81,28.18,28.77,56700.0,1619935.0,221.0,28.77,1100.0,28.75,2500.0,28.72,400.0,28.71,2300.0,28.7,200.0,0.0,0.0,0.0,0.0,0.0,0.0,0.0,0.0,0.0,0.0,28.78,1900.0,28.8,500.0,28.81,300.0,28.83,500.0,28.86,1800.0,0.0,0.0,0.0,0.0,0.0,0.0,0.0,0.0,0.0,0.0,26.79,31.61,71200.0,110900.0,0.0
2021-11-30 09:34:21,300557.SZ,28.14,28.18,28.81,28.18,28.78,57000.0,1628569.0,223.0,28.77,1300.0,28.75,2500.0,28.72,400.0,28.71,2300.0,28.7,200.0,0.0,0.0,0.0,0.0,0.0,0.0,0.0,0.0,0.0,0.0,28.78,1600.0,28.8,200.0,28.81,300.0,28.83,500.0,28.86,1800.0,0.0,0.0,0.0,0.0,0.0,0.0,0.0,0.0,0.0,0.0,26.8,31.62,71400.0,110300.0,0.0
2021-11-30 09:34:24,300557.SZ,28.14,28.18,28.81,28.18,28.78,58600.0,1674617.0,230.0,28.79,100.0,28.78,400.0,28.77,1300.0,28.75,2500.0,28.71,2300.0,0.0,0.0,0.0,0.0,0.0,0.0,0.0,0.0,0.0,0.0,28.8,200.0,28.81,300.0,28.83,500.0,28.85,400.0,28.86,1800.0,0.0,0.0,0.0,0.0,0.0,0.0,0.0,0.0,0.0,0.0,26.8,31.65,71500.0,109100.0,0.0
2021-11-30 09:34:27,300557.SZ,28.14,28.18,28.81,28.18,28.8,58700.0,1677497.0,231.0,28.78,300.0,28.77,1300.0,28.75,2500.0,28.71,2300.0,28.7,200.0,0.0,0.0,0.0,0.0,0.0,0.0,0.0,0.0,0.0,0.0,28.8,100.0,28.81,300.0,28.83,500.0,28.85,400.0,28.86,1800.0,0.0,0.0,0.0,0.0,0.0,0.0,0.0,0.0,0.0,0.0,26.8,31.64,71300.0,109700.0,0.0
2021-11-30 09:34:30,300557.SZ,28.14,28.18,28.81,28.18,28.8,58800.0,1680377.0,232.0,28.78,1000.0,28.77,1300.0,28.75,2400.0,28.71,2300.0,28.7,200.0,0.0,0.0,0.0,0.0,0.0,0.0,0.0,0.0,0.0,0.0,28.81,300.0,28.83,500.0,28.85,400.0,28.86,1800.0,28.87,1000.0,0.0,0.0,0.0,0.0,0.0,0.0,0.0,0.0,0.0,0.0,26.81,31.6,71900.0,111200.0,0.0
2021-11-30 09:34:33,300557.SZ,28.14,28.18,28.81,28.18,28.78,59300.0,1694767.0,234.0,28.78,600.0,28.77,1300.0,28.75,1400.0,28.71,2300.0,28.7,200.0,0.0,0.0,0.0,0.0,0.0,0.0,0.0,0.0,0.0,0.0,28.81,300.0,28.83,500.0,28.84,1000.0,28.85,400.0,28.86,1800.0,0.0,0.0,0.0,0.0,0.0,0.0,0.0,0.0,0.0,0.0,26.77,31.57,70500.0,112500.0,0.0
2021-11-30 09:34:36,300557.SZ,28.14,28.18,28.81,28.18,28.78,59300.0,1694767.0,234.0,28.78,700.0,28.77,1300.0,28.75,1100.0,28.71,2300.0,28.7,200.0,0.0,0.0,0.0,0.0,0.0,0.0,0.0,0.0,0.0,0.0,28.81,300.0,28.83,500.0,28.84,1000.0,28.85,2400.0,28.86,1800.0,0.0,0.0,0.0,0.0,0.0,0.0,0.0,0.0,0.0,0.0,26.78,31.52,71100.0,114500.0,0.0
2021-11-30 09:34:39,300557.SZ,28.14,28.18,28.81,28.18,28.78,59300.0,1694767.0,234.0,28.78,700.0,28.77,400.0,28.75,900.0,28.71,2300.0,28.7,200.0,0.0,0.0,0.0,0.0,0.0,0.0,0.0,0.0,0.0,0.0,28.81,300.0,28.83,500.0,28.84,1000.0,28.85,2400.0,28.86,1800.0,0.0,0.0,0.0,0.0,0.0,0.0,0.0,0.0,0.0,0.0,26.76,31.55,70400.0,116500.0,0.0
2021-11-30 09:34:42,300557.SZ,28.14,28.18,28.81,28.18,28.78,59500.0,1700523.0,235.0,28.78,500.0,28.77,200.0,28.75,900.0,28.71,1900.0,28.7,200.0,0.0,0.0,0.0,0.0,0.0,0.0,0.0,0.0,0.0,0.0,28.8,300.0,28.81,300.0,28.83,500.0,28.84,1000.0,28.85,2400.0,0.0,0.0,0.0,0.0,0.0,0.0,0.0,0.0,0.0,0.0,26.74,31.54,69600.0,116800.0,0.0
2021-11-30 09:34:45,300557.SZ,28.14,28.18,28.81,28.18,28.81,61400.0,1755259.0,240.0,28.81,1900.0,28.78,600.0,28.77,200.0,28.75,900.0,28.71,1900.0,0.0,0.0,0.0,0.0,0.0,0.0,0.0,0.0,0.0,0.0,28.83,500.0,28.84,1000.0,28.85,2400.0,28.86,1800.0,28.87,1000.0,0.0,0.0,0.0,0.0,0.0,0.0,0.0,0.0,0.0,0.0,26.8,31.56,71600.0,116200.0,0.0
2021-11-30 09:34:48,300557.SZ,28.14,28.18,28.81,28.18,28.81,61400.0,1755259.0,240.0,28.81,1900.0,28.78,600.0,28.77,200.0,28.75,900.0,28.71,1900.0,0.0,0.0,0.0,0.0,0.0,0.0,0.0,0.0,0.0,0.0,28.82,1000.0,28.83,500.0,28.84,1000.0,28.85,2400.0,28.86,1800.0,0.0,0.0,0.0,0.0,0.0,0.0,0.0,0.0,0.0,0.0,26.8,31.53,71600.0,117400.0,0.0
2021-11-30 09:34:51,300557.SZ,28.14,28.18,28.81,28.18,28.81,61400.0,1755259.0,240.0,28.81,1900.0,28.78,600.0,28.77,200.0,28.75,900.0,28.71,1800.0,0.0,0.0,0.0,0.0,0.0,0.0,0.0,0.0,0.0,0.0,28.82,1000.0,28.83,700.0,28.84,1000.0,28.85,2400.0,28.86,1800.0,0.0,0.0,0.0,0.0,0.0,0.0,0.0,0.0,0.0,0.0,26.79,31.53,71500.0,117800.0,0.0
2021-11-30 09:34:54,300557.SZ,28.14,28.18,28.81,28.18,28.81,61700.0,1763902.0,241.0,28.81,1600.0,28.78,600.0,28.77,200.0,28.75,900.0,28.71,1800.0,0.0,0.0,0.0,0.0,0.0,0.0,0.0,0.0,0.0,0.0,28.82,1000.0,28.83,700.0,28.84,1000.0,28.85,2400.0,28.86,1800.0,0.0,0.0,0.0,0.0,0.0,0.0,0.0,0.0,0.0,0.0,26.78,31.53,71200.0,117800.0,0.0
2021-11-30 09:34:57,300557.SZ,28.14,28.18,28.82,28.18,28.82,63100.0,1804240.0,244.0,28.81,600.0,28.78,600.0,28.77,200.0,28.75,900.0,28.71,1800.0,0.0,0.0,0.0,0.0,0.0,0.0,0.0,0.0,0.0,0.0,28.82,600.0,28.83,700.0,28.84,1000.0,28.85,2400.0,28.87,1000.0,0.0,0.0,0.0,0.0,0.0,0.0,0.0,0.0,0.0,0.0,26.76,31.58,70200.0,115600.0,0.0
2021-11-30 09:35:00,300557.SZ,28.14,28.18,28.82,28.18,28.82,63700.0,1821532.0,245.0,28.82,1000.0,28.81,600.0,28.78,600.0,28.77,200.0,28.75,900.0,0.0,0.0,0.0,0.0,0.0,0.0,0.0,0.0,0.0,0.0,28.83,1000.0,28.84,1000.0,28.85,2400.0,28.87,1000.0,28.88,2400.0,0.0,0.0,0.0,0.0,0.0,0.0,0.0,0.0,0.0,0.0,26.78,31.58,71200.0,115400.0,0.0
2021-11-30 09:35:03,300557.SZ,28.14,28.18,28.82,28.18,28.81,66900.0,1913744.0,250.0,28.78,600.0,28.75,900.0,28.71,1800.0,28.7,200.0,28.69,1000.0,0.0,0.0,0.0,0.0,0.0,0.0,0.0,0.0,0.0,0.0,28.81,100.0,28.83,1000.0,28.84,1000.0,28.85,2400.0,28.87,1000.0,0.0,0.0,0.0,0.0,0.0,0.0,0.0,0.0,0.0,0.0,26.73,31.58,69400.0,115600.0,0.0
2021-11-30 09:35:06,300557.SZ,28.14,28.18,28.83,28.18,28.83,67800.0,1939689.0,254.0,28.82,4700.0,28.78,400.0,28.75,900.0,28.71,1800.0,28.7,200.0,0.0,0.0,0.0,0.0,0.0,0.0,0.0,0.0,0.0,0.0,28.83,200.0,28.84,1000.0,28.85,2400.0,28.87,1000.0,28.88,2400.0,0.0,0.0,0.0,0.0,0.0,0.0,0.0,0.0,0.0,0.0,26.83,31.6,72900.0,114700.0,0.0
2021-11-30 09:35:09,300557.SZ,28.14,28.18,28.85,28.18,28.85,69100.0,1977180.0,258.0,28.83,200.0,28.82,4600.0,28.81,100.0,28.78,800.0,28.75,900.0,0.0,0.0,0.0,0.0,0.0,0.0,0.0,0.0,0.0,0.0,28.85,2300.0,28.87,1000.0,28.88,2400.0,28.94,500.0,28.96,1800.0,0.0,0.0,0.0,0.0,0.0,0.0,0.0,0.0,0.0,0.0,26.85,31.63,73500.0,113400.0,0.0
2021-11-30 09:35:12,300557.SZ,28.14,28.18,28.88,28.18,28.88,74800.0,2141717.0,274.0,28.89,100.0,28.88,1800.0,28.87,200.0,28.86,2300.0,28.85,1800.0,0.0,0.0,0.0,0.0,0.0,0.0,0.0,0.0,0.0,0.0,28.94,500.0,28.96,1800.0,28.97,800.0,28.98,1500.0,28.99,1200.0,0.0,0.0,0.0,0.0,0.0,0.0,0.0,0.0,0.0,0.0,27.02,31.78,80300.0,107700.0,0.0
2021-11-30 09:35:15,300557.SZ,28.14,28.18,28.94,28.18,28.89,75000.0,2147500.0,276.0,28.89,1500.0,28.88,2300.0,28.87,200.0,28.86,1000.0,28.85,2000.0,0.0,0.0,0.0,0.0,0.0,0.0,0.0,0.0,0.0,0.0,28.94,400.0,28.96,1800.0,28.97,800.0,28.98,1500.0,28.99,1200.0,0.0,0.0,0.0,0.0,0.0,0.0,0.0,0.0,0.0,0.0,27.06,31.78,82000.0,107600.0,0.0
2021-11-30 09:35:18,300557.SZ,28.14,28.18,28.94,28.18,28.85,80400.0,2303472.0,291.0,28.85,2300.0,28.84,700.0,28.82,2300.0,28.81,100.0,28.78,800.0,0.0,0.0,0.0,0.0,0.0,0.0,0.0,0.0,0.0,0.0,28.96,1800.0,28.97,800.0,28.98,1500.0,28.99,1200.0,29.0,1800.0,0.0,0.0,0.0,0.0,0.0,0.0,0.0,0.0,0.0,0.0,26.86,31.79,73900.0,107200.0,0.0
2021-11-30 09:35:21,300557.SZ,28.14,28.18,28.94,28.18,28.85,80400.0,2303472.0,291.0,28.86,1200.0,28.85,2800.0,28.84,700.0,28.82,2300.0,28.81,100.0,0.0,0.0,0.0,0.0,0.0,0.0,0.0,0.0,0.0,0.0,28.89,300.0,28.96,1800.0,28.97,800.0,28.98,1500.0,28.99,1200.0,0.0,0.0,0.0,0.0,0.0,0.0,0.0,0.0,0.0,0.0,26.91,31.78,75800.0,107500.0,0.0
2021-11-30 09:35:24,300557.SZ,28.14,28.18,28.96,28.18,28.92,83500.0,2393207.0,305.0,28.92,1200.0,28.91,100.0,28.89,2700.0,28.85,2900.0,28.84,700.0,0.0,0.0,0.0,0.0,0.0,0.0,0.0,0.0,0.0,0.0,28.96,300.0,28.97,800.0,28.98,1500.0,28.99,1200.0,29.0,1800.0,0.0,0.0,0.0,0.0,0.0,0.0,0.0,0.0,0.0,0.0,26.95,31.79,76900.0,108700.0,0.0
2021-11-30 09:35:27,300557.SZ,28.14,28.18,28.96,28.18,28.96,83600.0,2396103.0,306.0,28.93,1100.0,28.92,200.0,28.91,100.0,28.89,2700.0,28.85,2900.0,0.0,0.0,0.0,0.0,0.0,0.0,0.0,0.0,0.0,0.0,28.96,200.0,28.97,800.0,28.98,1500.0,28.99,1200.0,29.0,1800.0,0.0,0.0,0.0,0.0,0.0,0.0,0.0,0.0,0.0,0.0,26.9,31.77,75000.0,110100.0,0.0
2021-11-30 09:35:30,300557.SZ,28.14,28.18,28.96,28.18,28.96,87000.0,2494567.0,312.0,28.93,1100.0,28.92,200.0,28.91,100.0,28.89,2700.0,28.85,2900.0,0.0,0.0,0.0,0.0,0.0,0.0,0.0,0.0,0.0,0.0,28.96,200.0,28.97,800.0,28.98,1500.0,28.99,1200.0,29.0,1800.0,0.0,0.0,0.0,0.0,0.0,0.0,0.0,0.0,0.0,0.0,26.89,32.07,74600.0,135700.0,0.0
2021-11-30 09:35:33,300557.SZ,28.14,28.18,28.96,28.18,28.96,87000.0,2494567.0,312.0,28.93,1100.0,28.92,200.0,28.91,100.0,28.89,2700.0,28.85,1800.0,0.0,0.0,0.0,0.0,0.0,0.0,0.0,0.0,0.0,0.0,28.96,200.0,28.97,800.0,28.98,1500.0,28.99,1200.0,29.0,1800.0,0.0,0.0,0.0,0.0,0.0,0.0,0.0,0.0,0.0,0.0,26.86,32.07,73500.0,135800.0,0.0
2021-11-30 09:35:36,300557.SZ,28.14,28.18,28.96,28.18,28.95,87600.0,2511937.0,315.0,28.93,1100.0,28.92,200.0,28.91,100.0,28.89,2700.0,28.85,1600.0,0.0,0.0,0.0,0.0,0.0,0.0,0.0,0.0,0.0,0.0,28.95,600.0,28.96,2700.0,28.97,800.0,28.98,1500.0,28.99,1200.0,0.0,0.0,0.0,0.0,0.0,0.0,0.0,0.0,0.0,0.0,26.86,32.01,73300.0,138300.0,0.0
2021-11-30 09:35:39,300557.SZ,28.14,28.18,28.96,28.18,28.95,87600.0,2511937.0,315.0,28.93,100.0,28.92,100.0,28.91,100.0,28.89,2700.0,28.85,1600.0,0.0,0.0,0.0,0.0,0.0,0.0,0.0,0.0,0.0,0.0,28.95,600.0,28.96,5500.0,28.97,1000.0,28.98,1500.0,28.99,1200.0,0.0,0.0,0.0,0.0,0.0,0.0,0.0,0.0,0.0,0.0,26.82,31.95,72200.0,141300.0,0.0
2021-11-30 09:35:42,300557.SZ,28.14,28.18,28.96,28.18,28.92,89900.0,2578528.0,322.0,28.92,900.0,28.91,100.0,28.89,2700.0,28.85,1400.0,28.82,1000.0,0.0,0.0,0.0,0.0,0.0,0.0,0.0,0.0,0.0,0.0,28.96,4100.0,28.97,1000.0,28.98,1500.0,28.99,1200.0,29.0,1800.0,0.0,0.0,0.0,0.0,0.0,0.0,0.0,0.0,0.0,0.0,26.82,31.96,72000.0,140800.0,0.0
2021-11-30 09:35:45,300557.SZ,28.14,28.18,28.96,28.18,28.92,90800.0,2604571.0,325.0,28.92,500.0,28.91,100.0,28.89,2700.0,28.85,1300.0,28.82,1000.0,0.0,0.0,0.0,0.0,0.0,0.0,0.0,0.0,0.0,0.0,28.96,4100.0,28.97,1700.0,28.98,1500.0,28.99,1200.0,29.0,1800.0,0.0,0.0,0.0,0.0,0.0,0.0,0.0,0.0,0.0,0.0,26.8,31.95,71500.0,141500.0,0.0
2021-11-30 09:35:48,300557.SZ,28.14,28.18,28.96,28.18,28.95,92500.0,2653786.0,328.0,28.92,600.0,28.91,100.0,28.89,2700.0,28.85,1300.0,28.82,1000.0,0.0,0.0,0.0,0.0,0.0,0.0,0.0,0.0,0.0,0.0,28.95,1700.0,28.96,4100.0,28.97,1500.0,28.98,1500.0,28.99,1200.0,0.0,0.0,0.0,0.0,0.0,0.0,0.0,0.0,0.0,0.0,26.81,31.9,71600.0,143600.0,0.0
2021-11-30 09:35:51,300557.SZ,28.14,28.18,28.96,28.18,28.95,92500.0,2653786.0,328.0,28.92,600.0,28.91,100.0,28.89,2700.0,28.85,1300.0,28.82,1000.0,0.0,0.0,0.0,0.0,0.0,0.0,0.0,0.0,0.0,0.0,28.95,2000.0,28.96,4100.0,28.97,1500.0,28.98,1500.0,28.99,1200.0,0.0,0.0,0.0,0.0,0.0,0.0,0.0,0.0,0.0,0.0,26.81,31.9,71600.0,146400.0,0.0
2021-11-30 09:35:54,300557.SZ,28.14,28.18,28.96,28.18,28.92,93100.0,2671138.0,330.0,28.89,2700.0,28.85,1300.0,28.82,1000.0,28.81,100.0,28.8,200.0,0.0,0.0,0.0,0.0,0.0,0.0,0.0,0.0,0.0,0.0,28.95,600.0,28.96,4100.0,28.97,1500.0,28.98,1500.0,28.99,1200.0,0.0,0.0,0.0,0.0,0.0,0.0,0.0,0.0,0.0,0.0,26.79,31.93,70900.0,145000.0,0.0
2021-11-30 09:35:57,300557.SZ,28.14,28.18,28.96,28.18,28.82,98100.0,2815466.0,334.0,28.89,100.0,28.82,900.0,28.81,200.0,28.8,200.0,28.78,400.0,0.0,0.0,0.0,0.0,0.0,0.0,0.0,0.0,0.0,0.0,28.92,100.0,28.95,700.0,28.96,4100.0,28.97,1500.0,28.98,1500.0,0.0,0.0,0.0,0.0,0.0,0.0,0.0,0.0,0.0,0.0,26.67,31.93,67000.0,145200.0,0.0
2021-11-30 09:36:00,300557.SZ,28.14,28.18,28.96,28.18,28.89,98200.0,2818355.0,335.0,28.82,900.0,28.81,200.0,28.8,200.0,28.78,400.0,28.75,200.0,0.0,0.0,0.0,0.0,0.0,0.0,0.0,0.0,0.0,0.0,28.92,1300.0,28.94,300.0,28.95,700.0,28.96,5100.0,28.97,1800.0,0.0,0.0,0.0,0.0,0.0,0.0,0.0,0.0,0.0,0.0,26.66,31.87,66900.0,148000.0,0.0
2021-11-30 09:36:03,300557.SZ,28.14,28.18,28.96,28.18,28.82,98300.0,2821237.0,336.0,28.82,800.0,28.81,200.0,28.8,200.0,28.78,400.0,28.75,200.0,0.0,0.0,0.0,0.0,0.0,0.0,0.0,0.0,0.0,0.0,28.92,1200.0,28.94,300.0,28.95,700.0,28.96,5100.0,28.97,1800.0,0.0,0.0,0.0,0.0,0.0,0.0,0.0,0.0,0.0,0.0,26.66,31.85,66800.0,149900.0,0.0
2021-11-30 09:36:06,300557.SZ,28.14,28.18,28.96,28.18,28.92,98700.0,2832805.0,337.0,28.84,1100.0,28.83,800.0,28.82,200.0,28.81,100.0,28.8,200.0,0.0,0.0,0.0,0.0,0.0,0.0,0.0,0.0,0.0,0.0,28.92,800.0,28.94,300.0,28.95,700.0,28.96,5100.0,28.97,1800.0,0.0,0.0,0.0,0.0,0.0,0.0,0.0,0.0,0.0,0.0,26.69,31.86,67900.0,149500.0,0.0
2021-11-30 09:36:09,300557.SZ,28.14,28.18,28.96,28.18,28.92,98700.0,2832805.0,337.0,28.84,100.0,28.83,800.0,28.82,200.0,28.81,100.0,28.8,200.0,0.0,0.0,0.0,0.0,0.0,0.0,0.0,0.0,0.0,0.0,28.85,2700.0,28.92,800.0,28.95,700.0,28.96,5100.0,28.97,1800.0,0.0,0.0,0.0,0.0,0.0,0.0,0.0,0.0,0.0,0.0,26.66,31.84,66900.0,154300.0,0.0
2021-11-30 09:36:12,300557.SZ,28.14,28.18,28.96,28.18,28.92,98700.0,2832805.0,337.0,28.84,100.0,28.83,800.0,28.82,200.0,28.81,100.0,28.8,200.0,0.0,0.0,0.0,0.0,0.0,0.0,0.0,0.0,0.0,0.0,28.85,2700.0,28.92,800.0,28.95,700.0,28.96,5100.0,28.97,1800.0,0.0,0.0,0.0,0.0,0.0,0.0,0.0,0.0,0.0,0.0,26.66,31.84,66900.0,154500.0,0.0
2021-11-30 09:36:15,300557.SZ,28.14,28.18,28.96,28.18,28.92,98700.0,2832805.0,337.0,28.83,700.0,28.82,200.0,28.81,100.0,28.8,200.0,28.78,300.0,0.0,0.0,0.0,0.0,0.0,0.0,0.0,0.0,0.0,0.0,28.85,2700.0,28.9,500.0,28.91,6800.0,28.92,800.0,28.95,700.0,0.0,0.0,0.0,0.0,0.0,0.0,0.0,0.0,0.0,0.0,26.66,31.71,66700.0,161900.0,0.0
2021-11-30 09:36:18,300557.SZ,28.14,28.18,28.96,28.18,28.82,100800.0,2893360.0,343.0,28.81,100.0,28.8,200.0,28.78,300.0,28.75,200.0,28.7,200.0,0.0,0.0,0.0,0.0,0.0,0.0,0.0,0.0,0.0,0.0,28.82,1200.0,28.85,2500.0,28.9,500.0,28.91,6800.0,28.92,800.0,0.0,0.0,0.0,0.0,0.0,0.0,0.0,0.0,0.0,0.0,26.63,31.67,65800.0,163900.0,0.0
2021-11-30 09:36:21,300557.SZ,28.14,28.18,28.96,28.18,28.82,101500.0,2913534.0,344.0,28.81,100.0,28.8,200.0,28.78,300.0,28.75,200.0,28.7,200.0,0.0,0.0,0.0,0.0,0.0,0.0,0.0,0.0,0.0,0.0,28.82,500.0,28.85,2500.0,28.9,500.0,28.91,6800.0,28.92,800.0,0.0,0.0,0.0,0.0,0.0,0.0,0.0,0.0,0.0,0.0,26.63,31.68,65800.0,163800.0,0.0
2021-11-30 09:36:24,300557.SZ,28.14,28.18,28.96,28.18,28.81,101600.0,2916415.0,345.0,28.81,100.0,28.8,200.0,28.78,300.0,28.75,200.0,28.7,200.0,0.0,0.0,0.0,0.0,0.0,0.0,0.0,0.0,0.0,0.0,28.82,500.0,28.85,2500.0,28.9,500.0,28.91,6800.0,28.92,800.0,0.0,0.0,0.0,0.0,0.0,0.0,0.0,0.0,0.0,0.0,26.63,31.66,65800.0,165000.0,0.0
2021-11-30 09:36:30,300557.SZ,28.14,28.18,28.96,28.18,28.81,101700.0,2919296.0,346.0,28.8,200.0,28.78,300.0,28.75,200.0,28.7,200.0,28.66,200.0,0.0,0.0,0.0,0.0,0.0,0.0,0.0,0.0,0.0,0.0,28.81,1900.0,28.82,500.0,28.85,2500.0,28.9,500.0,28.91,6800.0,0.0,0.0,0.0,0.0,0.0,0.0,0.0,0.0,0.0,0.0,26.62,31.63,65700.0,166400.0,0.0
2021-11-30 09:36:33,300557.SZ,28.14,28.18,28.96,28.18,28.8,102200.0,2933699.0,348.0,28.78,300.0,28.75,200.0,28.7,200.0,28.66,200.0,28.65,200.0,0.0,0.0,0.0,0.0,0.0,0.0,0.0,0.0,0.0,0.0,28.81,1600.0,28.82,500.0,28.85,2500.0,28.9,500.0,28.91,6800.0,0.0,0.0,0.0,0.0,0.0,0.0,0.0,0.0,0.0,0.0,26.62,31.64,65500.0,166100.0,0.0
2021-11-30 09:36:36,300557.SZ,28.14,28.18,28.96,28.18,28.9,107200.0,3077890.0,352.0,28.78,400.0,28.75,200.0,28.7,200.0,28.66,200.0,28.65,200.0,0.0,0.0,0.0,0.0,0.0,0.0,0.0,0.0,0.0,0.0,28.88,1000.0,28.9,100.0,28.92,800.0,28.94,700.0,28.95,2000.0,0.0,0.0,0.0,0.0,0.0,0.0,0.0,0.0,0.0,0.0,26.62,31.82,65600.0,156300.0,0.0
2021-11-30 09:36:39,300557.SZ,28.14,28.18,28.96,28.18,28.9,107200.0,3077890.0,352.0,28.78,400.0,28.75,200.0,28.71,1000.0,28.7,200.0,28.66,200.0,0.0,0.0,0.0,0.0,0.0,0.0,0.0,0.0,0.0,0.0,28.88,1000.0,28.9,100.0,28.92,800.0,28.94,700.0,28.95,2000.0,0.0,0.0,0.0,0.0,0.0,0.0,0.0,0.0,0.0,0.0,26.65,31.83,66600.0,155800.0,0.0
2021-11-30 09:36:42,300557.SZ,28.14,28.18,28.96,28.18,28.9,107200.0,3077890.0,352.0,28.78,500.0,28.75,200.0,28.71,1000.0,28.7,200.0,28.66,200.0,0.0,0.0,0.0,0.0,0.0,0.0,0.0,0.0,0.0,0.0,28.88,1000.0,28.9,100.0,28.92,800.0,28.94,700.0,28.95,2000.0,0.0,0.0,0.0,0.0,0.0,0.0,0.0,0.0,0.0,0.0,26.65,31.83,66700.0,155800.0,0.0
2021-11-30 09:36:45,300557.SZ,28.14,28.18,28.96,28.18,28.9,107200.0,3077890.0,352.0,28.78,1200.0,28.75,200.0,28.71,1000.0,28.7,200.0,28.66,200.0,0.0,0.0,0.0,0.0,0.0,0.0,0.0,0.0,0.0,0.0,28.88,1000.0,28.9,100.0,28.92,800.0,28.94,700.0,28.95,2000.0,0.0,0.0,0.0,0.0,0.0,0.0,0.0,0.0,0.0,0.0,26.68,31.83,67400.0,155800.0,0.0
2021-11-30 09:36:48,300557.SZ,28.14,28.18,28.96,28.18,28.9,107200.0,3077890.0,352.0,28.79,2300.0,28.78,1400.0,28.75,200.0,28.71,1000.0,28.7,200.0,0.0,0.0,0.0,0.0,0.0,0.0,0.0,0.0,0.0,0.0,28.83,300.0,28.88,1000.0,28.9,100.0,28.92,800.0,28.94,700.0,0.0,0.0,0.0,0.0,0.0,0.0,0.0,0.0,0.0,0.0,26.75,31.82,69900.0,156100.0,0.0
2021-11-30 09:36:51,300557.SZ,28.14,28.18,28.96,28.18,28.83,107400.0,3083656.0,354.0,28.79,2500.0,28.78,1900.0,28.75,200.0,28.71,1000.0,28.7,200.0,0.0,0.0,0.0,0.0,0.0,0.0,0.0,0.0,0.0,0.0,28.83,100.0,28.87,500.0,28.88,1000.0,28.9,3000.0,28.92,800.0,0.0,0.0,0.0,0.0,0.0,0.0,0.0,0.0,0.0,0.0,26.77,31.75,70600.0,160300.0,0.0
2021-11-30 09:36:54,300557.SZ,28.14,28.18,28.96,28.18,28.87,108000.0,3100974.0,356.0,28.83,800.0,28.79,3000.0,28.78,1900.0,28.75,200.0,28.71,1000.0,0.0,0.0,0.0,0.0,0.0,0.0,0.0,0.0,0.0,0.0,28.88,7200.0,28.9,3000.0,28.92,800.0,28.94,700.0,28.95,2000.0,0.0,0.0,0.0,0.0,0.0,0.0,0.0,0.0,0.0,0.0,26.81,31.65,71900.0,165900.0,0.0
2021-11-30 09:36:57,300557.SZ,28.14,28.18,28.96,28.18,28.88,110800.0,3181838.0,359.0,28.84,2000.0,28.83,1100.0,28.79,2800.0,28.78,1800.0,28.75,200.0,0.0,0.0,0.0,0.0,0.0,0.0,0.0,0.0,0.0,0.0,28.88,4400.0,28.9,3000.0,28.92,800.0,28.94,700.0,28.95,2000.0,0.0,0.0,0.0,0.0,0.0,0.0,0.0,0.0,0.0,0.0,26.88,31.7,70900.0,163100.0,0.0
2021-11-30 09:37:00,300557.SZ,28.14,28.18,28.96,28.18,28.88,111200.0,3193390.0,362.0,28.85,200.0,28.84,2100.0,28.83,5800.0,28.8,900.0,28.79,2800.0,0.0,0.0,0.0,0.0,0.0,0.0,0.0,0.0,0.0,0.0,28.88,4000.0,28.9,3000.0,28.92,800.0,28.94,700.0,28.95,2000.0,0.0,0.0,0.0,0.0,0.0,0.0,0.0,0.0,0.0,0.0,27.03,31.71,76800.0,162700.0,0.0
2021-11-30 09:37:03,300557.SZ,28.14,28.18,28.96,28.18,28.88,112000.0,3216494.0,365.0,28.85,200.0,28.84,2100.0,28.83,5800.0,28.8,1100.0,28.79,2800.0,0.0,0.0,0.0,0.0,0.0,0.0,0.0,0.0,0.0,0.0,28.88,3200.0,28.9,3000.0,28.92,800.0,28.94,1400.0,28.95,2000.0,0.0,0.0,0.0,0.0,0.0,0.0,0.0,0.0,0.0,0.0,27.03,31.71,76900.0,162600.0,0.0
2021-11-30 09:37:06,300557.SZ,28.14,28.18,28.96,28.18,28.88,114000.0,3274254.0,368.0,28.86,1500.0,28.85,100.0,28.84,2100.0,28.83,5800.0,28.8,1100.0,0.0,0.0,0.0,0.0,0.0,0.0,0.0,0.0,0.0,0.0,28.88,1700.0,28.9,3000.0,28.92,800.0,28.94,1400.0,28.95,2000.0,0.0,0.0,0.0,0.0,0.0,0.0,0.0,0.0,0.0,0.0,27.05,31.71,77700.0,163100.0,0.0
2021-11-30 09:37:09,300557.SZ,28.14,28.18,28.96,28.18,28.88,115600.0,3320462.0,374.0,28.86,1600.0,28.85,100.0,28.84,2100.0,28.83,4100.0,28.8,900.0,0.0,0.0,0.0,0.0,0.0,0.0,0.0,0.0,0.0,0.0,28.88,100.0,28.9,2500.0,28.92,800.0,28.94,1400.0,28.95,2000.0,0.0,0.0,0.0,0.0,0.0,0.0,0.0,0.0,0.0,0.0,26.98,31.75,74600.0,161000.0,0.0
2021-11-30 09:37:12,300557.SZ,28.14,28.18,28.96,28.18,28.86,116100.0,3334892.0,375.0,28.86,1100.0,28.85,100.0,28.84,2000.0,28.83,4100.0,28.8,900.0,0.0,0.0,0.0,0.0,0.0,0.0,0.0,0.0,0.0,0.0,28.88,100.0,28.9,2500.0,28.92,800.0,28.94,1400.0,28.95,2000.0,0.0,0.0,0.0,0.0,0.0,0.0,0.0,0.0,0.0,0.0,26.96,31.75,74000.0,161000.0,0.0
2021-11-30 09:37:15,300557.SZ,28.14,28.18,28.96,28.18,28.86,116100.0,3334892.0,375.0,28.86,1100.0,28.85,100.0,28.84,2000.0,28.83,4100.0,28.8,900.0,0.0,0.0,0.0,0.0,0.0,0.0,0.0,0.0,0.0,0.0,28.88,100.0,28.9,2500.0,28.92,800.0,28.94,1400.0,28.95,2000.0,0.0,0.0,0.0,0.0,0.0,0.0,0.0,0.0,0.0,0.0,26.96,31.75,74000.0,161100.0,0.0
2021-11-30 09:37:18,300557.SZ,28.14,28.18,28.96,28.18,28.86,119600.0,3435902.0,380.0,28.85,100.0,28.84,2000.0,28.8,900.0,28.79,2300.0,28.78,300.0,0.0,0.0,0.0,0.0,0.0,0.0,0.0,0.0,0.0,0.0,28.86,1500.0,28.88,100.0,28.9,2500.0,28.92,800.0,28.94,1400.0,0.0,0.0,0.0,0.0,0.0,0.0,0.0,0.0,0.0,0.0,26.82,31.72,68800.0,162800.0,0.0
2021-11-30 09:37:21,300557.SZ,28.14,28.18,28.96,28.18,28.9,123600.0,3551440.0,385.0,28.85,100.0,28.84,2000.0,28.8,900.0,28.79,2300.0,28.78,300.0,0.0,0.0,0.0,0.0,0.0,0.0,0.0,0.0,0.0,0.0,28.9,100.0,28.92,800.0,28.94,1400.0,28.95,2000.0,28.96,4100.0,0.0,0.0,0.0,0.0,0.0,0.0,0.0,0.0,0.0,0.0,26.82,31.79,68800.0,158800.0,0.0
2021-11-30 09:37:24,300557.SZ,28.14,28.18,28.96,28.18,28.9,123600.0,3551440.0,385.0,28.85,100.0,28.84,2000.0,28.8,900.0,28.79,2300.0,28.78,300.0,0.0,0.0,0.0,0.0,0.0,0.0,0.0,0.0,0.0,0.0,28.9,100.0,28.92,800.0,28.94,1400.0,28.95,2000.0,28.96,4100.0,0.0,0.0,0.0,0.0,0.0,0.0,0.0,0.0,0.0,0.0,26.82,31.79,68800.0,159000.0,0.0
2021-11-30 09:37:33,300557.SZ,28.14,28.18,28.96,28.18,28.9,123600.0,3551440.0,385.0,28.86,100.0,28.85,100.0,28.84,2000.0,28.8,900.0,28.79,2300.0,0.0,0.0,0.0,0.0,0.0,0.0,0.0,0.0,0.0,0.0,28.9,100.0,28.92,800.0,28.94,1400.0,28.95,2000.0,28.96,4100.0,0.0,0.0,0.0,0.0,0.0,0.0,0.0,0.0,0.0,0.0,26.83,31.78,68900.0,160000.0,0.0
2021-11-30 09:37:36,300557.SZ,28.14,28.18,28.96,28.18,28.9,123600.0,3551440.0,385.0,28.88,100.0,28.87,1700.0,28.85,100.0,28.84,2000.0,28.8,900.0,0.0,0.0,0.0,0.0,0.0,0.0,0.0,0.0,0.0,0.0,28.9,100.0,28.92,800.0,28.94,1400.0,28.95,2000.0,28.96,4100.0,0.0,0.0,0.0,0.0,0.0,0.0,0.0,0.0,0.0,0.0,26.88,31.78,70600.0,160000.0,0.0
2021-11-30 09:37:39,300557.SZ,28.14,28.18,28.96,28.18,28.91,123900.0,3560113.0,388.0,28.9,4100.0,28.87,1700.0,28.84,2000.0,28.8,900.0,28.79,2300.0,0.0,0.0,0.0,0.0,0.0,0.0,0.0,0.0,0.0,0.0,28.91,400.0,28.92,700.0,28.94,1400.0,28.95,2000.0,28.96,4100.0,0.0,0.0,0.0,0.0,0.0,0.0,0.0,0.0,0.0,0.0,26.98,31.77,74500.0,160200.0,0.0
2021-11-30 09:37:42,300557.SZ,28.14,28.18,28.96,28.18,28.9,124900.0,3589013.0,390.0,28.9,4800.0,28.84,2000.0,28.8,900.0,28.79,2300.0,28.78,300.0,0.0,0.0,0.0,0.0,0.0,0.0,0.0,0.0,0.0,0.0,28.91,400.0,28.92,700.0,28.94,1400.0,28.95,2000.0,28.96,4100.0,0.0,0.0,0.0,0.0,0.0,0.0,0.0,0.0,0.0,0.0,26.96,31.77,73500.0,160700.0,0.0
2021-11-30 09:37:45,300557.SZ,28.14,28.18,28.96,28.18,28.9,125100.0,3594793.0,391.0,28.9,4600.0,28.84,2000.0,28.8,900.0,28.79,2300.0,28.78,300.0,0.0,0.0,0.0,0.0,0.0,0.0,0.0,0.0,0.0,0.0,28.91,400.0,28.92,700.0,28.94,1400.0,28.95,2000.0,28.96,4100.0,0.0,0.0,0.0,0.0,0.0,0.0,0.0,0.0,0.0,0.0,27.0,31.77,71700.0,160700.0,0.0
2021-11-30 09:37:48,300557.SZ,28.14,28.18,28.96,28.18,28.9,126100.0,3623693.0,392.0,28.9,3600.0,28.84,2000.0,28.8,900.0,28.79,2300.0,28.78,300.0,0.0,0.0,0.0,0.0,0.0,0.0,0.0,0.0,0.0,0.0,28.91,400.0,28.92,700.0,28.94,1400.0,28.95,2000.0,28.96,4100.0,0.0,0.0,0.0,0.0,0.0,0.0,0.0,0.0,0.0,0.0,26.97,31.75,70700.0,161700.0,0.0
2021-11-30 09:37:54,300557.SZ,28.14,28.18,28.96,28.18,28.9,126100.0,3623693.0,392.0,28.9,4100.0,28.84,2000.0,28.8,900.0,28.78,300.0,28.75,200.0,0.0,0.0,0.0,0.0,0.0,0.0,0.0,0.0,0.0,0.0,28.91,400.0,28.92,700.0,28.94,1400.0,28.95,2000.0,28.96,4100.0,0.0,0.0,0.0,0.0,0.0,0.0,0.0,0.0,0.0,0.0,26.92,31.75,68900.0,161700.0,0.0
2021-11-30 09:37:57,300557.SZ,28.14,28.18,28.96,28.18,28.9,126100.0,3623693.0,392.0,28.9,4100.0,28.84,2000.0,28.8,900.0,28.78,300.0,28.75,200.0,0.0,0.0,0.0,0.0,0.0,0.0,0.0,0.0,0.0,0.0,28.91,400.0,28.92,700.0,28.94,1400.0,28.95,1900.0,28.96,4100.0,0.0,0.0,0.0,0.0,0.0,0.0,0.0,0.0,0.0,0.0,26.92,31.75,68900.0,161700.0,0.0
2021-11-30 09:38:00,300557.SZ,28.14,28.18,28.96,28.18,28.9,126100.0,3623693.0,392.0,28.9,4100.0,28.84,2000.0,28.8,900.0,28.78,300.0,28.75,200.0,0.0,0.0,0.0,0.0,0.0,0.0,0.0,0.0,0.0,0.0,28.91,400.0,28.92,700.0,28.94,1400.0,28.95,1900.0,28.96,4100.0,0.0,0.0,0.0,0.0,0.0,0.0,0.0,0.0,0.0,0.0,26.92,31.75,68900.0,161900.0,0.0
2021-11-30 09:38:03,300557.SZ,28.14,28.18,28.96,28.18,28.9,126100.0,3623693.0,392.0,28.9,3600.0,28.84,2000.0,28.8,900.0,28.78,300.0,28.75,200.0,0.0,0.0,0.0,0.0,0.0,0.0,0.0,0.0,0.0,0.0,28.91,400.0,28.92,700.0,28.94,1400.0,28.95,1900.0,28.96,4100.0,0.0,0.0,0.0,0.0,0.0,0.0,0.0,0.0,0.0,0.0,26.91,31.75,68400.0,161900.0,0.0
2021-11-30 09:38:09,300557.SZ,28.14,28.18,28.96,28.18,28.91,126500.0,3635257.0,393.0,28.91,300.0,28.9,3800.0,28.84,2000.0,28.8,900.0,28.78,300.0,0.0,0.0,0.0,0.0,0.0,0.0,0.0,0.0,0.0,0.0,28.92,700.0,28.94,1400.0,28.95,1900.0,28.96,4100.0,28.97,1500.0,0.0,0.0,0.0,0.0,0.0,0.0,0.0,0.0,0.0,0.0,26.92,31.76,68900.0,161500.0,0.0
2021-11-30 09:38:12,300557.SZ,28.14,28.18,28.96,28.18,28.91,126500.0,3635257.0,393.0,28.91,300.0,28.9,3800.0,28.84,2000.0,28.8,900.0,28.78,300.0,0.0,0.0,0.0,0.0,0.0,0.0,0.0,0.0,0.0,0.0,28.92,700.0,28.94,1400.0,28.95,1900.0,28.96,4100.0,28.97,1500.0,0.0,0.0,0.0,0.0,0.0,0.0,0.0,0.0,0.0,0.0,26.92,31.73,68900.0,163000.0,0.0
2021-11-30 09:38:15,300557.SZ,28.14,28.18,28.96,28.18,28.92,127200.0,3655501.0,395.0,28.93,1000.0,28.91,700.0,28.9,2100.0,28.84,2000.0,28.8,900.0,0.0,0.0,0.0,0.0,0.0,0.0,0.0,0.0,0.0,0.0,28.94,1400.0,28.95,1900.0,28.96,4100.0,28.97,1500.0,28.98,2500.0,0.0,0.0,0.0,0.0,0.0,0.0,0.0,0.0,0.0,0.0,26.91,31.74,68600.0,162500.0,0.0
2021-11-30 09:38:18,300557.SZ,28.14,28.18,28.96,28.18,28.93,128200.0,3684431.0,397.0,28.91,3100.0,28.9,1800.0,28.84,2000.0,28.78,300.0,28.75,200.0,0.0,0.0,0.0,0.0,0.0,0.0,0.0,0.0,0.0,0.0,28.94,1400.0,28.95,1900.0,28.96,4100.0,28.97,1500.0,28.98,2500.0,0.0,0.0,0.0,0.0,0.0,0.0,0.0,0.0,0.0,0.0,26.92,31.74,68800.0,162500.0,0.0
2021-11-30 09:38:21,300557.SZ,28.14,28.18,28.96,28.18,28.91,128400.0,3690213.0,398.0,28.91,2900.0,28.9,1800.0,28.84,2000.0,28.78,300.0,28.75,200.0,0.0,0.0,0.0,0.0,0.0,0.0,0.0,0.0,0.0,0.0,28.94,1400.0,28.95,1900.0,28.96,4100.0,28.97,1500.0,28.98,2500.0,0.0,0.0,0.0,0.0,0.0,0.0,0.0,0.0,0.0,0.0,26.92,31.74,68600.0,162500.0,0.0
2021-11-30 09:38:24,300557.SZ,28.14,28.18,28.96,28.18,28.91,128400.0,3690213.0,398.0,28.92,100.0,28.91,2500.0,28.9,1800.0,28.84,2000.0,28.78,300.0,0.0,0.0,0.0,0.0,0.0,0.0,0.0,0.0,0.0,0.0,28.94,1400.0,28.95,1900.0,28.96,4100.0,28.97,1500.0,28.98,2500.0,0.0,0.0,0.0,0.0,0.0,0.0,0.0,0.0,0.0,0.0,26.91,31.74,68300.0,162500.0,0.0
2021-11-30 09:38:27,300557.SZ,28.14,28.18,28.96,28.18,28.91,128700.0,3698887.0,401.0,28.91,2300.0,28.9,1800.0,28.84,2000.0,28.78,300.0,28.75,200.0,0.0,0.0,0.0,0.0,0.0,0.0,0.0,0.0,0.0,0.0,28.93,400.0,28.94,1400.0,28.95,1900.0,28.96,4100.0,28.97,1500.0,0.0,0.0,0.0,0.0,0.0,0.0,0.0,0.0,0.0,0.0,26.9,31.74,68000.0,162900.0,0.0
2021-11-30 09:38:30,300557.SZ,28.14,28.18,28.96,28.18,28.92,128900.0,3704671.0,403.0,28.91,2300.0,28.9,1800.0,28.84,2000.0,28.78,300.0,28.75,200.0,0.0,0.0,0.0,0.0,0.0,0.0,0.0,0.0,0.0,0.0,28.93,800.0,28.94,1400.0,28.95,1900.0,28.96,4100.0,28.97,1500.0,0.0,0.0,0.0,0.0,0.0,0.0,0.0,0.0,0.0,0.0,26.9,31.72,68000.0,164300.0,0.0
2021-11-30 09:38:33,300557.SZ,28.14,28.18,28.96,28.18,28.92,129000.0,3707563.0,404.0,28.92,900.0,28.91,2700.0,28.9,1800.0,28.84,2000.0,28.78,300.0,0.0,0.0,0.0,0.0,0.0,0.0,0.0,0.0,0.0,0.0,28.93,900.0,28.94,1400.0,28.95,1900.0,28.96,4100.0,28.97,1500.0,0.0,0.0,0.0,0.0,0.0,0.0,0.0,0.0,0.0,0.0,26.94,31.72,69300.0,164600.0,0.0
2021-11-30 09:38:36,300557.SZ,28.14,28.18,28.96,28.18,28.93,129100.0,3710456.0,405.0,28.92,900.0,28.91,2700.0,28.9,1800.0,28.84,2000.0,28.78,300.0,0.0,0.0,0.0,0.0,0.0,0.0,0.0,0.0,0.0,0.0,28.93,800.0,28.94,1400.0,28.95,1900.0,28.96,4100.0,28.97,1500.0,0.0,0.0,0.0,0.0,0.0,0.0,0.0,0.0,0.0,0.0,26.94,31.72,69300.0,164500.0,0.0
2021-11-30 09:38:39,300557.SZ,28.14,28.18,28.96,28.18,28.92,129200.0,3713348.0,406.0,28.92,800.0,28.91,2700.0,28.9,1800.0,28.84,2000.0,28.78,300.0,0.0,0.0,0.0,0.0,0.0,0.0,0.0,0.0,0.0,0.0,28.93,800.0,28.94,1400.0,28.95,1900.0,28.96,4100.0,28.97,1500.0,0.0,0.0,0.0,0.0,0.0,0.0,0.0,0.0,0.0,0.0,26.93,31.72,69200.0,164500.0,0.0
2021-11-30 09:38:42,300557.SZ,28.14,28.18,28.96,28.18,28.92,129500.0,3722024.0,407.0,28.92,1400.0,28.91,2300.0,28.9,1800.0,28.84,2000.0,28.78,300.0,0.0,0.0,0.0,0.0,0.0,0.0,0.0,0.0,0.0,0.0,28.93,800.0,28.94,1400.0,28.95,1900.0,28.96,4100.0,28.97,1500.0,0.0,0.0,0.0,0.0,0.0,0.0,0.0,0.0,0.0,0.0,26.94,31.72,69400.0,164500.0,0.0
2021-11-30 09:38:48,300557.SZ,28.14,28.18,28.96,28.18,28.92,130100.0,3739376.0,410.0,28.92,800.0,28.91,2300.0,28.9,1800.0,28.84,2000.0,28.78,300.0,0.0,0.0,0.0,0.0,0.0,0.0,0.0,0.0,0.0,0.0,28.93,800.0,28.94,1400.0,28.95,1900.0,28.96,4100.0,28.97,1500.0,0.0,0.0,0.0,0.0,0.0,0.0,0.0,0.0,0.0,0.0,26.92,31.71,68800.0,165000.0,0.0
2021-11-30 09:38:51,300557.SZ,28.14,28.18,28.96,28.18,28.92,130900.0,3762512.0,412.0,28.91,2300.0,28.9,1800.0,28.84,2000.0,28.78,300.0,28.75,200.0,0.0,0.0,0.0,0.0,0.0,0.0,0.0,0.0,0.0,0.0,28.93,800.0,28.94,1400.0,28.95,1900.0,28.96,4100.0,28.97,1500.0,0.0,0.0,0.0,0.0,0.0,0.0,0.0,0.0,0.0,0.0,26.9,31.71,68000.0,165000.0,0.0
2021-11-30 09:38:54,300557.SZ,28.14,28.18,28.96,28.18,28.93,131700.0,3785656.0,417.0,28.93,1700.0,28.91,2300.0,28.9,1800.0,28.84,2000.0,28.78,300.0,0.0,0.0,0.0,0.0,0.0,0.0,0.0,0.0,0.0,0.0,28.94,1400.0,28.95,1900.0,28.96,4100.0,28.97,1500.0,28.98,2500.0,0.0,0.0,0.0,0.0,0.0,0.0,0.0,0.0,0.0,0.0,26.95,31.71,69700.0,165200.0,0.0
2021-11-30 09:38:57,300557.SZ,28.14,28.18,28.96,28.18,28.93,133700.0,3843516.0,420.0,28.91,2200.0,28.84,2000.0,28.78,300.0,28.75,200.0,28.71,1000.0,0.0,0.0,0.0,0.0,0.0,0.0,0.0,0.0,0.0,0.0,28.92,500.0,28.94,1400.0,28.95,1900.0,28.96,4100.0,28.97,1500.0,0.0,0.0,0.0,0.0,0.0,0.0,0.0,0.0,0.0,0.0,26.84,31.71,66100.0,165700.0,0.0
2021-11-30 09:39:00,300557.SZ,28.14,28.18,28.96,28.18,28.92,133800.0,3846408.0,421.0,28.91,2200.0,28.84,2000.0,28.78,300.0,28.75,200.0,28.71,1000.0,0.0,0.0,0.0,0.0,0.0,0.0,0.0,0.0,0.0,0.0,28.92,400.0,28.94,1400.0,28.95,1900.0,28.96,4100.0,28.97,1500.0,0.0,0.0,0.0,0.0,0.0,0.0,0.0,0.0,0.0,0.0,26.84,31.71,66100.0,165600.0,0.0
2021-11-30 09:39:03,300557.SZ,28.14,28.18,28.96,28.18,28.92,133800.0,3846408.0,421.0,28.91,2200.0,28.84,2000.0,28.78,300.0,28.75,200.0,28.71,1000.0,0.0,0.0,0.0,0.0,0.0,0.0,0.0,0.0,0.0,0.0,28.92,400.0,28.94,1400.0,28.95,1900.0,28.96,4100.0,28.97,1500.0,0.0,0.0,0.0,0.0,0.0,0.0,0.0,0.0,0.0,0.0,26.84,31.71,66100.0,165800.0,0.0
2021-11-30 09:39:06,300557.SZ,28.14,28.18,28.96,28.18,28.92,134200.0,3857976.0,422.0,28.92,100.0,28.91,2200.0,28.84,2000.0,28.78,300.0,28.75,200.0,0.0,0.0,0.0,0.0,0.0,0.0,0.0,0.0,0.0,0.0,28.94,1400.0,28.95,1900.0,28.96,4100.0,28.97,1500.0,28.98,2500.0,0.0,0.0,0.0,0.0,0.0,0.0,0.0,0.0,0.0,0.0,26.84,31.71,66200.0,165400.0,0.0
2021-11-30 09:39:09,300557.SZ,28.14,28.18,28.96,28.18,28.92,134200.0,3857976.0,422.0,28.92,100.0,28.91,2200.0,28.84,2000.0,28.78,300.0,28.75,200.0,0.0,0.0,0.0,0.0,0.0,0.0,0.0,0.0,0.0,0.0,28.94,1400.0,28.95,1900.0,28.96,4100.0,28.97,1500.0,28.98,2500.0,0.0,0.0,0.0,0.0,0.0,0.0,0.0,0.0,0.0,0.0,26.84,31.71,66200.0,165700.0,0.0
2021-11-30 09:39:12,300557.SZ,28.14,28.18,28.96,28.18,28.92,134200.0,3857976.0,422.0,28.93,700.0,28.92,400.0,28.91,2200.0,28.84,2000.0,28.78,300.0,0.0,0.0,0.0,0.0,0.0,0.0,0.0,0.0,0.0,0.0,28.94,1400.0,28.95,1900.0,28.96,4100.0,28.97,1500.0,28.98,2500.0,0.0,0.0,0.0,0.0,0.0,0.0,0.0,0.0,0.0,0.0,26.87,31.71,67200.0,165900.0,0.0
2021-11-30 09:39:15,300557.SZ,28.14,28.18,28.96,28.18,28.93,134900.0,3878228.0,424.0,28.93,100.0,28.92,400.0,28.91,2200.0,28.84,2000.0,28.78,300.0,0.0,0.0,0.0,0.0,0.0,0.0,0.0,0.0,0.0,0.0,28.94,1300.0,28.95,1900.0,28.96,4100.0,28.97,1500.0,28.98,2500.0,0.0,0.0,0.0,0.0,0.0,0.0,0.0,0.0,0.0,0.0,26.86,31.71,66600.0,165900.0,0.0
2021-11-30 09:39:18,300557.SZ,28.14,28.18,28.96,28.18,28.93,134900.0,3878228.0,424.0,28.93,200.0,28.92,400.0,28.91,2200.0,28.84,2000.0,28.78,300.0,0.0,0.0,0.0,0.0,0.0,0.0,0.0,0.0,0.0,0.0,28.94,1300.0,28.95,1900.0,28.96,4100.0,28.97,1500.0,28.98,2500.0,0.0,0.0,0.0,0.0,0.0,0.0,0.0,0.0,0.0,0.0,26.86,31.71,66700.0,165900.0,0.0
2021-11-30 09:39:21,300557.SZ,28.14,28.18,28.96,28.18,28.94,135500.0,3895587.0,429.0,28.92,100.0,28.91,2200.0,28.84,2000.0,28.78,300.0,28.75,200.0,0.0,0.0,0.0,0.0,0.0,0.0,0.0,0.0,0.0,0.0,28.94,1300.0,28.95,900.0,28.96,4100.0,28.97,1500.0,28.98,2500.0,0.0,0.0,0.0,0.0,0.0,0.0,0.0,0.0,0.0,0.0,26.84,31.73,66200.0,164900.0,0.0
2021-11-30 09:39:24,300557.SZ,28.14,28.18,28.96,28.18,28.94,135600.0,3898481.0,430.0,28.92,100.0,28.91,2200.0,28.84,2000.0,28.78,300.0,28.75,200.0,0.0,0.0,0.0,0.0,0.0,0.0,0.0,0.0,0.0,0.0,28.93,200.0,28.94,1200.0,28.95,900.0,28.96,4100.0,28.97,1500.0,0.0,0.0,0.0,0.0,0.0,0.0,0.0,0.0,0.0,0.0,26.84,31.72,66200.0,165500.0,0.0
2021-11-30 09:39:27,300557.SZ,28.14,28.18,28.96,28.18,28.94,135600.0,3898481.0,430.0,28.92,1300.0,28.91,2200.0,28.9,800.0,28.84,2000.0,28.78,300.0,0.0,0.0,0.0,0.0,0.0,0.0,0.0,0.0,0.0,0.0,28.93,200.0,28.94,1200.0,28.95,900.0,28.96,4100.0,28.97,1500.0,0.0,0.0,0.0,0.0,0.0,0.0,0.0,0.0,0.0,0.0,26.9,31.74,68200.0,168600.0,0.0
2021-11-30 09:39:30,300557.SZ,28.14,28.18,28.96,28.18,28.94,135600.0,3898481.0,430.0,28.92,1500.0,28.91,2200.0,28.9,800.0,28.84,2000.0,28.78,300.0,0.0,0.0,0.0,0.0,0.0,0.0,0.0,0.0,0.0,0.0,28.93,700.0,28.94,1200.0,28.95,900.0,28.96,4100.0,28.97,1500.0,0.0,0.0,0.0,0.0,0.0,0.0,0.0,0.0,0.0,0.0,26.91,31.73,68400.0,169100.0,0.0
2021-11-30 09:39:33,300557.SZ,28.14,28.18,28.96,28.18,28.92,137100.0,3941861.0,435.0,28.91,2200.0,28.9,800.0,28.84,2000.0,28.78,300.0,28.75,200.0,0.0,0.0,0.0,0.0,0.0,0.0,0.0,0.0,0.0,0.0,28.92,700.0,28.93,700.0,28.94,1200.0,28.95,900.0,28.96,4100.0,0.0,0.0,0.0,0.0,0.0,0.0,0.0,0.0,0.0,0.0,26.87,31.72,66900.0,169800.0,0.0
2021-11-30 09:39:36,300557.SZ,28.14,28.18,28.96,28.18,28.92,137300.0,3947645.0,437.0,28.91,2200.0,28.9,800.0,28.84,2000.0,28.78,300.0,28.75,200.0,0.0,0.0,0.0,0.0,0.0,0.0,0.0,0.0,0.0,0.0,28.92,500.0,28.93,800.0,28.94,1200.0,28.95,1000.0,28.96,4100.0,0.0,0.0,0.0,0.0,0.0,0.0,0.0,0.0,0.0,0.0,26.87,31.72,66900.0,169800.0,0.0
2021-11-30 09:39:39,300557.SZ,28.14,28.18,28.96,28.18,28.93,138600.0,3985249.0,441.0,28.93,500.0,28.91,2400.0,28.9,800.0,28.84,2000.0,28.78,300.0,0.0,0.0,0.0,0.0,0.0,0.0,0.0,0.0,0.0,0.0,28.94,1200.0,28.95,1000.0,28.96,4100.0,28.97,1500.0,28.98,2500.0,0.0,0.0,0.0,0.0,0.0,0.0,0.0,0.0,0.0,0.0,26.89,31.73,67600.0,169400.0,0.0
2021-11-30 09:39:42,300557.SZ,28.14,28.18,28.96,28.18,28.93,138600.0,3985249.0,441.0,28.93,500.0,28.91,2600.0,28.9,800.0,28.84,2000.0,28.78,300.0,0.0,0.0,0.0,0.0,0.0,0.0,0.0,0.0,0.0,0.0,28.94,1200.0,28.95,1000.0,28.96,4100.0,28.97,1500.0,28.98,2500.0,0.0,0.0,0.0,0.0,0.0,0.0,0.0,0.0,0.0,0.0,26.89,31.73,67800.0,169400.0,0.0
2021-11-30 09:39:45,300557.SZ,28.14,28.18,28.96,28.18,28.93,138800.0,3991035.0,442.0,28.93,400.0,28.91,2600.0,28.9,800.0,28.84,2000.0,28.78,300.0,0.0,0.0,0.0,0.0,0.0,0.0,0.0,0.0,0.0,0.0,28.94,1200.0,28.95,1000.0,28.96,4100.0,28.97,1500.0,28.98,2500.0,0.0,0.0,0.0,0.0,0.0,0.0,0.0,0.0,0.0,0.0,26.89,31.73,67700.0,169400.0,0.0
2021-11-30 09:39:48,300557.SZ,28.14,28.18,28.96,28.18,28.94,139900.0,4022869.0,444.0,28.93,1300.0,28.91,2400.0,28.9,800.0,28.84,2000.0,28.78,300.0,0.0,0.0,0.0,0.0,0.0,0.0,0.0,0.0,0.0,0.0,28.94,100.0,28.95,1000.0,28.96,4100.0,28.97,1500.0,28.98,2500.0,0.0,0.0,0.0,0.0,0.0,0.0,0.0,0.0,0.0,0.0,26.91,31.74,68400.0,168300.0,0.0
2021-11-30 09:39:51,300557.SZ,28.14,28.18,28.96,28.18,28.93,140200.0,4031548.0,445.0,28.93,1100.0,28.91,2200.0,28.9,800.0,28.84,2000.0,28.78,300.0,0.0,0.0,0.0,0.0,0.0,0.0,0.0,0.0,0.0,0.0,28.95,1000.0,28.96,4100.0,28.97,1500.0,28.98,2500.0,28.99,1400.0,0.0,0.0,0.0,0.0,0.0,0.0,0.0,0.0,0.0,0.0,26.9,31.75,68000.0,168200.0,0.0
2021-11-30 09:39:54,300557.SZ,28.14,28.18,28.96,28.18,28.93,140200.0,4031548.0,445.0,28.94,900.0,28.93,1200.0,28.91,2200.0,28.9,800.0,28.84,2000.0,0.0,0.0,0.0,0.0,0.0,0.0,0.0,0.0,0.0,0.0,28.95,1000.0,28.96,4100.0,28.97,1500.0,28.98,2500.0,28.99,1400.0,0.0,0.0,0.0,0.0,0.0,0.0,0.0,0.0,0.0,0.0,26.93,31.75,69000.0,168200.0,0.0
2021-11-30 09:39:57,300557.SZ,28.14,28.18,28.96,28.18,28.94,140600.0,4043124.0,447.0,28.94,700.0,28.93,500.0,28.91,2200.0,28.9,800.0,28.84,2000.0,0.0,0.0,0.0,0.0,0.0,0.0,0.0,0.0,0.0,0.0,28.95,1000.0,28.96,4100.0,28.97,1500.0,28.98,2500.0,28.99,1400.0,0.0,0.0,0.0,0.0,0.0,0.0,0.0,0.0,0.0,0.0,26.9,31.75,68100.0,168200.0,0.0
2021-11-30 09:40:00,300557.SZ,28.14,28.18,28.96,28.18,28.94,140600.0,4043124.0,447.0,28.94,800.0,28.93,400.0,28.91,2200.0,28.9,800.0,28.84,2000.0,0.0,0.0,0.0,0.0,0.0,0.0,0.0,0.0,0.0,0.0,28.95,1000.0,28.96,4100.0,28.97,1500.0,28.98,2500.0,28.99,1400.0,0.0,0.0,0.0,0.0,0.0,0.0,0.0,0.0,0.0,0.0,26.9,31.74,68100.0,168400.0,0.0
2021-11-30 09:40:03,300557.SZ,28.14,28.18,29.05,28.18,28.98,161300.0,4643060.0,501.0,29.01,300.0,29.0,500.0,28.99,300.0,28.98,2200.0,28.97,1400.0,0.0,0.0,0.0,0.0,0.0,0.0,0.0,0.0,0.0,0.0,29.09,1100.0,29.12,600.0,29.2,500.0,29.29,5000.0,29.3,700.0,0.0,0.0,0.0,0.0,0.0,0.0,0.0,0.0,0.0,0.0,27.05,31.99,73300.0,154800.0,0.0
2021-11-30 09:40:06,300557.SZ,28.14,28.18,29.09,28.18,29.09,162400.0,4675059.0,504.0,29.09,200.0,29.04,500.0,29.03,300.0,29.02,1000.0,29.01,300.0,0.0,0.0,0.0,0.0,0.0,0.0,0.0,0.0,0.0,0.0,29.12,600.0,29.2,500.0,29.29,5000.0,29.3,700.0,29.36,900.0,0.0,0.0,0.0,0.0,0.0,0.0,0.0,0.0,0.0,0.0,27.07,32.01,74000.0,153800.0,0.0
2021-11-30 09:40:09,300557.SZ,28.14,28.18,29.1,28.18,29.1,162600.0,4680879.0,505.0,29.1,300.0,29.09,400.0,29.04,500.0,29.03,300.0,29.02,1000.0,0.0,0.0,0.0,0.0,0.0,0.0,0.0,0.0,0.0,0.0,29.12,600.0,29.2,500.0,29.29,5000.0,29.3,700.0,29.36,900.0,0.0,0.0,0.0,0.0,0.0,0.0,0.0,0.0,0.0,0.0,27.0,32.05,71300.0,159700.0,0.0
2021-11-30 09:40:12,300557.SZ,28.14,28.18,29.1,28.18,29.1,162900.0,4689609.0,506.0,29.1,100.0,29.09,1000.0,29.04,500.0,29.03,300.0,29.02,1000.0,0.0,0.0,0.0,0.0,0.0,0.0,0.0,0.0,0.0,0.0,29.12,600.0,29.2,500.0,29.29,5000.0,29.3,700.0,29.36,900.0,0.0,0.0,0.0,0.0,0.0,0.0,0.0,0.0,0.0,0.0,27.03,32.05,72900.0,159700.0,0.0
2021-11-30 09:40:15,300557.SZ,28.14,28.18,29.12,28.18,29.12,163500.0,4707081.0,508.0,29.1,300.0,29.09,1600.0,29.04,500.0,29.03,300.0,29.02,1000.0,0.0,0.0,0.0,0.0,0.0,0.0,0.0,0.0,0.0,0.0,29.2,500.0,29.29,5000.0,29.3,700.0,29.36,900.0,29.38,1500.0,0.0,0.0,0.0,0.0,0.0,0.0,0.0,0.0,0.0,0.0,27.0,32.06,72000.0,159100.0,0.0
2021-11-30 09:40:18,300557.SZ,28.14,28.18,29.12,28.18,29.12,163500.0,4707081.0,508.0,29.1,300.0,29.09,1200.0,29.04,500.0,29.03,300.0,29.02,1000.0,0.0,0.0,0.0,0.0,0.0,0.0,0.0,0.0,0.0,0.0,29.15,1700.0,29.16,400.0,29.17,1300.0,29.18,1000.0,29.2,500.0,0.0,0.0,0.0,0.0,0.0,0.0,0.0,0.0,0.0,0.0,26.93,31.98,69500.0,163600.0,0.0
2021-11-30 09:40:21,300557.SZ,28.14,28.18,29.12,28.18,29.1,165200.0,4756539.0,517.0,29.05,1000.0,29.02,200.0,29.0,500.0,28.99,300.0,28.94,200.0,0.0,0.0,0.0,0.0,0.0,0.0,0.0,0.0,0.0,0.0,29.1,400.0,29.13,1400.0,29.14,100.0,29.16,400.0,29.17,1300.0,0.0,0.0,0.0,0.0,0.0,0.0,0.0,0.0,0.0,0.0,26.83,31.98,66300.0,163800.0,0.0
2021-11-30 09:40:24,300557.SZ,28.14,28.18,29.12,28.18,29.11,168500.0,4852507.0,527.0,29.02,200.0,29.0,500.0,28.94,200.0,28.93,200.0,28.78,300.0,0.0,0.0,0.0,0.0,0.0,0.0,0.0,0.0,0.0,0.0,29.09,400.0,29.1,300.0,29.14,100.0,29.16,400.0,29.17,1300.0,0.0,0.0,0.0,0.0,0.0,0.0,0.0,0.0,0.0,0.0,26.79,31.99,65000.0,163200.0,0.0
2021-11-30 09:40:27,300557.SZ,28.14,28.18,29.12,28.18,29.05,169000.0,4867048.0,531.0,29.05,100.0,29.02,200.0,29.0,5500.0,28.94,200.0,28.93,200.0,0.0,0.0,0.0,0.0,0.0,0.0,0.0,0.0,0.0,0.0,29.1,300.0,29.14,100.0,29.16,400.0,29.17,1300.0,29.18,1000.0,0.0,0.0,0.0,0.0,0.0,0.0,0.0,0.0,0.0,0.0,26.95,31.99,70100.0,163500.0,0.0
2021-11-30 09:40:30,300557.SZ,28.14,28.18,29.12,28.18,29.05,169000.0,4867048.0,531.0,29.05,100.0,29.02,400.0,29.0,5500.0,28.94,200.0,28.93,200.0,0.0,0.0,0.0,0.0,0.0,0.0,0.0,0.0,0.0,0.0,29.1,300.0,29.14,100.0,29.16,700.0,29.17,1300.0,29.18,1000.0,0.0,0.0,0.0,0.0,0.0,0.0,0.0,0.0,0.0,0.0,26.95,31.98,70300.0,163800.0,0.0
2021-11-30 09:40:33,300557.SZ,28.14,28.18,29.12,28.18,29.05,169000.0,4867048.0,531.0,29.05,100.0,29.02,400.0,29.0,5500.0,28.94,200.0,28.93,200.0,0.0,0.0,0.0,0.0,0.0,0.0,0.0,0.0,0.0,0.0,29.1,300.0,29.11,600.0,29.12,500.0,29.14,100.0,29.16,700.0,0.0,0.0,0.0,0.0,0.0,0.0,0.0,0.0,0.0,0.0,26.95,31.98,70300.0,163900.0,0.0
2021-11-30 09:40:36,300557.SZ,28.14,28.18,29.12,28.18,29.02,169300.0,4875754.0,534.0,29.02,100.0,29.0,5500.0,28.94,200.0,28.93,200.0,28.78,300.0,0.0,0.0,0.0,0.0,0.0,0.0,0.0,0.0,0.0,0.0,29.05,5400.0,29.1,300.0,29.11,600.0,29.12,600.0,29.16,300.0,0.0,0.0,0.0,0.0,0.0,0.0,0.0,0.0,0.0,0.0,26.94,31.9,69900.0,168700.0,0.0
2021-11-30 09:40:39,300557.SZ,28.14,28.18,29.12,28.18,29.05,175600.0,5058474.0,546.0,28.95,1800.0,28.94,200.0,28.93,200.0,28.78,300.0,28.75,200.0,0.0,0.0,0.0,0.0,0.0,0.0,0.0,0.0,0.0,0.0,29.02,700.0,29.05,4600.0,29.09,500.0,29.11,600.0,29.12,600.0,0.0,0.0,0.0,0.0,0.0,0.0,0.0,0.0,0.0,0.0,26.82,31.87,66100.0,170600.0,0.0
2021-11-30 09:40:42,300557.SZ,28.14,28.18,29.12,28.18,29.1,181600.0,5232775.0,553.0,29.05,5000.0,28.95,1800.0,28.94,200.0,28.93,200.0,28.78,300.0,0.0,0.0,0.0,0.0,0.0,0.0,0.0,0.0,0.0,0.0,29.09,700.0,29.11,600.0,29.12,600.0,29.16,300.0,29.18,900.0,0.0,0.0,0.0,0.0,0.0,0.0,0.0,0.0,0.0,0.0,26.98,31.96,71100.0,165200.0,0.0
2021-11-30 09:40:45,300557.SZ,28.14,28.18,29.12,28.18,29.1,181600.0,5232775.0,553.0,29.05,5000.0,28.95,1800.0,28.94,200.0,28.93,200.0,28.78,300.0,0.0,0.0,0.0,0.0,0.0,0.0,0.0,0.0,0.0,0.0,29.09,1100.0,29.1,200.0,29.11,600.0,29.12,600.0,29.16,300.0,0.0,0.0,0.0,0.0,0.0,0.0,0.0,0.0,0.0,0.0,26.98,31.95,71100.0,166300.0,0.0
2021-11-30 09:40:48,300557.SZ,28.14,28.18,29.12,28.18,29.1,187900.0,5415873.0,567.0,29.1,200.0,29.05,500.0,28.95,1800.0,28.94,200.0,28.93,200.0,0.0,0.0,0.0,0.0,0.0,0.0,0.0,0.0,0.0,0.0,29.11,600.0,29.12,1600.0,29.16,300.0,29.19,600.0,29.2,500.0,0.0,0.0,0.0,0.0,0.0,0.0,0.0,0.0,0.0,0.0,26.85,31.96,66800.0,165500.0,0.0
2021-11-30 09:40:51,300557.SZ,28.14,28.18,29.12,28.18,29.1,188200.0,5424604.0,570.0,29.05,500.0,28.95,1800.0,28.94,200.0,28.93,200.0,28.78,300.0,0.0,0.0,0.0,0.0,0.0,0.0,0.0,0.0,0.0,0.0,29.08,1000.0,29.09,300.0,29.1,200.0,29.11,500.0,29.12,1600.0,0.0,0.0,0.0,0.0,0.0,0.0,0.0,0.0,0.0,0.0,26.84,31.86,66600.0,171600.0,0.0
2021-11-30 09:40:54,300557.SZ,28.14,28.18,29.12,28.18,29.06,188600.0,5436225.0,572.0,29.05,200.0,28.95,1800.0,28.94,200.0,28.93,200.0,28.78,300.0,0.0,0.0,0.0,0.0,0.0,0.0,0.0,0.0,0.0,0.0,29.06,100.0,29.07,500.0,29.08,1000.0,29.1,200.0,29.12,1600.0,0.0,0.0,0.0,0.0,0.0,0.0,0.0,0.0,0.0,0.0,26.83,31.85,66300.0,172500.0,0.0
2021-11-30 09:40:57,300557.SZ,28.14,28.18,29.12,28.18,29.05,189800.0,5471108.0,577.0,28.95,1800.0,28.94,200.0,28.93,200.0,28.78,300.0,28.75,200.0,0.0,0.0,0.0,0.0,0.0,0.0,0.0,0.0,0.0,0.0,29.05,2800.0,29.08,600.0,29.1,200.0,29.12,1600.0,29.16,300.0,0.0,0.0,0.0,0.0,0.0,0.0,0.0,0.0,0.0,0.0,26.82,31.82,66100.0,174500.0,0.0
2021-11-30 09:41:00,300557.SZ,28.14,28.18,29.12,28.18,29.05,194000.0,5593118.0,581.0,29.06,2200.0,29.05,800.0,28.95,1800.0,28.94,200.0,28.93,200.0,0.0,0.0,0.0,0.0,0.0,0.0,0.0,0.0,0.0,0.0,29.08,600.0,29.1,200.0,29.12,1600.0,29.16,300.0,29.18,1000.0,0.0,0.0,0.0,0.0,0.0,0.0,0.0,0.0,0.0,0.0,26.92,31.87,69100.0,171800.0,0.0
2021-11-30 09:41:03,300557.SZ,28.14,28.18,29.12,28.18,29.05,194000.0,5593118.0,581.0,29.06,2200.0,29.05,800.0,28.95,1800.0,28.94,200.0,28.93,200.0,0.0,0.0,0.0,0.0,0.0,0.0,0.0,0.0,0.0,0.0,29.08,600.0,29.1,200.0,29.11,300.0,29.12,1600.0,29.15,1000.0,0.0,0.0,0.0,0.0,0.0,0.0,0.0,0.0,0.0,0.0,26.92,31.84,69100.0,173300.0,0.0
2021-11-30 09:41:06,300557.SZ,28.14,28.18,29.12,28.18,29.05,194000.0,5593118.0,581.0,29.06,3700.0,29.05,800.0,28.95,1800.0,28.94,200.0,28.93,200.0,0.0,0.0,0.0,0.0,0.0,0.0,0.0,0.0,0.0,0.0,29.08,600.0,29.1,5000.0,29.11,300.0,29.12,1600.0,29.15,1000.0,0.0,0.0,0.0,0.0,0.0,0.0,0.0,0.0,0.0,0.0,26.97,31.76,70600.0,179100.0,0.0
2021-11-30 09:41:09,300557.SZ,28.14,28.18,29.12,28.18,29.06,196500.0,5665768.0,583.0,29.06,1200.0,29.05,800.0,28.95,1800.0,28.94,200.0,28.93,200.0,0.0,0.0,0.0,0.0,0.0,0.0,0.0,0.0,0.0,0.0,29.08,600.0,29.1,5000.0,29.11,300.0,29.12,1600.0,29.15,1000.0,0.0,0.0,0.0,0.0,0.0,0.0,0.0,0.0,0.0,0.0,26.89,31.76,68100.0,179100.0,0.0
2021-11-30 09:41:12,300557.SZ,28.14,28.18,29.12,28.18,28.95,199600.0,5755725.0,591.0,28.95,700.0,28.94,200.0,28.93,200.0,28.78,300.0,28.75,200.0,0.0,0.0,0.0,0.0,0.0,0.0,0.0,0.0,0.0,0.0,29.03,1600.0,29.04,700.0,29.05,700.0,29.06,1200.0,29.1,5000.0,0.0,0.0,0.0,0.0,0.0,0.0,0.0,0.0,0.0,0.0,26.79,31.7,65000.0,182700.0,0.0
2021-11-30 09:41:15,300557.SZ,28.14,28.18,29.12,28.18,28.95,199600.0,5755725.0,591.0,28.95,700.0,28.78,300.0,28.75,200.0,28.71,1000.0,28.7,200.0,0.0,0.0,0.0,0.0,0.0,0.0,0.0,0.0,0.0,0.0,29.03,1600.0,29.04,700.0,29.05,700.0,29.06,1200.0,29.1,5000.0,0.0,0.0,0.0,0.0,0.0,0.0,0.0,0.0,0.0,0.0,26.77,31.67,64600.0,186900.0,0.0
2021-11-30 09:41:18,300557.SZ,28.14,28.18,29.12,28.18,28.95,199600.0,5755725.0,591.0,28.95,700.0,28.78,300.0,28.75,200.0,28.71,1000.0,28.7,200.0,0.0,0.0,0.0,0.0,0.0,0.0,0.0,0.0,0.0,0.0,29.03,1600.0,29.04,700.0,29.05,700.0,29.06,1200.0,29.08,5000.0,0.0,0.0,0.0,0.0,0.0,0.0,0.0,0.0,0.0,0.0,26.77,31.59,64600.0,193000.0,0.0
2021-11-30 09:41:21,300557.SZ,28.14,28.18,29.12,28.18,28.95,199600.0,5755725.0,591.0,28.95,700.0,28.78,300.0,28.75,200.0,28.71,1000.0,28.7,200.0,0.0,0.0,0.0,0.0,0.0,0.0,0.0,0.0,0.0,0.0,29.01,900.0,29.02,200.0,29.03,700.0,29.04,700.0,29.05,700.0,0.0,0.0,0.0,0.0,0.0,0.0,0.0,0.0,0.0,0.0,26.77,31.58,64600.0,194200.0,0.0
2021-11-30 09:41:24,300557.SZ,28.14,28.18,29.12,28.18,28.95,199600.0,5755725.0,591.0,28.96,100.0,28.95,700.0,28.78,300.0,28.75,200.0,28.71,1000.0,0.0,0.0,0.0,0.0,0.0,0.0,0.0,0.0,0.0,0.0,29.01,900.0,29.02,200.0,29.03,600.0,29.04,700.0,29.05,700.0,0.0,0.0,0.0,0.0,0.0,0.0,0.0,0.0,0.0,0.0,26.78,31.58,64700.0,194100.0,0.0
2021-11-30 09:41:27,300557.SZ,28.14,28.18,29.12,28.18,29.0,201700.0,5816517.0,599.0,28.8,3500.0,28.78,300.0,28.75,200.0,28.71,1000.0,28.7,200.0,0.0,0.0,0.0,0.0,0.0,0.0,0.0,0.0,0.0,0.0,29.0,600.0,29.02,200.0,29.03,500.0,29.05,700.0,29.06,1700.0,0.0,0.0,0.0,0.0,0.0,0.0,0.0,0.0,0.0,0.0,26.86,31.59,67400.0,193000.0,0.0
2021-11-30 09:41:30,300557.SZ,28.14,28.18,29.12,28.18,29.0,201700.0,5816517.0,599.0,28.8,3500.0,28.78,300.0,28.75,200.0,28.71,1000.0,28.7,200.0,0.0,0.0,0.0,0.0,0.0,0.0,0.0,0.0,0.0,0.0,29.0,600.0,29.02,200.0,29.03,500.0,29.05,700.0,29.06,1700.0,0.0,0.0,0.0,0.0,0.0,0.0,0.0,0.0,0.0,0.0,26.86,31.67,67400.0,187500.0,0.0
2021-11-30 09:41:33,300557.SZ,28.14,28.18,29.12,28.18,29.0,201700.0,5816517.0,599.0,28.82,100.0,28.81,100.0,28.8,400.0,28.78,300.0,28.75,200.0,0.0,0.0,0.0,0.0,0.0,0.0,0.0,0.0,0.0,0.0,29.0,900.0,29.02,200.0,29.03,400.0,29.05,700.0,29.06,1700.0,0.0,0.0,0.0,0.0,0.0,0.0,0.0,0.0,0.0,0.0,26.77,31.64,64500.0,189700.0,0.0
2021-11-30 09:41:36,300557.SZ,28.14,28.18,29.12,28.18,29.0,204600.0,5900617.0,605.0,28.82,100.0,28.81,100.0,28.8,400.0,28.78,300.0,28.75,200.0,0.0,0.0,0.0,0.0,0.0,0.0,0.0,0.0,0.0,0.0,29.0,16500.0,29.02,200.0,29.03,400.0,29.05,700.0,29.06,1700.0,0.0,0.0,0.0,0.0,0.0,0.0,0.0,0.0,0.0,0.0,26.77,31.45,64500.0,206300.0,0.0
2021-11-30 09:41:39,300557.SZ,28.14,28.18,29.12,28.18,29.0,204600.0,5900617.0,605.0,28.82,100.0,28.81,100.0,28.8,400.0,28.78,300.0,28.75,200.0,0.0,0.0,0.0,0.0,0.0,0.0,0.0,0.0,0.0,0.0,29.0,16500.0,29.02,200.0,29.03,400.0,29.05,700.0,29.06,1700.0,0.0,0.0,0.0,0.0,0.0,0.0,0.0,0.0,0.0,0.0,26.77,31.42,64500.0,208400.0,0.0
2021-11-30 09:41:42,300557.SZ,28.14,28.18,29.12,28.18,29.0,204600.0,5900617.0,605.0,28.82,100.0,28.81,100.0,28.78,300.0,28.75,200.0,28.71,1000.0,0.0,0.0,0.0,0.0,0.0,0.0,0.0,0.0,0.0,0.0,28.99,1700.0,29.0,16900.0,29.02,200.0,29.03,400.0,29.05,400.0,0.0,0.0,0.0,0.0,0.0,0.0,0.0,0.0,0.0,0.0,26.76,31.4,64100.0,210700.0,0.0
2021-11-30 09:41:45,300557.SZ,28.14,28.18,29.12,28.18,28.95,205600.0,5929567.0,609.0,28.78,300.0,28.75,200.0,28.71,1000.0,28.7,200.0,28.66,200.0,0.0,0.0,0.0,0.0,0.0,0.0,0.0,0.0,0.0,0.0,28.96,300.0,28.97,200.0,28.98,700.0,28.99,1300.0,29.0,1800.0,0.0,0.0,0.0,0.0,0.0,0.0,0.0,0.0,0.0,0.0,26.75,31.58,63900.0,196400.0,0.0
2021-11-30 09:41:48,300557.SZ,28.14,28.18,29.12,28.18,28.95,205600.0,5929567.0,609.0,28.79,100.0,28.78,300.0,28.76,700.0,28.75,200.0,28.71,1000.0,0.0,0.0,0.0,0.0,0.0,0.0,0.0,0.0,0.0,0.0,28.95,1200.0,28.96,300.0,28.97,200.0,28.98,700.0,28.99,1300.0,0.0,0.0,0.0,0.0,0.0,0.0,0.0,0.0,0.0,0.0,26.77,31.54,64700.0,199700.0,0.0
2021-11-30 09:41:51,300557.SZ,28.14,28.18,29.12,28.18,28.95,205700.0,5932462.0,610.0,28.79,200.0,28.78,300.0,28.75,200.0,28.71,1000.0,28.7,200.0,0.0,0.0,0.0,0.0,0.0,0.0,0.0,0.0,0.0,0.0,28.95,1100.0,28.96,300.0,28.97,200.0,28.98,700.0,28.99,1300.0,0.0,0.0,0.0,0.0,0.0,0.0,0.0,0.0,0.0,0.0,26.76,31.53,64100.0,200100.0,0.0
2021-11-30 09:41:54,300557.SZ,28.14,28.18,29.12,28.18,28.95,205700.0,5932462.0,610.0,28.8,100.0,28.79,200.0,28.78,300.0,28.75,200.0,28.71,1000.0,0.0,0.0,0.0,0.0,0.0,0.0,0.0,0.0,0.0,0.0,28.95,1100.0,28.96,300.0,28.97,200.0,28.98,700.0,28.99,1300.0,0.0,0.0,0.0,0.0,0.0,0.0,0.0,0.0,0.0,0.0,26.76,31.53,64200.0,200300.0,0.0
2021-11-30 09:41:57,300557.SZ,28.14,28.18,29.12,28.18,28.95,205700.0,5932462.0,610.0,28.8,100.0,28.79,200.0,28.78,300.0,28.75,200.0,28.71,1000.0,0.0,0.0,0.0,0.0,0.0,0.0,0.0,0.0,0.0,0.0,28.88,400.0,28.95,1100.0,28.96,300.0,28.97,200.0,28.98,1300.0,0.0,0.0,0.0,0.0,0.0,0.0,0.0,0.0,0.0,0.0,26.76,31.5,64200.0,203400.0,0.0
2021-11-30 09:42:00,300557.SZ,28.14,28.18,29.12,28.18,28.95,205700.0,5932462.0,610.0,28.8,100.0,28.79,200.0,28.78,300.0,28.75,200.0,28.71,1000.0,0.0,0.0,0.0,0.0,0.0,0.0,0.0,0.0,0.0,0.0,28.88,400.0,28.95,1100.0,28.96,200.0,28.97,200.0,28.98,800.0,0.0,0.0,0.0,0.0,0.0,0.0,0.0,0.0,0.0,0.0,26.76,31.51,64200.0,202800.0,0.0
2021-11-30 09:42:03,300557.SZ,28.14,28.18,29.12,28.18,28.95,205700.0,5932462.0,610.0,28.8,100.0,28.79,100.0,28.78,300.0,28.75,200.0,28.71,1000.0,0.0,0.0,0.0,0.0,0.0,0.0,0.0,0.0,0.0,0.0,28.88,400.0,28.95,1100.0,28.96,200.0,28.97,200.0,28.98,800.0,0.0,0.0,0.0,0.0,0.0,0.0,0.0,0.0,0.0,0.0,26.76,31.51,64100.0,202800.0,0.0
2021-11-30 09:42:06,300557.SZ,28.14,28.18,29.12,28.18,28.88,206100.0,5944014.0,611.0,28.81,100.0,28.8,100.0,28.79,100.0,28.78,300.0,28.75,200.0,0.0,0.0,0.0,0.0,0.0,0.0,0.0,0.0,0.0,0.0,28.95,1100.0,28.96,200.0,28.97,200.0,28.98,800.0,28.99,1300.0,0.0,0.0,0.0,0.0,0.0,0.0,0.0,0.0,0.0,0.0,26.76,31.51,64200.0,202400.0,0.0
2021-11-30 09:42:09,300557.SZ,28.14,28.18,29.12,28.18,28.88,206100.0,5944014.0,611.0,28.81,100.0,28.8,100.0,28.79,100.0,28.78,300.0,28.75,200.0,0.0,0.0,0.0,0.0,0.0,0.0,0.0,0.0,0.0,0.0,28.95,1100.0,28.96,200.0,28.97,200.0,28.98,800.0,28.99,1300.0,0.0,0.0,0.0,0.0,0.0,0.0,0.0,0.0,0.0,0.0,26.74,31.49,63300.0,204500.0,0.0
2021-11-30 09:42:12,300557.SZ,28.14,28.18,29.12,28.18,28.95,207000.0,5970069.0,613.0,28.82,1000.0,28.81,100.0,28.79,100.0,28.78,300.0,28.75,200.0,0.0,0.0,0.0,0.0,0.0,0.0,0.0,0.0,0.0,0.0,28.98,600.0,29.0,500.0,29.02,200.0,29.06,1300.0,29.09,2100.0,0.0,0.0,0.0,0.0,0.0,0.0,0.0,0.0,0.0,0.0,26.77,31.56,64200.0,199000.0,0.0
2021-11-30 09:42:15,300557.SZ,28.14,28.18,29.12,28.18,28.95,207000.0,5970069.0,613.0,28.82,1000.0,28.81,100.0,28.79,100.0,28.78,300.0,28.75,200.0,0.0,0.0,0.0,0.0,0.0,0.0,0.0,0.0,0.0,0.0,28.98,600.0,29.0,500.0,29.02,200.0,29.06,1300.0,29.09,2100.0,0.0,0.0,0.0,0.0,0.0,0.0,0.0,0.0,0.0,0.0,26.77,31.56,64200.0,199400.0,0.0
2021-11-30 09:42:18,300557.SZ,28.14,28.18,29.12,28.18,28.95,207000.0,5970069.0,613.0,28.82,1000.0,28.79,100.0,28.78,300.0,28.75,200.0,28.71,1000.0,0.0,0.0,0.0,0.0,0.0,0.0,0.0,0.0,0.0,0.0,28.98,600.0,29.0,500.0,29.02,200.0,29.06,1300.0,29.09,2100.0,0.0,0.0,0.0,0.0,0.0,0.0,0.0,0.0,0.0,0.0,26.77,31.56,64100.0,199400.0,0.0
2021-11-30 09:42:21,300557.SZ,28.14,28.18,29.12,28.18,28.95,207000.0,5970069.0,613.0,28.84,900.0,28.83,100.0,28.82,100.0,28.79,100.0,28.78,300.0,0.0,0.0,0.0,0.0,0.0,0.0,0.0,0.0,0.0,0.0,28.98,600.0,29.0,500.0,29.02,200.0,29.06,1300.0,29.09,2100.0,0.0,0.0,0.0,0.0,0.0,0.0,0.0,0.0,0.0,0.0,26.77,31.54,64200.0,200900.0,0.0
2021-11-30 09:42:24,300557.SZ,28.14,28.18,29.12,28.18,28.84,207100.0,5972953.0,614.0,28.84,800.0,28.83,200.0,28.79,100.0,28.78,300.0,28.75,200.0,0.0,0.0,0.0,0.0,0.0,0.0,0.0,0.0,0.0,0.0,28.98,600.0,29.0,500.0,29.02,200.0,29.06,1300.0,29.09,2100.0,0.0,0.0,0.0,0.0,0.0,0.0,0.0,0.0,0.0,0.0,26.77,31.55,64100.0,200100.0,0.0
2021-11-30 09:42:27,300557.SZ,28.14,28.18,29.12,28.18,28.98,207200.0,5975851.0,615.0,28.86,800.0,28.85,100.0,28.83,200.0,28.79,100.0,28.78,300.0,0.0,0.0,0.0,0.0,0.0,0.0,0.0,0.0,0.0,0.0,28.98,500.0,29.0,500.0,29.02,200.0,29.06,1300.0,29.09,2100.0,0.0,0.0,0.0,0.0,0.0,0.0,0.0,0.0,0.0,0.0,26.77,31.56,64200.0,200000.0,0.0
2021-11-30 09:42:33,300557.SZ,28.14,28.18,29.12,28.18,28.98,207200.0,5975851.0,615.0,28.95,200.0,28.92,800.0,28.87,100.0,28.83,100.0,28.82,1000.0,0.0,0.0,0.0,0.0,0.0,0.0,0.0,0.0,0.0,0.0,28.98,500.0,29.0,500.0,29.02,200.0,29.06,1300.0,29.09,2100.0,0.0,0.0,0.0,0.0,0.0,0.0,0.0,0.0,0.0,0.0,26.8,31.56,65300.0,199900.0,0.0
2021-11-30 09:42:39,300557.SZ,28.14,28.18,29.12,28.18,28.98,207200.0,5975851.0,615.0,28.96,300.0,28.92,800.0,28.88,500.0,28.82,1000.0,28.79,100.0,0.0,0.0,0.0,0.0,0.0,0.0,0.0,0.0,0.0,0.0,28.98,500.0,29.0,500.0,29.02,200.0,29.06,1300.0,29.09,2600.0,0.0,0.0,0.0,0.0,0.0,0.0,0.0,0.0,0.0,0.0,26.82,31.56,65700.0,200400.0,0.0
2021-11-30 09:42:42,300557.SZ,28.14,28.18,29.12,28.18,28.98,207200.0,5975851.0,615.0,28.96,300.0,28.92,800.0,28.88,1000.0,28.82,1000.0,28.79,100.0,0.0,0.0,0.0,0.0,0.0,0.0,0.0,0.0,0.0,0.0,28.98,500.0,29.0,500.0,29.02,200.0,29.06,1300.0,29.09,2600.0,0.0,0.0,0.0,0.0,0.0,0.0,0.0,0.0,0.0,0.0,26.83,31.56,66200.0,200400.0,0.0
2021-11-30 09:42:45,300557.SZ,28.14,28.18,29.12,28.18,28.98,207200.0,5975851.0,615.0,28.96,300.0,28.92,800.0,28.88,1000.0,28.82,1000.0,28.79,100.0,0.0,0.0,0.0,0.0,0.0,0.0,0.0,0.0,0.0,0.0,28.98,500.0,29.0,500.0,29.02,200.0,29.06,1300.0,29.09,2600.0,0.0,0.0,0.0,0.0,0.0,0.0,0.0,0.0,0.0,0.0,26.83,31.56,66200.0,200700.0,0.0
2021-11-30 09:42:54,300557.SZ,28.14,28.18,29.12,28.18,28.98,207200.0,5975851.0,615.0,28.96,200.0,28.92,800.0,28.88,1000.0,28.82,1000.0,28.79,100.0,0.0,0.0,0.0,0.0,0.0,0.0,0.0,0.0,0.0,0.0,28.98,500.0,29.0,500.0,29.02,200.0,29.06,1300.0,29.09,2600.0,0.0,0.0,0.0,0.0,0.0,0.0,0.0,0.0,0.0,0.0,26.83,31.56,66100.0,200700.0,0.0
2021-11-30 09:42:57,300557.SZ,28.14,28.18,29.12,28.18,28.98,207300.0,5978749.0,616.0,28.97,100.0,28.96,200.0,28.92,800.0,28.88,1000.0,28.82,1000.0,0.0,0.0,0.0,0.0,0.0,0.0,0.0,0.0,0.0,0.0,28.98,400.0,29.0,500.0,29.02,200.0,29.06,1300.0,29.09,2600.0,0.0,0.0,0.0,0.0,0.0,0.0,0.0,0.0,0.0,0.0,26.83,31.56,66200.0,200900.0,0.0
2021-11-30 09:43:00,300557.SZ,28.14,28.18,29.12,28.18,28.98,207300.0,5978749.0,616.0,28.97,100.0,28.96,200.0,28.92,800.0,28.88,1000.0,28.82,1000.0,0.0,0.0,0.0,0.0,0.0,0.0,0.0,0.0,0.0,0.0,28.98,400.0,29.0,500.0,29.02,200.0,29.06,1300.0,29.09,2600.0,0.0,0.0,0.0,0.0,0.0,0.0,0.0,0.0,0.0,0.0,26.83,31.56,66100.0,201000.0,0.0
2021-11-30 09:43:03,300557.SZ,28.14,28.18,29.12,28.18,28.98,207500.0,5984544.0,618.0,28.96,200.0,28.92,800.0,28.88,1000.0,28.82,1000.0,28.78,300.0,0.0,0.0,0.0,0.0,0.0,0.0,0.0,0.0,0.0,0.0,28.98,300.0,29.0,500.0,29.02,200.0,29.06,1300.0,29.09,2600.0,0.0,0.0,0.0,0.0,0.0,0.0,0.0,0.0,0.0,0.0,26.83,31.56,66000.0,200900.0,0.0
2021-11-30 09:43:06,300557.SZ,28.14,28.18,29.12,28.18,28.98,207800.0,5993238.0,619.0,28.98,200.0,28.96,200.0,28.92,800.0,28.88,1000.0,28.82,1000.0,0.0,0.0,0.0,0.0,0.0,0.0,0.0,0.0,0.0,0.0,29.0,500.0,29.02,200.0,29.06,1300.0,29.09,2600.0,29.1,5000.0,0.0,0.0,0.0,0.0,0.0,0.0,0.0,0.0,0.0,0.0,26.83,31.57,66200.0,200600.0,0.0
2021-11-30 09:43:09,300557.SZ,28.14,28.18,29.12,28.18,28.98,207900.0,5996136.0,620.0,28.98,100.0,28.96,200.0,28.92,800.0,28.88,1000.0,28.82,1000.0,0.0,0.0,0.0,0.0,0.0,0.0,0.0,0.0,0.0,0.0,29.0,500.0,29.02,200.0,29.06,1300.0,29.09,2600.0,29.1,5000.0,0.0,0.0,0.0,0.0,0.0,0.0,0.0,0.0,0.0,0.0,26.83,31.56,66100.0,201200.0,0.0
2021-11-30 09:43:12,300557.SZ,28.14,28.18,29.12,28.18,28.98,207900.0,5996136.0,620.0,28.98,100.0,28.96,200.0,28.88,1000.0,28.82,1000.0,28.78,300.0,0.0,0.0,0.0,0.0,0.0,0.0,0.0,0.0,0.0,0.0,29.0,500.0,29.02,200.0,29.06,1300.0,29.09,2600.0,29.1,5000.0,0.0,0.0,0.0,0.0,0.0,0.0,0.0,0.0,0.0,0.0,26.8,31.56,65300.0,201200.0,0.0
2021-11-30 09:43:15,300557.SZ,28.14,28.18,29.12,28.18,28.98,207900.0,5996136.0,620.0,28.98,100.0,28.96,200.0,28.88,1000.0,28.82,1400.0,28.78,300.0,0.0,0.0,0.0,0.0,0.0,0.0,0.0,0.0,0.0,0.0,29.0,500.0,29.02,200.0,29.06,1300.0,29.09,2600.0,29.1,5000.0,0.0,0.0,0.0,0.0,0.0,0.0,0.0,0.0,0.0,0.0,26.82,31.56,65700.0,201200.0,0.0
2021-11-30 09:43:18,300557.SZ,28.14,28.18,29.12,28.18,29.0,208000.0,5999036.0,621.0,28.98,100.0,28.96,200.0,28.88,1000.0,28.82,1400.0,28.78,300.0,0.0,0.0,0.0,0.0,0.0,0.0,0.0,0.0,0.0,0.0,29.0,400.0,29.02,200.0,29.06,1300.0,29.09,2600.0,29.1,5000.0,0.0,0.0,0.0,0.0,0.0,0.0,0.0,0.0,0.0,0.0,26.82,31.56,65700.0,201100.0,0.0
2021-11-30 09:43:24,300557.SZ,28.14,28.18,29.12,28.18,29.0,208000.0,5999036.0,621.0,28.98,100.0,28.96,200.0,28.88,1000.0,28.82,1400.0,28.78,300.0,0.0,0.0,0.0,0.0,0.0,0.0,0.0,0.0,0.0,0.0,29.0,400.0,29.02,200.0,29.06,1300.0,29.09,2600.0,29.1,5000.0,0.0,0.0,0.0,0.0,0.0,0.0,0.0,0.0,0.0,0.0,26.82,31.55,65700.0,202100.0,0.0
2021-11-30 09:43:27,300557.SZ,28.14,28.18,29.12,28.18,29.0,208000.0,5999036.0,621.0,28.99,100.0,28.98,100.0,28.96,200.0,28.88,1000.0,28.82,1400.0,0.0,0.0,0.0,0.0,0.0,0.0,0.0,0.0,0.0,0.0,29.0,400.0,29.02,200.0,29.05,300.0,29.06,1300.0,29.09,2600.0,0.0,0.0,0.0,0.0,0.0,0.0,0.0,0.0,0.0,0.0,26.82,31.55,65800.0,202400.0,0.0
2021-11-30 09:43:30,300557.SZ,28.14,28.18,29.12,28.18,29.0,208200.0,6004835.0,623.0,28.98,100.0,28.96,200.0,28.88,1000.0,28.82,1400.0,28.78,300.0,0.0,0.0,0.0,0.0,0.0,0.0,0.0,0.0,0.0,0.0,29.0,300.0,29.02,200.0,29.05,300.0,29.06,1300.0,29.09,2900.0,0.0,0.0,0.0,0.0,0.0,0.0,0.0,0.0,0.0,0.0,26.82,31.55,65700.0,202800.0,0.0
2021-11-30 09:43:33,300557.SZ,28.14,28.18,29.12,28.18,29.09,211900.0,6112376.0,629.0,29.04,200.0,29.0,100.0,28.98,100.0,28.89,2100.0,28.88,1000.0,0.0,0.0,0.0,0.0,0.0,0.0,0.0,0.0,0.0,0.0,29.09,1300.0,29.1,5000.0,29.11,400.0,29.12,2000.0,29.16,400.0,0.0,0.0,0.0,0.0,0.0,0.0,0.0,0.0,0.0,0.0,26.88,31.59,67900.0,199100.0,0.0
2021-11-30 09:43:36,300557.SZ,28.14,28.18,29.12,28.18,29.09,212100.0,6118194.0,631.0,29.04,200.0,29.0,100.0,28.98,100.0,28.88,1000.0,28.82,1400.0,0.0,0.0,0.0,0.0,0.0,0.0,0.0,0.0,0.0,0.0,29.09,1100.0,29.1,5000.0,29.11,400.0,29.12,2000.0,29.16,400.0,0.0,0.0,0.0,0.0,0.0,0.0,0.0,0.0,0.0,0.0,26.82,31.6,65800.0,198900.0,0.0
2021-11-30 09:43:39,300557.SZ,28.14,28.18,29.12,28.18,29.0,212400.0,6126902.0,634.0,28.98,100.0,28.88,1000.0,28.82,1400.0,28.78,300.0,28.75,200.0,0.0,0.0,0.0,0.0,0.0,0.0,0.0,0.0,0.0,0.0,29.09,1100.0,29.1,5000.0,29.11,400.0,29.12,2000.0,29.16,400.0,0.0,0.0,0.0,0.0,0.0,0.0,0.0,0.0,0.0,0.0,26.81,31.6,65500.0,198900.0,0.0
2021-11-30 09:43:45,300557.SZ,28.14,28.18,29.12,28.18,29.0,212400.0,6126902.0,634.0,28.98,200.0,28.88,1000.0,28.82,1400.0,28.78,300.0,28.75,200.0,0.0,0.0,0.0,0.0,0.0,0.0,0.0,0.0,0.0,0.0,29.09,1100.0,29.1,5000.0,29.11,400.0,29.12,2000.0,29.16,400.0,0.0,0.0,0.0,0.0,0.0,0.0,0.0,0.0,0.0,0.0,26.81,31.6,65600.0,198900.0,0.0
2021-11-30 09:43:48,300557.SZ,28.14,28.18,29.12,28.18,29.09,213400.0,6155992.0,637.0,28.98,200.0,28.88,1000.0,28.82,1400.0,28.78,300.0,28.75,200.0,0.0,0.0,0.0,0.0,0.0,0.0,0.0,0.0,0.0,0.0,29.09,5100.0,29.1,5000.0,29.11,400.0,29.12,2000.0,29.15,600.0,0.0,0.0,0.0,0.0,0.0,0.0,0.0,0.0,0.0,0.0,26.81,31.54,65600.0,203500.0,0.0
2021-11-30 09:43:51,300557.SZ,28.14,28.18,29.12,28.18,29.09,213400.0,6155992.0,637.0,28.98,200.0,28.88,1000.0,28.82,1400.0,28.78,300.0,28.75,200.0,0.0,0.0,0.0,0.0,0.0,0.0,0.0,0.0,0.0,0.0,29.09,5100.0,29.1,5000.0,29.11,400.0,29.12,2000.0,29.15,600.0,0.0,0.0,0.0,0.0,0.0,0.0,0.0,0.0,0.0,0.0,26.81,31.54,65600.0,204000.0,0.0
2021-11-30 09:43:54,300557.SZ,28.14,28.18,29.12,28.18,29.09,213400.0,6155992.0,637.0,28.98,200.0,28.89,100.0,28.88,1000.0,28.82,1400.0,28.78,300.0,0.0,0.0,0.0,0.0,0.0,0.0,0.0,0.0,0.0,0.0,29.09,5100.0,29.1,5000.0,29.11,400.0,29.12,2000.0,29.15,600.0,0.0,0.0,0.0,0.0,0.0,0.0,0.0,0.0,0.0,0.0,26.82,31.54,65700.0,204100.0,0.0
2021-11-30 09:43:57,300557.SZ,28.14,28.18,29.12,28.18,29.09,214400.0,6185080.0,640.0,28.99,100.0,28.98,200.0,28.89,100.0,28.88,1000.0,28.82,1400.0,0.0,0.0,0.0,0.0,0.0,0.0,0.0,0.0,0.0,0.0,29.09,4300.0,29.1,5000.0,29.11,400.0,29.12,2000.0,29.15,600.0,0.0,0.0,0.0,0.0,0.0,0.0,0.0,0.0,0.0,0.0,26.82,31.55,65800.0,203300.0,0.0
2021-11-30 09:44:00,300557.SZ,28.14,28.18,29.12,28.18,28.98,214700.0,6193775.0,643.0,28.9,100.0,28.89,100.0,28.88,1000.0,28.82,1400.0,28.78,300.0,0.0,0.0,0.0,0.0,0.0,0.0,0.0,0.0,0.0,0.0,29.09,4300.0,29.1,5000.0,29.11,400.0,29.12,2000.0,29.16,400.0,0.0,0.0,0.0,0.0,0.0,0.0,0.0,0.0,0.0,0.0,26.81,31.53,65200.0,204700.0,0.0
2021-11-30 09:44:03,300557.SZ,28.14,28.18,29.12,28.18,28.98,214700.0,6193775.0,643.0,28.9,100.0,28.89,100.0,28.88,1000.0,28.82,1400.0,28.78,300.0,0.0,0.0,0.0,0.0,0.0,0.0,0.0,0.0,0.0,0.0,29.08,300.0,29.09,4500.0,29.1,5000.0,29.11,400.0,29.12,2000.0,0.0,0.0,0.0,0.0,0.0,0.0,0.0,0.0,0.0,0.0,26.81,31.53,65200.0,205200.0,0.0
2021-11-30 09:44:06,300557.SZ,28.14,28.18,29.12,28.18,28.98,214700.0,6193775.0,643.0,28.9,300.0,28.89,100.0,28.88,1000.0,28.82,1400.0,28.78,300.0,0.0,0.0,0.0,0.0,0.0,0.0,0.0,0.0,0.0,0.0,29.05,200.0,29.08,300.0,29.09,4500.0,29.1,5000.0,29.11,400.0,0.0,0.0,0.0,0.0,0.0,0.0,0.0,0.0,0.0,0.0,26.81,31.52,65400.0,205900.0,0.0
2021-11-30 09:44:09,300557.SZ,28.14,28.18,29.12,28.18,28.98,214700.0,6193775.0,643.0,28.9,300.0,28.89,100.0,28.88,1000.0,28.82,1400.0,28.78,300.0,0.0,0.0,0.0,0.0,0.0,0.0,0.0,0.0,0.0,0.0,29.05,200.0,29.08,300.0,29.09,4500.0,29.1,5000.0,29.11,400.0,0.0,0.0,0.0,0.0,0.0,0.0,0.0,0.0,0.0,0.0,26.81,31.52,65400.0,206000.0,0.0
2021-11-30 09:44:12,300557.SZ,28.14,28.18,29.12,28.18,28.98,214700.0,6193775.0,643.0,28.9,300.0,28.89,100.0,28.88,1000.0,28.82,1400.0,28.78,300.0,0.0,0.0,0.0,0.0,0.0,0.0,0.0,0.0,0.0,0.0,29.05,800.0,29.08,300.0,29.09,4500.0,29.1,5000.0,29.11,400.0,0.0,0.0,0.0,0.0,0.0,0.0,0.0,0.0,0.0,0.0,26.81,31.51,65400.0,206800.0,0.0
2021-11-30 09:44:24,300557.SZ,28.14,28.18,29.12,28.18,28.98,214700.0,6193775.0,643.0,28.9,300.0,28.89,100.0,28.88,1000.0,28.82,1400.0,28.78,300.0,0.0,0.0,0.0,0.0,0.0,0.0,0.0,0.0,0.0,0.0,29.05,800.0,29.08,300.0,29.09,4500.0,29.1,5000.0,29.11,400.0,0.0,0.0,0.0,0.0,0.0,0.0,0.0,0.0,0.0,0.0,26.81,31.5,65400.0,208300.0,0.0
2021-11-30 09:44:27,300557.SZ,28.14,28.18,29.12,28.18,28.98,214700.0,6193775.0,643.0,28.91,100.0,28.9,200.0,28.89,100.0,28.88,1000.0,28.82,1400.0,0.0,0.0,0.0,0.0,0.0,0.0,0.0,0.0,0.0,0.0,29.04,1000.0,29.05,800.0,29.08,300.0,29.09,4500.0,29.1,5000.0,0.0,0.0,0.0,0.0,0.0,0.0,0.0,0.0,0.0,0.0,26.81,31.49,65400.0,209300.0,0.0
2021-11-30 09:44:33,300557.SZ,28.14,28.18,29.12,28.18,28.98,214700.0,6193775.0,643.0,28.92,100.0,28.91,100.0,28.9,200.0,28.89,100.0,28.88,1000.0,0.0,0.0,0.0,0.0,0.0,0.0,0.0,0.0,0.0,0.0,28.98,100.0,29.04,1000.0,29.05,800.0,29.08,300.0,29.09,4500.0,0.0,0.0,0.0,0.0,0.0,0.0,0.0,0.0,0.0,0.0,26.82,31.48,65500.0,209500.0,0.0
2021-11-30 09:44:39,300557.SZ,28.14,28.18,29.12,28.18,28.98,214800.0,6196673.0,644.0,28.99,700.0,28.98,800.0,28.93,100.0,28.9,200.0,28.89,100.0,0.0,0.0,0.0,0.0,0.0,0.0,0.0,0.0,0.0,0.0,29.05,800.0,29.08,300.0,29.09,4500.0,29.1,5000.0,29.11,400.0,0.0,0.0,0.0,0.0,0.0,0.0,0.0,0.0,0.0,0.0,26.86,31.5,66900.0,208400.0,0.0
2021-11-30 09:44:42,300557.SZ,28.14,28.18,29.12,28.18,28.98,214800.0,6196673.0,644.0,28.99,700.0,28.98,800.0,28.93,100.0,28.9,200.0,28.89,100.0,0.0,0.0,0.0,0.0,0.0,0.0,0.0,0.0,0.0,0.0,29.05,800.0,29.08,300.0,29.09,4500.0,29.1,5000.0,29.11,400.0,0.0,0.0,0.0,0.0,0.0,0.0,0.0,0.0,0.0,0.0,26.86,31.5,66900.0,208600.0,0.0
2021-11-30 09:44:45,300557.SZ,28.14,28.18,29.12,28.18,28.98,214800.0,6196673.0,644.0,29.0,100.0,28.99,700.0,28.98,800.0,28.9,200.0,28.89,100.0,0.0,0.0,0.0,0.0,0.0,0.0,0.0,0.0,0.0,0.0,29.05,800.0,29.08,300.0,29.09,4500.0,29.1,5000.0,29.11,400.0,0.0,0.0,0.0,0.0,0.0,0.0,0.0,0.0,0.0,0.0,26.86,31.5,66900.0,208600.0,0.0
2021-11-30 09:44:48,300557.SZ,28.14,28.18,29.12,28.18,29.05,215400.0,6214088.0,649.0,28.99,700.0,28.9,200.0,28.89,100.0,28.88,1000.0,28.82,1400.0,0.0,0.0,0.0,0.0,0.0,0.0,0.0,0.0,0.0,0.0,29.05,500.0,29.08,300.0,29.09,4500.0,29.1,5000.0,29.11,400.0,0.0,0.0,0.0,0.0,0.0,0.0,0.0,0.0,0.0,0.0,26.83,31.5,66000.0,208300.0,0.0
2021-11-30 09:44:51,300557.SZ,28.14,28.18,29.12,28.18,28.99,216400.0,6243096.0,652.0,28.9,200.0,28.89,100.0,28.88,1000.0,28.82,1400.0,28.78,300.0,0.0,0.0,0.0,0.0,0.0,0.0,0.0,0.0,0.0,0.0,28.99,1300.0,29.05,200.0,29.08,300.0,29.09,4500.0,29.1,5000.0,0.0,0.0,0.0,0.0,0.0,0.0,0.0,0.0,0.0,0.0,26.81,31.23,65300.0,183800.0,0.0
2021-11-30 09:44:54,300557.SZ,28.14,28.18,29.12,28.18,28.99,216400.0,6243096.0,652.0,28.9,200.0,28.89,100.0,28.88,1000.0,28.82,1400.0,28.78,300.0,0.0,0.0,0.0,0.0,0.0,0.0,0.0,0.0,0.0,0.0,28.99,1300.0,29.05,200.0,29.08,300.0,29.09,4500.0,29.1,5000.0,0.0,0.0,0.0,0.0,0.0,0.0,0.0,0.0,0.0,0.0,26.81,31.24,65300.0,184000.0,0.0
2021-11-30 09:44:57,300557.SZ,28.14,28.18,29.12,28.18,28.99,216400.0,6243096.0,652.0,28.92,100.0,28.91,200.0,28.9,500.0,28.89,100.0,28.88,1000.0,0.0,0.0,0.0,0.0,0.0,0.0,0.0,0.0,0.0,0.0,28.99,1300.0,29.05,200.0,29.08,300.0,29.09,4500.0,29.1,5000.0,0.0,0.0,0.0,0.0,0.0,0.0,0.0,0.0,0.0,0.0,26.83,31.24,65900.0,184000.0,0.0
2021-11-30 09:45:00,300557.SZ,28.14,28.18,29.12,28.18,28.99,216400.0,6243096.0,652.0,28.92,100.0,28.91,200.0,28.9,500.0,28.89,100.0,28.88,1000.0,0.0,0.0,0.0,0.0,0.0,0.0,0.0,0.0,0.0,0.0,28.99,1700.0,29.05,200.0,29.08,300.0,29.09,200.0,29.1,5000.0,0.0,0.0,0.0,0.0,0.0,0.0,0.0,0.0,0.0,0.0,26.83,31.28,65900.0,180100.0,0.0
2021-11-30 09:45:03,300557.SZ,28.14,28.18,29.12,28.18,28.9,217100.0,6263330.0,657.0,28.89,100.0,28.88,1000.0,28.82,1400.0,28.78,300.0,28.75,200.0,0.0,0.0,0.0,0.0,0.0,0.0,0.0,0.0,0.0,0.0,28.9,11500.0,28.99,1700.0,29.05,200.0,29.08,300.0,29.09,200.0,0.0,0.0,0.0,0.0,0.0,0.0,0.0,0.0,0.0,0.0,26.8,31.14,65100.0,192100.0,0.0
2021-11-30 09:45:06,300557.SZ,28.14,28.18,29.12,28.18,28.9,228600.0,6595680.0,661.0,28.9,2800.0,28.89,100.0,28.88,1000.0,28.82,1400.0,28.78,300.0,0.0,0.0,0.0,0.0,0.0,0.0,0.0,0.0,0.0,0.0,28.99,1700.0,29.05,200.0,29.08,300.0,29.09,200.0,29.1,5000.0,0.0,0.0,0.0,0.0,0.0,0.0,0.0,0.0,0.0,0.0,26.89,31.28,67900.0,180600.0,0.0
2021-11-30 09:45:09,300557.SZ,28.14,28.18,29.12,28.18,28.9,228600.0,6595680.0,661.0,28.91,1100.0,28.9,1200.0,28.89,100.0,28.88,1000.0,28.82,1400.0,0.0,0.0,0.0,0.0,0.0,0.0,0.0,0.0,0.0,0.0,28.99,1700.0,29.05,200.0,29.08,300.0,29.09,200.0,29.1,5000.0,0.0,0.0,0.0,0.0,0.0,0.0,0.0,0.0,0.0,0.0,26.87,31.28,67400.0,180600.0,0.0
2021-11-30 09:45:12,300557.SZ,28.14,28.18,29.12,28.18,28.9,228600.0,6595680.0,661.0,28.91,1100.0,28.9,1100.0,28.89,100.0,28.88,1000.0,28.82,400.0,0.0,0.0,0.0,0.0,0.0,0.0,0.0,0.0,0.0,0.0,28.99,1700.0,29.05,200.0,29.08,300.0,29.09,400.0,29.1,5000.0,0.0,0.0,0.0,0.0,0.0,0.0,0.0,0.0,0.0,0.0,26.84,31.27,66300.0,183200.0,0.0
2021-11-30 09:45:15,300557.SZ,28.14,28.18,29.12,28.18,28.99,228700.0,6598579.0,662.0,28.98,1000.0,28.91,1100.0,28.9,100.0,28.89,100.0,28.88,1000.0,0.0,0.0,0.0,0.0,0.0,0.0,0.0,0.0,0.0,0.0,28.99,1600.0,29.05,200.0,29.08,300.0,29.09,400.0,29.1,5000.0,0.0,0.0,0.0,0.0,0.0,0.0,0.0,0.0,0.0,0.0,26.84,31.27,66300.0,183100.0,0.0
2021-11-30 09:45:24,300557.SZ,28.14,28.18,29.12,28.18,28.98,231200.0,6671044.0,665.0,28.91,1100.0,28.9,100.0,28.89,100.0,28.88,1000.0,28.82,400.0,0.0,0.0,0.0,0.0,0.0,0.0,0.0,0.0,0.0,0.0,28.98,7000.0,28.99,100.0,29.05,200.0,29.08,300.0,29.09,400.0,0.0,0.0,0.0,0.0,0.0,0.0,0.0,0.0,0.0,0.0,26.81,31.2,65300.0,188900.0,0.0
2021-11-30 09:45:27,300557.SZ,28.14,28.18,29.12,28.18,28.98,231200.0,6671044.0,665.0,28.91,1100.0,28.9,100.0,28.89,100.0,28.88,1000.0,28.82,400.0,0.0,0.0,0.0,0.0,0.0,0.0,0.0,0.0,0.0,0.0,28.98,7000.0,28.99,100.0,29.05,200.0,29.08,300.0,29.09,400.0,0.0,0.0,0.0,0.0,0.0,0.0,0.0,0.0,0.0,0.0,26.81,31.23,65300.0,191200.0,0.0
2021-11-30 09:45:30,300557.SZ,28.14,28.18,29.12,28.18,28.98,232200.0,6700024.0,666.0,28.93,100.0,28.92,100.0,28.91,1100.0,28.9,100.0,28.89,100.0,0.0,0.0,0.0,0.0,0.0,0.0,0.0,0.0,0.0,0.0,28.98,6300.0,28.99,100.0,29.05,200.0,29.08,300.0,29.09,400.0,0.0,0.0,0.0,0.0,0.0,0.0,0.0,0.0,0.0,0.0,26.82,31.24,65500.0,190500.0,0.0
2021-11-30 09:45:36,300557.SZ,28.14,28.18,29.12,28.18,28.98,233900.0,6749290.0,667.0,28.94,100.0,28.91,1100.0,28.9,100.0,28.89,100.0,28.88,1000.0,0.0,0.0,0.0,0.0,0.0,0.0,0.0,0.0,0.0,0.0,28.98,4600.0,28.99,100.0,29.05,200.0,29.08,300.0,29.09,400.0,0.0,0.0,0.0,0.0,0.0,0.0,0.0,0.0,0.0,0.0,26.81,31.26,65400.0,188800.0,0.0
2021-11-30 09:45:39,300557.SZ,28.14,28.18,29.12,28.18,28.98,237200.0,6844924.0,670.0,28.94,100.0,28.92,1200.0,28.91,1100.0,28.9,100.0,28.89,100.0,0.0,0.0,0.0,0.0,0.0,0.0,0.0,0.0,0.0,0.0,28.98,1300.0,28.99,100.0,29.05,200.0,29.08,300.0,29.09,400.0,0.0,0.0,0.0,0.0,0.0,0.0,0.0,0.0,0.0,0.0,26.85,31.3,66600.0,185500.0,0.0
2021-11-30 09:45:42,300557.SZ,28.14,28.18,29.12,28.18,28.98,237200.0,6844924.0,670.0,28.95,100.0,28.94,200.0,28.92,1200.0,28.91,1100.0,28.9,100.0,0.0,0.0,0.0,0.0,0.0,0.0,0.0,0.0,0.0,0.0,28.98,1300.0,28.99,100.0,29.05,200.0,29.08,300.0,29.09,400.0,0.0,0.0,0.0,0.0,0.0,0.0,0.0,0.0,0.0,0.0,26.86,31.3,66800.0,185500.0,0.0
2021-11-30 09:45:45,300557.SZ,28.14,28.18,29.12,28.18,28.98,237300.0,6847822.0,671.0,28.95,100.0,28.94,200.0,28.92,1200.0,28.91,1100.0,28.9,100.0,0.0,0.0,0.0,0.0,0.0,0.0,0.0,0.0,0.0,0.0,28.98,1200.0,28.99,100.0,29.05,200.0,29.08,300.0,29.09,400.0,0.0,0.0,0.0,0.0,0.0,0.0,0.0,0.0,0.0,0.0,26.86,31.3,66800.0,185400.0,0.0
2021-11-30 09:45:48,300557.SZ,28.14,28.18,29.12,28.18,28.98,237300.0,6847822.0,671.0,28.96,100.0,28.95,600.0,28.94,100.0,28.92,1200.0,28.91,1100.0,0.0,0.0,0.0,0.0,0.0,0.0,0.0,0.0,0.0,0.0,28.98,1200.0,28.99,100.0,29.05,200.0,29.08,300.0,29.09,400.0,0.0,0.0,0.0,0.0,0.0,0.0,0.0,0.0,0.0,0.0,26.87,31.19,67300.0,221000.0,0.0
2021-11-30 09:45:51,300557.SZ,28.14,28.18,29.12,28.18,28.98,237800.0,6862304.0,675.0,28.95,400.0,28.94,100.0,28.92,1200.0,28.91,1100.0,28.9,100.0,0.0,0.0,0.0,0.0,0.0,0.0,0.0,0.0,0.0,0.0,28.98,1000.0,28.99,100.0,29.05,200.0,29.08,300.0,29.09,400.0,0.0,0.0,0.0,0.0,0.0,0.0,0.0,0.0,0.0,0.0,26.86,31.19,67000.0,220800.0,0.0
2021-11-30 09:45:54,300557.SZ,28.14,28.18,29.12,28.18,28.98,239400.0,6908627.0,678.0,28.92,1200.0,28.91,1100.0,28.9,100.0,28.89,100.0,28.88,1000.0,0.0,0.0,0.0,0.0,0.0,0.0,0.0,0.0,0.0,0.0,28.98,900.0,28.99,100.0,29.05,200.0,29.08,300.0,29.09,400.0,0.0,0.0,0.0,0.0,0.0,0.0,0.0,0.0,0.0,0.0,26.85,31.19,66500.0,220700.0,0.0
2021-11-30 09:45:57,300557.SZ,28.14,28.18,29.12,28.18,28.98,239400.0,6908627.0,678.0,28.96,100.0,28.92,1200.0,28.91,1100.0,28.9,100.0,28.89,100.0,0.0,0.0,0.0,0.0,0.0,0.0,0.0,0.0,0.0,0.0,28.98,900.0,28.99,100.0,29.05,200.0,29.08,300.0,29.09,400.0,0.0,0.0,0.0,0.0,0.0,0.0,0.0,0.0,0.0,0.0,26.85,31.19,66600.0,220700.0,0.0
2021-11-30 09:46:00,300557.SZ,28.14,28.18,29.12,28.18,28.98,239400.0,6908627.0,678.0,28.96,100.0,28.93,100.0,28.92,1200.0,28.91,1100.0,28.9,100.0,0.0,0.0,0.0,0.0,0.0,0.0,0.0,0.0,0.0,0.0,28.98,900.0,28.99,100.0,29.05,200.0,29.08,300.0,29.09,400.0,0.0,0.0,0.0,0.0,0.0,0.0,0.0,0.0,0.0,0.0,26.86,31.19,66700.0,220700.0,0.0
2021-11-30 09:46:03,300557.SZ,28.14,28.18,29.12,28.18,28.95,239700.0,6917313.0,681.0,28.92,1200.0,28.91,1100.0,28.9,100.0,28.89,100.0,28.88,1000.0,0.0,0.0,0.0,0.0,0.0,0.0,0.0,0.0,0.0,0.0,28.95,200.0,28.98,900.0,28.99,100.0,29.05,200.0,29.08,300.0,0.0,0.0,0.0,0.0,0.0,0.0,0.0,0.0,0.0,0.0,26.85,31.2,66500.0,220400.0,0.0
2021-11-30 09:46:06,300557.SZ,28.14,28.18,29.12,28.18,28.95,239700.0,6917313.0,681.0,28.92,1200.0,28.91,1100.0,28.9,100.0,28.89,100.0,28.88,1000.0,0.0,0.0,0.0,0.0,0.0,0.0,0.0,0.0,0.0,0.0,28.95,200.0,28.98,900.0,28.99,100.0,29.05,200.0,29.08,300.0,0.0,0.0,0.0,0.0,0.0,0.0,0.0,0.0,0.0,0.0,26.85,31.19,66500.0,220600.0,0.0
2021-11-30 09:46:09,300557.SZ,28.14,28.18,29.12,28.18,28.98,240500.0,6940491.0,684.0,28.92,1200.0,28.91,1100.0,28.9,100.0,28.89,100.0,28.88,1000.0,0.0,0.0,0.0,0.0,0.0,0.0,0.0,0.0,0.0,0.0,28.98,300.0,28.99,100.0,29.05,200.0,29.08,300.0,29.09,600.0,0.0,0.0,0.0,0.0,0.0,0.0,0.0,0.0,0.0,0.0,26.85,31.2,66500.0,219800.0,0.0
2021-11-30 09:46:12,300557.SZ,28.14,28.18,29.12,28.18,28.98,240500.0,6940491.0,684.0,28.95,1000.0,28.92,1200.0,28.91,1100.0,28.9,100.0,28.89,100.0,0.0,0.0,0.0,0.0,0.0,0.0,0.0,0.0,0.0,0.0,28.98,300.0,28.99,100.0,29.05,200.0,29.08,300.0,29.09,600.0,0.0,0.0,0.0,0.0,0.0,0.0,0.0,0.0,0.0,0.0,26.87,31.2,67000.0,219800.0,0.0
2021-11-30 09:46:15,300557.SZ,28.14,28.18,29.12,28.18,28.98,240600.0,6943389.0,685.0,28.95,1700.0,28.92,1800.0,28.91,1100.0,28.9,100.0,28.89,100.0,0.0,0.0,0.0,0.0,0.0,0.0,0.0,0.0,0.0,0.0,28.98,200.0,28.99,100.0,29.05,200.0,29.08,300.0,29.09,600.0,0.0,0.0,0.0,0.0,0.0,0.0,0.0,0.0,0.0,0.0,26.9,31.2,68300.0,219700.0,0.0
2021-11-30 09:46:18,300557.SZ,28.14,28.18,29.12,28.18,28.98,240800.0,6949185.0,686.0,28.98,500.0,28.95,1700.0,28.92,1800.0,28.91,1100.0,28.9,100.0,0.0,0.0,0.0,0.0,0.0,0.0,0.0,0.0,0.0,0.0,28.99,100.0,29.05,200.0,29.08,300.0,29.09,600.0,29.1,5000.0,0.0,0.0,0.0,0.0,0.0,0.0,0.0,0.0,0.0,0.0,26.92,31.21,68800.0,219500.0,0.0
2021-11-30 09:46:21,300557.SZ,28.14,28.18,29.12,28.18,28.98,240800.0,6949185.0,686.0,28.98,500.0,28.95,1700.0,28.92,1800.0,28.91,1100.0,28.9,100.0,0.0,0.0,0.0,0.0,0.0,0.0,0.0,0.0,0.0,0.0,28.99,100.0,29.05,200.0,29.08,300.0,29.09,600.0,29.1,5000.0,0.0,0.0,0.0,0.0,0.0,0.0,0.0,0.0,0.0,0.0,26.92,31.21,68700.0,219500.0,0.0
2021-11-30 09:46:24,300557.SZ,28.14,28.18,29.12,28.18,28.98,240800.0,6949185.0,686.0,28.98,600.0,28.95,1700.0,28.92,1800.0,28.91,1100.0,28.9,100.0,0.0,0.0,0.0,0.0,0.0,0.0,0.0,0.0,0.0,0.0,28.99,100.0,29.05,200.0,29.08,300.0,29.09,600.0,29.1,5000.0,0.0,0.0,0.0,0.0,0.0,0.0,0.0,0.0,0.0,0.0,26.92,31.21,68800.0,219500.0,0.0
2021-11-30 09:46:30,300557.SZ,28.14,28.18,29.12,28.18,28.99,240900.0,6952084.0,687.0,28.99,100.0,28.98,100.0,28.95,1700.0,28.92,1300.0,28.91,1100.0,0.0,0.0,0.0,0.0,0.0,0.0,0.0,0.0,0.0,0.0,29.05,200.0,29.08,300.0,29.09,600.0,29.1,5000.0,29.11,400.0,0.0,0.0,0.0,0.0,0.0,0.0,0.0,0.0,0.0,0.0,26.89,31.21,67900.0,219400.0,0.0
2021-11-30 09:46:33,300557.SZ,28.14,28.18,29.12,28.18,28.99,240900.0,6952084.0,687.0,28.99,100.0,28.98,200.0,28.95,1700.0,28.92,1300.0,28.91,1100.0,0.0,0.0,0.0,0.0,0.0,0.0,0.0,0.0,0.0,0.0,29.05,200.0,29.08,4600.0,29.09,600.0,29.1,5000.0,29.11,400.0,0.0,0.0,0.0,0.0,0.0,0.0,0.0,0.0,0.0,0.0,26.9,31.17,68000.0,223700.0,0.0
2021-11-30 09:46:36,300557.SZ,28.14,28.18,29.12,28.18,28.99,241000.0,6954983.0,688.0,28.98,200.0,28.95,1700.0,28.92,1300.0,28.91,1100.0,28.9,100.0,0.0,0.0,0.0,0.0,0.0,0.0,0.0,0.0,0.0,0.0,29.0,1000.0,29.05,200.0,29.08,4600.0,29.09,600.0,29.1,5000.0,0.0,0.0,0.0,0.0,0.0,0.0,0.0,0.0,0.0,0.0,26.89,31.16,67900.0,224700.0,0.0
2021-11-30 09:46:39,300557.SZ,28.14,28.18,29.12,28.18,28.99,241000.0,6954983.0,688.0,28.98,200.0,28.95,1700.0,28.92,1300.0,28.91,1100.0,28.88,500.0,0.0,0.0,0.0,0.0,0.0,0.0,0.0,0.0,0.0,0.0,29.0,11000.0,29.05,200.0,29.08,4600.0,29.09,600.0,29.1,5000.0,0.0,0.0,0.0,0.0,0.0,0.0,0.0,0.0,0.0,0.0,26.89,31.06,67800.0,234700.0,0.0
2021-11-30 09:46:42,300557.SZ,28.14,28.18,29.12,28.18,28.99,241200.0,6960781.0,689.0,28.99,400.0,28.98,200.0,28.95,1700.0,28.92,1300.0,28.91,1100.0,0.0,0.0,0.0,0.0,0.0,0.0,0.0,0.0,0.0,0.0,29.0,11100.0,29.05,200.0,29.08,4600.0,29.09,600.0,29.1,5000.0,0.0,0.0,0.0,0.0,0.0,0.0,0.0,0.0,0.0,0.0,26.9,31.06,68200.0,234800.0,0.0
2021-11-30 09:46:45,300557.SZ,28.14,28.18,29.12,28.18,29.0,241900.0,6981081.0,690.0,28.99,400.0,28.98,200.0,28.95,1700.0,28.92,1300.0,28.91,1100.0,0.0,0.0,0.0,0.0,0.0,0.0,0.0,0.0,0.0,0.0,29.0,10400.0,29.05,200.0,29.08,4600.0,29.09,600.0,29.1,5000.0,0.0,0.0,0.0,0.0,0.0,0.0,0.0,0.0,0.0,0.0,26.9,31.07,68200.0,234100.0,0.0
2021-11-30 09:46:48,300557.SZ,28.14,28.18,29.12,28.18,29.0,241900.0,6981081.0,690.0,28.99,400.0,28.98,200.0,28.95,1700.0,28.92,1300.0,28.91,1100.0,0.0,0.0,0.0,0.0,0.0,0.0,0.0,0.0,0.0,0.0,29.0,10400.0,29.05,200.0,29.08,4600.0,29.09,600.0,29.1,15000.0,0.0,0.0,0.0,0.0,0.0,0.0,0.0,0.0,0.0,0.0,26.9,30.99,68200.0,244100.0,0.0
2021-11-30 09:46:51,300557.SZ,28.14,28.18,29.12,28.18,28.99,242900.0,7010077.0,693.0,28.98,200.0,28.95,1700.0,28.92,1300.0,28.91,1100.0,28.88,500.0,0.0,0.0,0.0,0.0,0.0,0.0,0.0,0.0,0.0,0.0,29.0,9800.0,29.05,200.0,29.08,4600.0,29.09,600.0,29.1,15000.0,0.0,0.0,0.0,0.0,0.0,0.0,0.0,0.0,0.0,0.0,26.89,30.99,67800.0,243500.0,0.0
2021-11-30 09:46:54,300557.SZ,28.14,28.18,29.12,28.18,29.0,250300.0,7224677.0,695.0,28.98,200.0,28.96,900.0,28.95,1700.0,28.92,1300.0,28.91,1100.0,0.0,0.0,0.0,0.0,0.0,0.0,0.0,0.0,0.0,0.0,29.0,2400.0,29.05,200.0,29.08,4600.0,29.09,600.0,29.1,15000.0,0.0,0.0,0.0,0.0,0.0,0.0,0.0,0.0,0.0,0.0,26.92,31.06,68700.0,236100.0,0.0
2021-11-30 09:46:57,300557.SZ,28.14,28.18,29.12,28.18,29.0,250800.0,7239177.0,698.0,28.98,200.0,28.96,900.0,28.95,1700.0,28.92,1300.0,28.91,1100.0,0.0,0.0,0.0,0.0,0.0,0.0,0.0,0.0,0.0,0.0,29.0,1900.0,29.05,200.0,29.08,4600.0,29.09,600.0,29.1,15000.0,0.0,0.0,0.0,0.0,0.0,0.0,0.0,0.0,0.0,0.0,26.92,31.06,68700.0,235800.0,0.0
2021-11-30 09:47:00,300557.SZ,28.14,28.18,29.12,28.18,28.98,251000.0,7244974.0,700.0,28.98,100.0,28.96,900.0,28.95,1700.0,28.92,1300.0,28.91,1100.0,0.0,0.0,0.0,0.0,0.0,0.0,0.0,0.0,0.0,0.0,29.0,1800.0,29.05,200.0,29.08,4600.0,29.09,600.0,29.1,15000.0,0.0,0.0,0.0,0.0,0.0,0.0,0.0,0.0,0.0,0.0,26.91,31.06,68600.0,235700.0,0.0
2021-11-30 09:47:03,300557.SZ,28.14,28.18,29.12,28.18,29.0,251100.0,7247874.0,701.0,28.98,100.0,28.96,900.0,28.95,1700.0,28.92,1300.0,28.91,1100.0,0.0,0.0,0.0,0.0,0.0,0.0,0.0,0.0,0.0,0.0,29.0,1700.0,29.05,200.0,29.08,4600.0,29.09,600.0,29.1,15000.0,0.0,0.0,0.0,0.0,0.0,0.0,0.0,0.0,0.0,0.0,26.91,31.06,68600.0,235600.0,0.0
2021-11-30 09:47:06,300557.SZ,28.14,28.18,29.12,28.18,29.0,251100.0,7247874.0,701.0,28.99,100.0,28.98,100.0,28.96,900.0,28.95,1700.0,28.92,1300.0,0.0,0.0,0.0,0.0,0.0,0.0,0.0,0.0,0.0,0.0,29.0,2300.0,29.05,200.0,29.08,4600.0,29.09,600.0,29.1,15000.0,0.0,0.0,0.0,0.0,0.0,0.0,0.0,0.0,0.0,0.0,26.92,31.06,68700.0,236200.0,0.0
2021-11-30 09:47:09,300557.SZ,28.14,28.18,29.12,28.18,28.99,251200.0,7250773.0,702.0,28.98,100.0,28.96,900.0,28.95,1700.0,28.92,1300.0,28.91,1100.0,0.0,0.0,0.0,0.0,0.0,0.0,0.0,0.0,0.0,0.0,29.0,2300.0,29.05,200.0,29.08,4600.0,29.09,600.0,29.1,15000.0,0.0,0.0,0.0,0.0,0.0,0.0,0.0,0.0,0.0,0.0,26.91,31.06,68600.0,236100.0,0.0
2021-11-30 09:47:12,300557.SZ,28.14,28.18,29.12,28.18,28.99,251200.0,7250773.0,702.0,28.98,100.0,28.96,900.0,28.95,1700.0,28.92,1200.0,28.91,1100.0,0.0,0.0,0.0,0.0,0.0,0.0,0.0,0.0,0.0,0.0,29.0,2300.0,29.05,200.0,29.08,4600.0,29.09,600.0,29.1,15000.0,0.0,0.0,0.0,0.0,0.0,0.0,0.0,0.0,0.0,0.0,26.91,31.06,68500.0,236100.0,0.0
2021-11-30 09:47:15,300557.SZ,28.14,28.18,29.12,28.18,29.0,251400.0,7256573.0,703.0,28.98,100.0,28.96,900.0,28.95,1700.0,28.92,1200.0,28.91,1100.0,0.0,0.0,0.0,0.0,0.0,0.0,0.0,0.0,0.0,0.0,29.0,2100.0,29.05,200.0,29.08,4600.0,29.09,600.0,29.1,15000.0,0.0,0.0,0.0,0.0,0.0,0.0,0.0,0.0,0.0,0.0,26.91,31.06,68500.0,235900.0,0.0
2021-11-30 09:47:18,300557.SZ,28.14,28.18,29.12,28.18,29.0,251400.0,7256573.0,703.0,28.98,100.0,28.96,900.0,28.95,1700.0,28.92,1200.0,28.91,1100.0,0.0,0.0,0.0,0.0,0.0,0.0,0.0,0.0,0.0,0.0,29.0,2100.0,29.05,200.0,29.08,4600.0,29.09,600.0,29.1,15000.0,0.0,0.0,0.0,0.0,0.0,0.0,0.0,0.0,0.0,0.0,26.91,31.06,68500.0,237200.0,0.0
2021-11-30 09:47:21,300557.SZ,28.14,28.18,29.12,28.18,29.0,251400.0,7256573.0,703.0,28.98,100.0,28.96,900.0,28.95,1700.0,28.92,1200.0,28.91,1100.0,0.0,0.0,0.0,0.0,0.0,0.0,0.0,0.0,0.0,0.0,29.0,2200.0,29.05,200.0,29.08,4600.0,29.09,600.0,29.1,15000.0,0.0,0.0,0.0,0.0,0.0,0.0,0.0,0.0,0.0,0.0,26.91,31.06,68500.0,237300.0,0.0
2021-11-30 09:47:24,300557.SZ,28.14,28.18,29.12,28.18,29.0,251500.0,7259473.0,704.0,28.96,900.0,28.95,1700.0,28.92,1200.0,28.91,1100.0,28.88,500.0,0.0,0.0,0.0,0.0,0.0,0.0,0.0,0.0,0.0,0.0,29.0,2100.0,29.05,200.0,29.08,4600.0,29.09,600.0,29.1,15000.0,0.0,0.0,0.0,0.0,0.0,0.0,0.0,0.0,0.0,0.0,26.91,31.07,68400.0,235700.0,0.0
2021-11-30 09:47:30,300557.SZ,28.14,28.18,29.12,28.18,28.96,251600.0,7262369.0,705.0,28.97,100.0,28.96,800.0,28.95,1700.0,28.92,1200.0,28.91,1100.0,0.0,0.0,0.0,0.0,0.0,0.0,0.0,0.0,0.0,0.0,29.0,2100.0,29.05,200.0,29.08,4600.0,29.09,600.0,29.1,15000.0,0.0,0.0,0.0,0.0,0.0,0.0,0.0,0.0,0.0,0.0,26.91,31.07,68400.0,235700.0,0.0
2021-11-30 09:47:33,300557.SZ,28.14,28.18,29.12,28.18,29.0,251800.0,7268169.0,706.0,28.97,100.0,28.96,800.0,28.95,1700.0,28.92,1200.0,28.91,1100.0,0.0,0.0,0.0,0.0,0.0,0.0,0.0,0.0,0.0,0.0,29.0,2200.0,29.05,200.0,29.08,4600.0,29.09,600.0,29.1,15000.0,0.0,0.0,0.0,0.0,0.0,0.0,0.0,0.0,0.0,0.0,26.91,31.07,68400.0,235800.0,0.0
2021-11-30 09:47:36,300557.SZ,28.14,28.18,29.12,28.18,28.97,251900.0,7271066.0,707.0,28.96,800.0,28.95,1700.0,28.92,1200.0,28.91,1100.0,28.88,500.0,0.0,0.0,0.0,0.0,0.0,0.0,0.0,0.0,0.0,0.0,29.0,2200.0,29.05,200.0,29.08,4600.0,29.09,1600.0,29.1,15000.0,0.0,0.0,0.0,0.0,0.0,0.0,0.0,0.0,0.0,0.0,26.91,31.06,68300.0,236800.0,0.0
2021-11-30 09:47:42,300557.SZ,28.14,28.18,29.12,28.18,28.97,251900.0,7271066.0,707.0,28.96,800.0,28.95,1700.0,28.92,1200.0,28.91,1100.0,28.88,500.0,0.0,0.0,0.0,0.0,0.0,0.0,0.0,0.0,0.0,0.0,29.0,2200.0,29.05,200.0,29.08,4600.0,29.09,1600.0,29.1,15000.0,0.0,0.0,0.0,0.0,0.0,0.0,0.0,0.0,0.0,0.0,26.91,31.05,68300.0,239000.0,0.0
2021-11-30 09:47:45,300557.SZ,28.14,28.18,29.12,28.18,28.96,252800.0,7297140.0,710.0,28.96,600.0,28.95,1700.0,28.92,1200.0,28.91,1100.0,28.88,500.0,0.0,0.0,0.0,0.0,0.0,0.0,0.0,0.0,0.0,0.0,29.0,2100.0,29.05,200.0,29.08,4600.0,29.09,1600.0,29.1,15000.0,0.0,0.0,0.0,0.0,0.0,0.0,0.0,0.0,0.0,0.0,26.9,31.05,68100.0,238900.0,0.0
2021-11-30 09:47:51,300557.SZ,28.14,28.18,29.12,28.18,28.96,252800.0,7297140.0,710.0,28.96,600.0,28.95,1700.0,28.92,1200.0,28.91,1100.0,28.88,500.0,0.0,0.0,0.0,0.0,0.0,0.0,0.0,0.0,0.0,0.0,29.0,2600.0,29.05,200.0,29.08,4600.0,29.09,1600.0,29.1,15000.0,0.0,0.0,0.0,0.0,0.0,0.0,0.0,0.0,0.0,0.0,26.9,31.05,68100.0,239400.0,0.0
2021-11-30 09:47:54,300557.SZ,28.14,28.18,29.12,28.18,29.0,252900.0,7300040.0,711.0,28.96,600.0,28.95,1700.0,28.92,1200.0,28.91,1100.0,28.88,500.0,0.0,0.0,0.0,0.0,0.0,0.0,0.0,0.0,0.0,0.0,29.0,2500.0,29.05,200.0,29.08,4600.0,29.09,1600.0,29.1,15000.0,0.0,0.0,0.0,0.0,0.0,0.0,0.0,0.0,0.0,0.0,26.9,31.05,68100.0,239300.0,0.0
2021-11-30 09:48:00,300557.SZ,28.14,28.18,29.12,28.18,29.0,252900.0,7300040.0,711.0,28.97,100.0,28.96,600.0,28.95,1700.0,28.92,1200.0,28.91,1100.0,0.0,0.0,0.0,0.0,0.0,0.0,0.0,0.0,0.0,0.0,29.0,2400.0,29.05,200.0,29.08,4600.0,29.09,1600.0,29.1,15000.0,0.0,0.0,0.0,0.0,0.0,0.0,0.0,0.0,0.0,0.0,26.9,31.05,68200.0,239200.0,0.0
2021-11-30 09:48:03,300557.SZ,28.14,28.18,29.12,28.18,29.0,253000.0,7302940.0,712.0,28.97,100.0,28.96,600.0,28.95,1700.0,28.92,1200.0,28.91,1100.0,0.0,0.0,0.0,0.0,0.0,0.0,0.0,0.0,0.0,0.0,29.0,2300.0,29.05,200.0,29.08,4600.0,29.09,1600.0,29.1,15000.0,0.0,0.0,0.0,0.0,0.0,0.0,0.0,0.0,0.0,0.0,26.9,31.04,68200.0,240300.0,0.0
2021-11-30 09:48:09,300557.SZ,28.14,28.18,29.12,28.18,29.0,253000.0,7302940.0,712.0,28.97,100.0,28.96,600.0,28.95,1700.0,28.92,1200.0,28.91,1100.0,0.0,0.0,0.0,0.0,0.0,0.0,0.0,0.0,0.0,0.0,29.0,2300.0,29.05,200.0,29.08,4600.0,29.09,1600.0,29.1,15000.0,0.0,0.0,0.0,0.0,0.0,0.0,0.0,0.0,0.0,0.0,26.9,31.04,68200.0,241500.0,0.0
2021-11-30 09:48:12,300557.SZ,28.14,28.18,29.12,28.18,29.0,253000.0,7302940.0,712.0,28.97,100.0,28.96,600.0,28.95,1700.0,28.92,1200.0,28.91,1100.0,0.0,0.0,0.0,0.0,0.0,0.0,0.0,0.0,0.0,0.0,29.0,2300.0,29.05,200.0,29.08,4600.0,29.09,1600.0,29.1,15000.0,0.0,0.0,0.0,0.0,0.0,0.0,0.0,0.0,0.0,0.0,26.86,31.04,66200.0,241500.0,0.0
2021-11-30 09:48:15,300557.SZ,28.14,28.18,29.12,28.18,29.0,253500.0,7317440.0,714.0,28.97,100.0,28.96,600.0,28.95,1700.0,28.92,1200.0,28.91,1100.0,0.0,0.0,0.0,0.0,0.0,0.0,0.0,0.0,0.0,0.0,29.0,1800.0,29.05,200.0,29.08,4600.0,29.09,1600.0,29.1,15000.0,0.0,0.0,0.0,0.0,0.0,0.0,0.0,0.0,0.0,0.0,26.86,31.04,66200.0,241000.0,0.0
2021-11-30 09:48:24,300557.SZ,28.14,28.18,29.12,28.18,29.0,253600.0,7320340.0,715.0,28.97,100.0,28.96,600.0,28.95,1700.0,28.92,1200.0,28.91,1100.0,0.0,0.0,0.0,0.0,0.0,0.0,0.0,0.0,0.0,0.0,29.0,1700.0,29.05,200.0,29.08,4600.0,29.09,3600.0,29.1,15000.0,0.0,0.0,0.0,0.0,0.0,0.0,0.0,0.0,0.0,0.0,26.86,31.02,66200.0,242900.0,0.0
2021-11-30 09:48:27,300557.SZ,28.14,28.18,29.12,28.18,29.05,255500.0,7375450.0,720.0,28.97,100.0,28.96,600.0,28.95,1700.0,28.92,1200.0,28.91,1100.0,0.0,0.0,0.0,0.0,0.0,0.0,0.0,0.0,0.0,0.0,29.08,4600.0,29.09,3600.0,29.1,15000.0,29.11,300.0,29.12,2000.0,0.0,0.0,0.0,0.0,0.0,0.0,0.0,0.0,0.0,0.0,26.86,31.04,66200.0,241000.0,0.0
2021-11-30 09:48:30,300557.SZ,28.14,28.18,29.12,28.18,29.05,255500.0,7375450.0,720.0,28.96,600.0,28.95,1700.0,28.92,1200.0,28.91,1100.0,28.88,500.0,0.0,0.0,0.0,0.0,0.0,0.0,0.0,0.0,0.0,0.0,29.08,4600.0,29.09,3600.0,29.1,15000.0,29.11,300.0,29.12,2100.0,0.0,0.0,0.0,0.0,0.0,0.0,0.0,0.0,0.0,0.0,26.86,31.04,66100.0,241100.0,0.0
2021-11-30 09:48:33,300557.SZ,28.14,28.18,29.12,28.18,29.08,255800.0,7384174.0,722.0,28.98,100.0,28.96,600.0,28.95,1700.0,28.92,1200.0,28.91,1100.0,0.0,0.0,0.0,0.0,0.0,0.0,0.0,0.0,0.0,0.0,29.08,4300.0,29.09,3600.0,29.1,15000.0,29.11,300.0,29.12,2100.0,0.0,0.0,0.0,0.0,0.0,0.0,0.0,0.0,0.0,0.0,26.86,31.04,66200.0,240800.0,0.0
2021-11-30 09:48:36,300557.SZ,28.14,28.18,29.12,28.18,29.08,255800.0,7384174.0,722.0,28.98,100.0,28.96,600.0,28.95,1700.0,28.92,1200.0,28.91,1100.0,0.0,0.0,0.0,0.0,0.0,0.0,0.0,0.0,0.0,0.0,29.08,4300.0,29.09,3600.0,29.1,15000.0,29.11,300.0,29.12,2100.0,0.0,0.0,0.0,0.0,0.0,0.0,0.0,0.0,0.0,0.0,26.86,31.04,66200.0,242100.0,0.0
2021-11-30 09:48:42,300557.SZ,28.14,28.18,29.12,28.18,29.08,255800.0,7384174.0,722.0,28.98,100.0,28.96,600.0,28.95,1700.0,28.92,1200.0,28.91,1100.0,0.0,0.0,0.0,0.0,0.0,0.0,0.0,0.0,0.0,0.0,29.07,100.0,29.08,4300.0,29.09,3600.0,29.1,15000.0,29.11,300.0,0.0,0.0,0.0,0.0,0.0,0.0,0.0,0.0,0.0,0.0,26.86,31.04,66200.0,242200.0,0.0
2021-11-30 09:48:45,300557.SZ,28.14,28.18,29.12,28.18,29.08,255800.0,7384174.0,722.0,28.98,100.0,28.96,600.0,28.95,1700.0,28.92,1200.0,28.91,1100.0,0.0,0.0,0.0,0.0,0.0,0.0,0.0,0.0,0.0,0.0,29.07,100.0,29.08,4400.0,29.09,3600.0,29.1,15000.0,29.11,300.0,0.0,0.0,0.0,0.0,0.0,0.0,0.0,0.0,0.0,0.0,26.86,31.03,66200.0,244300.0,0.0
2021-11-30 09:48:48,300557.SZ,28.14,28.18,29.12,28.18,29.07,255900.0,7387081.0,723.0,28.98,100.0,28.96,600.0,28.95,1700.0,28.92,1200.0,28.91,1100.0,0.0,0.0,0.0,0.0,0.0,0.0,0.0,0.0,0.0,0.0,29.08,4400.0,29.09,1600.0,29.1,15000.0,29.11,300.0,29.12,2100.0,0.0,0.0,0.0,0.0,0.0,0.0,0.0,0.0,0.0,0.0,26.86,31.05,66200.0,242200.0,0.0
2021-11-30 09:48:51,300557.SZ,28.14,28.18,29.12,28.18,29.07,256100.0,7392895.0,724.0,29.07,200.0,28.98,100.0,28.96,600.0,28.95,1700.0,28.92,1200.0,0.0,0.0,0.0,0.0,0.0,0.0,0.0,0.0,0.0,0.0,29.08,4400.0,29.09,1600.0,29.1,15000.0,29.11,300.0,29.12,2100.0,0.0,0.0,0.0,0.0,0.0,0.0,0.0,0.0,0.0,0.0,26.87,31.05,66400.0,242200.0,0.0
2021-11-30 09:48:57,300557.SZ,28.14,28.18,29.12,28.18,28.96,256600.0,7407407.0,728.0,28.96,400.0,28.95,1700.0,28.92,1200.0,28.91,1100.0,28.88,500.0,0.0,0.0,0.0,0.0,0.0,0.0,0.0,0.0,0.0,0.0,29.06,4800.0,29.08,4400.0,29.09,1600.0,29.1,15000.0,29.11,300.0,0.0,0.0,0.0,0.0,0.0,0.0,0.0,0.0,0.0,0.0,26.85,31.01,65900.0,247000.0,0.0
2021-11-30 09:49:00,300557.SZ,28.14,28.18,29.12,28.18,28.96,256600.0,7407407.0,728.0,28.96,400.0,28.95,1700.0,28.92,1200.0,28.91,1100.0,28.88,500.0,0.0,0.0,0.0,0.0,0.0,0.0,0.0,0.0,0.0,0.0,29.05,600.0,29.06,4800.0,29.08,4400.0,29.09,1600.0,29.1,15000.0,0.0,0.0,0.0,0.0,0.0,0.0,0.0,0.0,0.0,0.0,26.85,31.01,65900.0,247400.0,0.0
2021-11-30 09:49:03,300557.SZ,28.14,28.18,29.12,28.18,28.96,256600.0,7407407.0,728.0,28.97,100.0,28.96,400.0,28.95,1700.0,28.92,1200.0,28.91,1100.0,0.0,0.0,0.0,0.0,0.0,0.0,0.0,0.0,0.0,0.0,29.05,600.0,29.06,4800.0,29.07,2000.0,29.08,4400.0,29.09,1600.0,0.0,0.0,0.0,0.0,0.0,0.0,0.0,0.0,0.0,0.0,26.86,30.99,66000.0,249400.0,0.0
2021-11-30 09:49:06,300557.SZ,28.14,28.18,29.12,28.18,29.07,262200.0,7570139.0,731.0,28.98,100.0,28.97,100.0,28.96,400.0,28.95,1700.0,28.92,1200.0,0.0,0.0,0.0,0.0,0.0,0.0,0.0,0.0,0.0,0.0,29.07,1800.0,29.08,4400.0,29.09,1600.0,29.1,15000.0,29.11,300.0,0.0,0.0,0.0,0.0,0.0,0.0,0.0,0.0,0.0,0.0,26.86,31.04,66100.0,243800.0,0.0
2021-11-30 09:49:12,300557.SZ,28.14,28.18,29.12,28.18,29.07,262200.0,7570139.0,731.0,29.05,600.0,28.99,600.0,28.98,100.0,28.96,400.0,28.95,1700.0,0.0,0.0,0.0,0.0,0.0,0.0,0.0,0.0,0.0,0.0,29.07,1800.0,29.08,100.0,29.09,1600.0,29.1,15000.0,29.11,300.0,0.0,0.0,0.0,0.0,0.0,0.0,0.0,0.0,0.0,0.0,26.9,31.07,67200.0,239500.0,0.0
2021-11-30 09:49:15,300557.SZ,28.14,28.18,29.12,28.18,29.07,262200.0,7570139.0,731.0,29.05,600.0,28.99,600.0,28.98,100.0,28.96,400.0,28.95,1700.0,0.0,0.0,0.0,0.0,0.0,0.0,0.0,0.0,0.0,0.0,29.06,700.0,29.07,1800.0,29.08,100.0,29.09,1600.0,29.1,15000.0,0.0,0.0,0.0,0.0,0.0,0.0,0.0,0.0,0.0,0.0,26.9,31.07,67200.0,240200.0,0.0
2021-11-30 09:49:18,300557.SZ,28.14,28.18,29.12,28.18,29.05,262900.0,7590475.0,733.0,28.99,500.0,28.98,100.0,28.96,400.0,28.95,1700.0,28.92,1200.0,0.0,0.0,0.0,0.0,0.0,0.0,0.0,0.0,0.0,0.0,29.05,200.0,29.06,600.0,29.07,1900.0,29.09,1600.0,29.1,15000.0,0.0,0.0,0.0,0.0,0.0,0.0,0.0,0.0,0.0,0.0,26.87,31.07,66500.0,240300.0,0.0
2021-11-30 09:49:27,300557.SZ,28.14,28.18,29.12,28.18,29.07,265600.0,7668954.0,740.0,29.06,500.0,29.05,800.0,29.0,1300.0,28.99,500.0,28.96,400.0,0.0,0.0,0.0,0.0,0.0,0.0,0.0,0.0,0.0,0.0,29.09,1600.0,29.1,15000.0,29.11,300.0,29.12,2100.0,29.16,400.0,0.0,0.0,0.0,0.0,0.0,0.0,0.0,0.0,0.0,0.0,26.95,31.09,69000.0,238200.0,0.0
2021-11-30 09:49:33,300557.SZ,28.14,28.18,29.12,28.18,29.09,266300.0,7689303.0,743.0,29.06,100.0,29.05,800.0,29.0,1300.0,28.99,500.0,28.96,400.0,0.0,0.0,0.0,0.0,0.0,0.0,0.0,0.0,0.0,0.0,29.09,1400.0,29.1,15000.0,29.11,300.0,29.12,2100.0,29.16,400.0,0.0,0.0,0.0,0.0,0.0,0.0,0.0,0.0,0.0,0.0,26.94,31.09,68600.0,238000.0,0.0
2021-11-30 09:49:36,300557.SZ,28.14,28.18,29.12,28.18,29.09,266300.0,7689303.0,743.0,29.07,100.0,29.06,100.0,29.05,800.0,29.0,1300.0,28.99,500.0,0.0,0.0,0.0,0.0,0.0,0.0,0.0,0.0,0.0,0.0,29.09,1400.0,29.1,15000.0,29.11,300.0,29.12,1600.0,29.16,400.0,0.0,0.0,0.0,0.0,0.0,0.0,0.0,0.0,0.0,0.0,26.94,31.09,68700.0,237500.0,0.0
2021-11-30 09:49:39,300557.SZ,28.14,28.18,29.12,28.18,29.06,268300.0,7747424.0,746.0,29.05,800.0,29.0,1300.0,28.99,500.0,28.96,400.0,28.95,1700.0,0.0,0.0,0.0,0.0,0.0,0.0,0.0,0.0,0.0,0.0,29.09,1600.0,29.1,15000.0,29.11,300.0,29.12,1600.0,29.16,400.0,0.0,0.0,0.0,0.0,0.0,0.0,0.0,0.0,0.0,0.0,26.94,31.09,68500.0,237700.0,0.0
2021-11-30 09:49:42,300557.SZ,28.14,28.18,29.12,28.18,29.06,268300.0,7747424.0,746.0,29.05,800.0,29.0,1300.0,28.99,500.0,28.96,400.0,28.95,1700.0,0.0,0.0,0.0,0.0,0.0,0.0,0.0,0.0,0.0,0.0,29.09,5900.0,29.1,15000.0,29.11,300.0,29.12,1600.0,29.16,400.0,0.0,0.0,0.0,0.0,0.0,0.0,0.0,0.0,0.0,0.0,26.94,31.06,68500.0,242000.0,0.0
2021-11-30 09:49:45,300557.SZ,28.14,28.18,29.12,28.18,29.06,268300.0,7747424.0,746.0,29.05,800.0,29.0,1300.0,28.99,500.0,28.96,400.0,28.95,1700.0,0.0,0.0,0.0,0.0,0.0,0.0,0.0,0.0,0.0,0.0,29.09,5900.0,29.1,15000.0,29.11,300.0,29.12,1600.0,29.16,400.0,0.0,0.0,0.0,0.0,0.0,0.0,0.0,0.0,0.0,0.0,26.94,31.05,68500.0,242300.0,0.0
2021-11-30 09:49:51,300557.SZ,28.14,28.18,29.12,28.18,29.05,269900.0,7793944.0,750.0,29.02,200.0,29.0,1300.0,28.99,500.0,28.96,400.0,28.95,700.0,0.0,0.0,0.0,0.0,0.0,0.0,0.0,0.0,0.0,0.0,29.09,4900.0,29.1,15000.0,29.11,300.0,29.12,1600.0,29.16,400.0,0.0,0.0,0.0,0.0,0.0,0.0,0.0,0.0,0.0,0.0,26.89,31.06,66900.0,241300.0,0.0
2021-11-30 09:49:54,300557.SZ,28.14,28.18,29.12,28.18,29.05,269900.0,7793944.0,750.0,29.02,200.0,29.0,1300.0,28.99,500.0,28.96,400.0,28.95,700.0,0.0,0.0,0.0,0.0,0.0,0.0,0.0,0.0,0.0,0.0,29.09,4900.0,29.1,15000.0,29.12,1600.0,29.16,400.0,29.18,1000.0,0.0,0.0,0.0,0.0,0.0,0.0,0.0,0.0,0.0,0.0,26.89,31.08,66900.0,243300.0,0.0
2021-11-30 09:49:57,300557.SZ,28.14,28.18,29.12,28.18,29.02,270100.0,7799748.0,751.0,29.01,500.0,29.0,1300.0,28.99,500.0,28.96,400.0,28.95,700.0,0.0,0.0,0.0,0.0,0.0,0.0,0.0,0.0,0.0,0.0,29.02,2800.0,29.09,5300.0,29.1,15000.0,29.12,1600.0,29.16,400.0,0.0,0.0,0.0,0.0,0.0,0.0,0.0,0.0,0.0,0.0,26.9,31.06,67200.0,246500.0,0.0
2021-11-30 09:50:00,300557.SZ,28.14,28.18,29.12,28.18,29.02,270200.0,7802650.0,752.0,29.01,500.0,29.0,1300.0,28.99,500.0,28.96,400.0,28.95,700.0,0.0,0.0,0.0,0.0,0.0,0.0,0.0,0.0,0.0,0.0,29.02,2700.0,29.09,5300.0,29.1,15000.0,29.12,1600.0,29.16,100.0,0.0,0.0,0.0,0.0,0.0,0.0,0.0,0.0,0.0,0.0,26.9,31.06,67200.0,246100.0,0.0
2021-11-30 09:50:03,300557.SZ,28.14,28.18,29.12,28.18,29.02,270400.0,7808454.0,754.0,29.01,500.0,29.0,1300.0,28.99,500.0,28.96,400.0,28.95,700.0,0.0,0.0,0.0,0.0,0.0,0.0,0.0,0.0,0.0,0.0,29.02,2500.0,29.09,5300.0,29.1,15000.0,29.12,1600.0,29.16,100.0,0.0,0.0,0.0,0.0,0.0,0.0,0.0,0.0,0.0,0.0,26.9,31.06,67200.0,245900.0,0.0
2021-11-30 09:50:06,300557.SZ,28.14,28.18,29.12,28.18,29.02,270900.0,7822964.0,755.0,29.01,500.0,29.0,1300.0,28.99,500.0,28.96,400.0,28.95,700.0,0.0,0.0,0.0,0.0,0.0,0.0,0.0,0.0,0.0,0.0,29.02,2000.0,29.09,5300.0,29.1,15000.0,29.12,1600.0,29.16,100.0,0.0,0.0,0.0,0.0,0.0,0.0,0.0,0.0,0.0,0.0,26.9,31.07,67200.0,245400.0,0.0
2021-11-30 09:50:09,300557.SZ,28.14,28.18,29.12,28.18,29.0,273900.0,7909989.0,761.0,28.99,500.0,28.96,400.0,28.95,700.0,28.92,1200.0,28.91,1100.0,0.0,0.0,0.0,0.0,0.0,0.0,0.0,0.0,0.0,0.0,29.0,3000.0,29.02,1000.0,29.09,1000.0,29.1,15000.0,29.12,1600.0,0.0,0.0,0.0,0.0,0.0,0.0,0.0,0.0,0.0,0.0,26.84,31.08,65400.0,243100.0,0.0
2021-11-30 09:50:15,300557.SZ,28.14,28.18,29.12,28.18,29.0,273900.0,7909989.0,761.0,28.99,500.0,28.96,400.0,28.95,700.0,28.92,1200.0,28.91,1100.0,0.0,0.0,0.0,0.0,0.0,0.0,0.0,0.0,0.0,0.0,29.0,3000.0,29.02,1000.0,29.09,1000.0,29.1,15000.0,29.12,1600.0,0.0,0.0,0.0,0.0,0.0,0.0,0.0,0.0,0.0,0.0,26.84,31.08,65400.0,243400.0,0.0
2021-11-30 09:50:18,300557.SZ,28.14,28.18,29.12,28.18,29.0,274500.0,7927389.0,762.0,28.99,500.0,28.96,400.0,28.95,700.0,28.92,1200.0,28.91,1100.0,0.0,0.0,0.0,0.0,0.0,0.0,0.0,0.0,0.0,0.0,29.0,2400.0,29.02,1000.0,29.09,1000.0,29.1,15000.0,29.12,1600.0,0.0,0.0,0.0,0.0,0.0,0.0,0.0,0.0,0.0,0.0,26.84,31.09,65400.0,242800.0,0.0
2021-11-30 09:50:21,300557.SZ,28.14,28.18,29.12,28.18,28.99,275000.0,7941884.0,767.0,28.96,400.0,28.95,700.0,28.92,1200.0,28.91,1100.0,28.88,500.0,0.0,0.0,0.0,0.0,0.0,0.0,0.0,0.0,0.0,0.0,28.99,200.0,29.0,2400.0,29.02,1000.0,29.09,1000.0,29.1,15000.0,0.0,0.0,0.0,0.0,0.0,0.0,0.0,0.0,0.0,0.0,26.82,31.08,64900.0,243500.0,0.0
2021-11-30 09:50:24,300557.SZ,28.14,28.18,29.12,28.18,28.95,275500.0,7956363.0,772.0,28.95,600.0,28.92,1200.0,28.91,1100.0,28.88,500.0,28.82,400.0,0.0,0.0,0.0,0.0,0.0,0.0,0.0,0.0,0.0,0.0,28.96,100.0,28.98,700.0,28.99,200.0,29.0,2400.0,29.02,1000.0,0.0,0.0,0.0,0.0,0.0,0.0,0.0,0.0,0.0,0.0,26.8,31.07,64400.0,244800.0,0.0
2021-11-30 09:50:27,300557.SZ,28.14,28.18,29.12,28.18,28.92,277300.0,8008437.0,777.0,28.91,1100.0,28.88,500.0,28.82,400.0,28.78,300.0,28.75,200.0,0.0,0.0,0.0,0.0,0.0,0.0,0.0,0.0,0.0,0.0,28.94,700.0,28.96,200.0,28.98,700.0,28.99,200.0,29.0,2400.0,0.0,0.0,0.0,0.0,0.0,0.0,0.0,0.0,0.0,0.0,26.74,31.06,62600.0,246500.0,0.0
2021-11-30 09:50:30,300557.SZ,28.14,28.18,29.12,28.18,28.91,278500.0,8043132.0,780.0,28.88,500.0,28.82,400.0,28.78,300.0,28.75,200.0,28.71,1000.0,0.0,0.0,0.0,0.0,0.0,0.0,0.0,0.0,0.0,0.0,28.9,600.0,28.91,1100.0,28.94,200.0,28.96,200.0,28.98,700.0,0.0,0.0,0.0,0.0,0.0,0.0,0.0,0.0,0.0,0.0,26.7,31.05,61500.0,247700.0,0.0
2021-11-30 09:50:33,300557.SZ,28.14,28.18,29.12,28.18,28.88,279100.0,8060462.0,782.0,28.83,100.0,28.82,400.0,28.78,300.0,28.75,200.0,28.71,1000.0,0.0,0.0,0.0,0.0,0.0,0.0,0.0,0.0,0.0,0.0,28.9,500.0,28.94,200.0,28.96,200.0,28.98,700.0,28.99,200.0,0.0,0.0,0.0,0.0,0.0,0.0,0.0,0.0,0.0,0.0,26.69,31.06,61100.0,246700.0,0.0
2021-11-30 09:50:36,300557.SZ,28.14,28.18,29.12,28.18,28.82,279600.0,8074873.0,784.0,28.78,300.0,28.75,200.0,28.71,1000.0,28.7,200.0,28.66,200.0,0.0,0.0,0.0,0.0,0.0,0.0,0.0,0.0,0.0,0.0,28.9,500.0,28.94,200.0,28.96,200.0,28.98,700.0,29.0,2400.0,0.0,0.0,0.0,0.0,0.0,0.0,0.0,0.0,0.0,0.0,26.67,31.06,60600.0,246300.0,0.0
2021-11-30 09:50:39,300557.SZ,28.14,28.18,29.12,28.18,28.94,280300.0,8095111.0,789.0,28.94,300.0,28.84,100.0,28.82,100.0,28.79,1500.0,28.78,300.0,0.0,0.0,0.0,0.0,0.0,0.0,0.0,0.0,0.0,0.0,28.96,300.0,28.99,500.0,29.0,2400.0,29.02,1000.0,29.09,2200.0,0.0,0.0,0.0,0.0,0.0,0.0,0.0,0.0,0.0,0.0,26.74,31.06,62600.0,245800.0,0.0
2021-11-30 09:50:45,300557.SZ,28.14,28.18,29.12,28.18,28.94,280600.0,8103793.0,791.0,28.82,100.0,28.79,1500.0,28.78,300.0,28.75,200.0,28.71,1000.0,0.0,0.0,0.0,0.0,0.0,0.0,0.0,0.0,0.0,0.0,28.93,100.0,28.94,500.0,28.99,500.0,29.0,2400.0,29.02,1000.0,0.0,0.0,0.0,0.0,0.0,0.0,0.0,0.0,0.0,0.0,26.73,31.07,62200.0,244900.0,0.0
2021-11-30 09:50:48,300557.SZ,28.14,28.18,29.12,28.18,28.79,280900.0,8112431.0,793.0,28.8,100.0,28.79,1300.0,28.78,300.0,28.75,200.0,28.71,1000.0,0.0,0.0,0.0,0.0,0.0,0.0,0.0,0.0,0.0,0.0,28.93,600.0,28.99,500.0,29.0,2400.0,29.02,1000.0,29.09,2200.0,0.0,0.0,0.0,0.0,0.0,0.0,0.0,0.0,0.0,0.0,26.72,31.07,62000.0,244900.0,0.0
2021-11-30 09:50:51,300557.SZ,28.14,28.18,29.12,28.18,28.79,280900.0,8112431.0,793.0,28.83,100.0,28.82,100.0,28.8,100.0,28.79,1300.0,28.78,300.0,0.0,0.0,0.0,0.0,0.0,0.0,0.0,0.0,0.0,0.0,28.93,600.0,28.94,200.0,28.99,500.0,29.0,2400.0,29.02,1000.0,0.0,0.0,0.0,0.0,0.0,0.0,0.0,0.0,0.0,0.0,26.73,31.07,62200.0,245100.0,0.0
2021-11-30 09:50:54,300557.SZ,28.14,28.18,29.12,28.18,28.79,280900.0,8112431.0,793.0,28.83,1200.0,28.82,100.0,28.8,800.0,28.79,1300.0,28.78,300.0,0.0,0.0,0.0,0.0,0.0,0.0,0.0,0.0,0.0,0.0,28.93,600.0,28.94,200.0,28.99,500.0,29.0,2400.0,29.02,1000.0,0.0,0.0,0.0,0.0,0.0,0.0,0.0,0.0,0.0,0.0,26.79,31.07,64000.0,245100.0,0.0
2021-11-30 09:50:57,300557.SZ,28.14,28.18,29.12,28.18,28.79,280900.0,8112431.0,793.0,28.84,100.0,28.83,1200.0,28.82,100.0,28.8,800.0,28.79,1300.0,0.0,0.0,0.0,0.0,0.0,0.0,0.0,0.0,0.0,0.0,28.93,600.0,28.94,200.0,28.99,500.0,29.0,2400.0,29.02,1000.0,0.0,0.0,0.0,0.0,0.0,0.0,0.0,0.0,0.0,0.0,26.79,31.07,64100.0,245100.0,0.0
2021-11-30 09:51:00,300557.SZ,28.14,28.18,29.12,28.18,28.79,280900.0,8112431.0,793.0,28.84,100.0,28.83,1000.0,28.82,100.0,28.8,800.0,28.79,1300.0,0.0,0.0,0.0,0.0,0.0,0.0,0.0,0.0,0.0,0.0,28.93,600.0,28.94,200.0,28.99,500.0,29.0,2400.0,29.02,1000.0,0.0,0.0,0.0,0.0,0.0,0.0,0.0,0.0,0.0,0.0,26.78,31.07,63900.0,245100.0,0.0
2021-11-30 09:51:03,300557.SZ,28.14,28.18,29.12,28.18,28.79,280900.0,8112431.0,793.0,28.85,100.0,28.83,1000.0,28.82,100.0,28.8,800.0,28.79,1300.0,0.0,0.0,0.0,0.0,0.0,0.0,0.0,0.0,0.0,0.0,28.93,600.0,28.94,200.0,28.99,500.0,29.0,2400.0,29.02,1000.0,0.0,0.0,0.0,0.0,0.0,0.0,0.0,0.0,0.0,0.0,26.78,31.07,63900.0,245100.0,0.0
2021-11-30 09:51:06,300557.SZ,28.14,28.18,29.12,28.18,28.79,280900.0,8112431.0,793.0,28.85,200.0,28.83,1000.0,28.82,100.0,28.8,800.0,28.79,1300.0,0.0,0.0,0.0,0.0,0.0,0.0,0.0,0.0,0.0,0.0,28.93,600.0,28.94,200.0,28.99,500.0,29.0,2400.0,29.02,1000.0,0.0,0.0,0.0,0.0,0.0,0.0,0.0,0.0,0.0,0.0,26.79,31.07,64000.0,245100.0,0.0
2021-11-30 09:51:09,300557.SZ,28.14,28.18,29.12,28.18,28.93,281000.0,8115324.0,794.0,28.85,200.0,28.83,1000.0,28.82,200.0,28.8,800.0,28.79,1300.0,0.0,0.0,0.0,0.0,0.0,0.0,0.0,0.0,0.0,0.0,28.93,200.0,28.94,200.0,28.99,500.0,29.0,2400.0,29.02,1000.0,0.0,0.0,0.0,0.0,0.0,0.0,0.0,0.0,0.0,0.0,26.79,31.07,64100.0,244700.0,0.0
2021-11-30 09:51:12,300557.SZ,28.14,28.18,29.12,28.18,28.93,281000.0,8115324.0,794.0,28.88,100.0,28.87,100.0,28.85,200.0,28.83,1000.0,28.82,200.0,0.0,0.0,0.0,0.0,0.0,0.0,0.0,0.0,0.0,0.0,28.93,200.0,28.94,400.0,28.99,500.0,29.0,2400.0,29.02,1000.0,0.0,0.0,0.0,0.0,0.0,0.0,0.0,0.0,0.0,0.0,26.8,31.07,64300.0,245100.0,0.0
2021-11-30 09:51:15,300557.SZ,28.14,28.18,29.12,28.18,28.93,281000.0,8115324.0,794.0,28.88,100.0,28.87,100.0,28.85,200.0,28.83,1000.0,28.82,200.0,0.0,0.0,0.0,0.0,0.0,0.0,0.0,0.0,0.0,0.0,28.94,400.0,28.99,500.0,29.0,2400.0,29.02,1000.0,29.09,2200.0,0.0,0.0,0.0,0.0,0.0,0.0,0.0,0.0,0.0,0.0,26.8,31.07,64300.0,244900.0,0.0
2021-11-30 09:51:18,300557.SZ,28.14,28.18,29.12,28.18,28.93,281000.0,8115324.0,794.0,28.93,500.0,28.89,100.0,28.88,100.0,28.87,100.0,28.86,1800.0,0.0,0.0,0.0,0.0,0.0,0.0,0.0,0.0,0.0,0.0,28.94,400.0,28.99,500.0,29.0,2400.0,29.02,1000.0,29.09,2200.0,0.0,0.0,0.0,0.0,0.0,0.0,0.0,0.0,0.0,0.0,26.86,31.07,66500.0,244900.0,0.0
2021-11-30 09:51:21,300557.SZ,28.14,28.18,29.12,28.18,28.94,281100.0,8118218.0,795.0,28.93,1500.0,28.89,100.0,28.88,100.0,28.87,100.0,28.86,1800.0,0.0,0.0,0.0,0.0,0.0,0.0,0.0,0.0,0.0,0.0,28.94,300.0,28.95,1200.0,28.99,500.0,29.0,2400.0,29.02,1000.0,0.0,0.0,0.0,0.0,0.0,0.0,0.0,0.0,0.0,0.0,26.91,31.06,68000.0,246000.0,0.0
2021-11-30 09:51:24,300557.SZ,28.14,28.18,29.12,28.18,28.94,281200.0,8121112.0,796.0,28.93,1500.0,28.88,100.0,28.87,100.0,28.86,1800.0,28.83,1000.0,0.0,0.0,0.0,0.0,0.0,0.0,0.0,0.0,0.0,0.0,28.94,200.0,28.95,1200.0,28.99,500.0,29.0,2400.0,29.02,1000.0,0.0,0.0,0.0,0.0,0.0,0.0,0.0,0.0,0.0,0.0,26.9,31.06,67900.0,246400.0,0.0
2021-11-30 09:51:27,300557.SZ,28.14,28.18,29.12,28.18,28.94,281400.0,8126900.0,797.0,28.94,1600.0,28.93,1500.0,28.88,100.0,28.87,100.0,28.86,1800.0,0.0,0.0,0.0,0.0,0.0,0.0,0.0,0.0,0.0,0.0,28.95,1200.0,28.99,500.0,29.0,2400.0,29.02,1000.0,29.07,500.0,0.0,0.0,0.0,0.0,0.0,0.0,0.0,0.0,0.0,0.0,26.95,31.06,69400.0,246200.0,0.0
2021-11-30 09:51:30,300557.SZ,28.14,28.18,29.12,28.18,28.95,281800.0,8138480.0,800.0,28.94,1600.0,28.93,1500.0,28.89,500.0,28.86,1800.0,28.83,1000.0,0.0,0.0,0.0,0.0,0.0,0.0,0.0,0.0,0.0,0.0,28.95,800.0,28.99,500.0,29.0,2400.0,29.02,1000.0,29.07,500.0,0.0,0.0,0.0,0.0,0.0,0.0,0.0,0.0,0.0,0.0,26.96,31.06,69700.0,245800.0,0.0
2021-11-30 09:51:33,300557.SZ,28.14,28.18,29.12,28.18,28.94,282000.0,8144269.0,802.0,28.94,1500.0,28.93,1500.0,28.89,500.0,28.86,1800.0,28.83,1000.0,0.0,0.0,0.0,0.0,0.0,0.0,0.0,0.0,0.0,0.0,28.95,700.0,28.99,500.0,29.0,2400.0,29.02,1000.0,29.07,500.0,0.0,0.0,0.0,0.0,0.0,0.0,0.0,0.0,0.0,0.0,26.94,31.06,69100.0,245700.0,0.0
2021-11-30 09:51:36,300557.SZ,28.14,28.18,29.12,28.18,28.95,282700.0,8164534.0,805.0,28.95,600.0,28.94,1500.0,28.93,1500.0,28.89,500.0,28.86,1800.0,0.0,0.0,0.0,0.0,0.0,0.0,0.0,0.0,0.0,0.0,28.99,500.0,29.0,2400.0,29.02,1000.0,29.07,500.0,29.09,2200.0,0.0,0.0,0.0,0.0,0.0,0.0,0.0,0.0,0.0,0.0,26.96,31.06,69700.0,246500.0,0.0
2021-11-30 09:51:39,300557.SZ,28.14,28.18,29.12,28.18,28.95,282700.0,8164534.0,805.0,28.95,600.0,28.94,1500.0,28.93,500.0,28.89,500.0,28.86,1800.0,0.0,0.0,0.0,0.0,0.0,0.0,0.0,0.0,0.0,0.0,28.99,500.0,29.0,2400.0,29.02,1000.0,29.07,500.0,29.09,2200.0,0.0,0.0,0.0,0.0,0.0,0.0,0.0,0.0,0.0,0.0,26.93,31.06,68700.0,246500.0,0.0
2021-11-30 09:51:42,300557.SZ,28.14,28.18,29.12,28.18,28.95,282700.0,8164534.0,805.0,28.95,600.0,28.94,1500.0,28.93,500.0,28.89,500.0,28.86,1800.0,0.0,0.0,0.0,0.0,0.0,0.0,0.0,0.0,0.0,0.0,28.99,2100.0,29.0,2400.0,29.02,1000.0,29.07,500.0,29.09,2200.0,0.0,0.0,0.0,0.0,0.0,0.0,0.0,0.0,0.0,0.0,26.93,31.04,68700.0,248100.0,0.0
2021-11-30 09:51:45,300557.SZ,28.14,28.18,29.12,28.18,28.95,282700.0,8164534.0,805.0,28.95,600.0,28.93,500.0,28.89,500.0,28.86,1800.0,28.83,1000.0,0.0,0.0,0.0,0.0,0.0,0.0,0.0,0.0,0.0,0.0,28.99,2100.0,29.0,2400.0,29.02,1000.0,29.07,500.0,29.09,2200.0,0.0,0.0,0.0,0.0,0.0,0.0,0.0,0.0,0.0,0.0,26.88,31.04,67200.0,248100.0,0.0
2021-11-30 09:51:48,300557.SZ,28.14,28.18,29.12,28.18,28.95,283300.0,8181904.0,806.0,28.93,500.0,28.89,500.0,28.83,1000.0,28.8,200.0,28.79,1300.0,0.0,0.0,0.0,0.0,0.0,0.0,0.0,0.0,0.0,0.0,28.97,600.0,28.98,200.0,28.99,2100.0,29.0,2400.0,29.02,1000.0,0.0,0.0,0.0,0.0,0.0,0.0,0.0,0.0,0.0,0.0,26.81,31.04,64800.0,248900.0,0.0
2021-11-30 09:51:51,300557.SZ,28.14,28.18,29.12,28.18,28.93,284300.0,8210834.0,808.0,28.89,500.0,28.83,1000.0,28.8,200.0,28.79,1300.0,28.78,300.0,0.0,0.0,0.0,0.0,0.0,0.0,0.0,0.0,0.0,0.0,28.93,1000.0,28.96,200.0,28.97,600.0,28.98,200.0,28.99,2100.0,0.0,0.0,0.0,0.0,0.0,0.0,0.0,0.0,0.0,0.0,26.79,31.03,64300.0,250100.0,0.0
2021-11-30 09:51:57,300557.SZ,28.14,28.18,29.12,28.18,28.93,284300.0,8210834.0,808.0,28.89,500.0,28.83,1000.0,28.8,800.0,28.79,1300.0,28.78,300.0,0.0,0.0,0.0,0.0,0.0,0.0,0.0,0.0,0.0,0.0,28.93,1000.0,28.96,200.0,28.97,600.0,28.98,200.0,28.99,2100.0,0.0,0.0,0.0,0.0,0.0,0.0,0.0,0.0,0.0,0.0,26.81,31.03,64900.0,250100.0,0.0
2021-11-30 09:52:00,300557.SZ,28.14,28.18,29.12,28.18,28.93,284300.0,8210834.0,808.0,28.89,500.0,28.83,1000.0,28.8,800.0,28.79,1300.0,28.78,300.0,0.0,0.0,0.0,0.0,0.0,0.0,0.0,0.0,0.0,0.0,28.93,1000.0,28.96,200.0,28.97,600.0,28.98,200.0,28.99,2100.0,0.0,0.0,0.0,0.0,0.0,0.0,0.0,0.0,0.0,0.0,26.81,31.06,64900.0,253100.0,0.0
2021-11-30 09:52:03,300557.SZ,28.14,28.18,29.12,28.18,28.93,284300.0,8210834.0,808.0,28.89,500.0,28.83,1000.0,28.8,800.0,28.79,1300.0,28.78,300.0,0.0,0.0,0.0,0.0,0.0,0.0,0.0,0.0,0.0,0.0,28.93,1000.0,28.96,200.0,28.99,2100.0,29.02,1000.0,29.07,500.0,0.0,0.0,0.0,0.0,0.0,0.0,0.0,0.0,0.0,0.0,26.81,31.09,64900.0,249900.0,0.0
2021-11-30 09:52:06,300557.SZ,28.14,28.18,29.12,28.18,28.91,284600.0,8219504.0,811.0,28.89,400.0,28.83,1000.0,28.8,800.0,28.79,1300.0,28.78,300.0,0.0,0.0,0.0,0.0,0.0,0.0,0.0,0.0,0.0,0.0,28.91,700.0,28.92,1200.0,28.93,1000.0,28.99,2100.0,29.02,1000.0,0.0,0.0,0.0,0.0,0.0,0.0,0.0,0.0,0.0,0.0,26.81,31.07,64800.0,252600.0,0.0
2021-11-30 09:52:09,300557.SZ,28.14,28.18,29.12,28.18,28.89,285000.0,8231060.0,815.0,28.83,1000.0,28.8,800.0,28.79,1300.0,28.78,300.0,28.75,200.0,0.0,0.0,0.0,0.0,0.0,0.0,0.0,0.0,0.0,0.0,28.88,100.0,28.89,400.0,28.91,700.0,28.92,1200.0,28.93,1000.0,0.0,0.0,0.0,0.0,0.0,0.0,0.0,0.0,0.0,0.0,26.8,31.08,64400.0,251500.0,0.0
2021-11-30 09:52:12,300557.SZ,28.14,28.18,29.12,28.18,28.89,285000.0,8231060.0,815.0,28.84,200.0,28.83,1000.0,28.8,800.0,28.79,1300.0,28.78,300.0,0.0,0.0,0.0,0.0,0.0,0.0,0.0,0.0,0.0,0.0,28.87,300.0,28.88,100.0,28.89,400.0,28.91,700.0,28.92,1200.0,0.0,0.0,0.0,0.0,0.0,0.0,0.0,0.0,0.0,0.0,26.8,31.07,64600.0,251800.0,0.0
2021-11-30 09:52:15,300557.SZ,28.14,28.18,29.12,28.18,28.89,285800.0,8254165.0,821.0,28.89,1200.0,28.84,200.0,28.83,1000.0,28.81,300.0,28.8,800.0,0.0,0.0,0.0,0.0,0.0,0.0,0.0,0.0,0.0,0.0,28.91,700.0,28.92,1200.0,28.93,1000.0,28.99,500.0,29.02,1000.0,0.0,0.0,0.0,0.0,0.0,0.0,0.0,0.0,0.0,0.0,26.85,31.08,66100.0,251000.0,0.0
2021-11-30 09:52:21,300557.SZ,28.14,28.18,29.12,28.18,28.89,285800.0,8254165.0,821.0,28.89,1200.0,28.84,200.0,28.83,1000.0,28.81,300.0,28.8,800.0,0.0,0.0,0.0,0.0,0.0,0.0,0.0,0.0,0.0,0.0,28.91,700.0,28.93,1000.0,28.99,500.0,29.02,1000.0,29.07,500.0,0.0,0.0,0.0,0.0,0.0,0.0,0.0,0.0,0.0,0.0,26.85,31.09,66100.0,249800.0,0.0
2021-11-30 09:52:24,300557.SZ,28.14,28.18,29.12,28.18,28.87,287100.0,8291720.0,823.0,28.84,200.0,28.83,1000.0,28.81,300.0,28.8,800.0,28.79,1300.0,0.0,0.0,0.0,0.0,0.0,0.0,0.0,0.0,0.0,0.0,28.87,200.0,28.93,1500.0,28.99,500.0,29.02,1000.0,29.07,500.0,0.0,0.0,0.0,0.0,0.0,0.0,0.0,0.0,0.0,0.0,26.81,31.09,64900.0,249800.0,0.0
2021-11-30 09:52:27,300557.SZ,28.14,28.18,29.12,28.18,28.87,287200.0,8294607.0,824.0,28.84,200.0,28.83,1000.0,28.81,300.0,28.8,800.0,28.79,1300.0,0.0,0.0,0.0,0.0,0.0,0.0,0.0,0.0,0.0,0.0,28.87,100.0,28.93,1500.0,28.99,500.0,29.02,1000.0,29.07,500.0,0.0,0.0,0.0,0.0,0.0,0.0,0.0,0.0,0.0,0.0,26.81,31.09,64900.0,249700.0,0.0
2021-11-30 09:52:30,300557.SZ,28.14,28.18,29.12,28.18,28.87,287300.0,8297494.0,825.0,28.84,200.0,28.83,1000.0,28.81,300.0,28.8,800.0,28.79,1300.0,0.0,0.0,0.0,0.0,0.0,0.0,0.0,0.0,0.0,0.0,28.93,1500.0,28.99,500.0,29.02,1000.0,29.07,500.0,29.09,2200.0,0.0,0.0,0.0,0.0,0.0,0.0,0.0,0.0,0.0,0.0,26.81,31.09,64900.0,249700.0,0.0
2021-11-30 09:52:33,300557.SZ,28.14,28.18,29.12,28.18,28.87,287300.0,8297494.0,825.0,28.87,200.0,28.84,200.0,28.83,1000.0,28.81,300.0,28.8,800.0,0.0,0.0,0.0,0.0,0.0,0.0,0.0,0.0,0.0,0.0,28.93,1500.0,28.99,500.0,29.02,1000.0,29.07,500.0,29.09,2200.0,0.0,0.0,0.0,0.0,0.0,0.0,0.0,0.0,0.0,0.0,26.82,31.09,65100.0,249700.0,0.0
2021-11-30 09:52:36,300557.SZ,28.14,28.18,29.12,28.18,28.87,287300.0,8297494.0,825.0,28.87,200.0,28.85,200.0,28.84,200.0,28.83,1000.0,28.81,300.0,0.0,0.0,0.0,0.0,0.0,0.0,0.0,0.0,0.0,0.0,28.93,1500.0,28.99,500.0,29.02,1000.0,29.07,500.0,29.09,2200.0,0.0,0.0,0.0,0.0,0.0,0.0,0.0,0.0,0.0,0.0,26.81,31.09,64500.0,249700.0,0.0
2021-11-30 09:52:39,300557.SZ,28.14,28.18,29.12,28.18,28.87,287300.0,8297494.0,825.0,28.88,100.0,28.87,200.0,28.85,100.0,28.84,200.0,28.83,1000.0,0.0,0.0,0.0,0.0,0.0,0.0,0.0,0.0,0.0,0.0,28.93,1500.0,28.99,500.0,29.02,1000.0,29.07,500.0,29.09,2200.0,0.0,0.0,0.0,0.0,0.0,0.0,0.0,0.0,0.0,0.0,26.81,31.09,64500.0,249700.0,0.0
2021-11-30 09:52:42,300557.SZ,28.14,28.18,29.12,28.18,28.87,287600.0,8306156.0,827.0,28.85,100.0,28.84,200.0,28.83,1000.0,28.81,300.0,28.8,800.0,0.0,0.0,0.0,0.0,0.0,0.0,0.0,0.0,0.0,0.0,28.87,400.0,28.93,1500.0,28.99,500.0,29.02,1000.0,29.07,500.0,0.0,0.0,0.0,0.0,0.0,0.0,0.0,0.0,0.0,0.0,26.8,31.09,64200.0,250100.0,0.0
2021-11-30 09:52:45,300557.SZ,28.14,28.18,29.12,28.18,28.87,287700.0,8309043.0,828.0,28.85,100.0,28.84,200.0,28.83,1000.0,28.81,300.0,28.8,800.0,0.0,0.0,0.0,0.0,0.0,0.0,0.0,0.0,0.0,0.0,28.87,300.0,28.93,1000.0,28.99,500.0,29.02,1000.0,29.07,500.0,0.0,0.0,0.0,0.0,0.0,0.0,0.0,0.0,0.0,0.0,26.8,31.09,64200.0,249500.0,0.0
2021-11-30 09:52:48,300557.SZ,28.14,28.18,29.12,28.18,28.87,287800.0,8311930.0,829.0,28.85,700.0,28.84,200.0,28.83,1000.0,28.81,300.0,28.8,800.0,0.0,0.0,0.0,0.0,0.0,0.0,0.0,0.0,0.0,0.0,28.87,200.0,28.93,1000.0,28.99,500.0,29.02,1000.0,29.07,500.0,0.0,0.0,0.0,0.0,0.0,0.0,0.0,0.0,0.0,0.0,26.82,31.1,64800.0,248100.0,0.0
2021-11-30 09:52:51,300557.SZ,28.14,28.18,29.12,28.18,28.87,288000.0,8317704.0,831.0,28.87,500.0,28.85,700.0,28.84,200.0,28.83,1600.0,28.81,300.0,0.0,0.0,0.0,0.0,0.0,0.0,0.0,0.0,0.0,0.0,28.93,1000.0,28.99,500.0,29.02,1000.0,29.07,500.0,29.09,2200.0,0.0,0.0,0.0,0.0,0.0,0.0,0.0,0.0,0.0,0.0,26.86,31.1,65900.0,247900.0,0.0
2021-11-30 09:52:54,300557.SZ,28.14,28.18,29.12,28.18,28.87,288500.0,8332139.0,834.0,28.85,600.0,28.84,200.0,28.83,1600.0,28.81,300.0,28.8,800.0,0.0,0.0,0.0,0.0,0.0,0.0,0.0,0.0,0.0,0.0,28.93,1000.0,28.99,500.0,29.02,1000.0,29.07,5500.0,29.09,2200.0,0.0,0.0,0.0,0.0,0.0,0.0,0.0,0.0,0.0,0.0,26.84,31.06,65300.0,252900.0,0.0
2021-11-30 09:52:57,300557.SZ,28.14,28.18,29.12,28.18,28.87,288500.0,8332139.0,834.0,28.86,100.0,28.85,600.0,28.84,200.0,28.83,1600.0,28.81,300.0,0.0,0.0,0.0,0.0,0.0,0.0,0.0,0.0,0.0,0.0,28.93,1000.0,28.99,500.0,29.02,1000.0,29.07,5500.0,29.09,2200.0,0.0,0.0,0.0,0.0,0.0,0.0,0.0,0.0,0.0,0.0,26.84,31.06,65400.0,252900.0,0.0
2021-11-30 09:53:06,300557.SZ,28.14,28.18,29.12,28.18,28.87,288500.0,8332139.0,834.0,28.87,100.0,28.86,100.0,28.85,600.0,28.84,200.0,28.83,1600.0,0.0,0.0,0.0,0.0,0.0,0.0,0.0,0.0,0.0,0.0,28.93,1000.0,28.99,500.0,29.02,1000.0,29.07,5500.0,29.09,2200.0,0.0,0.0,0.0,0.0,0.0,0.0,0.0,0.0,0.0,0.0,26.84,31.06,65500.0,252900.0,0.0
2021-11-30 09:53:12,300557.SZ,28.14,28.18,29.12,28.18,28.87,288500.0,8332139.0,834.0,28.87,100.0,28.85,600.0,28.84,200.0,28.83,1600.0,28.81,300.0,0.0,0.0,0.0,0.0,0.0,0.0,0.0,0.0,0.0,0.0,28.93,1000.0,28.99,500.0,29.02,1000.0,29.07,5500.0,29.09,2200.0,0.0,0.0,0.0,0.0,0.0,0.0,0.0,0.0,0.0,0.0,26.84,31.08,65400.0,254200.0,0.0
2021-11-30 09:53:15,300557.SZ,28.14,28.18,29.12,28.18,28.87,288600.0,8335026.0,835.0,28.85,600.0,28.84,200.0,28.83,2600.0,28.81,300.0,28.8,800.0,0.0,0.0,0.0,0.0,0.0,0.0,0.0,0.0,0.0,0.0,28.87,1900.0,28.93,1000.0,28.99,500.0,29.02,1000.0,29.07,5500.0,0.0,0.0,0.0,0.0,0.0,0.0,0.0,0.0,0.0,0.0,26.87,31.06,66300.0,256100.0,0.0
2021-11-30 09:53:18,300557.SZ,28.14,28.18,29.12,28.18,28.87,288600.0,8335026.0,835.0,28.85,600.0,28.84,200.0,28.83,2600.0,28.81,300.0,28.8,800.0,0.0,0.0,0.0,0.0,0.0,0.0,0.0,0.0,0.0,0.0,28.87,2900.0,28.93,1000.0,28.99,500.0,29.02,1000.0,29.07,5500.0,0.0,0.0,0.0,0.0,0.0,0.0,0.0,0.0,0.0,0.0,26.87,31.05,66300.0,257100.0,0.0
2021-11-30 09:53:30,300557.SZ,28.14,28.18,29.12,28.18,28.87,290700.0,8395653.0,838.0,28.85,600.0,28.84,200.0,28.83,2600.0,28.81,300.0,28.8,800.0,0.0,0.0,0.0,0.0,0.0,0.0,0.0,0.0,0.0,0.0,28.87,800.0,28.93,1000.0,28.99,500.0,29.02,1000.0,29.07,5500.0,0.0,0.0,0.0,0.0,0.0,0.0,0.0,0.0,0.0,0.0,26.92,31.07,57600.0,255000.0,0.0
2021-11-30 09:53:33,300557.SZ,28.14,28.18,29.12,28.18,28.87,291000.0,8404314.0,840.0,28.85,600.0,28.84,200.0,28.83,2600.0,28.81,300.0,28.8,800.0,0.0,0.0,0.0,0.0,0.0,0.0,0.0,0.0,0.0,0.0,28.87,500.0,28.93,1000.0,28.99,500.0,29.02,1000.0,29.07,5500.0,0.0,0.0,0.0,0.0,0.0,0.0,0.0,0.0,0.0,0.0,26.92,31.07,57600.0,254700.0,0.0
2021-11-30 09:53:36,300557.SZ,28.14,28.18,29.12,28.18,28.85,291700.0,8424509.0,842.0,28.84,200.0,28.83,2600.0,28.81,300.0,28.8,800.0,28.79,1300.0,0.0,0.0,0.0,0.0,0.0,0.0,0.0,0.0,0.0,0.0,28.85,4300.0,28.87,500.0,28.93,1000.0,28.99,500.0,29.02,1000.0,0.0,0.0,0.0,0.0,0.0,0.0,0.0,0.0,0.0,0.0,26.9,31.03,57000.0,259000.0,0.0
2021-11-30 09:53:45,300557.SZ,28.14,28.18,29.12,28.18,28.85,292300.0,8441819.0,844.0,28.84,200.0,28.83,2600.0,28.81,300.0,28.8,800.0,28.79,1300.0,0.0,0.0,0.0,0.0,0.0,0.0,0.0,0.0,0.0,0.0,28.85,3700.0,28.87,500.0,28.93,1000.0,28.99,500.0,29.02,1000.0,0.0,0.0,0.0,0.0,0.0,0.0,0.0,0.0,0.0,0.0,26.9,31.04,57000.0,258400.0,0.0
2021-11-30 09:53:48,300557.SZ,28.14,28.18,29.12,28.18,28.84,292400.0,8444703.0,845.0,28.84,100.0,28.83,2600.0,28.81,300.0,28.8,800.0,28.79,1300.0,0.0,0.0,0.0,0.0,0.0,0.0,0.0,0.0,0.0,0.0,28.85,3700.0,28.87,500.0,28.93,1000.0,28.99,500.0,29.02,1000.0,0.0,0.0,0.0,0.0,0.0,0.0,0.0,0.0,0.0,0.0,26.89,31.04,56900.0,258400.0,0.0
2021-11-30 09:53:51,300557.SZ,28.14,28.18,29.12,28.18,28.85,296100.0,8551448.0,846.0,28.85,600.0,28.84,100.0,28.83,2000.0,28.81,300.0,28.8,800.0,0.0,0.0,0.0,0.0,0.0,0.0,0.0,0.0,0.0,0.0,28.87,500.0,28.93,1000.0,28.99,500.0,29.02,1000.0,29.07,5500.0,0.0,0.0,0.0,0.0,0.0,0.0,0.0,0.0,0.0,0.0,26.89,31.07,56900.0,254700.0,0.0
2021-11-30 09:53:54,300557.SZ,28.14,28.18,29.12,28.18,28.85,296100.0,8551448.0,846.0,28.86,100.0,28.85,600.0,28.84,100.0,28.83,1000.0,28.81,300.0,0.0,0.0,0.0,0.0,0.0,0.0,0.0,0.0,0.0,0.0,28.87,500.0,28.93,1000.0,28.99,500.0,29.02,1000.0,29.07,5500.0,0.0,0.0,0.0,0.0,0.0,0.0,0.0,0.0,0.0,0.0,26.86,31.06,56000.0,256700.0,0.0
2021-11-30 09:53:57,300557.SZ,28.14,28.18,29.12,28.18,28.87,296200.0,8554335.0,847.0,28.86,700.0,28.85,1600.0,28.84,100.0,28.83,1000.0,28.81,300.0,0.0,0.0,0.0,0.0,0.0,0.0,0.0,0.0,0.0,0.0,28.87,400.0,28.93,1000.0,28.99,500.0,29.02,1000.0,29.07,5500.0,0.0,0.0,0.0,0.0,0.0,0.0,0.0,0.0,0.0,0.0,26.87,31.06,59100.0,256600.0,0.0
2021-11-30 09:54:00,300557.SZ,28.14,28.18,29.12,28.18,28.87,296200.0,8554335.0,847.0,28.86,800.0,28.85,1600.0,28.84,100.0,28.83,1000.0,28.81,300.0,0.0,0.0,0.0,0.0,0.0,0.0,0.0,0.0,0.0,0.0,28.87,400.0,28.93,1000.0,28.96,600.0,28.99,500.0,29.02,1000.0,0.0,0.0,0.0,0.0,0.0,0.0,0.0,0.0,0.0,0.0,26.87,31.06,59200.0,257200.0,0.0
2021-11-30 09:54:03,300557.SZ,28.14,28.18,29.12,28.18,28.93,297200.0,8583241.0,849.0,28.88,100.0,28.87,200.0,28.86,800.0,28.85,1600.0,28.84,100.0,0.0,0.0,0.0,0.0,0.0,0.0,0.0,0.0,0.0,0.0,28.93,400.0,28.96,600.0,28.99,500.0,29.02,1000.0,29.07,5500.0,0.0,0.0,0.0,0.0,0.0,0.0,0.0,0.0,0.0,0.0,26.9,31.06,60200.0,256200.0,0.0
2021-11-30 09:54:06,300557.SZ,28.14,28.18,29.12,28.18,28.93,297200.0,8583241.0,849.0,28.88,100.0,28.87,200.0,28.86,700.0,28.85,1600.0,28.84,100.0,0.0,0.0,0.0,0.0,0.0,0.0,0.0,0.0,0.0,0.0,28.93,400.0,28.96,600.0,28.99,500.0,29.02,1000.0,29.07,5500.0,0.0,0.0,0.0,0.0,0.0,0.0,0.0,0.0,0.0,0.0,26.89,31.06,60100.0,256200.0,0.0
2021-11-30 09:54:09,300557.SZ,28.14,28.18,29.12,28.18,28.93,297200.0,8583241.0,849.0,28.89,100.0,28.88,100.0,28.87,200.0,28.86,600.0,28.85,1600.0,0.0,0.0,0.0,0.0,0.0,0.0,0.0,0.0,0.0,0.0,28.93,400.0,28.96,600.0,28.99,500.0,29.02,1000.0,29.07,5500.0,0.0,0.0,0.0,0.0,0.0,0.0,0.0,0.0,0.0,0.0,26.89,31.06,60100.0,256200.0,0.0
2021-11-30 09:54:18,300557.SZ,28.14,28.18,29.12,28.18,28.93,297200.0,8583241.0,849.0,28.89,100.0,28.88,100.0,28.87,200.0,28.86,600.0,28.85,1600.0,0.0,0.0,0.0,0.0,0.0,0.0,0.0,0.0,0.0,0.0,28.93,400.0,28.96,600.0,28.99,500.0,29.02,1000.0,29.07,5500.0,0.0,0.0,0.0,0.0,0.0,0.0,0.0,0.0,0.0,0.0,26.89,31.06,60100.0,257200.0,0.0
2021-11-30 09:54:24,300557.SZ,28.14,28.18,29.12,28.18,28.93,297200.0,8583241.0,849.0,28.89,100.0,28.88,100.0,28.87,200.0,28.86,600.0,28.85,1600.0,0.0,0.0,0.0,0.0,0.0,0.0,0.0,0.0,0.0,0.0,28.93,400.0,28.96,600.0,28.99,500.0,29.02,1000.0,29.07,5500.0,0.0,0.0,0.0,0.0,0.0,0.0,0.0,0.0,0.0,0.0,26.89,31.06,60100.0,257300.0,0.0
2021-11-30 09:54:33,300557.SZ,28.14,28.18,29.12,28.18,28.85,299800.0,8658268.0,856.0,28.84,100.0,28.83,1000.0,28.81,300.0,28.8,800.0,28.79,1300.0,0.0,0.0,0.0,0.0,0.0,0.0,0.0,0.0,0.0,0.0,28.85,1100.0,28.93,400.0,28.96,600.0,28.99,500.0,29.02,1000.0,0.0,0.0,0.0,0.0,0.0,0.0,0.0,0.0,0.0,0.0,26.81,31.05,57500.0,258400.0,0.0
2021-11-30 09:54:39,300557.SZ,28.14,28.18,29.12,28.18,28.85,299900.0,8661153.0,857.0,28.84,100.0,28.83,1000.0,28.81,300.0,28.8,800.0,28.79,1300.0,0.0,0.0,0.0,0.0,0.0,0.0,0.0,0.0,0.0,0.0,28.85,1000.0,28.93,400.0,28.96,600.0,28.99,500.0,29.02,1000.0,0.0,0.0,0.0,0.0,0.0,0.0,0.0,0.0,0.0,0.0,26.81,31.05,57500.0,258300.0,0.0
2021-11-30 09:54:42,300557.SZ,28.14,28.18,29.12,28.18,28.85,300000.0,8664038.0,858.0,28.84,100.0,28.83,1000.0,28.81,300.0,28.8,1000.0,28.79,1300.0,0.0,0.0,0.0,0.0,0.0,0.0,0.0,0.0,0.0,0.0,28.85,900.0,28.89,100.0,28.93,400.0,28.96,600.0,28.99,500.0,0.0,0.0,0.0,0.0,0.0,0.0,0.0,0.0,0.0,0.0,26.81,31.05,57700.0,259000.0,0.0
2021-11-30 09:54:45,300557.SZ,28.14,28.18,29.12,28.18,28.85,300100.0,8666923.0,859.0,28.84,1000.0,28.83,1000.0,28.81,300.0,28.8,1000.0,28.79,1300.0,0.0,0.0,0.0,0.0,0.0,0.0,0.0,0.0,0.0,0.0,28.85,800.0,28.89,100.0,28.93,400.0,28.96,600.0,28.99,500.0,0.0,0.0,0.0,0.0,0.0,0.0,0.0,0.0,0.0,0.0,26.84,31.05,58600.0,258900.0,0.0
2021-11-30 09:54:54,300557.SZ,28.14,28.18,29.12,28.18,28.85,300100.0,8666923.0,859.0,28.84,3100.0,28.83,1000.0,28.81,300.0,28.8,1000.0,28.79,1300.0,0.0,0.0,0.0,0.0,0.0,0.0,0.0,0.0,0.0,0.0,28.85,800.0,28.93,400.0,28.96,600.0,28.99,500.0,29.0,500.0,0.0,0.0,0.0,0.0,0.0,0.0,0.0,0.0,0.0,0.0,26.91,31.05,60700.0,258800.0,0.0
2021-11-30 09:54:57,300557.SZ,28.14,28.18,29.12,28.18,28.85,300400.0,8675578.0,861.0,28.84,3100.0,28.83,1000.0,28.81,300.0,28.8,1000.0,28.79,1300.0,0.0,0.0,0.0,0.0,0.0,0.0,0.0,0.0,0.0,0.0,28.85,500.0,28.93,400.0,28.96,600.0,28.99,500.0,29.0,500.0,0.0,0.0,0.0,0.0,0.0,0.0,0.0,0.0,0.0,0.0,26.92,31.05,60900.0,258500.0,0.0
2021-11-30 09:55:00,300557.SZ,28.14,28.18,29.12,28.18,28.85,300800.0,8687118.0,865.0,28.84,3100.0,28.83,1000.0,28.81,300.0,28.8,1000.0,28.79,1300.0,0.0,0.0,0.0,0.0,0.0,0.0,0.0,0.0,0.0,0.0,28.85,100.0,28.93,400.0,28.96,600.0,28.99,500.0,29.0,500.0,0.0,0.0,0.0,0.0,0.0,0.0,0.0,0.0,0.0,0.0,26.92,31.05,60900.0,258100.0,0.0
2021-11-30 09:55:03,300557.SZ,28.14,28.18,29.12,28.18,28.85,301000.0,8692888.0,867.0,28.85,500.0,28.84,3100.0,28.83,1000.0,28.81,300.0,28.8,1000.0,0.0,0.0,0.0,0.0,0.0,0.0,0.0,0.0,0.0,0.0,28.93,400.0,28.96,600.0,28.99,500.0,29.0,500.0,29.02,1000.0,0.0,0.0,0.0,0.0,0.0,0.0,0.0,0.0,0.0,0.0,26.93,31.05,61400.0,258000.0,0.0
2021-11-30 09:55:06,300557.SZ,28.14,28.18,29.12,28.18,28.85,301200.0,8698658.0,868.0,28.85,300.0,28.84,3100.0,28.83,1000.0,28.81,300.0,28.8,1000.0,0.0,0.0,0.0,0.0,0.0,0.0,0.0,0.0,0.0,0.0,28.93,400.0,28.96,600.0,28.99,500.0,29.0,500.0,29.02,1000.0,0.0,0.0,0.0,0.0,0.0,0.0,0.0,0.0,0.0,0.0,26.93,31.05,61200.0,258000.0,0.0
2021-11-30 09:55:09,300557.SZ,28.14,28.18,29.12,28.18,28.85,301200.0,8698658.0,868.0,28.86,100.0,28.85,500.0,28.84,2900.0,28.83,1000.0,28.81,300.0,0.0,0.0,0.0,0.0,0.0,0.0,0.0,0.0,0.0,0.0,28.93,400.0,28.96,600.0,28.99,500.0,29.0,500.0,29.02,1000.0,0.0,0.0,0.0,0.0,0.0,0.0,0.0,0.0,0.0,0.0,26.93,31.05,61300.0,258000.0,0.0
2021-11-30 09:55:12,300557.SZ,28.14,28.18,29.12,28.18,28.85,301400.0,8704429.0,870.0,28.85,400.0,28.84,2900.0,28.83,1000.0,28.81,300.0,28.8,1000.0,0.0,0.0,0.0,0.0,0.0,0.0,0.0,0.0,0.0,0.0,28.93,400.0,28.96,600.0,28.99,500.0,29.0,500.0,29.02,1000.0,0.0,0.0,0.0,0.0,0.0,0.0,0.0,0.0,0.0,0.0,26.92,31.05,61100.0,258000.0,0.0
2021-11-30 09:55:15,300557.SZ,28.14,28.18,29.12,28.18,28.85,301400.0,8704429.0,870.0,28.86,200.0,28.85,200.0,28.84,2900.0,28.83,1000.0,28.81,300.0,0.0,0.0,0.0,0.0,0.0,0.0,0.0,0.0,0.0,0.0,28.93,400.0,28.96,600.0,28.99,500.0,29.0,500.0,29.02,1000.0,0.0,0.0,0.0,0.0,0.0,0.0,0.0,0.0,0.0,0.0,26.92,31.06,61100.0,258600.0,0.0
2021-11-30 09:55:18,300557.SZ,28.14,28.18,29.12,28.18,28.85,301900.0,8718856.0,873.0,28.85,500.0,28.84,2900.0,28.83,1000.0,28.81,300.0,28.8,1000.0,0.0,0.0,0.0,0.0,0.0,0.0,0.0,0.0,0.0,0.0,28.93,400.0,28.96,600.0,28.99,500.0,29.0,500.0,29.02,1000.0,0.0,0.0,0.0,0.0,0.0,0.0,0.0,0.0,0.0,0.0,26.93,31.06,61200.0,258600.0,0.0
2021-11-30 09:55:27,300557.SZ,28.14,28.18,29.12,28.18,28.85,301900.0,8718856.0,873.0,28.85,500.0,28.84,2900.0,28.83,1000.0,28.81,300.0,28.8,1000.0,0.0,0.0,0.0,0.0,0.0,0.0,0.0,0.0,0.0,0.0,28.93,400.0,28.96,600.0,28.99,500.0,29.0,500.0,29.01,1200.0,0.0,0.0,0.0,0.0,0.0,0.0,0.0,0.0,0.0,0.0,26.93,31.05,61200.0,259800.0,0.0
2021-11-30 09:55:30,300557.SZ,28.14,28.18,29.12,28.18,28.83,305900.0,8834215.0,878.0,28.83,400.0,28.81,300.0,28.8,1000.0,28.79,1300.0,28.78,300.0,0.0,0.0,0.0,0.0,0.0,0.0,0.0,0.0,0.0,0.0,28.9,200.0,28.91,300.0,28.92,400.0,28.93,1200.0,28.96,600.0,0.0,0.0,0.0,0.0,0.0,0.0,0.0,0.0,0.0,0.0,26.79,31.03,57200.0,261500.0,0.0
2021-11-30 09:55:36,300557.SZ,28.14,28.18,29.12,28.18,28.83,305900.0,8834215.0,878.0,28.83,400.0,28.81,300.0,28.8,1000.0,28.79,1300.0,28.78,300.0,0.0,0.0,0.0,0.0,0.0,0.0,0.0,0.0,0.0,0.0,28.9,600.0,28.91,300.0,28.92,400.0,28.93,1200.0,28.96,600.0,0.0,0.0,0.0,0.0,0.0,0.0,0.0,0.0,0.0,0.0,26.79,31.03,57200.0,261900.0,0.0
2021-11-30 09:55:39,300557.SZ,28.14,28.18,29.12,28.18,28.83,305900.0,8834215.0,878.0,28.84,100.0,28.83,400.0,28.81,300.0,28.8,1000.0,28.79,1300.0,0.0,0.0,0.0,0.0,0.0,0.0,0.0,0.0,0.0,0.0,28.9,600.0,28.91,300.0,28.92,400.0,28.93,1200.0,28.96,600.0,0.0,0.0,0.0,0.0,0.0,0.0,0.0,0.0,0.0,0.0,26.8,31.03,57300.0,261900.0,0.0
2021-11-30 09:55:45,300557.SZ,28.14,28.18,29.12,28.18,28.83,305900.0,8834215.0,878.0,28.84,100.0,28.83,400.0,28.81,300.0,28.8,1000.0,28.79,1300.0,0.0,0.0,0.0,0.0,0.0,0.0,0.0,0.0,0.0,0.0,28.9,600.0,28.93,1200.0,28.96,600.0,28.99,500.0,29.0,500.0,0.0,0.0,0.0,0.0,0.0,0.0,0.0,0.0,0.0,0.0,26.8,31.04,57300.0,261200.0,0.0
2021-11-30 09:55:51,300557.SZ,28.14,28.18,29.12,28.18,28.83,305900.0,8834215.0,878.0,28.84,100.0,28.83,400.0,28.81,300.0,28.8,1000.0,28.79,1300.0,0.0,0.0,0.0,0.0,0.0,0.0,0.0,0.0,0.0,0.0,28.9,600.0,28.93,1200.0,28.96,600.0,28.99,500.0,29.0,900.0,0.0,0.0,0.0,0.0,0.0,0.0,0.0,0.0,0.0,0.0,26.8,31.03,57300.0,261600.0,0.0
2021-11-30 09:56:00,300557.SZ,28.14,28.18,29.12,28.18,28.84,306000.0,8837099.0,879.0,28.83,400.0,28.81,300.0,28.8,1000.0,28.79,1300.0,28.78,300.0,0.0,0.0,0.0,0.0,0.0,0.0,0.0,0.0,0.0,0.0,28.9,600.0,28.93,1200.0,28.96,600.0,28.99,500.0,29.0,900.0,0.0,0.0,0.0,0.0,0.0,0.0,0.0,0.0,0.0,0.0,26.79,31.03,57200.0,261600.0,0.0
2021-11-30 09:56:03,300557.SZ,28.14,28.18,29.12,28.18,28.84,306000.0,8837099.0,879.0,28.83,400.0,28.8,1000.0,28.79,1300.0,28.78,300.0,28.75,200.0,0.0,0.0,0.0,0.0,0.0,0.0,0.0,0.0,0.0,0.0,28.9,600.0,28.93,1200.0,28.96,600.0,28.99,500.0,29.0,900.0,0.0,0.0,0.0,0.0,0.0,0.0,0.0,0.0,0.0,0.0,26.78,31.03,56900.0,261600.0,0.0
2021-11-30 09:56:06,300557.SZ,28.14,28.18,29.12,28.18,28.83,306500.0,8851514.0,883.0,28.8,1000.0,28.79,1300.0,28.78,300.0,28.75,200.0,28.71,1000.0,0.0,0.0,0.0,0.0,0.0,0.0,0.0,0.0,0.0,0.0,28.83,200.0,28.84,500.0,28.9,400.0,28.93,1200.0,28.96,600.0,0.0,0.0,0.0,0.0,0.0,0.0,0.0,0.0,0.0,0.0,26.77,31.03,56500.0,262100.0,0.0
2021-11-30 09:56:09,300557.SZ,28.14,28.18,29.12,28.18,28.83,306600.0,8854397.0,884.0,28.8,1000.0,28.79,1300.0,28.78,300.0,28.75,200.0,28.71,1000.0,0.0,0.0,0.0,0.0,0.0,0.0,0.0,0.0,0.0,0.0,28.83,100.0,28.84,1000.0,28.9,400.0,28.93,1200.0,28.96,600.0,0.0,0.0,0.0,0.0,0.0,0.0,0.0,0.0,0.0,0.0,26.77,31.02,56500.0,262500.0,0.0
2021-11-30 09:56:12,300557.SZ,28.14,28.18,29.12,28.18,28.83,306600.0,8854397.0,884.0,28.8,1000.0,28.79,1300.0,28.78,300.0,28.75,200.0,28.71,1000.0,0.0,0.0,0.0,0.0,0.0,0.0,0.0,0.0,0.0,0.0,28.83,500.0,28.84,1000.0,28.9,400.0,28.93,1200.0,28.96,600.0,0.0,0.0,0.0,0.0,0.0,0.0,0.0,0.0,0.0,0.0,26.77,31.02,56500.0,262900.0,0.0
2021-11-30 09:56:15,300557.SZ,28.14,28.18,29.12,28.18,28.83,306900.0,8863046.0,886.0,28.8,1000.0,28.79,1300.0,28.78,300.0,28.75,200.0,28.71,1000.0,0.0,0.0,0.0,0.0,0.0,0.0,0.0,0.0,0.0,0.0,28.83,200.0,28.84,1000.0,28.9,400.0,28.93,1200.0,28.96,600.0,0.0,0.0,0.0,0.0,0.0,0.0,0.0,0.0,0.0,0.0,26.77,31.02,56500.0,262600.0,0.0
2021-11-30 09:56:30,300557.SZ,28.14,28.18,29.12,28.18,28.83,306900.0,8863046.0,886.0,28.8,1000.0,28.79,1300.0,28.78,300.0,28.75,200.0,28.71,1000.0,0.0,0.0,0.0,0.0,0.0,0.0,0.0,0.0,0.0,0.0,28.83,200.0,28.84,1000.0,28.9,400.0,28.93,1200.0,28.96,600.0,0.0,0.0,0.0,0.0,0.0,0.0,0.0,0.0,0.0,0.0,26.77,30.93,56500.0,275600.0,0.0
2021-11-30 09:56:33,300557.SZ,28.14,28.18,29.12,28.18,28.83,306900.0,8863046.0,886.0,28.8,1000.0,28.79,1300.0,28.78,300.0,28.75,200.0,28.71,1000.0,0.0,0.0,0.0,0.0,0.0,0.0,0.0,0.0,0.0,0.0,28.83,700.0,28.84,500.0,28.9,400.0,28.93,1200.0,28.96,600.0,0.0,0.0,0.0,0.0,0.0,0.0,0.0,0.0,0.0,0.0,26.77,30.93,56500.0,275600.0,0.0
2021-11-30 09:56:36,300557.SZ,28.14,28.18,29.12,28.18,28.83,306900.0,8863046.0,886.0,28.8,1000.0,28.79,1300.0,28.78,300.0,28.75,200.0,28.71,1000.0,0.0,0.0,0.0,0.0,0.0,0.0,0.0,0.0,0.0,0.0,28.82,1000.0,28.83,900.0,28.84,500.0,28.85,2400.0,28.9,400.0,0.0,0.0,0.0,0.0,0.0,0.0,0.0,0.0,0.0,0.0,26.77,30.9,56500.0,279200.0,0.0
2021-11-30 09:56:39,300557.SZ,28.14,28.18,29.12,28.18,28.8,308500.0,8909138.0,893.0,28.79,1300.0,28.78,300.0,28.75,200.0,28.71,1000.0,28.7,200.0,0.0,0.0,0.0,0.0,0.0,0.0,0.0,0.0,0.0,0.0,28.82,400.0,28.83,900.0,28.85,2400.0,28.9,400.0,28.93,1200.0,0.0,0.0,0.0,0.0,0.0,0.0,0.0,0.0,0.0,0.0,26.73,30.91,55500.0,278100.0,0.0
2021-11-30 09:56:42,300557.SZ,28.14,28.18,29.12,28.18,28.78,310200.0,8958080.0,898.0,28.71,1000.0,28.7,200.0,28.66,200.0,28.65,200.0,28.6,600.0,0.0,0.0,0.0,0.0,0.0,0.0,0.0,0.0,0.0,0.0,28.78,300.0,28.8,100.0,28.82,400.0,28.83,900.0,28.85,2400.0,0.0,0.0,0.0,0.0,0.0,0.0,0.0,0.0,0.0,0.0,26.66,30.91,53700.0,278500.0,0.0
2021-11-30 09:56:45,300557.SZ,28.14,28.18,29.12,28.18,28.78,310200.0,8958080.0,898.0,28.71,1800.0,28.7,200.0,28.66,200.0,28.65,200.0,28.6,600.0,0.0,0.0,0.0,0.0,0.0,0.0,0.0,0.0,0.0,0.0,28.8,100.0,28.82,400.0,28.83,900.0,28.85,2400.0,28.9,400.0,0.0,0.0,0.0,0.0,0.0,0.0,0.0,0.0,0.0,0.0,26.69,30.91,54500.0,278200.0,0.0
2021-11-30 09:56:48,300557.SZ,28.14,28.18,29.12,28.18,28.78,310200.0,8958080.0,898.0,28.72,1100.0,28.71,1200.0,28.7,200.0,28.66,200.0,28.65,200.0,0.0,0.0,0.0,0.0,0.0,0.0,0.0,0.0,0.0,0.0,28.79,800.0,28.8,100.0,28.82,400.0,28.83,900.0,28.85,2400.0,0.0,0.0,0.0,0.0,0.0,0.0,0.0,0.0,0.0,0.0,26.71,30.9,55000.0,279000.0,0.0
2021-11-30 09:56:51,300557.SZ,28.14,28.18,29.12,28.18,28.78,310200.0,8958080.0,898.0,28.72,1300.0,28.71,1000.0,28.7,200.0,28.66,200.0,28.65,200.0,0.0,0.0,0.0,0.0,0.0,0.0,0.0,0.0,0.0,0.0,28.79,800.0,28.8,100.0,28.83,900.0,28.85,2400.0,28.9,400.0,0.0,0.0,0.0,0.0,0.0,0.0,0.0,0.0,0.0,0.0,26.73,30.91,55500.0,278600.0,0.0
2021-11-30 09:56:54,300557.SZ,28.14,28.18,29.12,28.18,28.78,310200.0,8958080.0,898.0,28.72,1500.0,28.71,1000.0,28.7,200.0,28.66,200.0,28.65,200.0,0.0,0.0,0.0,0.0,0.0,0.0,0.0,0.0,0.0,0.0,28.79,800.0,28.83,900.0,28.85,2400.0,28.9,400.0,28.93,1200.0,0.0,0.0,0.0,0.0,0.0,0.0,0.0,0.0,0.0,0.0,26.73,30.91,55700.0,278500.0,0.0
2021-11-30 09:57:00,300557.SZ,28.14,28.18,29.12,28.18,28.78,310200.0,8958080.0,898.0,28.73,900.0,28.72,700.0,28.71,1000.0,28.7,200.0,28.66,200.0,0.0,0.0,0.0,0.0,0.0,0.0,0.0,0.0,0.0,0.0,28.79,800.0,28.83,900.0,28.85,2400.0,28.9,400.0,28.93,1200.0,0.0,0.0,0.0,0.0,0.0,0.0,0.0,0.0,0.0,0.0,26.75,30.91,56400.0,278500.0,0.0
2021-11-30 09:57:03,300557.SZ,28.14,28.18,29.12,28.18,28.78,310200.0,8958080.0,898.0,28.73,1300.0,28.72,500.0,28.71,1000.0,28.7,200.0,28.66,200.0,0.0,0.0,0.0,0.0,0.0,0.0,0.0,0.0,0.0,0.0,28.79,800.0,28.83,900.0,28.85,2400.0,28.9,400.0,28.93,1200.0,0.0,0.0,0.0,0.0,0.0,0.0,0.0,0.0,0.0,0.0,26.76,30.91,56600.0,278500.0,0.0
2021-11-30 09:57:06,300557.SZ,28.14,28.18,29.12,28.18,28.78,310200.0,8958080.0,898.0,28.73,1500.0,28.72,2300.0,28.71,1000.0,28.7,200.0,28.66,200.0,0.0,0.0,0.0,0.0,0.0,0.0,0.0,0.0,0.0,0.0,28.79,800.0,28.83,900.0,28.85,2400.0,28.9,400.0,28.93,1200.0,0.0,0.0,0.0,0.0,0.0,0.0,0.0,0.0,0.0,0.0,26.82,30.91,58600.0,278500.0,0.0
2021-11-30 09:57:09,300557.SZ,28.14,28.18,29.12,28.18,28.73,310300.0,8960953.0,899.0,28.73,1400.0,28.72,2300.0,28.71,1000.0,28.7,200.0,28.66,200.0,0.0,0.0,0.0,0.0,0.0,0.0,0.0,0.0,0.0,0.0,28.79,800.0,28.83,900.0,28.85,2400.0,28.9,400.0,28.93,1200.0,0.0,0.0,0.0,0.0,0.0,0.0,0.0,0.0,0.0,0.0,26.82,30.91,58500.0,278500.0,0.0
2021-11-30 09:57:12,300557.SZ,28.14,28.18,29.12,28.18,28.79,311100.0,8983985.0,900.0,28.79,400.0,28.74,100.0,28.73,1400.0,28.72,2300.0,28.71,1000.0,0.0,0.0,0.0,0.0,0.0,0.0,0.0,0.0,0.0,0.0,28.83,900.0,28.85,2400.0,28.9,400.0,28.93,1200.0,28.96,600.0,0.0,0.0,0.0,0.0,0.0,0.0,0.0,0.0,0.0,0.0,26.84,30.91,59000.0,277700.0,0.0
2021-11-30 09:57:18,300557.SZ,28.14,28.18,29.12,28.18,28.73,313000.0,9038603.0,908.0,28.72,2300.0,28.71,1000.0,28.7,200.0,28.66,200.0,28.65,200.0,0.0,0.0,0.0,0.0,0.0,0.0,0.0,0.0,0.0,0.0,28.83,900.0,28.85,2400.0,28.9,400.0,28.93,1200.0,28.96,600.0,0.0,0.0,0.0,0.0,0.0,0.0,0.0,0.0,0.0,0.0,26.77,30.91,57100.0,277700.0,0.0
2021-11-30 09:57:24,300557.SZ,28.14,28.18,29.12,28.18,28.73,313000.0,9038603.0,908.0,28.79,9100.0,28.72,2300.0,28.71,1000.0,28.7,200.0,28.66,200.0,0.0,0.0,0.0,0.0,0.0,0.0,0.0,0.0,0.0,0.0,28.83,900.0,28.85,2400.0,28.88,1000.0,28.9,400.0,28.93,1200.0,0.0,0.0,0.0,0.0,0.0,0.0,0.0,0.0,0.0,0.0,27.05,30.91,66200.0,278700.0,0.0
2021-11-30 09:57:27,300557.SZ,28.14,28.18,29.12,28.18,28.79,313500.0,9052998.0,909.0,28.79,8600.0,28.73,300.0,28.72,2300.0,28.71,1000.0,28.7,200.0,0.0,0.0,0.0,0.0,0.0,0.0,0.0,0.0,0.0,0.0,28.83,900.0,28.85,2400.0,28.88,1000.0,28.9,400.0,28.93,1200.0,0.0,0.0,0.0,0.0,0.0,0.0,0.0,0.0,0.0,0.0,27.05,30.91,66000.0,278700.0,0.0
2021-11-30 09:57:36,300557.SZ,28.14,28.18,29.12,28.18,28.79,313500.0,9052998.0,909.0,28.79,8600.0,28.73,300.0,28.72,2300.0,28.7,200.0,28.66,200.0,0.0,0.0,0.0,0.0,0.0,0.0,0.0,0.0,0.0,0.0,28.83,900.0,28.85,2400.0,28.88,1000.0,28.9,400.0,28.93,1200.0,0.0,0.0,0.0,0.0,0.0,0.0,0.0,0.0,0.0,0.0,27.02,30.91,65000.0,278700.0,0.0
2021-11-30 09:57:42,300557.SZ,28.14,28.18,29.12,28.18,28.79,313500.0,9052998.0,909.0,28.8,100.0,28.79,8600.0,28.73,300.0,28.72,2300.0,28.7,200.0,0.0,0.0,0.0,0.0,0.0,0.0,0.0,0.0,0.0,0.0,28.83,900.0,28.85,2400.0,28.88,1000.0,28.9,400.0,28.93,1200.0,0.0,0.0,0.0,0.0,0.0,0.0,0.0,0.0,0.0,0.0,27.02,30.91,65100.0,278700.0,0.0
2021-11-30 09:57:48,300557.SZ,28.14,28.18,29.12,28.18,28.79,313500.0,9052998.0,909.0,28.8,100.0,28.79,8600.0,28.78,100.0,28.73,300.0,28.72,2300.0,0.0,0.0,0.0,0.0,0.0,0.0,0.0,0.0,0.0,0.0,28.83,900.0,28.85,2400.0,28.88,1000.0,28.9,400.0,28.93,1200.0,0.0,0.0,0.0,0.0,0.0,0.0,0.0,0.0,0.0,0.0,27.03,30.91,65200.0,278700.0,0.0
2021-11-30 09:57:51,300557.SZ,28.14,28.18,29.12,28.18,28.79,313500.0,9052998.0,909.0,28.8,100.0,28.79,8600.0,28.78,100.0,28.73,300.0,28.72,2300.0,0.0,0.0,0.0,0.0,0.0,0.0,0.0,0.0,0.0,0.0,28.82,400.0,28.83,900.0,28.85,2400.0,28.88,1000.0,28.9,400.0,0.0,0.0,0.0,0.0,0.0,0.0,0.0,0.0,0.0,0.0,27.03,30.9,65200.0,279100.0,0.0
2021-11-30 09:57:54,300557.SZ,28.14,28.18,29.12,28.18,28.79,313500.0,9052998.0,909.0,28.8,100.0,28.79,8600.0,28.78,100.0,28.73,300.0,28.72,2300.0,0.0,0.0,0.0,0.0,0.0,0.0,0.0,0.0,0.0,0.0,28.82,400.0,28.83,900.0,28.85,2400.0,28.88,1000.0,28.9,400.0,0.0,0.0,0.0,0.0,0.0,0.0,0.0,0.0,0.0,0.0,27.03,30.9,65200.0,279400.0,0.0
2021-11-30 09:58:09,300557.SZ,28.14,28.18,29.12,28.18,28.79,313500.0,9052998.0,909.0,28.8,100.0,28.79,8600.0,28.78,100.0,28.73,300.0,28.72,2300.0,0.0,0.0,0.0,0.0,0.0,0.0,0.0,0.0,0.0,0.0,28.81,100.0,28.82,400.0,28.83,900.0,28.85,2400.0,28.88,1000.0,0.0,0.0,0.0,0.0,0.0,0.0,0.0,0.0,0.0,0.0,27.03,30.9,65200.0,279800.0,0.0
2021-11-30 09:58:12,300557.SZ,28.14,28.18,29.12,28.18,28.79,313500.0,9052998.0,909.0,28.79,8600.0,28.78,100.0,28.73,300.0,28.72,2300.0,28.7,200.0,0.0,0.0,0.0,0.0,0.0,0.0,0.0,0.0,0.0,0.0,28.8,500.0,28.81,100.0,28.82,400.0,28.83,900.0,28.85,2400.0,0.0,0.0,0.0,0.0,0.0,0.0,0.0,0.0,0.0,0.0,27.02,30.89,65100.0,280300.0,0.0
2021-11-30 09:58:15,300557.SZ,28.14,28.18,29.12,28.18,28.8,313700.0,9058758.0,911.0,28.79,8600.0,28.78,100.0,28.73,300.0,28.72,2300.0,28.7,200.0,0.0,0.0,0.0,0.0,0.0,0.0,0.0,0.0,0.0,0.0,28.8,300.0,28.81,100.0,28.82,400.0,28.83,900.0,28.85,2400.0,0.0,0.0,0.0,0.0,0.0,0.0,0.0,0.0,0.0,0.0,27.02,30.9,65100.0,280100.0,0.0
2021-11-30 09:58:21,300557.SZ,28.14,28.18,29.12,28.18,28.8,314000.0,9067398.0,912.0,28.79,8600.0,28.78,100.0,28.73,300.0,28.72,2300.0,28.7,200.0,0.0,0.0,0.0,0.0,0.0,0.0,0.0,0.0,0.0,0.0,28.81,100.0,28.82,400.0,28.83,900.0,28.85,2400.0,28.88,1000.0,0.0,0.0,0.0,0.0,0.0,0.0,0.0,0.0,0.0,0.0,27.02,30.9,65100.0,279800.0,0.0
2021-11-30 09:58:27,300557.SZ,28.14,28.18,29.12,28.18,28.8,314000.0,9067398.0,912.0,28.8,600.0,28.79,8600.0,28.78,100.0,28.73,300.0,28.72,2300.0,0.0,0.0,0.0,0.0,0.0,0.0,0.0,0.0,0.0,0.0,28.81,100.0,28.82,400.0,28.83,900.0,28.85,2400.0,28.88,1000.0,0.0,0.0,0.0,0.0,0.0,0.0,0.0,0.0,0.0,0.0,27.04,30.9,65700.0,279900.0,0.0
2021-11-30 09:58:33,300557.SZ,28.14,28.18,29.12,28.18,28.8,314500.0,9081798.0,914.0,28.8,100.0,28.79,8600.0,28.78,100.0,28.73,300.0,28.72,2300.0,0.0,0.0,0.0,0.0,0.0,0.0,0.0,0.0,0.0,0.0,28.81,100.0,28.82,400.0,28.83,900.0,28.85,2400.0,28.88,1000.0,0.0,0.0,0.0,0.0,0.0,0.0,0.0,0.0,0.0,0.0,27.05,30.9,66200.0,279900.0,0.0
2021-11-30 09:58:36,300557.SZ,28.14,28.18,29.12,28.18,28.79,314700.0,9087557.0,916.0,28.79,8500.0,28.78,100.0,28.73,300.0,28.72,2300.0,28.7,200.0,0.0,0.0,0.0,0.0,0.0,0.0,0.0,0.0,0.0,0.0,28.81,100.0,28.82,400.0,28.83,900.0,28.85,2400.0,28.88,1000.0,0.0,0.0,0.0,0.0,0.0,0.0,0.0,0.0,0.0,0.0,27.04,30.9,66000.0,279900.0,0.0
2021-11-30 09:58:39,300557.SZ,28.14,28.18,29.12,28.18,28.79,314700.0,9087557.0,916.0,28.8,500.0,28.79,8500.0,28.78,100.0,28.73,300.0,28.72,2300.0,0.0,0.0,0.0,0.0,0.0,0.0,0.0,0.0,0.0,0.0,28.81,100.0,28.82,400.0,28.83,900.0,28.85,2400.0,28.88,1000.0,0.0,0.0,0.0,0.0,0.0,0.0,0.0,0.0,0.0,0.0,27.05,30.9,66500.0,279900.0,0.0
2021-11-30 09:58:42,300557.SZ,28.14,28.18,29.12,28.18,28.79,314700.0,9087557.0,916.0,28.8,600.0,28.79,8900.0,28.78,100.0,28.73,300.0,28.72,2300.0,0.0,0.0,0.0,0.0,0.0,0.0,0.0,0.0,0.0,0.0,28.81,100.0,28.82,400.0,28.83,400.0,28.85,2400.0,28.88,1000.0,0.0,0.0,0.0,0.0,0.0,0.0,0.0,0.0,0.0,0.0,27.07,30.9,67000.0,279400.0,0.0
2021-11-30 09:59:03,300557.SZ,28.14,28.18,29.12,28.18,28.8,315300.0,9104837.0,918.0,28.79,8900.0,28.78,100.0,28.73,300.0,28.72,2300.0,28.7,200.0,0.0,0.0,0.0,0.0,0.0,0.0,0.0,0.0,0.0,0.0,28.8,200.0,28.81,500.0,28.82,400.0,28.83,400.0,28.85,2400.0,0.0,0.0,0.0,0.0,0.0,0.0,0.0,0.0,0.0,0.0,27.05,30.9,66400.0,279700.0,0.0
2021-11-30 09:59:06,300557.SZ,28.14,28.18,29.12,28.18,28.8,315300.0,9104837.0,918.0,28.79,8900.0,28.73,300.0,28.72,2300.0,28.7,200.0,28.66,200.0,0.0,0.0,0.0,0.0,0.0,0.0,0.0,0.0,0.0,0.0,28.8,200.0,28.81,500.0,28.82,400.0,28.83,400.0,28.85,2400.0,0.0,0.0,0.0,0.0,0.0,0.0,0.0,0.0,0.0,0.0,27.05,30.9,66300.0,279400.0,0.0
2021-11-30 09:59:12,300557.SZ,28.14,28.18,29.12,28.18,28.8,315300.0,9104837.0,918.0,28.79,8900.0,28.73,300.0,28.72,2300.0,28.7,200.0,28.66,200.0,0.0,0.0,0.0,0.0,0.0,0.0,0.0,0.0,0.0,0.0,28.8,500.0,28.81,500.0,28.82,400.0,28.83,400.0,28.85,2400.0,0.0,0.0,0.0,0.0,0.0,0.0,0.0,0.0,0.0,0.0,27.05,30.9,66300.0,279700.0,0.0
2021-11-30 09:59:15,300557.SZ,28.14,28.18,29.12,28.18,28.8,315400.0,9107717.0,919.0,28.79,8900.0,28.73,300.0,28.72,2300.0,28.7,200.0,28.66,200.0,0.0,0.0,0.0,0.0,0.0,0.0,0.0,0.0,0.0,0.0,28.8,400.0,28.81,500.0,28.82,400.0,28.83,400.0,28.85,2400.0,0.0,0.0,0.0,0.0,0.0,0.0,0.0,0.0,0.0,0.0,27.05,30.9,66300.0,279600.0,0.0
2021-11-30 09:59:18,300557.SZ,28.14,28.18,29.12,28.18,28.79,318600.0,9199851.0,924.0,28.8,100.0,28.79,6300.0,28.73,300.0,28.72,2300.0,28.7,200.0,0.0,0.0,0.0,0.0,0.0,0.0,0.0,0.0,0.0,0.0,28.81,500.0,28.82,400.0,28.83,400.0,28.85,2400.0,28.88,1000.0,0.0,0.0,0.0,0.0,0.0,0.0,0.0,0.0,0.0,0.0,26.98,30.9,63800.0,279200.0,0.0
2021-11-30 09:59:21,300557.SZ,28.14,28.18,29.12,28.18,28.81,318800.0,9205613.0,926.0,28.8,100.0,28.79,6300.0,28.73,300.0,28.72,2300.0,28.7,200.0,0.0,0.0,0.0,0.0,0.0,0.0,0.0,0.0,0.0,0.0,28.81,300.0,28.83,400.0,28.85,2400.0,28.88,1000.0,28.93,900.0,0.0,0.0,0.0,0.0,0.0,0.0,0.0,0.0,0.0,0.0,26.98,30.91,63800.0,278600.0,0.0
2021-11-30 09:59:24,300557.SZ,28.14,28.18,29.12,28.18,28.79,319100.0,9214251.0,928.0,28.79,6700.0,28.73,300.0,28.72,2300.0,28.7,200.0,28.66,200.0,0.0,0.0,0.0,0.0,0.0,0.0,0.0,0.0,0.0,0.0,28.81,300.0,28.83,400.0,28.85,2400.0,28.88,1000.0,28.93,900.0,0.0,0.0,0.0,0.0,0.0,0.0,0.0,0.0,0.0,0.0,26.99,30.91,64100.0,278600.0,0.0
2021-11-30 09:59:27,300557.SZ,28.14,28.18,29.12,28.18,28.79,319100.0,9214251.0,928.0,28.79,1000.0,28.73,300.0,28.72,2300.0,28.7,200.0,28.66,200.0,0.0,0.0,0.0,0.0,0.0,0.0,0.0,0.0,0.0,0.0,28.81,300.0,28.83,400.0,28.85,2400.0,28.88,1000.0,28.93,900.0,0.0,0.0,0.0,0.0,0.0,0.0,0.0,0.0,0.0,0.0,26.81,30.91,58400.0,278600.0,0.0
2021-11-30 09:59:33,300557.SZ,28.14,28.18,29.12,28.18,28.79,319500.0,9225767.0,929.0,28.79,600.0,28.73,300.0,28.72,2300.0,28.7,200.0,28.66,200.0,0.0,0.0,0.0,0.0,0.0,0.0,0.0,0.0,0.0,0.0,28.83,400.0,28.85,2400.0,28.88,1000.0,28.93,900.0,28.96,600.0,0.0,0.0,0.0,0.0,0.0,0.0,0.0,0.0,0.0,0.0,26.8,30.91,58000.0,278300.0,0.0
2021-11-30 09:59:36,300557.SZ,28.14,28.18,29.12,28.18,28.8,320200.0,9245927.0,931.0,28.81,5700.0,28.8,1500.0,28.79,600.0,28.73,300.0,28.72,2300.0,0.0,0.0,0.0,0.0,0.0,0.0,0.0,0.0,0.0,0.0,28.83,400.0,28.85,2400.0,28.88,1000.0,28.93,900.0,28.96,600.0,0.0,0.0,0.0,0.0,0.0,0.0,0.0,0.0,0.0,0.0,27.04,30.91,65800.0,278800.0,0.0
2021-11-30 09:59:45,300557.SZ,28.14,28.18,29.12,28.18,28.8,320200.0,9245927.0,931.0,28.82,100.0,28.81,5700.0,28.8,1500.0,28.79,600.0,28.73,300.0,0.0,0.0,0.0,0.0,0.0,0.0,0.0,0.0,0.0,0.0,28.83,400.0,28.85,2400.0,28.88,1000.0,28.93,900.0,28.96,600.0,0.0,0.0,0.0,0.0,0.0,0.0,0.0,0.0,0.0,0.0,27.04,30.91,65900.0,278800.0,0.0
2021-11-30 09:59:51,300557.SZ,28.14,28.18,29.12,28.18,28.8,320200.0,9245927.0,931.0,28.82,300.0,28.81,5700.0,28.8,1500.0,28.79,600.0,28.73,300.0,0.0,0.0,0.0,0.0,0.0,0.0,0.0,0.0,0.0,0.0,28.83,400.0,28.85,2400.0,28.88,1000.0,28.93,900.0,28.96,600.0,0.0,0.0,0.0,0.0,0.0,0.0,0.0,0.0,0.0,0.0,27.04,30.91,66100.0,278800.0,0.0
2021-11-30 09:59:54,300557.SZ,28.14,28.18,29.12,28.18,28.8,320200.0,9245927.0,931.0,28.82,400.0,28.81,5700.0,28.8,1500.0,28.79,600.0,28.73,300.0,0.0,0.0,0.0,0.0,0.0,0.0,0.0,0.0,0.0,0.0,28.83,400.0,28.85,2400.0,28.88,1000.0,28.93,900.0,28.96,600.0,0.0,0.0,0.0,0.0,0.0,0.0,0.0,0.0,0.0,0.0,27.05,30.91,66200.0,278800.0,0.0
2021-11-30 10:00:03,300557.SZ,28.14,28.18,29.12,28.18,28.8,320200.0,9245927.0,931.0,28.82,900.0,28.81,5700.0,28.8,1500.0,28.79,600.0,28.73,300.0,0.0,0.0,0.0,0.0,0.0,0.0,0.0,0.0,0.0,0.0,28.83,400.0,28.85,2400.0,28.88,1000.0,28.93,900.0,28.96,600.0,0.0,0.0,0.0,0.0,0.0,0.0,0.0,0.0,0.0,0.0,27.06,30.91,66700.0,278800.0,0.0
2021-11-30 10:00:15,300557.SZ,28.14,28.18,29.12,28.18,28.83,320300.0,9248810.0,932.0,28.82,800.0,28.81,5700.0,28.8,1500.0,28.79,600.0,28.73,300.0,0.0,0.0,0.0,0.0,0.0,0.0,0.0,0.0,0.0,0.0,28.83,300.0,28.85,2400.0,28.88,1000.0,28.93,900.0,28.96,600.0,0.0,0.0,0.0,0.0,0.0,0.0,0.0,0.0,0.0,0.0,27.06,30.91,66600.0,278700.0,0.0
2021-11-30 10:00:21,300557.SZ,28.14,28.18,29.12,28.18,28.81,326900.0,9438964.0,939.0,28.8,1500.0,28.79,600.0,28.73,300.0,28.72,2300.0,28.7,800.0,0.0,0.0,0.0,0.0,0.0,0.0,0.0,0.0,0.0,0.0,28.81,400.0,28.83,300.0,28.85,2400.0,28.88,1000.0,28.93,900.0,0.0,0.0,0.0,0.0,0.0,0.0,0.0,0.0,0.0,0.0,26.87,30.9,60100.0,279100.0,0.0
2021-11-30 10:00:27,300557.SZ,28.14,28.18,29.12,28.18,28.81,326900.0,9438964.0,939.0,28.8,1500.0,28.79,600.0,28.73,300.0,28.72,2300.0,28.7,800.0,0.0,0.0,0.0,0.0,0.0,0.0,0.0,0.0,0.0,0.0,28.81,400.0,28.83,300.0,28.85,2400.0,28.88,1000.0,28.93,900.0,0.0,0.0,0.0,0.0,0.0,0.0,0.0,0.0,0.0,0.0,26.87,30.87,60100.0,284300.0,0.0
2021-11-30 10:00:30,300557.SZ,28.14,28.18,29.12,28.18,28.8,327000.0,9441844.0,940.0,28.8,1400.0,28.79,600.0,28.73,300.0,28.72,2300.0,28.7,800.0,0.0,0.0,0.0,0.0,0.0,0.0,0.0,0.0,0.0,0.0,28.81,400.0,28.83,300.0,28.85,2400.0,28.88,1000.0,28.93,900.0,0.0,0.0,0.0,0.0,0.0,0.0,0.0,0.0,0.0,0.0,26.87,30.87,60000.0,284300.0,0.0
2021-11-30 10:00:33,300557.SZ,28.14,28.18,29.12,28.18,28.81,327400.0,9453368.0,941.0,28.81,200.0,28.8,1400.0,28.79,600.0,28.73,300.0,28.72,2300.0,0.0,0.0,0.0,0.0,0.0,0.0,0.0,0.0,0.0,0.0,28.83,300.0,28.85,2400.0,28.88,1000.0,28.93,900.0,28.96,600.0,0.0,0.0,0.0,0.0,0.0,0.0,0.0,0.0,0.0,0.0,26.87,30.87,60200.0,283900.0,0.0
2021-11-30 10:00:36,300557.SZ,28.14,28.18,29.12,28.18,28.81,327400.0,9453368.0,941.0,28.81,200.0,28.8,1400.0,28.79,600.0,28.73,300.0,28.72,2300.0,0.0,0.0,0.0,0.0,0.0,0.0,0.0,0.0,0.0,0.0,28.83,300.0,28.85,2400.0,28.88,1000.0,28.93,900.0,28.96,600.0,0.0,0.0,0.0,0.0,0.0,0.0,0.0,0.0,0.0,0.0,26.87,30.87,60200.0,284000.0,0.0
2021-11-30 10:00:42,300557.SZ,28.14,28.18,29.12,28.18,28.81,327400.0,9453368.0,941.0,28.81,200.0,28.8,1400.0,28.79,600.0,28.73,300.0,28.72,2300.0,0.0,0.0,0.0,0.0,0.0,0.0,0.0,0.0,0.0,0.0,28.83,300.0,28.85,2400.0,28.88,1000.0,28.93,900.0,28.96,600.0,0.0,0.0,0.0,0.0,0.0,0.0,0.0,0.0,0.0,0.0,26.87,30.87,60200.0,284200.0,0.0
2021-11-30 10:01:06,300557.SZ,28.14,28.18,29.12,28.18,28.81,327400.0,9453368.0,941.0,28.81,200.0,28.8,1400.0,28.79,600.0,28.73,300.0,28.72,2300.0,0.0,0.0,0.0,0.0,0.0,0.0,0.0,0.0,0.0,0.0,28.83,300.0,28.85,2400.0,28.88,1000.0,28.93,900.0,28.96,600.0,0.0,0.0,0.0,0.0,0.0,0.0,0.0,0.0,0.0,0.0,26.87,30.87,60200.0,285000.0,0.0
2021-11-30 10:01:15,300557.SZ,28.14,28.18,29.12,28.18,28.81,327500.0,9456249.0,942.0,28.81,100.0,28.8,1400.0,28.79,600.0,28.73,300.0,28.72,2300.0,0.0,0.0,0.0,0.0,0.0,0.0,0.0,0.0,0.0,0.0,28.82,100.0,28.83,300.0,28.85,2400.0,28.88,1000.0,28.93,900.0,0.0,0.0,0.0,0.0,0.0,0.0,0.0,0.0,0.0,0.0,26.87,30.87,60100.0,285100.0,0.0
2021-11-30 10:01:30,300557.SZ,28.14,28.18,29.12,28.18,28.81,327500.0,9456249.0,942.0,28.81,200.0,28.8,1400.0,28.79,600.0,28.73,300.0,28.72,2300.0,0.0,0.0,0.0,0.0,0.0,0.0,0.0,0.0,0.0,0.0,28.82,100.0,28.83,300.0,28.85,2400.0,28.88,1000.0,28.93,900.0,0.0,0.0,0.0,0.0,0.0,0.0,0.0,0.0,0.0,0.0,26.87,30.87,60200.0,284600.0,0.0
2021-11-30 10:01:36,300557.SZ,28.14,28.18,29.12,28.18,28.81,327500.0,9456249.0,942.0,28.81,200.0,28.8,1400.0,28.79,600.0,28.73,300.0,28.72,2300.0,0.0,0.0,0.0,0.0,0.0,0.0,0.0,0.0,0.0,0.0,28.82,100.0,28.83,300.0,28.85,2400.0,28.88,1000.0,28.93,900.0,0.0,0.0,0.0,0.0,0.0,0.0,0.0,0.0,0.0,0.0,26.87,30.88,60200.0,285500.0,0.0
2021-11-30 10:01:39,300557.SZ,28.14,28.18,29.12,28.18,28.81,327500.0,9456249.0,942.0,28.81,200.0,28.8,1400.0,28.79,600.0,28.73,300.0,28.72,2300.0,0.0,0.0,0.0,0.0,0.0,0.0,0.0,0.0,0.0,0.0,28.82,100.0,28.83,300.0,28.85,2400.0,28.88,1000.0,28.93,900.0,0.0,0.0,0.0,0.0,0.0,0.0,0.0,0.0,0.0,0.0,26.87,30.88,60200.0,286000.0,0.0
2021-11-30 10:01:42,300557.SZ,28.14,28.18,29.12,28.18,28.83,327800.0,9464897.0,945.0,28.81,200.0,28.8,1400.0,28.79,600.0,28.73,300.0,28.72,2300.0,0.0,0.0,0.0,0.0,0.0,0.0,0.0,0.0,0.0,0.0,28.83,100.0,28.85,2400.0,28.88,1000.0,28.93,900.0,28.96,600.0,0.0,0.0,0.0,0.0,0.0,0.0,0.0,0.0,0.0,0.0,26.87,30.88,60200.0,285700.0,0.0
2021-11-30 10:02:03,300557.SZ,28.14,28.18,29.12,28.18,28.85,329000.0,9499515.0,947.0,28.81,200.0,28.8,1400.0,28.79,600.0,28.73,300.0,28.72,2300.0,0.0,0.0,0.0,0.0,0.0,0.0,0.0,0.0,0.0,0.0,28.85,1300.0,28.88,1000.0,28.93,900.0,28.96,600.0,28.99,13500.0,0.0,0.0,0.0,0.0,0.0,0.0,0.0,0.0,0.0,0.0,26.87,30.89,60200.0,284500.0,0.0
2021-11-30 10:02:12,300557.SZ,28.14,28.18,29.12,28.18,28.85,329000.0,9499515.0,947.0,28.81,200.0,28.8,1400.0,28.79,600.0,28.73,300.0,28.72,2300.0,0.0,0.0,0.0,0.0,0.0,0.0,0.0,0.0,0.0,0.0,28.85,1300.0,28.88,1000.0,28.93,900.0,28.96,600.0,28.99,13500.0,0.0,0.0,0.0,0.0,0.0,0.0,0.0,0.0,0.0,0.0,26.87,30.89,60200.0,285000.0,0.0
2021-11-30 10:02:21,300557.SZ,28.14,28.18,29.12,28.18,28.85,329000.0,9499515.0,947.0,28.81,4400.0,28.8,1400.0,28.79,600.0,28.73,300.0,28.72,2300.0,0.0,0.0,0.0,0.0,0.0,0.0,0.0,0.0,0.0,0.0,28.85,1300.0,28.88,1000.0,28.93,900.0,28.96,600.0,28.99,13500.0,0.0,0.0,0.0,0.0,0.0,0.0,0.0,0.0,0.0,0.0,27.0,30.89,64400.0,285000.0,0.0
2021-11-30 10:02:24,300557.SZ,28.14,28.18,29.12,28.18,28.85,329100.0,9502400.0,948.0,28.81,4800.0,28.8,1400.0,28.79,600.0,28.73,300.0,28.72,2300.0,0.0,0.0,0.0,0.0,0.0,0.0,0.0,0.0,0.0,0.0,28.85,1200.0,28.88,1000.0,28.93,900.0,28.96,600.0,28.99,13500.0,0.0,0.0,0.0,0.0,0.0,0.0,0.0,0.0,0.0,0.0,27.01,30.89,64800.0,284900.0,0.0
2021-11-30 10:02:42,300557.SZ,28.14,28.18,29.12,28.18,28.85,329100.0,9502400.0,948.0,28.81,4800.0,28.8,1400.0,28.79,600.0,28.73,300.0,28.72,2300.0,0.0,0.0,0.0,0.0,0.0,0.0,0.0,0.0,0.0,0.0,28.84,700.0,28.85,1200.0,28.88,1000.0,28.93,900.0,28.96,600.0,0.0,0.0,0.0,0.0,0.0,0.0,0.0,0.0,0.0,0.0,27.01,30.89,64800.0,285600.0,0.0
2021-11-30 10:02:48,300557.SZ,28.14,28.18,29.12,28.18,28.85,329100.0,9502400.0,948.0,28.81,5300.0,28.8,1400.0,28.79,600.0,28.73,300.0,28.72,2300.0,0.0,0.0,0.0,0.0,0.0,0.0,0.0,0.0,0.0,0.0,28.84,700.0,28.85,1200.0,28.88,1000.0,28.93,900.0,28.96,600.0,0.0,0.0,0.0,0.0,0.0,0.0,0.0,0.0,0.0,0.0,27.02,30.89,65300.0,285600.0,0.0
2021-11-30 10:02:51,300557.SZ,28.14,28.18,29.12,28.18,28.85,330600.0,9545668.0,950.0,28.81,5300.0,28.8,1400.0,28.79,600.0,28.73,300.0,28.72,2300.0,0.0,0.0,0.0,0.0,0.0,0.0,0.0,0.0,0.0,0.0,28.85,400.0,28.88,1000.0,28.93,900.0,28.96,600.0,28.99,13500.0,0.0,0.0,0.0,0.0,0.0,0.0,0.0,0.0,0.0,0.0,27.02,30.9,65300.0,284100.0,0.0
2021-11-30 10:02:57,300557.SZ,28.14,28.18,29.12,28.18,28.81,335900.0,9698361.0,957.0,28.8,1400.0,28.79,600.0,28.73,300.0,28.72,2300.0,28.7,800.0,0.0,0.0,0.0,0.0,0.0,0.0,0.0,0.0,0.0,0.0,28.81,200.0,28.85,400.0,28.88,1000.0,28.93,900.0,28.96,600.0,0.0,0.0,0.0,0.0,0.0,0.0,0.0,0.0,0.0,0.0,26.87,30.9,60000.0,283700.0,0.0
2021-11-30 10:03:03,300557.SZ,28.14,28.18,29.12,28.18,28.81,336000.0,9701242.0,958.0,28.8,1400.0,28.79,600.0,28.73,300.0,28.72,2300.0,28.7,800.0,0.0,0.0,0.0,0.0,0.0,0.0,0.0,0.0,0.0,0.0,28.81,100.0,28.85,400.0,28.88,1000.0,28.93,900.0,28.96,600.0,0.0,0.0,0.0,0.0,0.0,0.0,0.0,0.0,0.0,0.0,26.87,30.9,60000.0,283600.0,0.0
2021-11-30 10:03:09,300557.SZ,28.14,28.18,29.12,28.18,28.81,336100.0,9704123.0,959.0,28.8,1400.0,28.79,600.0,28.73,300.0,28.72,2300.0,28.7,800.0,0.0,0.0,0.0,0.0,0.0,0.0,0.0,0.0,0.0,0.0,28.85,400.0,28.88,1000.0,28.93,900.0,28.96,600.0,28.99,13500.0,0.0,0.0,0.0,0.0,0.0,0.0,0.0,0.0,0.0,0.0,26.87,30.9,60000.0,283500.0,0.0
2021-11-30 10:03:15,300557.SZ,28.14,28.18,29.12,28.18,28.8,337500.0,9744443.0,960.0,28.79,600.0,28.73,300.0,28.72,2300.0,28.7,800.0,28.66,200.0,0.0,0.0,0.0,0.0,0.0,0.0,0.0,0.0,0.0,0.0,28.8,100.0,28.85,400.0,28.88,1000.0,28.93,900.0,28.96,600.0,0.0,0.0,0.0,0.0,0.0,0.0,0.0,0.0,0.0,0.0,26.82,30.9,58600.0,283600.0,0.0
2021-11-30 10:03:18,300557.SZ,28.14,28.18,29.12,28.18,28.8,337600.0,9747323.0,961.0,28.81,900.0,28.8,100.0,28.79,600.0,28.73,300.0,28.72,2300.0,0.0,0.0,0.0,0.0,0.0,0.0,0.0,0.0,0.0,0.0,28.85,400.0,28.88,1000.0,28.93,900.0,28.96,600.0,28.99,13500.0,0.0,0.0,0.0,0.0,0.0,0.0,0.0,0.0,0.0,0.0,26.85,30.9,59600.0,283500.0,0.0
2021-11-30 10:03:21,300557.SZ,28.14,28.18,29.12,28.18,28.8,337600.0,9747323.0,961.0,28.81,900.0,28.79,600.0,28.73,300.0,28.72,2300.0,28.7,800.0,0.0,0.0,0.0,0.0,0.0,0.0,0.0,0.0,0.0,0.0,28.85,400.0,28.88,1000.0,28.93,900.0,28.96,600.0,28.99,13500.0,0.0,0.0,0.0,0.0,0.0,0.0,0.0,0.0,0.0,0.0,26.85,30.9,59500.0,283500.0,0.0
2021-11-30 10:03:30,300557.SZ,28.14,28.18,29.12,28.18,28.8,337600.0,9747323.0,961.0,28.81,1600.0,28.79,600.0,28.73,300.0,28.72,2300.0,28.7,800.0,0.0,0.0,0.0,0.0,0.0,0.0,0.0,0.0,0.0,0.0,28.85,400.0,28.88,1000.0,28.93,900.0,28.96,600.0,28.99,13500.0,0.0,0.0,0.0,0.0,0.0,0.0,0.0,0.0,0.0,0.0,26.87,30.9,60200.0,283500.0,0.0
2021-11-30 10:03:33,300557.SZ,28.14,28.18,29.12,28.18,28.81,339200.0,9793419.0,964.0,28.79,600.0,28.73,300.0,28.72,2300.0,28.7,800.0,28.66,200.0,0.0,0.0,0.0,0.0,0.0,0.0,0.0,0.0,0.0,0.0,28.81,400.0,28.85,400.0,28.88,1000.0,28.93,900.0,28.96,600.0,0.0,0.0,0.0,0.0,0.0,0.0,0.0,0.0,0.0,0.0,26.82,30.9,58600.0,283900.0,0.0
2021-11-30 10:03:36,300557.SZ,28.14,28.18,29.12,28.18,28.81,339300.0,9796300.0,965.0,28.79,600.0,28.73,300.0,28.72,2300.0,28.7,800.0,28.66,200.0,0.0,0.0,0.0,0.0,0.0,0.0,0.0,0.0,0.0,0.0,28.81,300.0,28.85,400.0,28.88,1000.0,28.93,900.0,28.96,600.0,0.0,0.0,0.0,0.0,0.0,0.0,0.0,0.0,0.0,0.0,26.82,30.9,58600.0,283800.0,0.0
2021-11-30 10:03:45,300557.SZ,28.14,28.18,29.12,28.18,28.81,339500.0,9802062.0,966.0,28.79,600.0,28.73,300.0,28.72,2300.0,28.7,800.0,28.66,200.0,0.0,0.0,0.0,0.0,0.0,0.0,0.0,0.0,0.0,0.0,28.81,100.0,28.85,400.0,28.88,1000.0,28.93,900.0,28.96,600.0,0.0,0.0,0.0,0.0,0.0,0.0,0.0,0.0,0.0,0.0,26.82,30.9,58600.0,283600.0,0.0
2021-11-30 10:03:54,300557.SZ,28.14,28.18,29.12,28.18,28.81,339500.0,9802062.0,966.0,28.79,600.0,28.73,300.0,28.72,2300.0,28.7,800.0,28.67,100.0,0.0,0.0,0.0,0.0,0.0,0.0,0.0,0.0,0.0,0.0,28.81,100.0,28.85,400.0,28.88,1000.0,28.93,900.0,28.96,600.0,0.0,0.0,0.0,0.0,0.0,0.0,0.0,0.0,0.0,0.0,26.82,30.9,58700.0,283600.0,0.0
2021-11-30 10:04:06,300557.SZ,28.14,28.18,29.12,28.18,28.81,339500.0,9802062.0,966.0,28.79,600.0,28.73,300.0,28.72,2300.0,28.7,800.0,28.67,100.0,0.0,0.0,0.0,0.0,0.0,0.0,0.0,0.0,0.0,0.0,28.81,100.0,28.84,700.0,28.85,400.0,28.88,1000.0,28.93,900.0,0.0,0.0,0.0,0.0,0.0,0.0,0.0,0.0,0.0,0.0,26.82,30.89,58700.0,284300.0,0.0
2021-11-30 10:04:24,300557.SZ,28.14,28.18,29.12,28.18,28.81,339500.0,9802062.0,966.0,28.79,600.0,28.73,300.0,28.72,2300.0,28.7,800.0,28.67,100.0,0.0,0.0,0.0,0.0,0.0,0.0,0.0,0.0,0.0,0.0,28.81,100.0,28.84,700.0,28.85,400.0,28.88,1000.0,28.93,900.0,0.0,0.0,0.0,0.0,0.0,0.0,0.0,0.0,0.0,0.0,26.82,30.89,58500.0,284300.0,0.0
2021-11-30 10:04:30,300557.SZ,28.14,28.18,29.12,28.18,28.81,339500.0,9802062.0,966.0,28.73,500.0,28.72,2300.0,28.7,800.0,28.67,100.0,28.66,200.0,0.0,0.0,0.0,0.0,0.0,0.0,0.0,0.0,0.0,0.0,28.81,100.0,28.84,700.0,28.85,400.0,28.88,1000.0,28.93,900.0,0.0,0.0,0.0,0.0,0.0,0.0,0.0,0.0,0.0,0.0,26.8,30.89,58100.0,284300.0,0.0
2021-11-30 10:04:33,300557.SZ,28.14,28.18,29.12,28.18,28.81,339500.0,9802062.0,966.0,28.73,500.0,28.72,2300.0,28.7,800.0,28.67,100.0,28.66,200.0,0.0,0.0,0.0,0.0,0.0,0.0,0.0,0.0,0.0,0.0,28.81,100.0,28.84,700.0,28.85,400.0,28.88,1000.0,28.93,900.0,0.0,0.0,0.0,0.0,0.0,0.0,0.0,0.0,0.0,0.0,26.8,30.89,58100.0,284700.0,0.0
2021-11-30 10:05:15,300557.SZ,28.14,28.18,29.12,28.18,28.81,339500.0,9802062.0,966.0,28.73,500.0,28.72,2300.0,28.7,800.0,28.67,100.0,28.66,200.0,0.0,0.0,0.0,0.0,0.0,0.0,0.0,0.0,0.0,0.0,28.81,100.0,28.84,700.0,28.85,400.0,28.88,1000.0,28.93,900.0,0.0,0.0,0.0,0.0,0.0,0.0,0.0,0.0,0.0,0.0,27.24,30.89,78100.0,284700.0,0.0
2021-11-30 10:05:18,300557.SZ,28.14,28.18,29.12,28.18,28.81,339600.0,9804943.0,967.0,28.74,300.0,28.73,500.0,28.72,2300.0,28.7,800.0,28.67,100.0,0.0,0.0,0.0,0.0,0.0,0.0,0.0,0.0,0.0,0.0,28.84,700.0,28.85,400.0,28.88,1000.0,28.93,900.0,28.96,600.0,0.0,0.0,0.0,0.0,0.0,0.0,0.0,0.0,0.0,0.0,27.25,30.9,78400.0,284600.0,0.0
2021-11-30 10:05:21,300557.SZ,28.14,28.18,29.12,28.18,28.81,339600.0,9804943.0,967.0,28.81,1200.0,28.74,300.0,28.73,500.0,28.72,2300.0,28.7,800.0,0.0,0.0,0.0,0.0,0.0,0.0,0.0,0.0,0.0,0.0,28.84,700.0,28.85,400.0,28.88,1000.0,28.93,900.0,28.96,600.0,0.0,0.0,0.0,0.0,0.0,0.0,0.0,0.0,0.0,0.0,27.27,30.9,79600.0,284600.0,0.0
2021-11-30 10:05:39,300557.SZ,28.14,28.18,29.12,28.18,28.81,340800.0,9839515.0,968.0,28.74,300.0,28.73,500.0,28.72,2300.0,28.7,800.0,28.67,100.0,0.0,0.0,0.0,0.0,0.0,0.0,0.0,0.0,0.0,0.0,28.8,300.0,28.81,2000.0,28.84,700.0,28.85,400.0,28.88,1000.0,0.0,0.0,0.0,0.0,0.0,0.0,0.0,0.0,0.0,0.0,27.25,30.88,78400.0,286900.0,0.0
2021-11-30 10:05:42,300557.SZ,28.14,28.18,29.12,28.18,28.74,340900.0,9842389.0,969.0,28.74,200.0,28.73,500.0,28.72,2300.0,28.7,800.0,28.67,100.0,0.0,0.0,0.0,0.0,0.0,0.0,0.0,0.0,0.0,0.0,28.8,300.0,28.81,2600.0,28.84,700.0,28.85,400.0,28.88,1000.0,0.0,0.0,0.0,0.0,0.0,0.0,0.0,0.0,0.0,0.0,27.25,30.87,78300.0,287500.0,0.0
2021-11-30 10:05:48,300557.SZ,28.14,28.18,29.12,28.18,28.74,340900.0,9842389.0,969.0,28.74,200.0,28.73,500.0,28.72,2300.0,28.71,1000.0,28.7,800.0,0.0,0.0,0.0,0.0,0.0,0.0,0.0,0.0,0.0,0.0,28.8,300.0,28.81,2600.0,28.84,700.0,28.85,400.0,28.88,1000.0,0.0,0.0,0.0,0.0,0.0,0.0,0.0,0.0,0.0,0.0,27.27,30.87,79300.0,287500.0,0.0
2021-11-30 10:06:03,300557.SZ,28.14,28.18,29.12,28.18,28.74,340900.0,9842389.0,969.0,28.74,200.0,28.73,500.0,28.72,2300.0,28.71,1000.0,28.7,800.0,0.0,0.0,0.0,0.0,0.0,0.0,0.0,0.0,0.0,0.0,28.8,300.0,28.81,2600.0,28.84,700.0,28.85,400.0,28.88,1000.0,0.0,0.0,0.0,0.0,0.0,0.0,0.0,0.0,0.0,0.0,27.27,30.88,79300.0,287000.0,0.0
2021-11-30 10:06:21,300557.SZ,28.14,28.18,29.12,28.18,28.74,340900.0,9842389.0,969.0,28.74,200.0,28.73,500.0,28.72,2300.0,28.71,1000.0,28.7,800.0,0.0,0.0,0.0,0.0,0.0,0.0,0.0,0.0,0.0,0.0,28.8,300.0,28.81,2600.0,28.84,700.0,28.85,400.0,28.88,1000.0,0.0,0.0,0.0,0.0,0.0,0.0,0.0,0.0,0.0,0.0,27.27,30.87,79300.0,287800.0,0.0
2021-11-30 10:06:27,300557.SZ,28.14,28.18,29.12,28.18,28.74,340900.0,9842389.0,969.0,28.74,200.0,28.73,500.0,28.72,2300.0,28.71,1000.0,28.7,800.0,0.0,0.0,0.0,0.0,0.0,0.0,0.0,0.0,0.0,0.0,28.8,300.0,28.81,2000.0,28.84,700.0,28.85,400.0,28.88,1000.0,0.0,0.0,0.0,0.0,0.0,0.0,0.0,0.0,0.0,0.0,27.27,30.88,79300.0,287200.0,0.0
2021-11-30 10:06:42,300557.SZ,28.14,28.18,29.12,28.18,28.73,341500.0,9859629.0,972.0,28.74,500.0,28.73,100.0,28.72,2300.0,28.71,1000.0,28.7,800.0,0.0,0.0,0.0,0.0,0.0,0.0,0.0,0.0,0.0,0.0,28.8,300.0,28.81,2000.0,28.84,700.0,28.85,400.0,28.88,1000.0,0.0,0.0,0.0,0.0,0.0,0.0,0.0,0.0,0.0,0.0,27.27,30.88,79200.0,287200.0,0.0
2021-11-30 10:07:00,300557.SZ,28.14,28.18,29.12,28.18,28.73,341500.0,9859629.0,972.0,28.74,500.0,28.73,100.0,28.72,2300.0,28.71,1000.0,28.7,800.0,0.0,0.0,0.0,0.0,0.0,0.0,0.0,0.0,0.0,0.0,28.8,300.0,28.81,2000.0,28.84,700.0,28.85,400.0,28.88,1000.0,0.0,0.0,0.0,0.0,0.0,0.0,0.0,0.0,0.0,0.0,27.21,30.88,75800.0,287200.0,0.0
2021-11-30 10:07:03,300557.SZ,28.14,28.18,29.12,28.18,28.73,341500.0,9859629.0,972.0,28.74,500.0,28.73,100.0,28.72,2300.0,28.71,1000.0,28.7,800.0,0.0,0.0,0.0,0.0,0.0,0.0,0.0,0.0,0.0,0.0,28.75,300.0,28.8,300.0,28.81,2000.0,28.84,700.0,28.85,400.0,0.0,0.0,0.0,0.0,0.0,0.0,0.0,0.0,0.0,0.0,27.21,30.87,75800.0,288500.0,0.0
2021-11-30 10:07:21,300557.SZ,28.14,28.18,29.12,28.18,28.73,341500.0,9859629.0,972.0,28.74,500.0,28.73,100.0,28.72,2300.0,28.71,1000.0,28.7,800.0,0.0,0.0,0.0,0.0,0.0,0.0,0.0,0.0,0.0,0.0,28.75,300.0,28.8,300.0,28.81,2000.0,28.84,700.0,28.85,400.0,0.0,0.0,0.0,0.0,0.0,0.0,0.0,0.0,0.0,0.0,27.21,30.87,75800.0,289000.0,0.0
2021-11-30 10:07:24,300557.SZ,28.14,28.18,29.12,28.18,28.74,342000.0,9873999.0,973.0,28.73,100.0,28.72,2300.0,28.71,1000.0,28.7,800.0,28.67,100.0,0.0,0.0,0.0,0.0,0.0,0.0,0.0,0.0,0.0,0.0,28.74,500.0,28.75,300.0,28.8,300.0,28.81,2000.0,28.84,700.0,0.0,0.0,0.0,0.0,0.0,0.0,0.0,0.0,0.0,0.0,27.2,30.87,75300.0,289500.0,0.0
2021-11-30 10:07:30,300557.SZ,28.14,28.18,29.12,28.18,28.75,342700.0,9894119.0,975.0,28.73,2100.0,28.72,2300.0,28.71,1000.0,28.7,800.0,28.67,100.0,0.0,0.0,0.0,0.0,0.0,0.0,0.0,0.0,0.0,0.0,28.75,100.0,28.8,300.0,28.81,2000.0,28.84,700.0,28.85,400.0,0.0,0.0,0.0,0.0,0.0,0.0,0.0,0.0,0.0,0.0,27.24,30.87,77300.0,288800.0,0.0
2021-11-30 10:07:33,300557.SZ,28.14,28.18,29.12,28.18,28.75,342800.0,9896994.0,976.0,28.74,100.0,28.73,2100.0,28.72,2300.0,28.71,1000.0,28.7,800.0,0.0,0.0,0.0,0.0,0.0,0.0,0.0,0.0,0.0,0.0,28.8,300.0,28.81,2000.0,28.84,700.0,28.85,400.0,28.88,1000.0,0.0,0.0,0.0,0.0,0.0,0.0,0.0,0.0,0.0,0.0,27.24,30.87,77400.0,288700.0,0.0
2021-11-30 10:07:36,300557.SZ,28.14,28.18,29.12,28.18,28.75,342800.0,9896994.0,976.0,28.75,700.0,28.74,100.0,28.73,2100.0,28.72,2300.0,28.71,1000.0,0.0,0.0,0.0,0.0,0.0,0.0,0.0,0.0,0.0,0.0,28.8,300.0,28.81,2000.0,28.84,700.0,28.85,400.0,28.88,1000.0,0.0,0.0,0.0,0.0,0.0,0.0,0.0,0.0,0.0,0.0,27.26,30.87,78100.0,288700.0,0.0
2021-11-30 10:07:45,300557.SZ,28.14,28.18,29.12,28.18,28.75,342800.0,9896994.0,976.0,28.75,700.0,28.74,100.0,28.73,2100.0,28.72,2300.0,28.71,1000.0,0.0,0.0,0.0,0.0,0.0,0.0,0.0,0.0,0.0,0.0,28.8,300.0,28.81,2000.0,28.84,700.0,28.85,400.0,28.88,1000.0,0.0,0.0,0.0,0.0,0.0,0.0,0.0,0.0,0.0,0.0,27.26,30.87,78100.0,263100.0,0.0
2021-11-30 10:07:48,300557.SZ,28.14,28.18,29.12,28.18,28.81,345100.0,9963254.0,978.0,28.81,100.0,28.76,800.0,28.75,700.0,28.73,2100.0,28.72,2300.0,0.0,0.0,0.0,0.0,0.0,0.0,0.0,0.0,0.0,0.0,28.84,700.0,28.85,400.0,28.88,1000.0,28.93,900.0,28.96,600.0,0.0,0.0,0.0,0.0,0.0,0.0,0.0,0.0,0.0,0.0,27.27,30.89,78900.0,260800.0,0.0
2021-11-30 10:08:00,300557.SZ,28.14,28.18,29.12,28.18,28.81,345100.0,9963254.0,978.0,28.81,100.0,28.76,800.0,28.75,700.0,28.73,2100.0,28.72,1800.0,0.0,0.0,0.0,0.0,0.0,0.0,0.0,0.0,0.0,0.0,28.84,700.0,28.85,400.0,28.88,1000.0,28.93,900.0,28.96,600.0,0.0,0.0,0.0,0.0,0.0,0.0,0.0,0.0,0.0,0.0,27.26,30.81,78400.0,286300.0,0.0
2021-11-30 10:08:12,300557.SZ,28.14,28.18,29.12,28.18,28.81,345200.0,9966135.0,979.0,28.76,800.0,28.75,700.0,28.73,2100.0,28.72,1800.0,28.71,1000.0,0.0,0.0,0.0,0.0,0.0,0.0,0.0,0.0,0.0,0.0,28.81,2900.0,28.84,1000.0,28.85,400.0,28.88,1000.0,28.93,900.0,0.0,0.0,0.0,0.0,0.0,0.0,0.0,0.0,0.0,0.0,27.26,30.79,78300.0,289500.0,0.0
2021-11-30 10:08:18,300557.SZ,28.14,28.18,29.12,28.18,28.81,345200.0,9966135.0,979.0,28.76,800.0,28.75,700.0,28.73,2100.0,28.72,9200.0,28.71,1000.0,0.0,0.0,0.0,0.0,0.0,0.0,0.0,0.0,0.0,0.0,28.81,2900.0,28.84,1000.0,28.85,400.0,28.88,1000.0,28.93,900.0,0.0,0.0,0.0,0.0,0.0,0.0,0.0,0.0,0.0,0.0,27.4,30.78,83900.0,290400.0,0.0
2021-11-30 10:08:21,300557.SZ,28.14,28.18,29.12,28.18,28.81,345200.0,9966135.0,979.0,28.76,800.0,28.75,700.0,28.73,2100.0,28.72,9200.0,28.71,1000.0,0.0,0.0,0.0,0.0,0.0,0.0,0.0,0.0,0.0,0.0,28.81,2900.0,28.84,1000.0,28.85,400.0,28.88,1000.0,28.93,900.0,0.0,0.0,0.0,0.0,0.0,0.0,0.0,0.0,0.0,0.0,27.4,30.78,83800.0,290400.0,0.0
2021-11-30 10:08:27,300557.SZ,28.14,28.18,29.12,28.18,28.81,345200.0,9966135.0,979.0,28.78,500.0,28.76,800.0,28.75,700.0,28.73,2100.0,28.72,9200.0,0.0,0.0,0.0,0.0,0.0,0.0,0.0,0.0,0.0,0.0,28.81,2900.0,28.84,1000.0,28.85,400.0,28.88,1000.0,28.93,900.0,0.0,0.0,0.0,0.0,0.0,0.0,0.0,0.0,0.0,0.0,27.41,30.78,84300.0,290400.0,0.0
2021-11-30 10:08:33,300557.SZ,28.14,28.18,29.12,28.18,28.81,345200.0,9966135.0,979.0,28.78,500.0,28.77,100.0,28.76,800.0,28.75,700.0,28.73,2100.0,0.0,0.0,0.0,0.0,0.0,0.0,0.0,0.0,0.0,0.0,28.81,2900.0,28.84,1000.0,28.85,400.0,28.88,1000.0,28.93,900.0,0.0,0.0,0.0,0.0,0.0,0.0,0.0,0.0,0.0,0.0,27.41,30.78,84400.0,290500.0,0.0
2021-11-30 10:08:36,300557.SZ,28.14,28.18,29.12,28.18,28.84,349200.0,10081405.0,983.0,28.84,2500.0,28.81,2000.0,28.78,500.0,28.77,100.0,28.76,800.0,0.0,0.0,0.0,0.0,0.0,0.0,0.0,0.0,0.0,0.0,28.85,400.0,28.88,1000.0,28.93,900.0,28.96,600.0,28.99,13500.0,0.0,0.0,0.0,0.0,0.0,0.0,0.0,0.0,0.0,0.0,27.48,30.81,88900.0,286600.0,0.0
2021-11-30 10:08:39,300557.SZ,28.14,28.18,29.12,28.18,28.85,349600.0,10092945.0,984.0,28.85,1700.0,28.84,2500.0,28.81,2000.0,28.78,500.0,28.77,100.0,0.0,0.0,0.0,0.0,0.0,0.0,0.0,0.0,0.0,0.0,28.88,1000.0,28.93,900.0,28.96,600.0,28.99,13500.0,29.0,1200.0,0.0,0.0,0.0,0.0,0.0,0.0,0.0,0.0,0.0,0.0,27.51,30.81,90600.0,286200.0,0.0
2021-11-30 10:08:42,300557.SZ,28.14,28.18,29.12,28.18,28.85,349600.0,10092945.0,984.0,28.85,1700.0,28.84,2500.0,28.81,2000.0,28.78,500.0,28.77,100.0,0.0,0.0,0.0,0.0,0.0,0.0,0.0,0.0,0.0,0.0,28.88,1000.0,28.93,900.0,28.96,600.0,28.99,13500.0,29.0,1200.0,0.0,0.0,0.0,0.0,0.0,0.0,0.0,0.0,0.0,0.0,27.51,30.82,90600.0,286700.0,0.0
2021-11-30 10:08:45,300557.SZ,28.14,28.18,29.12,28.18,28.85,349600.0,10092945.0,984.0,28.85,1700.0,28.84,2500.0,28.81,2000.0,28.78,500.0,28.77,100.0,0.0,0.0,0.0,0.0,0.0,0.0,0.0,0.0,0.0,0.0,28.88,1000.0,28.93,900.0,28.96,600.0,28.99,13500.0,29.0,1200.0,0.0,0.0,0.0,0.0,0.0,0.0,0.0,0.0,0.0,0.0,27.51,30.82,90600.0,286900.0,0.0
2021-11-30 10:08:57,300557.SZ,28.14,28.18,29.12,28.18,28.84,353800.0,10214090.0,986.0,28.81,2000.0,28.78,500.0,28.77,100.0,28.76,800.0,28.75,700.0,0.0,0.0,0.0,0.0,0.0,0.0,0.0,0.0,0.0,0.0,28.84,800.0,28.88,1000.0,28.93,900.0,28.96,600.0,28.99,13500.0,0.0,0.0,0.0,0.0,0.0,0.0,0.0,0.0,0.0,0.0,27.44,30.81,86400.0,287700.0,0.0
2021-11-30 10:09:03,300557.SZ,28.14,28.18,29.12,28.18,28.84,354100.0,10222742.0,989.0,28.81,2000.0,28.78,500.0,28.77,100.0,28.76,500.0,28.75,700.0,0.0,0.0,0.0,0.0,0.0,0.0,0.0,0.0,0.0,0.0,28.84,500.0,28.88,1000.0,28.93,900.0,28.96,600.0,28.99,13500.0,0.0,0.0,0.0,0.0,0.0,0.0,0.0,0.0,0.0,0.0,27.44,30.81,86100.0,287400.0,0.0
2021-11-30 10:09:06,300557.SZ,28.14,28.18,29.12,28.18,28.84,354100.0,10222742.0,989.0,28.81,2000.0,28.78,500.0,28.77,100.0,28.76,500.0,28.75,700.0,0.0,0.0,0.0,0.0,0.0,0.0,0.0,0.0,0.0,0.0,28.84,500.0,28.88,1000.0,28.93,900.0,28.96,600.0,28.99,13500.0,0.0,0.0,0.0,0.0,0.0,0.0,0.0,0.0,0.0,0.0,27.44,30.81,86600.0,287400.0,0.0
2021-11-30 10:09:15,300557.SZ,28.14,28.18,29.12,28.18,28.84,354100.0,10222742.0,989.0,28.81,2000.0,28.78,500.0,28.77,100.0,28.76,200.0,28.75,700.0,0.0,0.0,0.0,0.0,0.0,0.0,0.0,0.0,0.0,0.0,28.84,500.0,28.87,700.0,28.88,1000.0,28.93,900.0,28.96,600.0,0.0,0.0,0.0,0.0,0.0,0.0,0.0,0.0,0.0,0.0,27.44,30.81,86300.0,288100.0,0.0
2021-11-30 10:09:18,300557.SZ,28.14,28.18,29.12,28.18,28.84,354300.0,10228510.0,991.0,28.82,300.0,28.81,3800.0,28.78,500.0,28.77,100.0,28.76,100.0,0.0,0.0,0.0,0.0,0.0,0.0,0.0,0.0,0.0,0.0,28.84,300.0,28.87,700.0,28.88,1000.0,28.93,900.0,28.96,600.0,0.0,0.0,0.0,0.0,0.0,0.0,0.0,0.0,0.0,0.0,27.47,30.81,88300.0,288400.0,0.0
2021-11-30 10:09:21,300557.SZ,28.14,28.18,29.12,28.18,28.84,354300.0,10228510.0,991.0,28.82,300.0,28.81,3800.0,28.78,500.0,28.77,100.0,28.76,100.0,0.0,0.0,0.0,0.0,0.0,0.0,0.0,0.0,0.0,0.0,28.84,300.0,28.87,5700.0,28.88,1000.0,28.93,900.0,28.96,600.0,0.0,0.0,0.0,0.0,0.0,0.0,0.0,0.0,0.0,0.0,27.47,30.77,88300.0,293400.0,0.0
2021-11-30 10:09:42,300557.SZ,28.14,28.18,29.12,28.18,28.84,354300.0,10228510.0,991.0,28.82,300.0,28.81,3800.0,28.78,500.0,28.77,100.0,28.76,100.0,0.0,0.0,0.0,0.0,0.0,0.0,0.0,0.0,0.0,0.0,28.84,300.0,28.87,5700.0,28.88,1000.0,28.93,900.0,28.96,600.0,0.0,0.0,0.0,0.0,0.0,0.0,0.0,0.0,0.0,0.0,27.47,30.75,88300.0,287400.0,0.0
2021-11-30 10:09:51,300557.SZ,28.14,28.18,29.12,28.18,28.82,354400.0,10231392.0,992.0,28.82,200.0,28.81,3800.0,28.78,500.0,28.77,100.0,28.76,100.0,0.0,0.0,0.0,0.0,0.0,0.0,0.0,0.0,0.0,0.0,28.84,300.0,28.87,5700.0,28.88,1000.0,28.93,900.0,28.96,600.0,0.0,0.0,0.0,0.0,0.0,0.0,0.0,0.0,0.0,0.0,27.46,30.75,87500.0,287400.0,0.0
2021-11-30 10:09:57,300557.SZ,28.14,28.18,29.12,28.18,28.82,354600.0,10237156.0,994.0,28.81,3800.0,28.78,500.0,28.77,100.0,28.76,100.0,28.73,2100.0,0.0,0.0,0.0,0.0,0.0,0.0,0.0,0.0,0.0,0.0,28.84,300.0,28.87,5700.0,28.88,1000.0,28.93,900.0,28.96,600.0,0.0,0.0,0.0,0.0,0.0,0.0,0.0,0.0,0.0,0.0,27.46,30.75,87300.0,287400.0,0.0
2021-11-30 10:10:15,300557.SZ,28.14,28.18,29.12,28.18,28.82,354600.0,10237156.0,994.0,28.81,3800.0,28.78,500.0,28.77,100.0,28.76,100.0,28.73,2100.0,0.0,0.0,0.0,0.0,0.0,0.0,0.0,0.0,0.0,0.0,28.82,2000.0,28.84,300.0,28.87,5700.0,28.88,1000.0,28.93,900.0,0.0,0.0,0.0,0.0,0.0,0.0,0.0,0.0,0.0,0.0,27.46,30.74,87300.0,289400.0,0.0
2021-11-30 10:10:18,300557.SZ,28.14,28.18,29.12,28.18,28.81,354700.0,10240037.0,995.0,28.81,3700.0,28.78,500.0,28.77,100.0,28.76,100.0,28.75,600.0,0.0,0.0,0.0,0.0,0.0,0.0,0.0,0.0,0.0,0.0,28.82,2000.0,28.84,300.0,28.87,5700.0,28.88,1000.0,28.93,900.0,0.0,0.0,0.0,0.0,0.0,0.0,0.0,0.0,0.0,0.0,27.46,30.74,87800.0,289400.0,0.0
2021-11-30 10:10:30,300557.SZ,28.14,28.18,29.12,28.18,28.81,356400.0,10289014.0,997.0,28.81,2000.0,28.78,500.0,28.77,100.0,28.76,100.0,28.75,600.0,0.0,0.0,0.0,0.0,0.0,0.0,0.0,0.0,0.0,0.0,28.82,2000.0,28.84,300.0,28.87,5700.0,28.88,1000.0,28.93,900.0,0.0,0.0,0.0,0.0,0.0,0.0,0.0,0.0,0.0,0.0,27.44,30.74,86100.0,289400.0,0.0
2021-11-30 10:10:33,300557.SZ,28.14,28.18,29.12,28.18,28.81,357000.0,10306300.0,1001.0,28.81,1400.0,28.78,500.0,28.77,100.0,28.76,100.0,28.75,600.0,0.0,0.0,0.0,0.0,0.0,0.0,0.0,0.0,0.0,0.0,28.82,2000.0,28.84,300.0,28.87,5700.0,28.88,1000.0,28.93,900.0,0.0,0.0,0.0,0.0,0.0,0.0,0.0,0.0,0.0,0.0,27.43,30.74,85500.0,289400.0,0.0
2021-11-30 10:10:36,300557.SZ,28.14,28.18,29.12,28.18,28.81,358400.0,10346634.0,1003.0,28.78,500.0,28.77,100.0,28.76,100.0,28.75,600.0,28.73,2100.0,0.0,0.0,0.0,0.0,0.0,0.0,0.0,0.0,0.0,0.0,28.82,2000.0,28.84,300.0,28.87,5700.0,28.88,1000.0,28.93,900.0,0.0,0.0,0.0,0.0,0.0,0.0,0.0,0.0,0.0,0.0,27.4,30.74,84100.0,289400.0,0.0
2021-11-30 10:10:48,300557.SZ,28.14,28.18,29.12,28.18,28.81,358400.0,10346634.0,1003.0,28.79,100.0,28.78,500.0,28.77,100.0,28.76,100.0,28.75,600.0,0.0,0.0,0.0,0.0,0.0,0.0,0.0,0.0,0.0,0.0,28.84,300.0,28.87,5700.0,28.88,1000.0,28.93,900.0,28.96,600.0,0.0,0.0,0.0,0.0,0.0,0.0,0.0,0.0,0.0,0.0,27.41,30.75,84200.0,287400.0,0.0
2021-11-30 10:10:54,300557.SZ,28.14,28.18,29.12,28.18,28.78,358800.0,10358147.0,1005.0,28.78,200.0,28.77,100.0,28.76,100.0,28.75,600.0,28.73,2100.0,0.0,0.0,0.0,0.0,0.0,0.0,0.0,0.0,0.0,0.0,28.84,300.0,28.87,5700.0,28.88,1000.0,28.93,900.0,28.96,600.0,0.0,0.0,0.0,0.0,0.0,0.0,0.0,0.0,0.0,0.0,27.4,30.75,83800.0,287400.0,0.0
2021-11-30 10:11:00,300557.SZ,28.14,28.18,29.12,28.18,28.78,359000.0,10363903.0,1006.0,28.77,100.0,28.76,100.0,28.75,600.0,28.73,2100.0,28.72,9200.0,0.0,0.0,0.0,0.0,0.0,0.0,0.0,0.0,0.0,0.0,28.78,1800.0,28.84,300.0,28.87,5700.0,28.88,1000.0,28.93,900.0,0.0,0.0,0.0,0.0,0.0,0.0,0.0,0.0,0.0,0.0,27.4,30.74,83600.0,289200.0,0.0
2021-11-30 10:11:09,300557.SZ,28.14,28.18,29.12,28.18,28.78,359000.0,10363903.0,1006.0,28.77,100.0,28.76,100.0,28.75,600.0,28.73,2100.0,28.72,9200.0,0.0,0.0,0.0,0.0,0.0,0.0,0.0,0.0,0.0,0.0,28.78,1800.0,28.84,300.0,28.87,5700.0,28.88,1000.0,28.93,900.0,0.0,0.0,0.0,0.0,0.0,0.0,0.0,0.0,0.0,0.0,27.42,30.74,85100.0,289200.0,0.0
2021-11-30 10:11:30,300557.SZ,28.14,28.18,29.12,28.18,28.78,359300.0,10372537.0,1007.0,28.77,100.0,28.76,100.0,28.75,600.0,28.73,2100.0,28.72,9200.0,0.0,0.0,0.0,0.0,0.0,0.0,0.0,0.0,0.0,0.0,28.78,1500.0,28.84,300.0,28.87,5700.0,28.88,1000.0,28.93,900.0,0.0,0.0,0.0,0.0,0.0,0.0,0.0,0.0,0.0,0.0,27.42,30.74,85100.0,288900.0,0.0
2021-11-30 10:11:33,300557.SZ,28.14,28.18,29.12,28.18,28.78,359300.0,10372537.0,1007.0,28.77,600.0,28.76,100.0,28.75,600.0,28.73,2100.0,28.72,9700.0,0.0,0.0,0.0,0.0,0.0,0.0,0.0,0.0,0.0,0.0,28.78,1500.0,28.84,300.0,28.87,5700.0,28.88,1000.0,28.93,900.0,0.0,0.0,0.0,0.0,0.0,0.0,0.0,0.0,0.0,0.0,27.43,30.74,86100.0,288900.0,0.0
2021-11-30 10:11:48,300557.SZ,28.14,28.18,29.12,28.18,28.73,362000.0,10450147.0,1014.0,28.73,700.0,28.72,9700.0,28.71,1000.0,28.7,800.0,28.66,200.0,0.0,0.0,0.0,0.0,0.0,0.0,0.0,0.0,0.0,0.0,28.78,1500.0,28.84,300.0,28.87,5700.0,28.88,1000.0,28.93,900.0,0.0,0.0,0.0,0.0,0.0,0.0,0.0,0.0,0.0,0.0,27.39,30.74,83400.0,288900.0,0.0
2021-11-30 10:12:03,300557.SZ,28.14,28.18,29.12,28.18,28.73,362700.0,10470258.0,1015.0,28.72,9700.0,28.71,1000.0,28.7,800.0,28.66,200.0,28.65,200.0,0.0,0.0,0.0,0.0,0.0,0.0,0.0,0.0,0.0,0.0,28.73,300.0,28.78,1500.0,28.84,300.0,28.87,5700.0,28.88,1000.0,0.0,0.0,0.0,0.0,0.0,0.0,0.0,0.0,0.0,0.0,27.39,30.74,83700.0,289200.0,0.0
2021-11-30 10:12:12,300557.SZ,28.14,28.18,29.12,28.18,28.73,364000.0,10507597.0,1019.0,28.72,8700.0,28.71,1000.0,28.7,800.0,28.66,200.0,28.65,200.0,0.0,0.0,0.0,0.0,0.0,0.0,0.0,0.0,0.0,0.0,28.84,300.0,28.87,5700.0,28.88,1000.0,28.93,900.0,28.96,600.0,0.0,0.0,0.0,0.0,0.0,0.0,0.0,0.0,0.0,0.0,27.38,30.75,82700.0,287400.0,0.0
2021-11-30 10:12:21,300557.SZ,28.14,28.18,29.12,28.18,28.71,373900.0,10791915.0,1024.0,28.7,800.0,28.66,200.0,28.65,200.0,28.6,400.0,28.57,1500.0,0.0,0.0,0.0,0.0,0.0,0.0,0.0,0.0,0.0,0.0,28.71,600.0,28.84,600.0,28.87,5700.0,28.88,1000.0,28.93,900.0,0.0,0.0,0.0,0.0,0.0,0.0,0.0,0.0,0.0,0.0,27.2,30.74,73000.0,288300.0,0.0
2021-11-30 10:12:24,300557.SZ,28.14,28.18,29.12,28.18,28.7,375200.0,10829230.0,1029.0,28.66,200.0,28.65,200.0,28.6,400.0,28.57,1500.0,28.56,1000.0,0.0,0.0,0.0,0.0,0.0,0.0,0.0,0.0,0.0,0.0,28.71,100.0,28.84,600.0,28.87,5700.0,28.88,1000.0,28.93,900.0,0.0,0.0,0.0,0.0,0.0,0.0,0.0,0.0,0.0,0.0,27.18,30.75,72200.0,287800.0,0.0
2021-11-30 10:12:33,300557.SZ,28.14,28.18,29.12,28.18,28.7,375200.0,10829230.0,1029.0,28.67,100.0,28.66,200.0,28.65,400.0,28.6,400.0,28.57,1500.0,0.0,0.0,0.0,0.0,0.0,0.0,0.0,0.0,0.0,0.0,28.71,100.0,28.84,600.0,28.87,5700.0,28.88,1000.0,28.93,900.0,0.0,0.0,0.0,0.0,0.0,0.0,0.0,0.0,0.0,0.0,27.19,30.75,72500.0,287800.0,0.0
2021-11-30 10:12:42,300557.SZ,28.14,28.18,29.12,28.18,28.66,375500.0,10837829.0,1032.0,28.65,400.0,28.6,400.0,28.57,1500.0,28.56,1000.0,28.53,20000.0,0.0,0.0,0.0,0.0,0.0,0.0,0.0,0.0,0.0,0.0,28.66,1200.0,28.71,100.0,28.84,600.0,28.87,5700.0,28.88,1000.0,0.0,0.0,0.0,0.0,0.0,0.0,0.0,0.0,0.0,0.0,27.18,30.74,71800.0,289000.0,0.0
2021-11-30 10:12:48,300557.SZ,28.14,28.18,29.12,28.18,28.66,375600.0,10840695.0,1033.0,28.65,400.0,28.6,400.0,28.57,1500.0,28.56,1000.0,28.53,20000.0,0.0,0.0,0.0,0.0,0.0,0.0,0.0,0.0,0.0,0.0,28.66,1100.0,28.71,100.0,28.84,600.0,28.87,5700.0,28.88,1000.0,0.0,0.0,0.0,0.0,0.0,0.0,0.0,0.0,0.0,0.0,27.18,30.74,71800.0,288900.0,0.0
2021-11-30 10:12:51,300557.SZ,28.14,28.18,29.12,28.18,28.66,376700.0,10872221.0,1035.0,28.65,400.0,28.6,400.0,28.57,1500.0,28.56,1000.0,28.53,20000.0,0.0,0.0,0.0,0.0,0.0,0.0,0.0,0.0,0.0,0.0,28.71,100.0,28.84,600.0,28.87,5700.0,28.88,1000.0,28.93,900.0,0.0,0.0,0.0,0.0,0.0,0.0,0.0,0.0,0.0,0.0,27.18,30.75,71800.0,287800.0,0.0
2021-11-30 10:12:54,300557.SZ,28.14,28.18,29.12,28.18,28.66,376700.0,10872221.0,1035.0,28.67,100.0,28.66,800.0,28.65,700.0,28.6,400.0,28.57,1500.0,0.0,0.0,0.0,0.0,0.0,0.0,0.0,0.0,0.0,0.0,28.71,100.0,28.82,11100.0,28.83,6100.0,28.84,600.0,28.87,5700.0,0.0,0.0,0.0,0.0,0.0,0.0,0.0,0.0,0.0,0.0,27.2,30.64,73000.0,305000.0,0.0
2021-11-30 10:13:00,300557.SZ,28.14,28.18,29.12,28.18,28.66,376700.0,10872221.0,1035.0,28.67,100.0,28.66,800.0,28.65,700.0,28.6,400.0,28.57,1500.0,0.0,0.0,0.0,0.0,0.0,0.0,0.0,0.0,0.0,0.0,28.82,3700.0,28.84,600.0,28.87,5700.0,28.88,1000.0,28.93,900.0,0.0,0.0,0.0,0.0,0.0,0.0,0.0,0.0,0.0,0.0,27.2,30.72,73000.0,291600.0,0.0
2021-11-30 10:13:06,300557.SZ,28.14,28.18,29.12,28.18,28.66,376700.0,10872221.0,1035.0,28.68,100.0,28.67,100.0,28.66,800.0,28.65,700.0,28.61,1000.0,0.0,0.0,0.0,0.0,0.0,0.0,0.0,0.0,0.0,0.0,28.82,3700.0,28.84,600.0,28.87,5700.0,28.88,1000.0,28.93,900.0,0.0,0.0,0.0,0.0,0.0,0.0,0.0,0.0,0.0,0.0,27.22,30.73,74100.0,290400.0,0.0
2021-11-30 10:13:12,300557.SZ,28.14,28.18,29.12,28.18,28.67,376900.0,10877956.0,1037.0,28.66,800.0,28.65,700.0,28.61,1000.0,28.6,400.0,28.57,1500.0,0.0,0.0,0.0,0.0,0.0,0.0,0.0,0.0,0.0,0.0,28.81,7400.0,28.82,3700.0,28.84,600.0,28.87,5700.0,28.88,1000.0,0.0,0.0,0.0,0.0,0.0,0.0,0.0,0.0,0.0,0.0,27.22,30.68,73900.0,297800.0,0.0
2021-11-30 10:13:15,300557.SZ,28.14,28.18,29.12,28.18,28.67,376900.0,10877956.0,1037.0,28.66,800.0,28.65,700.0,28.61,1000.0,28.6,400.0,28.57,1500.0,0.0,0.0,0.0,0.0,0.0,0.0,0.0,0.0,0.0,0.0,28.67,100.0,28.84,600.0,28.87,5700.0,28.88,1000.0,28.93,900.0,0.0,0.0,0.0,0.0,0.0,0.0,0.0,0.0,0.0,0.0,27.22,30.75,73900.0,286800.0,0.0
2021-11-30 10:13:21,300557.SZ,28.14,28.18,29.12,28.18,28.67,377000.0,10880823.0,1038.0,28.67,700.0,28.66,800.0,28.65,700.0,28.61,1000.0,28.6,400.0,0.0,0.0,0.0,0.0,0.0,0.0,0.0,0.0,0.0,0.0,28.83,1100.0,28.84,600.0,28.87,5700.0,28.88,1000.0,28.93,900.0,0.0,0.0,0.0,0.0,0.0,0.0,0.0,0.0,0.0,0.0,27.23,30.74,74600.0,289700.0,0.0
2021-11-30 10:13:24,300557.SZ,28.14,28.18,29.12,28.18,28.67,377000.0,10880823.0,1038.0,28.7,100.0,28.67,1000.0,28.66,900.0,28.65,700.0,28.61,1000.0,0.0,0.0,0.0,0.0,0.0,0.0,0.0,0.0,0.0,0.0,28.83,1100.0,28.84,600.0,28.87,5700.0,28.88,1000.0,28.93,900.0,0.0,0.0,0.0,0.0,0.0,0.0,0.0,0.0,0.0,0.0,27.24,30.74,75100.0,289700.0,0.0
2021-11-30 10:13:36,300557.SZ,28.14,28.18,29.12,28.18,28.67,377000.0,10880823.0,1038.0,28.7,100.0,28.68,100.0,28.67,800.0,28.66,900.0,28.65,700.0,0.0,0.0,0.0,0.0,0.0,0.0,0.0,0.0,0.0,0.0,28.83,1100.0,28.84,600.0,28.87,5700.0,28.88,1000.0,28.93,900.0,0.0,0.0,0.0,0.0,0.0,0.0,0.0,0.0,0.0,0.0,27.24,30.74,75000.0,290000.0,0.0
2021-11-30 10:13:39,300557.SZ,28.14,28.18,29.12,28.18,28.67,377000.0,10880823.0,1038.0,28.7,100.0,28.68,100.0,28.67,800.0,28.66,900.0,28.65,700.0,0.0,0.0,0.0,0.0,0.0,0.0,0.0,0.0,0.0,0.0,28.83,1100.0,28.84,600.0,28.87,5700.0,28.88,1000.0,28.93,900.0,0.0,0.0,0.0,0.0,0.0,0.0,0.0,0.0,0.0,0.0,27.25,30.74,75700.0,290000.0,0.0
2021-11-30 10:13:42,300557.SZ,28.14,28.18,29.12,28.18,28.67,377000.0,10880823.0,1038.0,28.7,100.0,28.68,100.0,28.67,800.0,28.66,1100.0,28.65,700.0,0.0,0.0,0.0,0.0,0.0,0.0,0.0,0.0,0.0,0.0,28.83,1100.0,28.84,600.0,28.87,5700.0,28.88,1000.0,28.93,900.0,0.0,0.0,0.0,0.0,0.0,0.0,0.0,0.0,0.0,0.0,27.26,30.74,75900.0,290400.0,0.0
2021-11-30 10:13:45,300557.SZ,28.14,28.18,29.12,28.18,28.67,377000.0,10880823.0,1038.0,28.7,100.0,28.68,100.0,28.67,800.0,28.66,1100.0,28.65,700.0,0.0,0.0,0.0,0.0,0.0,0.0,0.0,0.0,0.0,0.0,28.82,1200.0,28.83,1100.0,28.84,600.0,28.87,5700.0,28.88,1000.0,0.0,0.0,0.0,0.0,0.0,0.0,0.0,0.0,0.0,0.0,27.26,30.73,75900.0,291600.0,0.0
2021-11-30 10:14:00,300557.SZ,28.14,28.18,29.12,28.18,28.82,377200.0,10886587.0,1039.0,28.7,100.0,28.68,100.0,28.67,800.0,28.66,1100.0,28.65,700.0,0.0,0.0,0.0,0.0,0.0,0.0,0.0,0.0,0.0,0.0,28.82,1000.0,28.83,1100.0,28.84,600.0,28.87,5700.0,28.88,1000.0,0.0,0.0,0.0,0.0,0.0,0.0,0.0,0.0,0.0,0.0,27.26,30.74,75900.0,289500.0,0.0
2021-11-30 10:14:09,300557.SZ,28.14,28.18,29.12,28.18,28.82,377200.0,10886587.0,1039.0,28.7,100.0,28.68,100.0,28.67,1000.0,28.66,1100.0,28.65,700.0,0.0,0.0,0.0,0.0,0.0,0.0,0.0,0.0,0.0,0.0,28.82,1000.0,28.83,1100.0,28.84,600.0,28.87,5700.0,28.88,1000.0,0.0,0.0,0.0,0.0,0.0,0.0,0.0,0.0,0.0,0.0,27.26,30.74,76100.0,289500.0,0.0
2021-11-30 10:14:12,300557.SZ,28.14,28.18,29.12,28.18,28.82,377200.0,10886587.0,1039.0,28.7,100.0,28.68,100.0,28.67,1000.0,28.66,1100.0,28.65,1300.0,0.0,0.0,0.0,0.0,0.0,0.0,0.0,0.0,0.0,0.0,28.82,1000.0,28.83,1100.0,28.84,600.0,28.87,5700.0,28.88,1000.0,0.0,0.0,0.0,0.0,0.0,0.0,0.0,0.0,0.0,0.0,27.27,30.74,76700.0,289500.0,0.0
2021-11-30 10:14:15,300557.SZ,28.14,28.18,29.12,28.18,28.82,377300.0,10889469.0,1040.0,28.7,100.0,28.68,100.0,28.67,1000.0,28.66,1100.0,28.65,1300.0,0.0,0.0,0.0,0.0,0.0,0.0,0.0,0.0,0.0,0.0,28.82,900.0,28.83,1100.0,28.84,600.0,28.87,5700.0,28.88,1000.0,0.0,0.0,0.0,0.0,0.0,0.0,0.0,0.0,0.0,0.0,27.27,30.74,76700.0,289400.0,0.0
2021-11-30 10:14:21,300557.SZ,28.14,28.18,29.12,28.18,28.82,377300.0,10889469.0,1040.0,28.7,300.0,28.68,100.0,28.67,1000.0,28.66,1100.0,28.65,1300.0,0.0,0.0,0.0,0.0,0.0,0.0,0.0,0.0,0.0,0.0,28.82,900.0,28.83,1100.0,28.84,600.0,28.87,5700.0,28.88,1000.0,0.0,0.0,0.0,0.0,0.0,0.0,0.0,0.0,0.0,0.0,27.28,30.74,76900.0,289400.0,0.0
2021-11-30 10:14:33,300557.SZ,28.14,28.18,29.12,28.18,28.82,377300.0,10889469.0,1040.0,28.7,300.0,28.68,100.0,28.67,1000.0,28.66,1100.0,28.65,1300.0,0.0,0.0,0.0,0.0,0.0,0.0,0.0,0.0,0.0,0.0,28.82,900.0,28.83,1100.0,28.84,600.0,28.87,5700.0,28.88,1100.0,0.0,0.0,0.0,0.0,0.0,0.0,0.0,0.0,0.0,0.0,27.28,30.74,77100.0,289500.0,0.0
2021-11-30 10:14:39,300557.SZ,28.14,28.18,29.12,28.18,28.82,377300.0,10889469.0,1040.0,28.7,300.0,28.68,100.0,28.67,1000.0,28.66,1100.0,28.65,1300.0,0.0,0.0,0.0,0.0,0.0,0.0,0.0,0.0,0.0,0.0,28.82,900.0,28.83,1100.0,28.84,600.0,28.87,5700.0,28.88,1100.0,0.0,0.0,0.0,0.0,0.0,0.0,0.0,0.0,0.0,0.0,27.28,30.74,77100.0,289900.0,0.0
2021-11-30 10:14:42,300557.SZ,28.14,28.18,29.12,28.18,28.82,377300.0,10889469.0,1040.0,28.7,300.0,28.68,100.0,28.67,1000.0,28.66,1100.0,28.65,1300.0,0.0,0.0,0.0,0.0,0.0,0.0,0.0,0.0,0.0,0.0,28.82,3900.0,28.83,1100.0,28.84,600.0,28.87,5700.0,28.88,1100.0,0.0,0.0,0.0,0.0,0.0,0.0,0.0,0.0,0.0,0.0,27.28,30.72,77100.0,292900.0,0.0
2021-11-30 10:14:51,300557.SZ,28.14,28.18,29.12,28.18,28.82,377300.0,10889469.0,1040.0,28.7,300.0,28.68,100.0,28.67,1000.0,28.66,1100.0,28.65,1300.0,0.0,0.0,0.0,0.0,0.0,0.0,0.0,0.0,0.0,0.0,28.81,300.0,28.82,3900.0,28.83,1100.0,28.84,600.0,28.87,5700.0,0.0,0.0,0.0,0.0,0.0,0.0,0.0,0.0,0.0,0.0,27.28,30.72,77100.0,293200.0,0.0
2021-11-30 10:14:57,300557.SZ,28.14,28.18,29.12,28.18,28.82,377300.0,10889469.0,1040.0,28.7,300.0,28.68,100.0,28.67,1000.0,28.66,1100.0,28.65,1300.0,0.0,0.0,0.0,0.0,0.0,0.0,0.0,0.0,0.0,0.0,28.81,300.0,28.82,3900.0,28.83,1100.0,28.84,300.0,28.87,5700.0,0.0,0.0,0.0,0.0,0.0,0.0,0.0,0.0,0.0,0.0,27.28,30.72,77100.0,292900.0,0.0
2021-11-30 10:15:00,300557.SZ,28.14,28.18,29.12,28.18,28.82,377300.0,10889469.0,1040.0,28.7,300.0,28.68,100.0,28.67,1000.0,28.66,1100.0,28.65,1300.0,0.0,0.0,0.0,0.0,0.0,0.0,0.0,0.0,0.0,0.0,28.81,300.0,28.82,3900.0,28.83,1100.0,28.84,300.0,28.87,700.0,0.0,0.0,0.0,0.0,0.0,0.0,0.0,0.0,0.0,0.0,27.28,30.75,77100.0,287900.0,0.0
2021-11-30 10:15:03,300557.SZ,28.14,28.18,29.12,28.18,28.82,377300.0,10889469.0,1040.0,28.7,300.0,28.68,500.0,28.67,1000.0,28.66,1100.0,28.65,1300.0,0.0,0.0,0.0,0.0,0.0,0.0,0.0,0.0,0.0,0.0,28.81,300.0,28.82,3900.0,28.83,1100.0,28.84,300.0,28.87,700.0,0.0,0.0,0.0,0.0,0.0,0.0,0.0,0.0,0.0,0.0,27.29,30.75,77500.0,288100.0,0.0
2021-11-30 10:15:06,300557.SZ,28.14,28.18,29.12,28.18,28.82,377300.0,10889469.0,1040.0,28.7,300.0,28.68,500.0,28.67,1000.0,28.66,1100.0,28.65,1300.0,0.0,0.0,0.0,0.0,0.0,0.0,0.0,0.0,0.0,0.0,28.81,1800.0,28.82,3900.0,28.83,1100.0,28.84,300.0,28.87,700.0,0.0,0.0,0.0,0.0,0.0,0.0,0.0,0.0,0.0,0.0,27.29,30.74,77500.0,289600.0,0.0
2021-11-30 10:15:30,300557.SZ,28.14,28.18,29.12,28.18,28.82,377300.0,10889469.0,1040.0,28.7,100.0,28.68,500.0,28.67,1000.0,28.66,1100.0,28.65,1300.0,0.0,0.0,0.0,0.0,0.0,0.0,0.0,0.0,0.0,0.0,28.79,100.0,28.8,5300.0,28.81,1800.0,28.82,3900.0,28.83,1100.0,0.0,0.0,0.0,0.0,0.0,0.0,0.0,0.0,0.0,0.0,27.28,30.71,77300.0,295000.0,0.0
2021-11-30 10:15:33,300557.SZ,28.14,28.18,29.12,28.18,28.82,377300.0,10889469.0,1040.0,28.7,100.0,28.68,500.0,28.67,1000.0,28.66,1100.0,28.65,1300.0,0.0,0.0,0.0,0.0,0.0,0.0,0.0,0.0,0.0,0.0,28.79,100.0,28.8,5300.0,28.81,300.0,28.82,3900.0,28.83,1100.0,0.0,0.0,0.0,0.0,0.0,0.0,0.0,0.0,0.0,0.0,27.28,30.71,77300.0,294000.0,0.0
2021-11-30 10:15:36,300557.SZ,28.14,28.18,29.12,28.18,28.82,377300.0,10889469.0,1040.0,28.7,100.0,28.68,500.0,28.67,1000.0,28.66,1100.0,28.65,1300.0,0.0,0.0,0.0,0.0,0.0,0.0,0.0,0.0,0.0,0.0,28.78,100.0,28.79,1600.0,28.8,5300.0,28.81,300.0,28.82,3900.0,0.0,0.0,0.0,0.0,0.0,0.0,0.0,0.0,0.0,0.0,27.28,30.7,77300.0,295600.0,0.0
2021-11-30 10:15:39,300557.SZ,28.14,28.18,29.12,28.18,28.82,377300.0,10889469.0,1040.0,28.7,100.0,28.68,500.0,28.67,1000.0,28.66,1100.0,28.65,1300.0,0.0,0.0,0.0,0.0,0.0,0.0,0.0,0.0,0.0,0.0,28.78,100.0,28.79,100.0,28.8,5300.0,28.81,300.0,28.82,3900.0,0.0,0.0,0.0,0.0,0.0,0.0,0.0,0.0,0.0,0.0,27.28,30.71,77300.0,294100.0,0.0
2021-11-30 10:15:42,300557.SZ,28.14,28.18,29.12,28.18,28.82,377300.0,10889469.0,1040.0,28.7,100.0,28.68,500.0,28.67,1000.0,28.66,1100.0,28.65,1300.0,0.0,0.0,0.0,0.0,0.0,0.0,0.0,0.0,0.0,0.0,28.78,1600.0,28.79,100.0,28.8,5300.0,28.81,300.0,28.82,3900.0,0.0,0.0,0.0,0.0,0.0,0.0,0.0,0.0,0.0,0.0,27.28,30.7,77300.0,295600.0,0.0
2021-11-30 10:15:45,300557.SZ,28.14,28.18,29.12,28.18,28.8,382300.0,11033436.0,1045.0,28.7,100.0,28.68,500.0,28.67,1000.0,28.66,1100.0,28.65,1300.0,0.0,0.0,0.0,0.0,0.0,0.0,0.0,0.0,0.0,0.0,28.8,2000.0,28.81,300.0,28.82,3900.0,28.83,1100.0,28.84,300.0,0.0,0.0,0.0,0.0,0.0,0.0,0.0,0.0,0.0,0.0,27.28,30.74,77300.0,290600.0,0.0
2021-11-30 10:15:48,300557.SZ,28.14,28.18,29.12,28.18,28.8,382300.0,11033436.0,1045.0,28.71,500.0,28.7,100.0,28.68,500.0,28.67,1000.0,28.66,1100.0,0.0,0.0,0.0,0.0,0.0,0.0,0.0,0.0,0.0,0.0,28.8,2000.0,28.81,300.0,28.82,3900.0,28.83,1100.0,28.84,300.0,0.0,0.0,0.0,0.0,0.0,0.0,0.0,0.0,0.0,0.0,27.29,30.74,77800.0,290600.0,0.0
2021-11-30 10:15:54,300557.SZ,28.14,28.18,29.12,28.18,28.71,382700.0,11044920.0,1046.0,28.71,100.0,28.7,100.0,28.68,500.0,28.67,1000.0,28.66,1100.0,0.0,0.0,0.0,0.0,0.0,0.0,0.0,0.0,0.0,0.0,28.8,2000.0,28.81,300.0,28.82,3900.0,28.83,1100.0,28.84,300.0,0.0,0.0,0.0,0.0,0.0,0.0,0.0,0.0,0.0,0.0,27.28,30.74,77400.0,290600.0,0.0
2021-11-30 10:16:03,300557.SZ,28.14,28.18,29.12,28.18,28.71,382700.0,11044920.0,1046.0,28.71,100.0,28.7,100.0,28.68,500.0,28.67,1000.0,28.66,1100.0,0.0,0.0,0.0,0.0,0.0,0.0,0.0,0.0,0.0,0.0,28.8,2000.0,28.82,3900.0,28.83,1100.0,28.84,300.0,28.87,700.0,0.0,0.0,0.0,0.0,0.0,0.0,0.0,0.0,0.0,0.0,27.28,30.74,77400.0,290300.0,0.0
2021-11-30 10:16:18,300557.SZ,28.14,28.18,29.12,28.18,28.71,382700.0,11044920.0,1046.0,28.71,100.0,28.7,100.0,28.68,500.0,28.67,1000.0,28.66,1100.0,0.0,0.0,0.0,0.0,0.0,0.0,0.0,0.0,0.0,0.0,28.8,2000.0,28.82,3900.0,28.83,1100.0,28.84,300.0,28.87,700.0,0.0,0.0,0.0,0.0,0.0,0.0,0.0,0.0,0.0,0.0,27.29,30.74,77600.0,290300.0,0.0
2021-11-30 10:16:21,300557.SZ,28.14,28.18,29.12,28.18,28.71,382700.0,11044920.0,1046.0,28.71,300.0,28.7,100.0,28.68,500.0,28.67,1000.0,28.66,1100.0,0.0,0.0,0.0,0.0,0.0,0.0,0.0,0.0,0.0,0.0,28.8,2000.0,28.82,3900.0,28.83,1100.0,28.84,300.0,28.87,700.0,0.0,0.0,0.0,0.0,0.0,0.0,0.0,0.0,0.0,0.0,27.29,30.74,77800.0,290300.0,0.0
2021-11-30 10:16:27,300557.SZ,28.14,28.18,29.12,28.18,28.71,382700.0,11044920.0,1046.0,28.71,700.0,28.7,100.0,28.68,500.0,28.67,1000.0,28.66,900.0,0.0,0.0,0.0,0.0,0.0,0.0,0.0,0.0,0.0,0.0,28.8,2000.0,28.82,3900.0,28.83,1100.0,28.84,300.0,28.87,700.0,0.0,0.0,0.0,0.0,0.0,0.0,0.0,0.0,0.0,0.0,27.29,30.74,78000.0,290300.0,0.0
2021-11-30 10:16:36,300557.SZ,28.14,28.18,29.12,28.18,28.71,382700.0,11044920.0,1046.0,28.71,700.0,28.7,100.0,28.68,500.0,28.67,1000.0,28.66,900.0,0.0,0.0,0.0,0.0,0.0,0.0,0.0,0.0,0.0,0.0,28.79,400.0,28.8,2000.0,28.82,3900.0,28.83,1100.0,28.84,300.0,0.0,0.0,0.0,0.0,0.0,0.0,0.0,0.0,0.0,0.0,27.29,30.74,78000.0,290700.0,0.0
2021-11-30 10:16:48,300557.SZ,28.14,28.18,29.12,28.18,28.79,383000.0,11053557.0,1047.0,28.71,700.0,28.7,100.0,28.68,500.0,28.67,1000.0,28.66,900.0,0.0,0.0,0.0,0.0,0.0,0.0,0.0,0.0,0.0,0.0,28.79,100.0,28.8,2000.0,28.82,3900.0,28.83,1100.0,28.84,300.0,0.0,0.0,0.0,0.0,0.0,0.0,0.0,0.0,0.0,0.0,27.29,30.74,78000.0,290400.0,0.0
2021-11-30 10:17:06,300557.SZ,28.14,28.18,29.12,28.18,28.79,383000.0,11053557.0,1047.0,28.71,1300.0,28.7,100.0,28.68,500.0,28.67,1000.0,28.66,900.0,0.0,0.0,0.0,0.0,0.0,0.0,0.0,0.0,0.0,0.0,28.79,100.0,28.8,2000.0,28.82,3900.0,28.83,1100.0,28.84,300.0,0.0,0.0,0.0,0.0,0.0,0.0,0.0,0.0,0.0,0.0,27.3,30.74,78600.0,290400.0,0.0
2021-11-30 10:17:12,300557.SZ,28.14,28.18,29.12,28.18,28.79,383000.0,11053557.0,1047.0,28.71,1300.0,28.7,100.0,28.68,500.0,28.67,1000.0,28.66,900.0,0.0,0.0,0.0,0.0,0.0,0.0,0.0,0.0,0.0,0.0,28.79,400.0,28.8,2000.0,28.82,3900.0,28.83,1100.0,28.84,300.0,0.0,0.0,0.0,0.0,0.0,0.0,0.0,0.0,0.0,0.0,27.3,30.74,78600.0,290700.0,0.0
2021-11-30 10:17:24,300557.SZ,28.14,28.18,29.12,28.18,28.79,383000.0,11053557.0,1047.0,28.71,1300.0,28.7,100.0,28.68,500.0,28.67,1000.0,28.66,100.0,0.0,0.0,0.0,0.0,0.0,0.0,0.0,0.0,0.0,0.0,28.79,400.0,28.8,2000.0,28.82,3900.0,28.83,1100.0,28.84,300.0,0.0,0.0,0.0,0.0,0.0,0.0,0.0,0.0,0.0,0.0,27.29,30.74,77800.0,290700.0,0.0
2021-11-30 10:17:30,300557.SZ,28.14,28.18,29.12,28.18,28.79,383000.0,11053557.0,1047.0,28.71,1300.0,28.7,100.0,28.68,500.0,28.67,1000.0,28.66,100.0,0.0,0.0,0.0,0.0,0.0,0.0,0.0,0.0,0.0,0.0,28.79,400.0,28.8,2000.0,28.82,3900.0,28.83,1100.0,28.84,300.0,0.0,0.0,0.0,0.0,0.0,0.0,0.0,0.0,0.0,0.0,27.29,30.73,77800.0,290800.0,0.0
2021-11-30 10:17:51,300557.SZ,28.14,28.18,29.12,28.18,28.79,383000.0,11053557.0,1047.0,28.75,100.0,28.71,1300.0,28.7,100.0,28.68,500.0,28.67,1000.0,0.0,0.0,0.0,0.0,0.0,0.0,0.0,0.0,0.0,0.0,28.79,400.0,28.8,2000.0,28.82,3900.0,28.83,1100.0,28.84,300.0,0.0,0.0,0.0,0.0,0.0,0.0,0.0,0.0,0.0,0.0,27.29,30.73,77900.0,290800.0,0.0
2021-11-30 10:17:54,300557.SZ,28.14,28.18,29.12,28.18,28.75,383100.0,11056432.0,1048.0,28.71,1300.0,28.7,100.0,28.68,500.0,28.67,1000.0,28.66,100.0,0.0,0.0,0.0,0.0,0.0,0.0,0.0,0.0,0.0,0.0,28.79,400.0,28.8,2000.0,28.82,3900.0,28.83,1100.0,28.84,300.0,0.0,0.0,0.0,0.0,0.0,0.0,0.0,0.0,0.0,0.0,27.29,30.73,77800.0,290800.0,0.0
2021-11-30 10:17:57,300557.SZ,28.14,28.18,29.12,28.18,28.75,383100.0,11056432.0,1048.0,28.71,1300.0,28.7,200.0,28.68,500.0,28.67,1000.0,28.66,100.0,0.0,0.0,0.0,0.0,0.0,0.0,0.0,0.0,0.0,0.0,28.79,400.0,28.8,2000.0,28.82,3900.0,28.83,1100.0,28.84,300.0,0.0,0.0,0.0,0.0,0.0,0.0,0.0,0.0,0.0,0.0,27.29,30.73,77800.0,290800.0,0.0
2021-11-30 10:18:00,300557.SZ,28.14,28.18,29.12,28.18,28.71,383400.0,11065045.0,1050.0,28.71,1000.0,28.7,200.0,28.68,500.0,28.67,500.0,28.66,100.0,0.0,0.0,0.0,0.0,0.0,0.0,0.0,0.0,0.0,0.0,28.79,400.0,28.8,2000.0,28.82,3900.0,28.83,1100.0,28.84,300.0,0.0,0.0,0.0,0.0,0.0,0.0,0.0,0.0,0.0,0.0,27.27,30.73,76900.0,290800.0,0.0
2021-11-30 10:18:03,300557.SZ,28.14,28.18,29.12,28.18,28.71,383400.0,11065045.0,1050.0,28.71,1000.0,28.7,200.0,28.68,500.0,28.67,500.0,28.66,100.0,0.0,0.0,0.0,0.0,0.0,0.0,0.0,0.0,0.0,0.0,28.79,400.0,28.8,2000.0,28.82,3900.0,28.83,1100.0,28.84,300.0,0.0,0.0,0.0,0.0,0.0,0.0,0.0,0.0,0.0,0.0,27.28,30.73,77000.0,290800.0,0.0
2021-11-30 10:18:06,300557.SZ,28.14,28.18,29.12,28.18,28.71,383400.0,11065045.0,1050.0,28.71,1000.0,28.7,200.0,28.68,500.0,28.67,500.0,28.66,100.0,0.0,0.0,0.0,0.0,0.0,0.0,0.0,0.0,0.0,0.0,28.79,600.0,28.8,2000.0,28.82,3900.0,28.83,1100.0,28.84,300.0,0.0,0.0,0.0,0.0,0.0,0.0,0.0,0.0,0.0,0.0,27.28,30.73,77000.0,291000.0,0.0
2021-11-30 10:18:09,300557.SZ,28.14,28.18,29.12,28.18,28.71,383400.0,11065045.0,1050.0,28.71,1200.0,28.7,200.0,28.68,500.0,28.67,500.0,28.66,100.0,0.0,0.0,0.0,0.0,0.0,0.0,0.0,0.0,0.0,0.0,28.79,600.0,28.8,2000.0,28.82,3900.0,28.83,1100.0,28.84,300.0,0.0,0.0,0.0,0.0,0.0,0.0,0.0,0.0,0.0,0.0,27.28,30.74,77100.0,290500.0,0.0
2021-11-30 10:18:12,300557.SZ,28.14,28.18,29.12,28.18,28.71,383400.0,11065045.0,1050.0,28.71,1200.0,28.7,200.0,28.68,500.0,28.67,500.0,28.66,100.0,0.0,0.0,0.0,0.0,0.0,0.0,0.0,0.0,0.0,0.0,28.79,600.0,28.8,2000.0,28.82,3900.0,28.83,1100.0,28.84,300.0,0.0,0.0,0.0,0.0,0.0,0.0,0.0,0.0,0.0,0.0,27.28,30.74,77200.0,290500.0,0.0
2021-11-30 10:18:15,300557.SZ,28.14,28.18,29.12,28.18,28.71,383400.0,11065045.0,1050.0,28.71,1200.0,28.7,200.0,28.68,500.0,28.67,500.0,28.66,100.0,0.0,0.0,0.0,0.0,0.0,0.0,0.0,0.0,0.0,0.0,28.79,600.0,28.8,2000.0,28.82,3900.0,28.83,1100.0,28.84,300.0,0.0,0.0,0.0,0.0,0.0,0.0,0.0,0.0,0.0,0.0,27.28,30.74,77300.0,290500.0,0.0
2021-11-30 10:18:18,300557.SZ,28.14,28.18,29.12,28.18,28.71,384600.0,11099497.0,1053.0,28.7,200.0,28.68,500.0,28.67,500.0,28.66,100.0,28.65,1200.0,0.0,0.0,0.0,0.0,0.0,0.0,0.0,0.0,0.0,0.0,28.71,800.0,28.79,600.0,28.8,2000.0,28.82,3900.0,28.83,1100.0,0.0,0.0,0.0,0.0,0.0,0.0,0.0,0.0,0.0,0.0,27.26,30.73,76100.0,291300.0,0.0
2021-11-30 10:18:21,300557.SZ,28.14,28.18,29.12,28.18,28.71,384600.0,11099497.0,1053.0,28.7,200.0,28.68,500.0,28.67,500.0,28.66,100.0,28.65,1200.0,0.0,0.0,0.0,0.0,0.0,0.0,0.0,0.0,0.0,0.0,28.71,800.0,28.79,600.0,28.8,2000.0,28.82,3900.0,28.83,1100.0,0.0,0.0,0.0,0.0,0.0,0.0,0.0,0.0,0.0,0.0,27.26,30.73,76200.0,291300.0,0.0
2021-11-30 10:18:24,300557.SZ,28.14,28.18,29.12,28.18,28.71,384600.0,11099497.0,1053.0,28.7,200.0,28.68,500.0,28.67,500.0,28.66,100.0,28.65,1200.0,0.0,0.0,0.0,0.0,0.0,0.0,0.0,0.0,0.0,0.0,28.71,800.0,28.79,600.0,28.8,2000.0,28.82,3900.0,28.83,1100.0,0.0,0.0,0.0,0.0,0.0,0.0,0.0,0.0,0.0,0.0,27.26,30.73,76300.0,291300.0,0.0
2021-11-30 10:18:27,300557.SZ,28.14,28.18,29.12,28.18,28.71,385000.0,11110981.0,1057.0,28.7,200.0,28.68,500.0,28.67,500.0,28.66,100.0,28.65,1200.0,0.0,0.0,0.0,0.0,0.0,0.0,0.0,0.0,0.0,0.0,28.71,400.0,28.79,600.0,28.8,2000.0,28.82,3900.0,28.83,1100.0,0.0,0.0,0.0,0.0,0.0,0.0,0.0,0.0,0.0,0.0,27.26,30.73,76400.0,290900.0,0.0
2021-11-30 10:18:30,300557.SZ,28.14,28.18,29.12,28.18,28.71,385200.0,11116723.0,1058.0,28.7,200.0,28.68,700.0,28.67,500.0,28.66,100.0,28.65,1200.0,0.0,0.0,0.0,0.0,0.0,0.0,0.0,0.0,0.0,0.0,28.71,200.0,28.79,600.0,28.8,2000.0,28.82,3900.0,28.83,1100.0,0.0,0.0,0.0,0.0,0.0,0.0,0.0,0.0,0.0,0.0,27.27,30.74,76600.0,290700.0,0.0
2021-11-30 10:18:33,300557.SZ,28.14,28.18,29.12,28.18,28.71,385200.0,11116723.0,1058.0,28.7,200.0,28.68,800.0,28.67,500.0,28.66,100.0,28.65,1200.0,0.0,0.0,0.0,0.0,0.0,0.0,0.0,0.0,0.0,0.0,28.71,200.0,28.79,600.0,28.8,2000.0,28.82,3900.0,28.83,1100.0,0.0,0.0,0.0,0.0,0.0,0.0,0.0,0.0,0.0,0.0,27.27,30.74,76800.0,290700.0,0.0
2021-11-30 10:18:36,300557.SZ,28.14,28.18,29.12,28.18,28.71,385300.0,11119594.0,1059.0,28.7,200.0,28.68,800.0,28.67,500.0,28.66,100.0,28.65,1200.0,0.0,0.0,0.0,0.0,0.0,0.0,0.0,0.0,0.0,0.0,28.71,100.0,28.79,600.0,28.8,2000.0,28.82,3900.0,28.83,1100.0,0.0,0.0,0.0,0.0,0.0,0.0,0.0,0.0,0.0,0.0,27.27,30.74,76900.0,290600.0,0.0
2021-11-30 10:18:39,300557.SZ,28.14,28.18,29.12,28.18,28.68,385800.0,11133938.0,1063.0,28.68,500.0,28.67,500.0,28.66,100.0,28.65,1200.0,28.61,1000.0,0.0,0.0,0.0,0.0,0.0,0.0,0.0,0.0,0.0,0.0,28.71,100.0,28.79,600.0,28.8,2000.0,28.82,3900.0,28.83,1100.0,0.0,0.0,0.0,0.0,0.0,0.0,0.0,0.0,0.0,0.0,27.26,30.74,76500.0,290600.0,0.0
2021-11-30 10:18:45,300557.SZ,28.14,28.18,29.12,28.18,28.68,385800.0,11133938.0,1063.0,28.68,500.0,28.67,500.0,28.66,100.0,28.65,1200.0,28.61,1000.0,0.0,0.0,0.0,0.0,0.0,0.0,0.0,0.0,0.0,0.0,28.71,100.0,28.79,600.0,28.8,2000.0,28.82,3900.0,28.83,1100.0,0.0,0.0,0.0,0.0,0.0,0.0,0.0,0.0,0.0,0.0,27.27,30.74,76600.0,290600.0,0.0
2021-11-30 10:18:48,300557.SZ,28.14,28.18,29.12,28.18,28.68,385800.0,11133938.0,1063.0,28.68,500.0,28.67,500.0,28.66,100.0,28.65,1200.0,28.61,1000.0,0.0,0.0,0.0,0.0,0.0,0.0,0.0,0.0,0.0,0.0,28.71,100.0,28.79,600.0,28.8,2000.0,28.82,3900.0,28.83,1100.0,0.0,0.0,0.0,0.0,0.0,0.0,0.0,0.0,0.0,0.0,27.27,30.74,76700.0,290600.0,0.0
2021-11-30 10:18:51,300557.SZ,28.14,28.18,29.12,28.18,28.68,385800.0,11133938.0,1063.0,28.68,500.0,28.67,500.0,28.66,100.0,28.65,1200.0,28.61,1000.0,0.0,0.0,0.0,0.0,0.0,0.0,0.0,0.0,0.0,0.0,28.71,100.0,28.79,600.0,28.8,2000.0,28.82,3900.0,28.83,1100.0,0.0,0.0,0.0,0.0,0.0,0.0,0.0,0.0,0.0,0.0,27.27,30.74,76800.0,290600.0,0.0
2021-11-30 10:18:57,300557.SZ,28.14,28.18,29.12,28.18,28.68,385800.0,11133938.0,1063.0,28.68,500.0,28.67,500.0,28.66,100.0,28.65,1200.0,28.61,1000.0,0.0,0.0,0.0,0.0,0.0,0.0,0.0,0.0,0.0,0.0,28.71,100.0,28.79,600.0,28.8,2000.0,28.82,3900.0,28.83,1100.0,0.0,0.0,0.0,0.0,0.0,0.0,0.0,0.0,0.0,0.0,27.27,30.74,76900.0,290600.0,0.0
2021-11-30 10:19:03,300557.SZ,28.14,28.18,29.12,28.18,28.68,386400.0,11151149.0,1067.0,28.67,500.0,28.66,100.0,28.65,1200.0,28.61,1000.0,28.6,500.0,0.0,0.0,0.0,0.0,0.0,0.0,0.0,0.0,0.0,0.0,28.68,800.0,28.71,100.0,28.79,600.0,28.8,2000.0,28.82,3900.0,0.0,0.0,0.0,0.0,0.0,0.0,0.0,0.0,0.0,0.0,27.26,30.73,76500.0,291400.0,0.0
2021-11-30 10:19:06,300557.SZ,28.14,28.18,29.12,28.18,28.68,386400.0,11151149.0,1067.0,28.67,500.0,28.66,100.0,28.65,1200.0,28.61,1000.0,28.6,500.0,0.0,0.0,0.0,0.0,0.0,0.0,0.0,0.0,0.0,0.0,28.68,800.0,28.71,100.0,28.79,600.0,28.8,2000.0,28.82,3900.0,0.0,0.0,0.0,0.0,0.0,0.0,0.0,0.0,0.0,0.0,27.26,30.73,76600.0,291400.0,0.0
2021-11-30 10:19:12,300557.SZ,28.14,28.18,29.12,28.18,28.68,386500.0,11154017.0,1068.0,28.67,500.0,28.66,100.0,28.65,1200.0,28.61,1000.0,28.6,500.0,0.0,0.0,0.0,0.0,0.0,0.0,0.0,0.0,0.0,0.0,28.68,700.0,28.71,100.0,28.79,600.0,28.8,2000.0,28.82,3900.0,0.0,0.0,0.0,0.0,0.0,0.0,0.0,0.0,0.0,0.0,27.26,30.73,76700.0,291300.0,0.0
2021-11-30 10:19:18,300557.SZ,28.14,28.18,29.12,28.18,28.68,386500.0,11154017.0,1068.0,28.67,500.0,28.66,100.0,28.65,1200.0,28.61,1000.0,28.6,500.0,0.0,0.0,0.0,0.0,0.0,0.0,0.0,0.0,0.0,0.0,28.68,700.0,28.71,100.0,28.79,600.0,28.8,2000.0,28.82,3900.0,0.0,0.0,0.0,0.0,0.0,0.0,0.0,0.0,0.0,0.0,27.26,30.73,76800.0,291300.0,0.0
2021-11-30 10:19:21,300557.SZ,28.14,28.18,29.12,28.18,28.68,387100.0,11171225.0,1069.0,28.67,500.0,28.66,100.0,28.65,1200.0,28.61,1000.0,28.6,500.0,0.0,0.0,0.0,0.0,0.0,0.0,0.0,0.0,0.0,0.0,28.68,100.0,28.71,100.0,28.78,4700.0,28.79,600.0,28.8,2000.0,0.0,0.0,0.0,0.0,0.0,0.0,0.0,0.0,0.0,0.0,27.26,30.7,76800.0,295400.0,0.0
2021-11-30 10:19:24,300557.SZ,28.14,28.18,29.12,28.18,28.68,387200.0,11174093.0,1070.0,28.68,500.0,28.67,500.0,28.66,100.0,28.65,1200.0,28.61,1000.0,0.0,0.0,0.0,0.0,0.0,0.0,0.0,0.0,0.0,0.0,28.71,100.0,28.79,600.0,28.8,2000.0,28.82,3900.0,28.83,1100.0,0.0,0.0,0.0,0.0,0.0,0.0,0.0,0.0,0.0,0.0,27.27,30.74,77300.0,290600.0,0.0
2021-11-30 10:19:27,300557.SZ,28.14,28.18,29.12,28.18,28.68,387200.0,11174093.0,1070.0,28.68,500.0,28.67,500.0,28.66,100.0,28.65,1200.0,28.61,1000.0,0.0,0.0,0.0,0.0,0.0,0.0,0.0,0.0,0.0,0.0,28.71,100.0,28.79,600.0,28.8,2000.0,28.82,3900.0,28.83,1100.0,0.0,0.0,0.0,0.0,0.0,0.0,0.0,0.0,0.0,0.0,27.27,30.74,77400.0,290600.0,0.0
2021-11-30 10:19:30,300557.SZ,28.14,28.18,29.12,28.18,28.68,387200.0,11174093.0,1070.0,28.68,500.0,28.67,500.0,28.66,100.0,28.65,1200.0,28.61,1000.0,0.0,0.0,0.0,0.0,0.0,0.0,0.0,0.0,0.0,0.0,28.71,100.0,28.79,600.0,28.82,3900.0,28.83,1100.0,28.84,300.0,0.0,0.0,0.0,0.0,0.0,0.0,0.0,0.0,0.0,0.0,27.27,30.75,77500.0,288600.0,0.0
2021-11-30 10:19:36,300557.SZ,28.14,28.18,29.12,28.18,28.68,387300.0,11176961.0,1071.0,28.68,400.0,28.67,500.0,28.66,100.0,28.65,1200.0,28.61,1000.0,0.0,0.0,0.0,0.0,0.0,0.0,0.0,0.0,0.0,0.0,28.79,600.0,28.82,3900.0,28.83,1100.0,28.84,300.0,28.87,700.0,0.0,0.0,0.0,0.0,0.0,0.0,0.0,0.0,0.0,0.0,27.27,30.75,77500.0,288500.0,0.0
2021-11-30 10:19:39,300557.SZ,28.14,28.18,29.12,28.18,28.68,387300.0,11176961.0,1071.0,28.68,400.0,28.67,500.0,28.66,100.0,28.65,1200.0,28.61,1000.0,0.0,0.0,0.0,0.0,0.0,0.0,0.0,0.0,0.0,0.0,28.79,600.0,28.82,3900.0,28.83,1100.0,28.84,300.0,28.87,700.0,0.0,0.0,0.0,0.0,0.0,0.0,0.0,0.0,0.0,0.0,27.27,30.75,77600.0,288500.0,0.0
2021-11-30 10:19:45,300557.SZ,28.14,28.18,29.12,28.18,28.68,387300.0,11176961.0,1071.0,28.68,400.0,28.67,500.0,28.66,100.0,28.65,1200.0,28.61,1000.0,0.0,0.0,0.0,0.0,0.0,0.0,0.0,0.0,0.0,0.0,28.78,2500.0,28.79,600.0,28.82,3900.0,28.83,1100.0,28.84,300.0,0.0,0.0,0.0,0.0,0.0,0.0,0.0,0.0,0.0,0.0,27.27,30.73,77700.0,291000.0,0.0
2021-11-30 10:19:48,300557.SZ,28.14,28.18,29.12,28.18,28.68,387300.0,11176961.0,1071.0,28.68,400.0,28.67,500.0,28.66,100.0,28.65,1200.0,28.61,1000.0,0.0,0.0,0.0,0.0,0.0,0.0,0.0,0.0,0.0,0.0,28.78,2500.0,28.79,600.0,28.82,3900.0,28.83,1100.0,28.84,300.0,0.0,0.0,0.0,0.0,0.0,0.0,0.0,0.0,0.0,0.0,27.27,30.73,77800.0,291000.0,0.0
2021-11-30 10:19:51,300557.SZ,28.14,28.18,29.12,28.18,28.68,387300.0,11176961.0,1071.0,28.68,900.0,28.67,500.0,28.66,100.0,28.65,1200.0,28.61,1000.0,0.0,0.0,0.0,0.0,0.0,0.0,0.0,0.0,0.0,0.0,28.78,2500.0,28.79,600.0,28.82,3900.0,28.83,1100.0,28.84,300.0,0.0,0.0,0.0,0.0,0.0,0.0,0.0,0.0,0.0,0.0,27.28,30.73,78300.0,291000.0,0.0
2021-11-30 10:19:54,300557.SZ,28.14,28.18,29.12,28.18,28.68,387300.0,11176961.0,1071.0,28.68,900.0,28.67,500.0,28.66,100.0,28.65,1200.0,28.61,1000.0,0.0,0.0,0.0,0.0,0.0,0.0,0.0,0.0,0.0,0.0,28.77,2000.0,28.78,2500.0,28.79,600.0,28.82,3900.0,28.83,1100.0,0.0,0.0,0.0,0.0,0.0,0.0,0.0,0.0,0.0,0.0,27.28,30.72,78300.0,293000.0,0.0
2021-11-30 10:19:57,300557.SZ,28.14,28.18,29.12,28.18,28.68,387300.0,11176961.0,1071.0,28.68,900.0,28.67,500.0,28.66,100.0,28.65,1200.0,28.61,1000.0,0.0,0.0,0.0,0.0,0.0,0.0,0.0,0.0,0.0,0.0,28.77,2000.0,28.78,2500.0,28.79,600.0,28.82,3900.0,28.83,1100.0,0.0,0.0,0.0,0.0,0.0,0.0,0.0,0.0,0.0,0.0,27.28,30.72,78400.0,293000.0,0.0
2021-11-30 10:20:00,300557.SZ,28.14,28.18,29.12,28.18,28.68,387300.0,11176961.0,1071.0,28.68,900.0,28.67,500.0,28.66,100.0,28.65,1200.0,28.61,1000.0,0.0,0.0,0.0,0.0,0.0,0.0,0.0,0.0,0.0,0.0,28.77,2000.0,28.78,2500.0,28.79,600.0,28.82,3900.0,28.83,1100.0,0.0,0.0,0.0,0.0,0.0,0.0,0.0,0.0,0.0,0.0,27.28,30.72,78500.0,293000.0,0.0
2021-11-30 10:20:06,300557.SZ,28.14,28.18,29.12,28.18,28.68,387300.0,11176961.0,1071.0,28.68,900.0,28.67,300.0,28.66,100.0,28.65,1200.0,28.61,1000.0,0.0,0.0,0.0,0.0,0.0,0.0,0.0,0.0,0.0,0.0,28.77,2000.0,28.78,2500.0,28.79,600.0,28.82,3900.0,28.83,1100.0,0.0,0.0,0.0,0.0,0.0,0.0,0.0,0.0,0.0,0.0,27.28,30.72,78400.0,293000.0,0.0
2021-11-30 10:20:12,300557.SZ,28.14,28.18,29.12,28.18,28.68,387300.0,11176961.0,1071.0,28.68,900.0,28.67,300.0,28.66,100.0,28.65,1200.0,28.61,1000.0,0.0,0.0,0.0,0.0,0.0,0.0,0.0,0.0,0.0,0.0,28.77,2000.0,28.78,2500.0,28.79,600.0,28.82,3900.0,28.83,1100.0,0.0,0.0,0.0,0.0,0.0,0.0,0.0,0.0,0.0,0.0,27.28,30.72,78500.0,293100.0,0.0
2021-11-30 10:20:18,300557.SZ,28.14,28.18,29.12,28.18,28.68,387300.0,11176961.0,1071.0,28.68,900.0,28.67,300.0,28.66,100.0,28.65,1200.0,28.61,1000.0,0.0,0.0,0.0,0.0,0.0,0.0,0.0,0.0,0.0,0.0,28.77,2000.0,28.78,2500.0,28.79,600.0,28.82,3900.0,28.83,1100.0,0.0,0.0,0.0,0.0,0.0,0.0,0.0,0.0,0.0,0.0,27.28,30.72,78600.0,293100.0,0.0
2021-11-30 10:20:21,300557.SZ,28.14,28.18,29.12,28.18,28.68,387300.0,11176961.0,1071.0,28.68,900.0,28.67,300.0,28.66,100.0,28.65,1200.0,28.61,1000.0,0.0,0.0,0.0,0.0,0.0,0.0,0.0,0.0,0.0,0.0,28.77,2000.0,28.78,2500.0,28.79,600.0,28.82,3900.0,28.83,1100.0,0.0,0.0,0.0,0.0,0.0,0.0,0.0,0.0,0.0,0.0,27.28,30.72,78700.0,293100.0,0.0
2021-11-30 10:20:24,300557.SZ,28.14,28.18,29.12,28.18,28.77,387600.0,11185592.0,1072.0,28.68,900.0,28.67,300.0,28.66,100.0,28.65,1200.0,28.61,1000.0,0.0,0.0,0.0,0.0,0.0,0.0,0.0,0.0,0.0,0.0,28.77,1700.0,28.78,2500.0,28.79,600.0,28.82,3900.0,28.83,1100.0,0.0,0.0,0.0,0.0,0.0,0.0,0.0,0.0,0.0,0.0,27.28,30.72,78900.0,292800.0,0.0
2021-11-30 10:20:27,300557.SZ,28.14,28.18,29.12,28.18,28.77,387600.0,11185592.0,1072.0,28.73,100.0,28.72,2000.0,28.68,900.0,28.67,300.0,28.66,100.0,0.0,0.0,0.0,0.0,0.0,0.0,0.0,0.0,0.0,0.0,28.77,1700.0,28.78,2500.0,28.79,600.0,28.82,3900.0,28.83,1100.0,0.0,0.0,0.0,0.0,0.0,0.0,0.0,0.0,0.0,0.0,27.32,30.72,81100.0,292800.0,0.0
2021-11-30 10:20:33,300557.SZ,28.14,28.18,29.12,28.18,28.77,387600.0,11185592.0,1072.0,28.73,100.0,28.72,2000.0,28.68,900.0,28.67,300.0,28.66,100.0,0.0,0.0,0.0,0.0,0.0,0.0,0.0,0.0,0.0,0.0,28.77,1700.0,28.78,2500.0,28.79,600.0,28.82,3900.0,28.83,1100.0,0.0,0.0,0.0,0.0,0.0,0.0,0.0,0.0,0.0,0.0,27.32,30.72,81200.0,292800.0,0.0
2021-11-30 10:20:36,300557.SZ,28.14,28.18,29.12,28.18,28.78,391000.0,11283427.0,1081.0,28.76,100.0,28.75,200.0,28.74,500.0,28.73,100.0,28.72,2000.0,0.0,0.0,0.0,0.0,0.0,0.0,0.0,0.0,0.0,0.0,28.78,800.0,28.79,500.0,28.82,3900.0,28.84,300.0,28.87,700.0,0.0,0.0,0.0,0.0,0.0,0.0,0.0,0.0,0.0,0.0,27.33,30.75,82100.0,288200.0,0.0
2021-11-30 10:20:39,300557.SZ,28.14,28.18,29.12,28.18,28.78,391300.0,11292061.0,1083.0,28.77,400.0,28.76,100.0,28.75,200.0,28.74,500.0,28.73,100.0,0.0,0.0,0.0,0.0,0.0,0.0,0.0,0.0,0.0,0.0,28.78,500.0,28.79,500.0,28.82,3900.0,28.84,300.0,28.87,700.0,0.0,0.0,0.0,0.0,0.0,0.0,0.0,0.0,0.0,0.0,27.34,30.75,82500.0,287900.0,0.0
2021-11-30 10:20:42,300557.SZ,28.14,28.18,29.12,28.18,28.78,391300.0,11292061.0,1083.0,28.77,400.0,28.76,100.0,28.75,200.0,28.74,500.0,28.72,2000.0,0.0,0.0,0.0,0.0,0.0,0.0,0.0,0.0,0.0,0.0,28.78,500.0,28.79,500.0,28.82,3900.0,28.84,300.0,28.87,700.0,0.0,0.0,0.0,0.0,0.0,0.0,0.0,0.0,0.0,0.0,27.34,30.75,82500.0,287900.0,0.0
2021-11-30 10:20:45,300557.SZ,28.14,28.18,29.12,28.18,28.79,392300.0,11320846.0,1086.0,28.78,100.0,28.77,500.0,28.76,100.0,28.75,200.0,28.74,500.0,0.0,0.0,0.0,0.0,0.0,0.0,0.0,0.0,0.0,0.0,28.82,3900.0,28.84,300.0,28.87,700.0,28.88,1100.0,28.93,400.0,0.0,0.0,0.0,0.0,0.0,0.0,0.0,0.0,0.0,0.0,27.34,30.76,82700.0,286900.0,0.0
2021-11-30 10:20:51,300557.SZ,28.14,28.18,29.12,28.18,28.79,392300.0,11320846.0,1086.0,28.78,100.0,28.77,500.0,28.76,100.0,28.72,2000.0,28.68,900.0,0.0,0.0,0.0,0.0,0.0,0.0,0.0,0.0,0.0,0.0,28.82,3900.0,28.84,300.0,28.87,700.0,28.88,1100.0,28.93,400.0,0.0,0.0,0.0,0.0,0.0,0.0,0.0,0.0,0.0,0.0,27.33,30.76,82000.0,286900.0,0.0
2021-11-30 10:20:54,300557.SZ,28.14,28.18,29.12,28.18,28.78,392400.0,11323724.0,1087.0,28.77,100.0,28.76,100.0,28.72,2000.0,28.68,900.0,28.67,300.0,0.0,0.0,0.0,0.0,0.0,0.0,0.0,0.0,0.0,0.0,28.82,3900.0,28.84,300.0,28.87,700.0,28.88,1100.0,28.93,400.0,0.0,0.0,0.0,0.0,0.0,0.0,0.0,0.0,0.0,0.0,27.32,30.76,81500.0,286900.0,0.0
2021-11-30 10:20:57,300557.SZ,28.14,28.18,29.12,28.18,28.78,392400.0,11323724.0,1087.0,28.77,100.0,28.76,100.0,28.72,2000.0,28.68,900.0,28.67,300.0,0.0,0.0,0.0,0.0,0.0,0.0,0.0,0.0,0.0,0.0,28.78,700.0,28.82,3900.0,28.84,300.0,28.87,700.0,28.88,1100.0,0.0,0.0,0.0,0.0,0.0,0.0,0.0,0.0,0.0,0.0,27.32,30.76,81500.0,287600.0,0.0
2021-11-30 10:21:03,300557.SZ,28.14,28.18,29.12,28.18,28.78,392400.0,11323724.0,1087.0,28.77,100.0,28.76,100.0,28.72,2000.0,28.68,900.0,28.67,300.0,0.0,0.0,0.0,0.0,0.0,0.0,0.0,0.0,0.0,0.0,28.78,700.0,28.82,3900.0,28.84,300.0,28.87,700.0,28.88,1100.0,0.0,0.0,0.0,0.0,0.0,0.0,0.0,0.0,0.0,0.0,27.32,30.75,81500.0,288100.0,0.0
2021-11-30 10:21:15,300557.SZ,28.14,28.18,29.12,28.18,28.77,392500.0,11326601.0,1088.0,28.76,100.0,28.72,2000.0,28.68,900.0,28.67,300.0,28.66,100.0,0.0,0.0,0.0,0.0,0.0,0.0,0.0,0.0,0.0,0.0,28.78,700.0,28.82,3900.0,28.84,300.0,28.87,700.0,28.88,1100.0,0.0,0.0,0.0,0.0,0.0,0.0,0.0,0.0,0.0,0.0,27.32,30.75,81400.0,288100.0,0.0
2021-11-30 10:21:21,300557.SZ,28.14,28.18,29.12,28.18,28.77,392500.0,11326601.0,1088.0,28.76,100.0,28.68,900.0,28.67,300.0,28.66,100.0,28.65,1200.0,0.0,0.0,0.0,0.0,0.0,0.0,0.0,0.0,0.0,0.0,28.78,700.0,28.82,3900.0,28.84,300.0,28.87,700.0,28.88,1100.0,0.0,0.0,0.0,0.0,0.0,0.0,0.0,0.0,0.0,0.0,27.28,30.75,79400.0,288100.0,0.0
2021-11-30 10:21:27,300557.SZ,28.14,28.18,29.12,28.18,28.74,392700.0,11332351.0,1090.0,28.68,900.0,28.67,300.0,28.66,100.0,28.65,1200.0,28.61,1000.0,0.0,0.0,0.0,0.0,0.0,0.0,0.0,0.0,0.0,0.0,28.78,700.0,28.82,3900.0,28.84,300.0,28.87,700.0,28.88,1100.0,0.0,0.0,0.0,0.0,0.0,0.0,0.0,0.0,0.0,0.0,27.28,30.75,79300.0,288100.0,0.0
2021-11-30 10:21:30,300557.SZ,28.14,28.18,29.12,28.18,28.78,392900.0,11338107.0,1091.0,28.69,100.0,28.68,900.0,28.67,300.0,28.66,100.0,28.65,1200.0,0.0,0.0,0.0,0.0,0.0,0.0,0.0,0.0,0.0,0.0,28.78,500.0,28.82,3900.0,28.84,300.0,28.87,700.0,28.88,1100.0,0.0,0.0,0.0,0.0,0.0,0.0,0.0,0.0,0.0,0.0,27.28,30.75,79400.0,287900.0,0.0
2021-11-30 10:21:33,300557.SZ,28.14,28.18,29.12,28.18,28.78,392900.0,11338107.0,1091.0,28.7,100.0,28.68,900.0,28.67,300.0,28.66,100.0,28.65,1200.0,0.0,0.0,0.0,0.0,0.0,0.0,0.0,0.0,0.0,0.0,28.78,500.0,28.82,3900.0,28.84,300.0,28.87,700.0,28.88,1100.0,0.0,0.0,0.0,0.0,0.0,0.0,0.0,0.0,0.0,0.0,27.28,30.75,79400.0,287900.0,0.0
2021-11-30 10:21:36,300557.SZ,28.14,28.18,29.12,28.18,28.78,392900.0,11338107.0,1091.0,28.74,200.0,28.73,1500.0,28.68,900.0,28.67,300.0,28.66,200.0,0.0,0.0,0.0,0.0,0.0,0.0,0.0,0.0,0.0,0.0,28.78,500.0,28.82,3900.0,28.84,300.0,28.87,700.0,28.88,1100.0,0.0,0.0,0.0,0.0,0.0,0.0,0.0,0.0,0.0,0.0,27.31,30.75,81100.0,287900.0,0.0
2021-11-30 10:21:45,300557.SZ,28.14,28.18,29.12,28.18,28.78,393400.0,11352497.0,1092.0,28.78,600.0,28.74,100.0,28.73,1500.0,28.68,900.0,28.67,300.0,0.0,0.0,0.0,0.0,0.0,0.0,0.0,0.0,0.0,0.0,28.82,3900.0,28.84,300.0,28.87,700.0,28.88,1100.0,28.93,400.0,0.0,0.0,0.0,0.0,0.0,0.0,0.0,0.0,0.0,0.0,27.32,30.76,81500.0,287400.0,0.0
2021-11-30 10:21:48,300557.SZ,28.14,28.18,29.12,28.18,28.78,393400.0,11352497.0,1092.0,28.79,800.0,28.78,500.0,28.74,100.0,28.73,1500.0,28.68,900.0,0.0,0.0,0.0,0.0,0.0,0.0,0.0,0.0,0.0,0.0,28.82,3900.0,28.84,300.0,28.87,700.0,28.88,1100.0,28.93,400.0,0.0,0.0,0.0,0.0,0.0,0.0,0.0,0.0,0.0,0.0,27.33,30.76,82200.0,287400.0,0.0
2021-11-30 10:21:51,300557.SZ,28.14,28.18,29.12,28.18,28.78,393400.0,11352497.0,1092.0,28.8,200.0,28.79,800.0,28.78,700.0,28.74,100.0,28.73,1500.0,0.0,0.0,0.0,0.0,0.0,0.0,0.0,0.0,0.0,0.0,28.82,3900.0,28.84,300.0,28.87,700.0,28.88,1100.0,28.93,400.0,0.0,0.0,0.0,0.0,0.0,0.0,0.0,0.0,0.0,0.0,27.32,30.76,81600.0,287400.0,0.0
2021-11-30 10:22:00,300557.SZ,28.14,28.18,29.12,28.18,28.8,393500.0,11355377.0,1093.0,28.8,100.0,28.79,800.0,28.78,700.0,28.74,100.0,28.73,1500.0,0.0,0.0,0.0,0.0,0.0,0.0,0.0,0.0,0.0,0.0,28.82,3900.0,28.84,300.0,28.87,700.0,28.88,1100.0,28.93,400.0,0.0,0.0,0.0,0.0,0.0,0.0,0.0,0.0,0.0,0.0,27.32,30.76,81500.0,287400.0,0.0
2021-11-30 10:22:03,300557.SZ,28.14,28.18,29.12,28.18,28.8,393500.0,11355377.0,1093.0,28.8,100.0,28.79,100.0,28.78,700.0,28.74,100.0,28.73,1500.0,0.0,0.0,0.0,0.0,0.0,0.0,0.0,0.0,0.0,0.0,28.82,3900.0,28.84,300.0,28.87,700.0,28.88,1100.0,28.93,400.0,0.0,0.0,0.0,0.0,0.0,0.0,0.0,0.0,0.0,0.0,27.31,30.76,80800.0,287400.0,0.0
2021-11-30 10:22:15,300557.SZ,28.14,28.18,29.12,28.18,28.8,393500.0,11355377.0,1093.0,28.8,100.0,28.79,100.0,28.78,700.0,28.74,100.0,28.73,1500.0,0.0,0.0,0.0,0.0,0.0,0.0,0.0,0.0,0.0,0.0,28.82,3900.0,28.84,300.0,28.87,700.0,28.88,1100.0,28.93,400.0,0.0,0.0,0.0,0.0,0.0,0.0,0.0,0.0,0.0,0.0,27.31,30.76,80800.0,287900.0,0.0
2021-11-30 10:22:18,300557.SZ,28.14,28.18,29.12,28.18,28.8,393600.0,11358257.0,1094.0,28.79,100.0,28.78,700.0,28.74,100.0,28.73,1500.0,28.68,900.0,0.0,0.0,0.0,0.0,0.0,0.0,0.0,0.0,0.0,0.0,28.82,3900.0,28.84,300.0,28.87,700.0,28.88,1100.0,28.93,400.0,0.0,0.0,0.0,0.0,0.0,0.0,0.0,0.0,0.0,0.0,27.31,30.76,80700.0,287900.0,0.0
2021-11-30 10:22:21,300557.SZ,28.14,28.18,29.12,28.18,28.8,393600.0,11358257.0,1094.0,28.79,100.0,28.78,700.0,28.74,100.0,28.73,1500.0,28.68,900.0,0.0,0.0,0.0,0.0,0.0,0.0,0.0,0.0,0.0,0.0,28.82,3900.0,28.87,700.0,28.88,1100.0,28.93,400.0,28.96,600.0,0.0,0.0,0.0,0.0,0.0,0.0,0.0,0.0,0.0,0.0,27.31,30.76,80700.0,287600.0,0.0
2021-11-30 10:22:24,300557.SZ,28.14,28.18,29.12,28.18,28.78,393900.0,11366892.0,1096.0,28.78,500.0,28.74,100.0,28.73,1500.0,28.68,900.0,28.67,300.0,0.0,0.0,0.0,0.0,0.0,0.0,0.0,0.0,0.0,0.0,28.82,3900.0,28.87,700.0,28.88,1100.0,28.93,400.0,28.96,600.0,0.0,0.0,0.0,0.0,0.0,0.0,0.0,0.0,0.0,0.0,27.3,30.76,80400.0,287600.0,0.0
2021-11-30 10:22:30,300557.SZ,28.14,28.18,29.12,28.18,28.78,393900.0,11366892.0,1096.0,28.78,300.0,28.74,100.0,28.73,1500.0,28.68,900.0,28.67,300.0,0.0,0.0,0.0,0.0,0.0,0.0,0.0,0.0,0.0,0.0,28.82,3900.0,28.87,700.0,28.88,1100.0,28.93,400.0,28.96,600.0,0.0,0.0,0.0,0.0,0.0,0.0,0.0,0.0,0.0,0.0,27.3,30.76,80200.0,287600.0,0.0
2021-11-30 10:22:39,300557.SZ,28.14,28.18,29.12,28.18,28.82,394100.0,11372656.0,1097.0,28.78,300.0,28.74,100.0,28.73,1500.0,28.68,900.0,28.67,300.0,0.0,0.0,0.0,0.0,0.0,0.0,0.0,0.0,0.0,0.0,28.82,3700.0,28.87,700.0,28.88,1100.0,28.93,400.0,28.96,600.0,0.0,0.0,0.0,0.0,0.0,0.0,0.0,0.0,0.0,0.0,27.3,30.76,80200.0,287400.0,0.0
2021-11-30 10:22:54,300557.SZ,28.14,28.18,29.12,28.18,28.82,394100.0,11372656.0,1097.0,28.78,400.0,28.74,100.0,28.73,1500.0,28.68,900.0,28.67,300.0,0.0,0.0,0.0,0.0,0.0,0.0,0.0,0.0,0.0,0.0,28.82,3700.0,28.87,700.0,28.88,1100.0,28.93,400.0,28.96,600.0,0.0,0.0,0.0,0.0,0.0,0.0,0.0,0.0,0.0,0.0,27.3,30.76,80000.0,287400.0,0.0
2021-11-30 10:22:57,300557.SZ,28.14,28.18,29.12,28.18,28.82,394100.0,11372656.0,1097.0,28.78,600.0,28.74,100.0,28.73,1500.0,28.68,900.0,28.67,300.0,0.0,0.0,0.0,0.0,0.0,0.0,0.0,0.0,0.0,0.0,28.82,3700.0,28.87,800.0,28.88,1100.0,28.93,400.0,28.96,600.0,0.0,0.0,0.0,0.0,0.0,0.0,0.0,0.0,0.0,0.0,27.3,30.76,80200.0,287500.0,0.0
2021-11-30 10:23:24,300557.SZ,28.14,28.18,29.12,28.18,28.82,394100.0,11372656.0,1097.0,28.78,700.0,28.74,100.0,28.73,1500.0,28.68,900.0,28.67,300.0,0.0,0.0,0.0,0.0,0.0,0.0,0.0,0.0,0.0,0.0,28.82,3700.0,28.87,800.0,28.88,1100.0,28.93,400.0,28.96,600.0,0.0,0.0,0.0,0.0,0.0,0.0,0.0,0.0,0.0,0.0,27.3,30.76,80200.0,287500.0,0.0
2021-11-30 10:23:39,300557.SZ,28.14,28.18,29.12,28.18,28.82,394600.0,11387066.0,1098.0,28.79,100.0,28.78,700.0,28.73,1500.0,28.68,900.0,28.67,300.0,0.0,0.0,0.0,0.0,0.0,0.0,0.0,0.0,0.0,0.0,28.82,3200.0,28.87,800.0,28.88,1100.0,28.93,400.0,28.96,600.0,0.0,0.0,0.0,0.0,0.0,0.0,0.0,0.0,0.0,0.0,27.3,30.76,80200.0,287000.0,0.0
2021-11-30 10:24:00,300557.SZ,28.14,28.18,29.12,28.18,28.82,394600.0,11387066.0,1098.0,28.79,100.0,28.78,700.0,28.73,1500.0,28.68,900.0,28.67,300.0,0.0,0.0,0.0,0.0,0.0,0.0,0.0,0.0,0.0,0.0,28.82,3200.0,28.87,800.0,28.88,1100.0,28.93,400.0,28.96,600.0,0.0,0.0,0.0,0.0,0.0,0.0,0.0,0.0,0.0,0.0,27.44,30.76,90200.0,287000.0,0.0
2021-11-30 10:24:18,300557.SZ,28.14,28.18,29.12,28.18,28.82,394600.0,11387066.0,1098.0,28.79,100.0,28.78,700.0,28.73,1500.0,28.68,900.0,28.67,300.0,0.0,0.0,0.0,0.0,0.0,0.0,0.0,0.0,0.0,0.0,28.82,3200.0,28.87,800.0,28.88,1100.0,28.93,400.0,28.96,600.0,0.0,0.0,0.0,0.0,0.0,0.0,0.0,0.0,0.0,0.0,27.14,30.76,70200.0,287000.0,0.0
2021-11-30 10:24:21,300557.SZ,28.14,28.18,29.12,28.18,28.82,394600.0,11387066.0,1098.0,28.78,700.0,28.73,1500.0,28.68,900.0,28.67,300.0,28.65,900.0,0.0,0.0,0.0,0.0,0.0,0.0,0.0,0.0,0.0,0.0,28.82,3200.0,28.87,800.0,28.88,1100.0,28.93,400.0,28.96,600.0,0.0,0.0,0.0,0.0,0.0,0.0,0.0,0.0,0.0,0.0,27.13,30.76,70100.0,287000.0,0.0
2021-11-30 10:24:33,300557.SZ,28.14,28.18,29.12,28.18,28.82,394700.0,11389948.0,1099.0,28.78,700.0,28.73,1500.0,28.68,900.0,28.67,300.0,28.65,900.0,0.0,0.0,0.0,0.0,0.0,0.0,0.0,0.0,0.0,0.0,28.82,3100.0,28.87,800.0,28.88,1100.0,28.93,400.0,28.96,600.0,0.0,0.0,0.0,0.0,0.0,0.0,0.0,0.0,0.0,0.0,27.13,30.76,70100.0,286900.0,0.0
2021-11-30 10:24:42,300557.SZ,28.14,28.18,29.12,28.18,28.82,394700.0,11389948.0,1099.0,28.78,700.0,28.73,1500.0,28.68,900.0,28.67,300.0,28.65,900.0,0.0,0.0,0.0,0.0,0.0,0.0,0.0,0.0,0.0,0.0,28.82,3100.0,28.87,800.0,28.88,1100.0,28.93,400.0,28.96,600.0,0.0,0.0,0.0,0.0,0.0,0.0,0.0,0.0,0.0,0.0,27.1,30.76,66500.0,286900.0,0.0
2021-11-30 10:24:48,300557.SZ,28.14,28.18,29.12,28.18,28.82,394700.0,11389948.0,1099.0,28.78,400.0,28.73,1500.0,28.68,900.0,28.67,300.0,28.65,900.0,0.0,0.0,0.0,0.0,0.0,0.0,0.0,0.0,0.0,0.0,28.82,3100.0,28.87,800.0,28.88,1100.0,28.93,400.0,28.96,600.0,0.0,0.0,0.0,0.0,0.0,0.0,0.0,0.0,0.0,0.0,27.09,30.76,66200.0,286900.0,0.0
2021-11-30 10:24:51,300557.SZ,28.14,28.18,29.12,28.18,28.82,394700.0,11389948.0,1099.0,28.78,400.0,28.73,1500.0,28.68,900.0,28.67,300.0,28.65,900.0,0.0,0.0,0.0,0.0,0.0,0.0,0.0,0.0,0.0,0.0,28.81,500.0,28.82,3100.0,28.87,800.0,28.88,1100.0,28.93,400.0,0.0,0.0,0.0,0.0,0.0,0.0,0.0,0.0,0.0,0.0,27.09,30.76,66200.0,287400.0,0.0
2021-11-30 10:24:54,300557.SZ,28.14,28.18,29.12,28.18,28.81,395000.0,11398591.0,1100.0,28.78,400.0,28.73,1500.0,28.68,900.0,28.67,300.0,28.65,900.0,0.0,0.0,0.0,0.0,0.0,0.0,0.0,0.0,0.0,0.0,28.81,200.0,28.82,3100.0,28.87,800.0,28.88,1100.0,28.93,400.0,0.0,0.0,0.0,0.0,0.0,0.0,0.0,0.0,0.0,0.0,27.09,30.76,66200.0,287100.0,0.0
2021-11-30 10:25:18,300557.SZ,28.14,28.18,29.12,28.18,28.81,395000.0,11398591.0,1100.0,28.78,400.0,28.73,1500.0,28.68,900.0,28.67,300.0,28.65,900.0,0.0,0.0,0.0,0.0,0.0,0.0,0.0,0.0,0.0,0.0,28.81,200.0,28.82,3100.0,28.87,700.0,28.88,1100.0,28.93,400.0,0.0,0.0,0.0,0.0,0.0,0.0,0.0,0.0,0.0,0.0,27.09,30.76,66200.0,287000.0,0.0
2021-11-30 10:25:36,300557.SZ,28.14,28.18,29.12,28.18,28.81,395000.0,11398591.0,1100.0,28.78,400.0,28.73,1500.0,28.68,900.0,28.67,300.0,28.65,900.0,0.0,0.0,0.0,0.0,0.0,0.0,0.0,0.0,0.0,0.0,28.81,300.0,28.82,3100.0,28.87,700.0,28.88,1100.0,28.93,400.0,0.0,0.0,0.0,0.0,0.0,0.0,0.0,0.0,0.0,0.0,27.09,30.76,66200.0,287100.0,0.0
2021-11-30 10:26:00,300557.SZ,28.14,28.18,29.12,28.18,28.81,395000.0,11398591.0,1100.0,28.78,400.0,28.73,1500.0,28.68,900.0,28.67,300.0,28.65,900.0,0.0,0.0,0.0,0.0,0.0,0.0,0.0,0.0,0.0,0.0,28.81,200.0,28.82,3100.0,28.87,700.0,28.88,1100.0,28.93,400.0,0.0,0.0,0.0,0.0,0.0,0.0,0.0,0.0,0.0,0.0,27.09,30.76,66200.0,287000.0,0.0
2021-11-30 10:26:48,300557.SZ,28.14,28.18,29.12,28.18,28.81,395000.0,11398591.0,1100.0,28.78,800.0,28.73,1500.0,28.68,900.0,28.67,300.0,28.65,900.0,0.0,0.0,0.0,0.0,0.0,0.0,0.0,0.0,0.0,0.0,28.81,200.0,28.82,3100.0,28.87,700.0,28.88,1100.0,28.93,400.0,0.0,0.0,0.0,0.0,0.0,0.0,0.0,0.0,0.0,0.0,27.1,30.76,66600.0,286800.0,0.0
2021-11-30 10:26:57,300557.SZ,28.14,28.18,29.12,28.18,28.81,395000.0,11398591.0,1100.0,28.78,800.0,28.73,1500.0,28.68,900.0,28.67,300.0,28.65,900.0,0.0,0.0,0.0,0.0,0.0,0.0,0.0,0.0,0.0,0.0,28.81,1000.0,28.82,3100.0,28.87,700.0,28.88,1100.0,28.93,400.0,0.0,0.0,0.0,0.0,0.0,0.0,0.0,0.0,0.0,0.0,27.1,30.76,66600.0,287600.0,0.0
2021-11-30 10:27:27,300557.SZ,28.14,28.18,29.12,28.18,28.81,395000.0,11398591.0,1100.0,28.78,800.0,28.73,1500.0,28.68,900.0,28.67,300.0,28.65,900.0,0.0,0.0,0.0,0.0,0.0,0.0,0.0,0.0,0.0,0.0,28.81,1000.0,28.82,3100.0,28.87,700.0,28.88,1100.0,28.93,400.0,0.0,0.0,0.0,0.0,0.0,0.0,0.0,0.0,0.0,0.0,27.1,30.76,66600.0,287200.0,0.0
2021-11-30 10:27:30,300557.SZ,28.14,28.18,29.12,28.18,28.81,395000.0,11398591.0,1100.0,28.79,400.0,28.78,800.0,28.73,1500.0,28.68,900.0,28.67,300.0,0.0,0.0,0.0,0.0,0.0,0.0,0.0,0.0,0.0,0.0,28.81,1000.0,28.82,3100.0,28.87,700.0,28.88,1100.0,28.93,400.0,0.0,0.0,0.0,0.0,0.0,0.0,0.0,0.0,0.0,0.0,27.11,30.76,67000.0,287200.0,0.0
2021-11-30 10:27:36,300557.SZ,28.14,28.18,29.12,28.18,28.79,395100.0,11401470.0,1101.0,28.79,300.0,28.78,800.0,28.73,1500.0,28.68,900.0,28.67,300.0,0.0,0.0,0.0,0.0,0.0,0.0,0.0,0.0,0.0,0.0,28.81,1000.0,28.82,3100.0,28.87,700.0,28.88,1100.0,28.93,400.0,0.0,0.0,0.0,0.0,0.0,0.0,0.0,0.0,0.0,0.0,27.11,30.76,66900.0,287200.0,0.0
2021-11-30 10:27:45,300557.SZ,28.14,28.18,29.12,28.18,28.79,395100.0,11401470.0,1101.0,28.79,300.0,28.78,800.0,28.73,1500.0,28.68,900.0,28.67,300.0,0.0,0.0,0.0,0.0,0.0,0.0,0.0,0.0,0.0,0.0,28.81,1000.0,28.82,3100.0,28.87,700.0,28.88,1100.0,28.93,400.0,0.0,0.0,0.0,0.0,0.0,0.0,0.0,0.0,0.0,0.0,27.11,30.71,66900.0,280800.0,0.0
2021-11-30 10:27:48,300557.SZ,28.14,28.18,29.12,28.18,28.79,395400.0,11410107.0,1104.0,28.78,800.0,28.73,1500.0,28.68,900.0,28.67,300.0,28.65,900.0,0.0,0.0,0.0,0.0,0.0,0.0,0.0,0.0,0.0,0.0,28.79,600.0,28.81,1000.0,28.82,3100.0,28.87,700.0,28.88,1100.0,0.0,0.0,0.0,0.0,0.0,0.0,0.0,0.0,0.0,0.0,27.1,30.7,66600.0,281400.0,0.0
2021-11-30 10:27:57,300557.SZ,28.14,28.18,29.12,28.18,28.79,395400.0,11410107.0,1104.0,28.78,800.0,28.73,1500.0,28.68,900.0,28.67,300.0,28.65,900.0,0.0,0.0,0.0,0.0,0.0,0.0,0.0,0.0,0.0,0.0,28.79,100.0,28.81,1000.0,28.82,3100.0,28.87,700.0,28.88,1100.0,0.0,0.0,0.0,0.0,0.0,0.0,0.0,0.0,0.0,0.0,27.1,30.71,66600.0,280900.0,0.0
2021-11-30 10:28:03,300557.SZ,28.14,28.18,29.12,28.18,28.78,395700.0,11418741.0,1106.0,28.78,500.0,28.73,1500.0,28.68,900.0,28.67,300.0,28.65,900.0,0.0,0.0,0.0,0.0,0.0,0.0,0.0,0.0,0.0,0.0,28.79,100.0,28.81,1000.0,28.82,3100.0,28.87,700.0,28.88,1100.0,0.0,0.0,0.0,0.0,0.0,0.0,0.0,0.0,0.0,0.0,27.09,30.71,66300.0,280900.0,0.0
2021-11-30 10:28:06,300557.SZ,28.14,28.18,29.12,28.18,28.78,395700.0,11418741.0,1106.0,28.78,500.0,28.73,1500.0,28.68,900.0,28.67,300.0,28.65,900.0,0.0,0.0,0.0,0.0,0.0,0.0,0.0,0.0,0.0,0.0,28.79,100.0,28.81,1000.0,28.82,3100.0,28.87,700.0,28.88,1100.0,0.0,0.0,0.0,0.0,0.0,0.0,0.0,0.0,0.0,0.0,27.09,30.69,66300.0,284400.0,0.0
2021-11-30 10:28:18,300557.SZ,28.14,28.18,29.12,28.18,28.78,395700.0,11418741.0,1106.0,28.78,500.0,28.73,1500.0,28.68,900.0,28.67,300.0,28.65,900.0,0.0,0.0,0.0,0.0,0.0,0.0,0.0,0.0,0.0,0.0,28.79,100.0,28.81,200.0,28.82,3100.0,28.87,700.0,28.88,1100.0,0.0,0.0,0.0,0.0,0.0,0.0,0.0,0.0,0.0,0.0,27.09,30.69,66300.0,283600.0,0.0
2021-11-30 10:28:21,300557.SZ,28.14,28.18,29.12,28.18,28.78,395700.0,11418741.0,1106.0,28.78,500.0,28.73,1500.0,28.68,900.0,28.67,300.0,28.65,900.0,0.0,0.0,0.0,0.0,0.0,0.0,0.0,0.0,0.0,0.0,28.81,200.0,28.82,3100.0,28.87,700.0,28.88,1100.0,28.93,400.0,0.0,0.0,0.0,0.0,0.0,0.0,0.0,0.0,0.0,0.0,27.09,30.7,66300.0,283500.0,0.0
2021-11-30 10:28:24,300557.SZ,28.14,28.18,29.12,28.18,28.78,395800.0,11421619.0,1107.0,28.78,400.0,28.73,1500.0,28.68,900.0,28.67,300.0,28.65,900.0,0.0,0.0,0.0,0.0,0.0,0.0,0.0,0.0,0.0,0.0,28.81,200.0,28.82,3100.0,28.87,700.0,28.88,1100.0,28.93,400.0,0.0,0.0,0.0,0.0,0.0,0.0,0.0,0.0,0.0,0.0,27.09,30.7,66200.0,283500.0,0.0
2021-11-30 10:28:54,300557.SZ,28.14,28.18,29.12,28.18,28.73,396600.0,11444623.0,1109.0,28.73,1100.0,28.68,900.0,28.67,300.0,28.65,900.0,28.61,11000.0,0.0,0.0,0.0,0.0,0.0,0.0,0.0,0.0,0.0,0.0,28.81,200.0,28.82,3100.0,28.87,700.0,28.88,1100.0,28.93,400.0,0.0,0.0,0.0,0.0,0.0,0.0,0.0,0.0,0.0,0.0,27.09,30.7,66400.0,283500.0,0.0
2021-11-30 10:29:15,300557.SZ,28.14,28.18,29.12,28.18,28.73,396600.0,11444623.0,1109.0,28.73,1100.0,28.68,900.0,28.67,300.0,28.65,900.0,28.61,11000.0,0.0,0.0,0.0,0.0,0.0,0.0,0.0,0.0,0.0,0.0,28.78,2700.0,28.81,200.0,28.82,3100.0,28.87,700.0,28.88,1100.0,0.0,0.0,0.0,0.0,0.0,0.0,0.0,0.0,0.0,0.0,27.09,30.68,66400.0,286200.0,0.0
2021-11-30 10:29:18,300557.SZ,28.14,28.18,29.12,28.18,28.73,396600.0,11444623.0,1109.0,28.75,300.0,28.73,1100.0,28.68,900.0,28.67,300.0,28.65,900.0,0.0,0.0,0.0,0.0,0.0,0.0,0.0,0.0,0.0,0.0,28.78,2700.0,28.81,200.0,28.82,3100.0,28.87,700.0,28.88,1100.0,0.0,0.0,0.0,0.0,0.0,0.0,0.0,0.0,0.0,0.0,27.1,30.68,66500.0,286200.0,0.0
2021-11-30 10:29:39,300557.SZ,28.14,28.18,29.12,28.18,28.73,396600.0,11444623.0,1109.0,28.75,300.0,28.73,1100.0,28.71,1000.0,28.68,900.0,28.67,300.0,0.0,0.0,0.0,0.0,0.0,0.0,0.0,0.0,0.0,0.0,28.78,2700.0,28.81,200.0,28.82,3100.0,28.87,700.0,28.88,1100.0,0.0,0.0,0.0,0.0,0.0,0.0,0.0,0.0,0.0,0.0,27.12,30.68,67500.0,286200.0,0.0
2021-11-30 10:29:54,300557.SZ,28.14,28.18,29.12,28.18,28.73,397400.0,11467613.0,1111.0,28.73,600.0,28.71,1000.0,28.68,900.0,28.67,300.0,28.65,900.0,0.0,0.0,0.0,0.0,0.0,0.0,0.0,0.0,0.0,0.0,28.78,2700.0,28.81,200.0,28.82,3100.0,28.87,700.0,28.88,1100.0,0.0,0.0,0.0,0.0,0.0,0.0,0.0,0.0,0.0,0.0,27.1,30.68,66700.0,286200.0,0.0
2021-11-30 10:30:03,300557.SZ,28.14,28.18,29.12,28.18,28.73,397400.0,11467613.0,1111.0,28.73,600.0,28.71,1000.0,28.68,900.0,28.67,300.0,28.65,900.0,0.0,0.0,0.0,0.0,0.0,0.0,0.0,0.0,0.0,0.0,28.78,2700.0,28.81,200.0,28.82,3100.0,28.87,700.0,28.88,1100.0,0.0,0.0,0.0,0.0,0.0,0.0,0.0,0.0,0.0,0.0,27.08,30.68,65700.0,286200.0,0.0
2021-11-30 10:30:24,300557.SZ,28.14,28.18,29.12,28.18,28.73,397400.0,11467613.0,1111.0,28.73,600.0,28.71,1000.0,28.68,900.0,28.67,300.0,28.65,900.0,0.0,0.0,0.0,0.0,0.0,0.0,0.0,0.0,0.0,0.0,28.78,2700.0,28.81,200.0,28.82,3100.0,28.87,700.0,28.88,1100.0,0.0,0.0,0.0,0.0,0.0,0.0,0.0,0.0,0.0,0.0,27.06,30.68,64700.0,286200.0,0.0
2021-11-30 10:30:30,300557.SZ,28.14,28.18,29.12,28.18,28.73,397500.0,11470486.0,1112.0,28.73,500.0,28.71,1000.0,28.68,900.0,28.67,300.0,28.65,900.0,0.0,0.0,0.0,0.0,0.0,0.0,0.0,0.0,0.0,0.0,28.78,2700.0,28.81,200.0,28.82,3100.0,28.87,700.0,28.88,1100.0,0.0,0.0,0.0,0.0,0.0,0.0,0.0,0.0,0.0,0.0,27.02,30.68,63100.0,286200.0,0.0
2021-11-30 10:30:39,300557.SZ,28.14,28.18,29.12,28.18,28.73,398000.0,11484851.0,1113.0,28.71,1000.0,28.68,900.0,28.67,300.0,28.65,900.0,28.61,10000.0,0.0,0.0,0.0,0.0,0.0,0.0,0.0,0.0,0.0,0.0,28.73,600.0,28.78,2700.0,28.81,200.0,28.82,3100.0,28.87,700.0,0.0,0.0,0.0,0.0,0.0,0.0,0.0,0.0,0.0,0.0,27.0,30.67,62600.0,286800.0,0.0
2021-11-30 10:30:42,300557.SZ,28.14,28.18,29.12,28.18,28.73,398000.0,11484851.0,1113.0,28.71,1000.0,28.68,900.0,28.67,300.0,28.65,900.0,28.61,10000.0,0.0,0.0,0.0,0.0,0.0,0.0,0.0,0.0,0.0,0.0,28.73,600.0,28.78,2700.0,28.81,200.0,28.82,3100.0,28.87,700.0,0.0,0.0,0.0,0.0,0.0,0.0,0.0,0.0,0.0,0.0,27.04,30.67,64100.0,286800.0,0.0
2021-11-30 10:31:03,300557.SZ,28.14,28.18,29.12,28.18,28.73,398000.0,11484851.0,1113.0,28.71,1000.0,28.68,900.0,28.67,300.0,28.65,900.0,28.61,10000.0,0.0,0.0,0.0,0.0,0.0,0.0,0.0,0.0,0.0,0.0,28.78,2700.0,28.81,200.0,28.82,3100.0,28.87,700.0,28.88,1100.0,0.0,0.0,0.0,0.0,0.0,0.0,0.0,0.0,0.0,0.0,27.04,30.68,64100.0,286200.0,0.0
2021-11-30 10:31:06,300557.SZ,28.14,28.18,29.12,28.18,28.73,398000.0,11484851.0,1113.0,28.71,1200.0,28.68,900.0,28.67,300.0,28.65,900.0,28.61,10000.0,0.0,0.0,0.0,0.0,0.0,0.0,0.0,0.0,0.0,0.0,28.78,2700.0,28.81,200.0,28.82,3100.0,28.87,700.0,28.88,1100.0,0.0,0.0,0.0,0.0,0.0,0.0,0.0,0.0,0.0,0.0,27.07,30.68,65300.0,286200.0,0.0
2021-11-30 10:31:09,300557.SZ,28.14,28.18,29.12,28.18,28.71,398600.0,11502077.0,1114.0,28.71,600.0,28.68,900.0,28.67,300.0,28.65,900.0,28.61,10000.0,0.0,0.0,0.0,0.0,0.0,0.0,0.0,0.0,0.0,0.0,28.78,2700.0,28.81,200.0,28.82,3100.0,28.87,700.0,28.88,1100.0,0.0,0.0,0.0,0.0,0.0,0.0,0.0,0.0,0.0,0.0,27.05,30.68,64700.0,286200.0,0.0
2021-11-30 10:31:24,300557.SZ,28.14,28.18,29.12,28.18,28.71,398600.0,11502077.0,1114.0,28.71,600.0,28.68,900.0,28.67,300.0,28.65,900.0,28.62,1000.0,0.0,0.0,0.0,0.0,0.0,0.0,0.0,0.0,0.0,0.0,28.78,2700.0,28.81,200.0,28.82,3100.0,28.87,700.0,28.88,1100.0,0.0,0.0,0.0,0.0,0.0,0.0,0.0,0.0,0.0,0.0,27.08,30.68,65700.0,286200.0,0.0
2021-11-30 10:31:33,300557.SZ,28.14,28.18,29.12,28.18,28.71,398600.0,11502077.0,1114.0,28.71,600.0,28.68,900.0,28.67,300.0,28.65,900.0,28.62,1300.0,0.0,0.0,0.0,0.0,0.0,0.0,0.0,0.0,0.0,0.0,28.78,2700.0,28.81,200.0,28.82,3100.0,28.87,700.0,28.88,1100.0,0.0,0.0,0.0,0.0,0.0,0.0,0.0,0.0,0.0,0.0,27.08,30.68,66000.0,286200.0,0.0
2021-11-30 10:31:54,300557.SZ,28.14,28.18,29.12,28.18,28.71,398600.0,11502077.0,1114.0,28.73,200.0,28.71,600.0,28.68,900.0,28.67,300.0,28.65,900.0,0.0,0.0,0.0,0.0,0.0,0.0,0.0,0.0,0.0,0.0,28.78,2700.0,28.81,200.0,28.82,3100.0,28.87,700.0,28.88,1100.0,0.0,0.0,0.0,0.0,0.0,0.0,0.0,0.0,0.0,0.0,27.09,30.68,66200.0,286200.0,0.0
2021-11-30 10:32:06,300557.SZ,28.14,28.18,29.12,28.18,28.71,398600.0,11502077.0,1114.0,28.73,200.0,28.71,600.0,28.68,900.0,28.67,300.0,28.65,900.0,0.0,0.0,0.0,0.0,0.0,0.0,0.0,0.0,0.0,0.0,28.78,2700.0,28.81,200.0,28.82,3100.0,28.87,700.0,28.88,1100.0,0.0,0.0,0.0,0.0,0.0,0.0,0.0,0.0,0.0,0.0,27.08,30.68,65900.0,286200.0,0.0
2021-11-30 10:32:09,300557.SZ,28.14,28.18,29.12,28.18,28.71,398600.0,11502077.0,1114.0,28.73,400.0,28.71,600.0,28.68,900.0,28.67,300.0,28.65,900.0,0.0,0.0,0.0,0.0,0.0,0.0,0.0,0.0,0.0,0.0,28.78,2700.0,28.81,200.0,28.82,3100.0,28.87,700.0,28.88,1100.0,0.0,0.0,0.0,0.0,0.0,0.0,0.0,0.0,0.0,0.0,27.09,30.68,66100.0,286200.0,0.0
2021-11-30 10:32:21,300557.SZ,28.14,28.18,29.12,28.18,28.78,399700.0,11533735.0,1115.0,28.73,400.0,28.71,600.0,28.68,900.0,28.67,300.0,28.65,900.0,0.0,0.0,0.0,0.0,0.0,0.0,0.0,0.0,0.0,0.0,28.78,1600.0,28.81,200.0,28.82,3100.0,28.87,700.0,28.88,1100.0,0.0,0.0,0.0,0.0,0.0,0.0,0.0,0.0,0.0,0.0,27.09,30.68,66100.0,285100.0,0.0
2021-11-30 10:32:27,300557.SZ,28.14,28.18,29.12,28.18,28.78,399700.0,11533735.0,1115.0,28.73,400.0,28.71,600.0,28.68,900.0,28.67,300.0,28.65,900.0,0.0,0.0,0.0,0.0,0.0,0.0,0.0,0.0,0.0,0.0,28.78,1600.0,28.81,200.0,28.82,3100.0,28.87,700.0,28.88,1100.0,0.0,0.0,0.0,0.0,0.0,0.0,0.0,0.0,0.0,0.0,27.09,30.68,66400.0,285100.0,0.0
2021-11-30 10:33:06,300557.SZ,28.14,28.18,29.12,28.18,28.78,401300.0,11579783.0,1117.0,28.79,100.0,28.75,600.0,28.74,500.0,28.73,400.0,28.71,600.0,0.0,0.0,0.0,0.0,0.0,0.0,0.0,0.0,0.0,0.0,28.81,200.0,28.82,3100.0,28.87,700.0,28.88,1100.0,28.93,400.0,0.0,0.0,0.0,0.0,0.0,0.0,0.0,0.0,0.0,0.0,27.12,30.7,67600.0,283500.0,0.0
2021-11-30 10:33:09,300557.SZ,28.14,28.18,29.12,28.18,28.78,401300.0,11579783.0,1117.0,28.78,100.0,28.77,300.0,28.76,300.0,28.75,200.0,28.74,200.0,0.0,0.0,0.0,0.0,0.0,0.0,0.0,0.0,0.0,0.0,28.81,200.0,28.82,3100.0,28.87,700.0,28.88,1100.0,28.93,400.0,0.0,0.0,0.0,0.0,0.0,0.0,0.0,0.0,0.0,0.0,27.12,30.7,67500.0,283500.0,0.0
2021-11-30 10:33:12,300557.SZ,28.14,28.18,29.12,28.18,28.78,401300.0,11579783.0,1117.0,28.79,300.0,28.78,100.0,28.77,300.0,28.76,300.0,28.75,200.0,0.0,0.0,0.0,0.0,0.0,0.0,0.0,0.0,0.0,0.0,28.81,200.0,28.82,3100.0,28.87,700.0,28.88,1100.0,28.93,400.0,0.0,0.0,0.0,0.0,0.0,0.0,0.0,0.0,0.0,0.0,27.13,30.7,67800.0,283500.0,0.0
2021-11-30 10:33:15,300557.SZ,28.14,28.18,29.12,28.18,28.82,401800.0,11594191.0,1122.0,28.79,300.0,28.77,300.0,28.76,300.0,28.75,200.0,28.74,200.0,0.0,0.0,0.0,0.0,0.0,0.0,0.0,0.0,0.0,0.0,28.82,2800.0,28.87,700.0,28.88,1100.0,28.93,400.0,28.96,600.0,0.0,0.0,0.0,0.0,0.0,0.0,0.0,0.0,0.0,0.0,27.13,30.7,67700.0,283000.0,0.0
2021-11-30 10:33:18,300557.SZ,28.14,28.18,29.12,28.18,28.82,404600.0,11674887.0,1129.0,28.83,700.0,28.81,600.0,28.79,300.0,28.77,300.0,28.76,300.0,0.0,0.0,0.0,0.0,0.0,0.0,0.0,0.0,0.0,0.0,28.87,700.0,28.88,1100.0,28.93,400.0,28.96,600.0,28.99,14000.0,0.0,0.0,0.0,0.0,0.0,0.0,0.0,0.0,0.0,0.0,27.14,30.72,68000.0,280200.0,0.0
2021-11-30 10:33:21,300557.SZ,28.14,28.18,29.12,28.18,28.82,404600.0,11674887.0,1129.0,28.83,800.0,28.81,600.0,28.79,300.0,28.77,300.0,28.76,300.0,0.0,0.0,0.0,0.0,0.0,0.0,0.0,0.0,0.0,0.0,28.87,700.0,28.88,1100.0,28.93,400.0,28.96,600.0,28.99,14000.0,0.0,0.0,0.0,0.0,0.0,0.0,0.0,0.0,0.0,0.0,27.14,30.72,68100.0,280200.0,0.0
2021-11-30 10:33:24,300557.SZ,28.14,28.18,29.12,28.18,28.82,404600.0,11674887.0,1129.0,28.83,800.0,28.81,600.0,28.79,300.0,28.75,200.0,28.74,200.0,0.0,0.0,0.0,0.0,0.0,0.0,0.0,0.0,0.0,0.0,28.87,700.0,28.88,1100.0,28.93,400.0,28.96,600.0,28.99,14000.0,0.0,0.0,0.0,0.0,0.0,0.0,0.0,0.0,0.0,0.0,27.13,30.72,67500.0,280200.0,0.0
2021-11-30 10:33:27,300557.SZ,28.14,28.18,29.12,28.18,28.82,404600.0,11674887.0,1129.0,28.83,800.0,28.81,600.0,28.75,200.0,28.74,200.0,28.73,400.0,0.0,0.0,0.0,0.0,0.0,0.0,0.0,0.0,0.0,0.0,28.87,700.0,28.88,1100.0,28.93,400.0,28.96,600.0,28.99,14000.0,0.0,0.0,0.0,0.0,0.0,0.0,0.0,0.0,0.0,0.0,27.12,30.72,67200.0,280200.0,0.0
2021-11-30 10:33:30,300557.SZ,28.14,28.18,29.12,28.18,28.83,405100.0,11689302.0,1134.0,28.83,200.0,28.75,200.0,28.74,200.0,28.73,400.0,28.71,600.0,0.0,0.0,0.0,0.0,0.0,0.0,0.0,0.0,0.0,0.0,28.87,700.0,28.88,1100.0,28.93,400.0,28.96,600.0,28.99,14000.0,0.0,0.0,0.0,0.0,0.0,0.0,0.0,0.0,0.0,0.0,27.16,30.72,73000.0,280200.0,0.0
2021-11-30 10:33:36,300557.SZ,28.14,28.18,29.12,28.18,28.8,405500.0,11700828.0,1138.0,28.75,100.0,28.74,200.0,28.73,400.0,28.71,600.0,28.68,900.0,0.0,0.0,0.0,0.0,0.0,0.0,0.0,0.0,0.0,0.0,28.8,4600.0,28.87,700.0,28.88,1100.0,28.93,400.0,28.96,600.0,0.0,0.0,0.0,0.0,0.0,0.0,0.0,0.0,0.0,0.0,27.17,30.69,73700.0,284800.0,0.0
2021-11-30 10:33:39,300557.SZ,28.14,28.18,29.12,28.18,28.8,405500.0,11700828.0,1138.0,28.75,300.0,28.74,200.0,28.73,400.0,28.71,600.0,28.68,900.0,0.0,0.0,0.0,0.0,0.0,0.0,0.0,0.0,0.0,0.0,28.8,4600.0,28.87,700.0,28.88,1100.0,28.93,400.0,28.96,600.0,0.0,0.0,0.0,0.0,0.0,0.0,0.0,0.0,0.0,0.0,27.17,30.69,73900.0,284800.0,0.0
2021-11-30 10:33:54,300557.SZ,28.14,28.18,29.12,28.18,28.8,405500.0,11700828.0,1138.0,28.75,200.0,28.74,200.0,28.73,400.0,28.71,600.0,28.68,900.0,0.0,0.0,0.0,0.0,0.0,0.0,0.0,0.0,0.0,0.0,28.8,4600.0,28.87,700.0,28.88,1100.0,28.93,400.0,28.96,600.0,0.0,0.0,0.0,0.0,0.0,0.0,0.0,0.0,0.0,0.0,27.17,30.69,73800.0,284800.0,0.0
2021-11-30 10:34:54,300557.SZ,28.14,28.18,29.12,28.18,28.8,405500.0,11700828.0,1138.0,28.75,200.0,28.74,200.0,28.73,400.0,28.71,600.0,28.68,900.0,0.0,0.0,0.0,0.0,0.0,0.0,0.0,0.0,0.0,0.0,28.8,4600.0,28.87,700.0,28.88,1100.0,28.93,400.0,28.96,600.0,0.0,0.0,0.0,0.0,0.0,0.0,0.0,0.0,0.0,0.0,27.17,30.69,73800.0,284800.0,0.0
2021-11-30 10:35:54,300557.SZ,28.14,28.18,29.12,28.18,28.8,405500.0,11700828.0,1138.0,28.75,200.0,28.74,200.0,28.73,400.0,28.71,600.0,28.68,900.0,0.0,0.0,0.0,0.0,0.0,0.0,0.0,0.0,0.0,0.0,28.8,4600.0,28.87,700.0,28.88,1100.0,28.93,400.0,28.96,600.0,0.0,0.0,0.0,0.0,0.0,0.0,0.0,0.0,0.0,0.0,27.17,30.69,73800.0,284800.0,0.0
2021-11-30 10:35:57,300557.SZ,28.14,28.18,29.12,28.18,28.8,406400.0,11726748.0,1140.0,28.75,200.0,28.74,200.0,28.73,400.0,28.71,600.0,28.68,900.0,0.0,0.0,0.0,0.0,0.0,0.0,0.0,0.0,0.0,0.0,28.8,3700.0,28.87,700.0,28.88,1100.0,28.93,400.0,28.96,600.0,0.0,0.0,0.0,0.0,0.0,0.0,0.0,0.0,0.0,0.0,27.17,30.69,73800.0,283900.0,0.0
2021-11-30 10:36:09,300557.SZ,28.14,28.18,29.12,28.18,28.8,406500.0,11729628.0,1141.0,28.76,100.0,28.75,200.0,28.74,200.0,28.73,400.0,28.71,600.0,0.0,0.0,0.0,0.0,0.0,0.0,0.0,0.0,0.0,0.0,28.8,3600.0,28.87,700.0,28.88,1100.0,28.93,400.0,28.96,600.0,0.0,0.0,0.0,0.0,0.0,0.0,0.0,0.0,0.0,0.0,27.17,30.69,73900.0,283800.0,0.0
2021-11-30 10:36:15,300557.SZ,28.14,28.18,29.12,28.18,28.8,406500.0,11729628.0,1141.0,28.76,800.0,28.75,200.0,28.74,200.0,28.73,400.0,28.71,600.0,0.0,0.0,0.0,0.0,0.0,0.0,0.0,0.0,0.0,0.0,28.8,3600.0,28.87,700.0,28.88,1100.0,28.93,400.0,28.96,600.0,0.0,0.0,0.0,0.0,0.0,0.0,0.0,0.0,0.0,0.0,27.19,30.69,74600.0,283800.0,0.0
2021-11-30 10:36:21,300557.SZ,28.14,28.18,29.12,28.18,28.88,411900.0,11885285.0,1153.0,28.85,4000.0,28.84,100.0,28.83,100.0,28.82,400.0,28.81,100.0,0.0,0.0,0.0,0.0,0.0,0.0,0.0,0.0,0.0,0.0,28.93,400.0,28.96,600.0,28.99,14000.0,29.0,1700.0,29.02,1000.0,0.0,0.0,0.0,0.0,0.0,0.0,0.0,0.0,0.0,0.0,27.28,30.73,78900.0,278400.0,0.0
2021-11-30 10:36:24,300557.SZ,28.14,28.18,29.12,28.18,28.88,411900.0,11885285.0,1153.0,28.85,4000.0,28.84,100.0,28.83,100.0,28.82,400.0,28.81,100.0,0.0,0.0,0.0,0.0,0.0,0.0,0.0,0.0,0.0,0.0,28.93,400.0,28.96,600.0,28.99,14000.0,29.0,1700.0,29.02,1000.0,0.0,0.0,0.0,0.0,0.0,0.0,0.0,0.0,0.0,0.0,27.27,30.73,78100.0,278400.0,0.0
2021-11-30 10:36:27,300557.SZ,28.14,28.18,29.12,28.18,28.88,411900.0,11885285.0,1153.0,28.87,4000.0,28.85,200.0,28.84,100.0,28.83,100.0,28.82,400.0,0.0,0.0,0.0,0.0,0.0,0.0,0.0,0.0,0.0,0.0,28.93,400.0,28.96,600.0,28.99,14000.0,29.0,1700.0,29.02,1000.0,0.0,0.0,0.0,0.0,0.0,0.0,0.0,0.0,0.0,0.0,27.27,30.73,78200.0,278400.0,0.0
2021-11-30 10:36:30,300557.SZ,28.14,28.18,29.12,28.18,28.88,411900.0,11885285.0,1153.0,28.87,4000.0,28.85,200.0,28.84,100.0,28.83,100.0,28.82,400.0,0.0,0.0,0.0,0.0,0.0,0.0,0.0,0.0,0.0,0.0,28.93,400.0,28.96,600.0,28.99,14000.0,29.0,1700.0,29.02,1000.0,0.0,0.0,0.0,0.0,0.0,0.0,0.0,0.0,0.0,0.0,27.26,30.73,77700.0,278400.0,0.0
2021-11-30 10:36:33,300557.SZ,28.14,28.18,29.12,28.18,28.93,412000.0,11888178.0,1154.0,28.91,400.0,28.87,4200.0,28.85,200.0,28.84,100.0,28.83,100.0,0.0,0.0,0.0,0.0,0.0,0.0,0.0,0.0,0.0,0.0,28.93,300.0,28.96,600.0,28.99,14000.0,29.0,1700.0,29.02,1000.0,0.0,0.0,0.0,0.0,0.0,0.0,0.0,0.0,0.0,0.0,27.27,30.73,78300.0,278300.0,0.0
2021-11-30 10:36:36,300557.SZ,28.14,28.18,29.12,28.18,28.93,412000.0,11888178.0,1154.0,28.91,400.0,28.87,4200.0,28.85,200.0,28.8,400.0,28.77,600.0,0.0,0.0,0.0,0.0,0.0,0.0,0.0,0.0,0.0,0.0,28.93,300.0,28.96,600.0,28.99,14000.0,29.0,1700.0,29.02,1000.0,0.0,0.0,0.0,0.0,0.0,0.0,0.0,0.0,0.0,0.0,27.26,30.73,77700.0,278300.0,0.0
2021-11-30 10:36:51,300557.SZ,28.14,28.18,29.12,28.18,28.93,412000.0,11888178.0,1154.0,28.91,400.0,28.87,4200.0,28.85,200.0,28.8,400.0,28.76,100.0,0.0,0.0,0.0,0.0,0.0,0.0,0.0,0.0,0.0,0.0,28.93,300.0,28.96,600.0,28.99,14000.0,29.0,1700.0,29.02,1000.0,0.0,0.0,0.0,0.0,0.0,0.0,0.0,0.0,0.0,0.0,27.25,30.73,77100.0,278300.0,0.0
2021-11-30 10:37:00,300557.SZ,28.14,28.18,29.12,28.18,28.91,412200.0,11893960.0,1156.0,28.91,200.0,28.87,4200.0,28.85,200.0,28.8,400.0,28.76,100.0,0.0,0.0,0.0,0.0,0.0,0.0,0.0,0.0,0.0,0.0,28.93,300.0,28.96,600.0,28.99,14000.0,29.0,1700.0,29.02,1000.0,0.0,0.0,0.0,0.0,0.0,0.0,0.0,0.0,0.0,0.0,27.24,30.73,76900.0,278300.0,0.0
2021-11-30 10:37:06,300557.SZ,28.14,28.18,29.12,28.18,28.93,413500.0,11931561.0,1163.0,28.87,4200.0,28.85,200.0,28.8,400.0,28.76,100.0,28.73,200.0,0.0,0.0,0.0,0.0,0.0,0.0,0.0,0.0,0.0,0.0,28.89,300.0,28.93,1100.0,28.96,600.0,28.99,14000.0,29.0,1700.0,0.0,0.0,0.0,0.0,0.0,0.0,0.0,0.0,0.0,0.0,27.22,30.72,75500.0,279400.0,0.0
2021-11-30 10:37:09,300557.SZ,28.14,28.18,29.12,28.18,28.89,413700.0,11937339.0,1164.0,28.87,4200.0,28.85,200.0,28.8,400.0,28.76,100.0,28.73,200.0,0.0,0.0,0.0,0.0,0.0,0.0,0.0,0.0,0.0,0.0,28.89,100.0,28.96,600.0,28.99,14000.0,29.0,1700.0,29.02,1000.0,0.0,0.0,0.0,0.0,0.0,0.0,0.0,0.0,0.0,0.0,27.22,30.73,75500.0,278100.0,0.0
2021-11-30 10:37:21,300557.SZ,28.14,28.18,29.12,28.18,28.89,413700.0,11937339.0,1164.0,28.87,5200.0,28.85,200.0,28.8,400.0,28.76,100.0,28.73,200.0,0.0,0.0,0.0,0.0,0.0,0.0,0.0,0.0,0.0,0.0,28.89,100.0,28.96,600.0,28.99,14000.0,29.0,1700.0,29.02,1000.0,0.0,0.0,0.0,0.0,0.0,0.0,0.0,0.0,0.0,0.0,27.24,30.73,76500.0,278100.0,0.0
2021-11-30 10:37:33,300557.SZ,28.14,28.18,29.12,28.18,28.89,413700.0,11937339.0,1164.0,28.87,4200.0,28.85,200.0,28.8,400.0,28.76,100.0,28.73,200.0,0.0,0.0,0.0,0.0,0.0,0.0,0.0,0.0,0.0,0.0,28.89,100.0,28.96,600.0,28.99,14000.0,29.0,1700.0,29.02,1000.0,0.0,0.0,0.0,0.0,0.0,0.0,0.0,0.0,0.0,0.0,27.22,30.73,75500.0,278100.0,0.0
2021-11-30 10:37:39,300557.SZ,28.14,28.18,29.12,28.18,28.89,413700.0,11937339.0,1164.0,28.87,4200.0,28.85,200.0,28.8,400.0,28.76,100.0,28.73,200.0,0.0,0.0,0.0,0.0,0.0,0.0,0.0,0.0,0.0,0.0,28.89,100.0,28.9,5000.0,28.96,600.0,28.99,14000.0,29.0,1700.0,0.0,0.0,0.0,0.0,0.0,0.0,0.0,0.0,0.0,0.0,27.22,30.7,75500.0,283100.0,0.0
2021-11-30 10:37:42,300557.SZ,28.14,28.18,29.12,28.18,28.89,413700.0,11937339.0,1164.0,28.87,4000.0,28.85,200.0,28.8,400.0,28.76,100.0,28.73,200.0,0.0,0.0,0.0,0.0,0.0,0.0,0.0,0.0,0.0,0.0,28.89,100.0,28.9,5000.0,28.96,600.0,28.99,14000.0,29.0,1700.0,0.0,0.0,0.0,0.0,0.0,0.0,0.0,0.0,0.0,0.0,27.21,30.7,75300.0,283100.0,0.0
2021-11-30 10:37:45,300557.SZ,28.14,28.18,29.12,28.18,28.89,413700.0,11937339.0,1164.0,28.87,4000.0,28.85,200.0,28.8,400.0,28.76,100.0,28.73,200.0,0.0,0.0,0.0,0.0,0.0,0.0,0.0,0.0,0.0,0.0,28.89,100.0,28.9,5000.0,28.96,600.0,28.98,500.0,28.99,14000.0,0.0,0.0,0.0,0.0,0.0,0.0,0.0,0.0,0.0,0.0,27.21,30.7,75300.0,283600.0,0.0
2021-11-30 10:37:48,300557.SZ,28.14,28.18,29.12,28.18,28.89,413700.0,11937339.0,1164.0,28.87,4300.0,28.85,200.0,28.8,400.0,28.76,100.0,28.73,200.0,0.0,0.0,0.0,0.0,0.0,0.0,0.0,0.0,0.0,0.0,28.89,100.0,28.9,5000.0,28.96,600.0,28.98,500.0,28.99,14000.0,0.0,0.0,0.0,0.0,0.0,0.0,0.0,0.0,0.0,0.0,27.22,30.7,75600.0,283600.0,0.0
2021-11-30 10:38:00,300557.SZ,28.14,28.18,29.12,28.18,28.9,418300.0,12070278.0,1166.0,28.87,4300.0,28.85,200.0,28.8,400.0,28.76,100.0,28.73,200.0,0.0,0.0,0.0,0.0,0.0,0.0,0.0,0.0,0.0,0.0,28.9,500.0,28.96,600.0,28.98,500.0,28.99,14000.0,29.0,1700.0,0.0,0.0,0.0,0.0,0.0,0.0,0.0,0.0,0.0,0.0,27.22,30.73,75600.0,279000.0,0.0
2021-11-30 10:38:03,300557.SZ,28.14,28.18,29.12,28.18,28.9,419100.0,12093392.0,1171.0,28.93,300.0,28.92,400.0,28.91,600.0,28.9,200.0,28.88,1900.0,0.0,0.0,0.0,0.0,0.0,0.0,0.0,0.0,0.0,0.0,28.96,600.0,28.98,500.0,28.99,14000.0,29.0,1700.0,29.02,1000.0,0.0,0.0,0.0,0.0,0.0,0.0,0.0,0.0,0.0,0.0,27.29,30.73,78900.0,278500.0,0.0
2021-11-30 10:38:06,300557.SZ,28.14,28.18,29.12,28.18,28.96,419200.0,12096288.0,1172.0,28.94,100.0,28.93,300.0,28.92,400.0,28.91,600.0,28.9,200.0,0.0,0.0,0.0,0.0,0.0,0.0,0.0,0.0,0.0,0.0,28.96,500.0,28.98,500.0,28.99,14000.0,29.0,1700.0,29.02,1000.0,0.0,0.0,0.0,0.0,0.0,0.0,0.0,0.0,0.0,0.0,27.3,30.73,79200.0,278400.0,0.0
2021-11-30 10:38:09,300557.SZ,28.14,28.18,29.12,28.18,28.96,419200.0,12096288.0,1172.0,28.94,100.0,28.93,300.0,28.92,400.0,28.91,600.0,28.9,200.0,0.0,0.0,0.0,0.0,0.0,0.0,0.0,0.0,0.0,0.0,28.96,500.0,28.98,500.0,28.99,14000.0,29.0,1700.0,29.02,1000.0,0.0,0.0,0.0,0.0,0.0,0.0,0.0,0.0,0.0,0.0,27.32,30.73,80200.0,278400.0,0.0
2021-11-30 10:38:18,300557.SZ,28.14,28.18,29.12,28.18,28.96,419200.0,12096288.0,1172.0,28.94,100.0,28.88,2900.0,28.87,4500.0,28.85,200.0,28.8,400.0,0.0,0.0,0.0,0.0,0.0,0.0,0.0,0.0,0.0,0.0,28.96,500.0,28.98,500.0,28.99,14000.0,29.0,1700.0,29.02,1000.0,0.0,0.0,0.0,0.0,0.0,0.0,0.0,0.0,0.0,0.0,27.29,30.73,78700.0,278400.0,0.0
2021-11-30 10:38:24,300557.SZ,28.14,28.18,29.12,28.18,28.96,419200.0,12096288.0,1172.0,28.88,1900.0,28.87,4500.0,28.85,200.0,28.8,400.0,28.73,200.0,0.0,0.0,0.0,0.0,0.0,0.0,0.0,0.0,0.0,0.0,28.96,500.0,28.98,500.0,28.99,14000.0,29.0,1700.0,29.02,1000.0,0.0,0.0,0.0,0.0,0.0,0.0,0.0,0.0,0.0,0.0,27.26,30.73,77600.0,278400.0,0.0
2021-11-30 10:38:27,300557.SZ,28.14,28.18,29.12,28.18,28.96,419200.0,12096288.0,1172.0,28.88,2100.0,28.87,4500.0,28.85,200.0,28.8,400.0,28.73,200.0,0.0,0.0,0.0,0.0,0.0,0.0,0.0,0.0,0.0,0.0,28.96,500.0,28.98,500.0,28.99,14000.0,29.0,1700.0,29.02,1000.0,0.0,0.0,0.0,0.0,0.0,0.0,0.0,0.0,0.0,0.0,27.27,30.73,77800.0,278400.0,0.0
2021-11-30 10:38:30,300557.SZ,28.14,28.18,29.12,28.18,28.96,419200.0,12096288.0,1172.0,28.88,2100.0,28.87,4500.0,28.85,200.0,28.8,400.0,28.73,200.0,0.0,0.0,0.0,0.0,0.0,0.0,0.0,0.0,0.0,0.0,28.96,700.0,28.98,500.0,28.99,14000.0,29.0,1700.0,29.02,1000.0,0.0,0.0,0.0,0.0,0.0,0.0,0.0,0.0,0.0,0.0,27.27,30.73,77800.0,278600.0,0.0
2021-11-30 10:38:36,300557.SZ,28.14,28.18,29.12,28.18,28.96,419200.0,12096288.0,1172.0,28.89,1000.0,28.88,2100.0,28.87,4500.0,28.85,200.0,28.8,400.0,0.0,0.0,0.0,0.0,0.0,0.0,0.0,0.0,0.0,0.0,28.96,700.0,28.98,500.0,28.99,14000.0,29.0,1700.0,29.02,1000.0,0.0,0.0,0.0,0.0,0.0,0.0,0.0,0.0,0.0,0.0,27.29,30.73,78800.0,278600.0,0.0
2021-11-30 10:38:39,300557.SZ,28.14,28.18,29.12,28.18,28.96,419200.0,12096288.0,1172.0,28.89,1200.0,28.88,2100.0,28.87,4500.0,28.85,200.0,28.8,400.0,0.0,0.0,0.0,0.0,0.0,0.0,0.0,0.0,0.0,0.0,28.96,700.0,28.98,500.0,28.99,14000.0,29.0,1700.0,29.02,1000.0,0.0,0.0,0.0,0.0,0.0,0.0,0.0,0.0,0.0,0.0,27.29,30.73,79000.0,278600.0,0.0
2021-11-30 10:38:42,300557.SZ,28.14,28.18,29.12,28.18,28.96,419200.0,12096288.0,1172.0,28.89,1200.0,28.88,2100.0,28.87,4500.0,28.85,200.0,28.8,400.0,0.0,0.0,0.0,0.0,0.0,0.0,0.0,0.0,0.0,0.0,28.95,3000.0,28.96,700.0,28.98,500.0,28.99,14000.0,29.0,1700.0,0.0,0.0,0.0,0.0,0.0,0.0,0.0,0.0,0.0,0.0,27.29,30.71,79000.0,281600.0,0.0
2021-11-30 10:38:51,300557.SZ,28.14,28.18,29.12,28.18,28.96,419200.0,12096288.0,1172.0,28.89,1200.0,28.88,2100.0,28.87,4500.0,28.85,200.0,28.8,400.0,0.0,0.0,0.0,0.0,0.0,0.0,0.0,0.0,0.0,0.0,28.95,8000.0,28.96,700.0,28.98,500.0,28.99,14000.0,29.0,1700.0,0.0,0.0,0.0,0.0,0.0,0.0,0.0,0.0,0.0,0.0,27.29,30.68,79000.0,286600.0,0.0
2021-11-30 10:39:09,300557.SZ,28.14,28.18,29.12,28.18,28.96,419200.0,12096288.0,1172.0,28.89,1200.0,28.88,2100.0,28.87,4500.0,28.85,200.0,28.8,400.0,0.0,0.0,0.0,0.0,0.0,0.0,0.0,0.0,0.0,0.0,28.95,8000.0,28.96,700.0,28.98,700.0,28.99,14000.0,29.0,1700.0,0.0,0.0,0.0,0.0,0.0,0.0,0.0,0.0,0.0,0.0,27.29,30.68,79000.0,286800.0,0.0
2021-11-30 10:39:12,300557.SZ,28.14,28.18,29.12,28.18,28.96,419200.0,12096288.0,1172.0,28.89,1200.0,28.88,2100.0,28.87,4500.0,28.85,200.0,28.8,400.0,0.0,0.0,0.0,0.0,0.0,0.0,0.0,0.0,0.0,0.0,28.92,600.0,28.95,8000.0,28.96,700.0,28.98,700.0,28.99,14000.0,0.0,0.0,0.0,0.0,0.0,0.0,0.0,0.0,0.0,0.0,27.29,30.67,79000.0,287400.0,0.0
2021-11-30 10:39:21,300557.SZ,28.14,28.18,29.12,28.18,28.96,419200.0,12096288.0,1172.0,28.89,1200.0,28.88,2100.0,28.87,4500.0,28.85,200.0,28.8,400.0,0.0,0.0,0.0,0.0,0.0,0.0,0.0,0.0,0.0,0.0,28.92,600.0,28.95,8000.0,28.96,800.0,28.98,700.0,28.99,14000.0,0.0,0.0,0.0,0.0,0.0,0.0,0.0,0.0,0.0,0.0,27.29,30.67,79000.0,287500.0,0.0
2021-11-30 10:39:36,300557.SZ,28.14,28.18,29.12,28.18,28.96,419200.0,12096288.0,1172.0,28.89,1200.0,28.88,2100.0,28.87,4500.0,28.85,200.0,28.8,400.0,0.0,0.0,0.0,0.0,0.0,0.0,0.0,0.0,0.0,0.0,28.95,8000.0,28.96,800.0,28.98,700.0,28.99,14000.0,29.0,1700.0,0.0,0.0,0.0,0.0,0.0,0.0,0.0,0.0,0.0,0.0,27.29,30.68,79000.0,286900.0,0.0
2021-11-30 10:39:42,300557.SZ,28.14,28.18,29.12,28.18,28.96,419200.0,12096288.0,1172.0,28.89,1900.0,28.88,2100.0,28.87,4500.0,28.85,200.0,28.8,400.0,0.0,0.0,0.0,0.0,0.0,0.0,0.0,0.0,0.0,0.0,28.95,8000.0,28.96,800.0,28.98,700.0,28.99,14000.0,29.0,1700.0,0.0,0.0,0.0,0.0,0.0,0.0,0.0,0.0,0.0,0.0,27.31,30.68,79700.0,286900.0,0.0
2021-11-30 10:40:12,300557.SZ,28.14,28.18,29.12,28.18,28.96,419200.0,12096288.0,1172.0,28.89,1900.0,28.88,2100.0,28.87,500.0,28.85,200.0,28.8,400.0,0.0,0.0,0.0,0.0,0.0,0.0,0.0,0.0,0.0,0.0,28.95,8000.0,28.96,800.0,28.98,700.0,28.99,14000.0,29.0,1700.0,0.0,0.0,0.0,0.0,0.0,0.0,0.0,0.0,0.0,0.0,27.22,30.68,75700.0,286900.0,0.0
2021-11-30 10:40:18,300557.SZ,28.14,28.18,29.12,28.18,28.96,419200.0,12096288.0,1172.0,28.89,1900.0,28.88,2100.0,28.87,500.0,28.85,200.0,28.8,400.0,0.0,0.0,0.0,0.0,0.0,0.0,0.0,0.0,0.0,0.0,28.94,200.0,28.95,8000.0,28.96,800.0,28.98,700.0,28.99,14000.0,0.0,0.0,0.0,0.0,0.0,0.0,0.0,0.0,0.0,0.0,27.22,30.68,75700.0,287100.0,0.0
2021-11-30 10:40:24,300557.SZ,28.14,28.18,29.12,28.18,28.96,419200.0,12096288.0,1172.0,28.89,2100.0,28.88,2100.0,28.87,200.0,28.85,200.0,28.8,400.0,0.0,0.0,0.0,0.0,0.0,0.0,0.0,0.0,0.0,0.0,28.94,200.0,28.95,8000.0,28.96,800.0,28.98,700.0,28.99,14000.0,0.0,0.0,0.0,0.0,0.0,0.0,0.0,0.0,0.0,0.0,27.22,30.68,75600.0,287100.0,0.0
2021-11-30 10:40:36,300557.SZ,28.14,28.18,29.12,28.18,28.96,419200.0,12096288.0,1172.0,28.89,2100.0,28.88,2100.0,28.87,200.0,28.85,200.0,28.8,400.0,0.0,0.0,0.0,0.0,0.0,0.0,0.0,0.0,0.0,0.0,28.94,1200.0,28.95,8000.0,28.96,800.0,28.98,700.0,28.99,14000.0,0.0,0.0,0.0,0.0,0.0,0.0,0.0,0.0,0.0,0.0,27.22,30.67,75600.0,288100.0,0.0
2021-11-30 10:40:42,300557.SZ,28.14,28.18,29.12,28.18,28.96,419200.0,12096288.0,1172.0,28.89,2100.0,28.88,2100.0,28.87,200.0,28.85,200.0,28.8,400.0,0.0,0.0,0.0,0.0,0.0,0.0,0.0,0.0,0.0,0.0,28.94,2800.0,28.95,8000.0,28.96,800.0,28.98,700.0,28.99,14000.0,0.0,0.0,0.0,0.0,0.0,0.0,0.0,0.0,0.0,0.0,27.22,30.66,75600.0,289700.0,0.0
2021-11-30 10:40:45,300557.SZ,28.14,28.18,29.12,28.18,28.96,419200.0,12096288.0,1172.0,28.89,2600.0,28.88,2100.0,28.87,200.0,28.85,200.0,28.8,400.0,0.0,0.0,0.0,0.0,0.0,0.0,0.0,0.0,0.0,0.0,28.94,2800.0,28.95,8000.0,28.96,800.0,28.98,700.0,28.99,14000.0,0.0,0.0,0.0,0.0,0.0,0.0,0.0,0.0,0.0,0.0,27.23,30.66,76100.0,289700.0,0.0
2021-11-30 10:41:12,300557.SZ,28.14,28.18,29.12,28.18,28.94,419700.0,12110758.0,1174.0,28.9,100.0,28.89,2600.0,28.88,2100.0,28.87,200.0,28.85,200.0,0.0,0.0,0.0,0.0,0.0,0.0,0.0,0.0,0.0,0.0,28.94,2300.0,28.95,8000.0,28.96,800.0,28.98,700.0,28.99,14000.0,0.0,0.0,0.0,0.0,0.0,0.0,0.0,0.0,0.0,0.0,27.23,30.66,76200.0,289200.0,0.0
2021-11-30 10:41:15,300557.SZ,28.14,28.18,29.12,28.18,28.94,419700.0,12110758.0,1174.0,28.9,100.0,28.89,2600.0,28.88,2100.0,28.87,200.0,28.85,200.0,0.0,0.0,0.0,0.0,0.0,0.0,0.0,0.0,0.0,0.0,28.94,2300.0,28.95,8000.0,28.96,800.0,28.98,700.0,28.99,14000.0,0.0,0.0,0.0,0.0,0.0,0.0,0.0,0.0,0.0,0.0,27.23,30.66,75900.0,289200.0,0.0
2021-11-30 10:41:39,300557.SZ,28.14,28.18,29.12,28.18,28.94,419700.0,12110758.0,1174.0,28.89,2600.0,28.88,2100.0,28.87,200.0,28.85,200.0,28.8,400.0,0.0,0.0,0.0,0.0,0.0,0.0,0.0,0.0,0.0,0.0,28.94,2300.0,28.95,8000.0,28.96,800.0,28.98,700.0,28.99,14000.0,0.0,0.0,0.0,0.0,0.0,0.0,0.0,0.0,0.0,0.0,27.02,30.66,65800.0,289200.0,0.0
2021-11-30 10:41:51,300557.SZ,28.14,28.18,29.12,28.18,28.94,419700.0,12110758.0,1174.0,28.89,2600.0,28.88,2100.0,28.87,200.0,28.85,200.0,28.8,400.0,0.0,0.0,0.0,0.0,0.0,0.0,0.0,0.0,0.0,0.0,28.94,3300.0,28.95,8000.0,28.96,800.0,28.98,700.0,28.99,14000.0,0.0,0.0,0.0,0.0,0.0,0.0,0.0,0.0,0.0,0.0,27.02,30.66,65800.0,290200.0,0.0
2021-11-30 10:41:54,300557.SZ,28.14,28.18,29.12,28.18,28.94,419700.0,12110758.0,1174.0,28.89,2600.0,28.88,2100.0,28.87,200.0,28.85,200.0,28.8,400.0,0.0,0.0,0.0,0.0,0.0,0.0,0.0,0.0,0.0,0.0,28.94,3700.0,28.95,8000.0,28.96,800.0,28.98,700.0,28.99,14000.0,0.0,0.0,0.0,0.0,0.0,0.0,0.0,0.0,0.0,0.0,27.02,30.65,65800.0,290600.0,0.0
2021-11-30 10:41:57,300557.SZ,28.14,28.18,29.12,28.18,28.94,419700.0,12110758.0,1174.0,28.89,2400.0,28.88,2100.0,28.87,200.0,28.85,200.0,28.8,400.0,0.0,0.0,0.0,0.0,0.0,0.0,0.0,0.0,0.0,0.0,28.94,3700.0,28.95,8000.0,28.96,800.0,28.98,700.0,28.99,14000.0,0.0,0.0,0.0,0.0,0.0,0.0,0.0,0.0,0.0,0.0,27.01,30.65,65600.0,290600.0,0.0
2021-11-30 10:42:06,300557.SZ,28.14,28.18,29.12,28.18,28.94,419700.0,12110758.0,1174.0,28.89,2400.0,28.88,2100.0,28.87,200.0,28.85,200.0,28.8,400.0,0.0,0.0,0.0,0.0,0.0,0.0,0.0,0.0,0.0,0.0,28.94,3700.0,28.95,8000.0,28.96,800.0,28.98,700.0,28.99,14000.0,0.0,0.0,0.0,0.0,0.0,0.0,0.0,0.0,0.0,0.0,27.0,30.65,65100.0,290600.0,0.0
2021-11-30 10:42:18,300557.SZ,28.14,28.18,29.12,28.18,28.94,419700.0,12110758.0,1174.0,28.89,2400.0,28.88,2100.0,28.87,200.0,28.85,200.0,28.8,400.0,0.0,0.0,0.0,0.0,0.0,0.0,0.0,0.0,0.0,0.0,28.94,3700.0,28.95,5000.0,28.96,800.0,28.98,700.0,28.99,14000.0,0.0,0.0,0.0,0.0,0.0,0.0,0.0,0.0,0.0,0.0,27.0,30.67,65100.0,287600.0,0.0
2021-11-30 10:42:21,300557.SZ,28.14,28.18,29.12,28.18,28.89,419900.0,12116536.0,1175.0,28.89,2200.0,28.88,2100.0,28.87,200.0,28.85,200.0,28.8,400.0,0.0,0.0,0.0,0.0,0.0,0.0,0.0,0.0,0.0,0.0,28.94,3700.0,28.95,5000.0,28.96,800.0,28.98,700.0,28.99,14000.0,0.0,0.0,0.0,0.0,0.0,0.0,0.0,0.0,0.0,0.0,27.0,30.67,64900.0,287600.0,0.0
2021-11-30 10:42:33,300557.SZ,28.14,28.18,29.12,28.18,28.89,419900.0,12116536.0,1175.0,28.89,2200.0,28.88,2100.0,28.87,200.0,28.85,200.0,28.8,400.0,0.0,0.0,0.0,0.0,0.0,0.0,0.0,0.0,0.0,0.0,28.94,3700.0,28.95,5000.0,28.96,800.0,28.98,700.0,28.99,14000.0,0.0,0.0,0.0,0.0,0.0,0.0,0.0,0.0,0.0,0.0,26.99,30.67,64600.0,287600.0,0.0
2021-11-30 10:42:42,300557.SZ,28.14,28.18,29.12,28.18,28.89,419900.0,12116536.0,1175.0,28.89,2200.0,28.88,2100.0,28.87,200.0,28.85,200.0,28.8,400.0,0.0,0.0,0.0,0.0,0.0,0.0,0.0,0.0,0.0,0.0,28.94,3700.0,28.95,5000.0,28.96,800.0,28.98,3700.0,28.99,14000.0,0.0,0.0,0.0,0.0,0.0,0.0,0.0,0.0,0.0,0.0,27.0,30.65,65100.0,290600.0,0.0
2021-11-30 10:43:06,300557.SZ,28.14,28.18,29.12,28.18,28.89,420500.0,12133870.0,1176.0,28.89,1600.0,28.88,2100.0,28.87,200.0,28.85,200.0,28.8,400.0,0.0,0.0,0.0,0.0,0.0,0.0,0.0,0.0,0.0,0.0,28.94,3700.0,28.95,5000.0,28.96,800.0,28.98,3700.0,28.99,14000.0,0.0,0.0,0.0,0.0,0.0,0.0,0.0,0.0,0.0,0.0,26.98,30.65,64500.0,290800.0,0.0
2021-11-30 10:43:12,300557.SZ,28.14,28.18,29.12,28.18,28.89,420500.0,12133870.0,1176.0,28.89,1600.0,28.88,2100.0,28.87,200.0,28.85,200.0,28.8,400.0,0.0,0.0,0.0,0.0,0.0,0.0,0.0,0.0,0.0,0.0,28.9,100.0,28.94,3700.0,28.95,5000.0,28.96,800.0,28.98,3700.0,0.0,0.0,0.0,0.0,0.0,0.0,0.0,0.0,0.0,0.0,26.98,30.65,64500.0,290900.0,0.0
2021-11-30 10:43:30,300557.SZ,28.14,28.18,29.12,28.18,28.89,420500.0,12133870.0,1176.0,28.89,1600.0,28.88,2100.0,28.87,200.0,28.85,200.0,28.8,400.0,0.0,0.0,0.0,0.0,0.0,0.0,0.0,0.0,0.0,0.0,28.9,200.0,28.94,3700.0,28.95,5000.0,28.96,800.0,28.98,3700.0,0.0,0.0,0.0,0.0,0.0,0.0,0.0,0.0,0.0,0.0,26.98,30.65,64500.0,291000.0,0.0
2021-11-30 10:44:09,300557.SZ,28.14,28.18,29.12,28.18,28.89,420500.0,12133870.0,1176.0,28.89,1600.0,28.88,2100.0,28.87,200.0,28.85,200.0,28.8,400.0,0.0,0.0,0.0,0.0,0.0,0.0,0.0,0.0,0.0,0.0,28.9,200.0,28.94,3700.0,28.95,2000.0,28.96,800.0,28.98,3700.0,0.0,0.0,0.0,0.0,0.0,0.0,0.0,0.0,0.0,0.0,26.98,30.67,64500.0,288000.0,0.0
2021-11-30 10:44:21,300557.SZ,28.14,28.18,29.12,28.18,28.89,420500.0,12133870.0,1176.0,28.89,1600.0,28.88,2100.0,28.87,200.0,28.85,200.0,28.8,400.0,0.0,0.0,0.0,0.0,0.0,0.0,0.0,0.0,0.0,0.0,28.9,200.0,28.94,3700.0,28.95,2000.0,28.96,800.0,28.98,6700.0,0.0,0.0,0.0,0.0,0.0,0.0,0.0,0.0,0.0,0.0,26.98,30.65,64500.0,291000.0,0.0
2021-11-30 10:44:30,300557.SZ,28.14,28.18,29.12,28.18,28.89,420600.0,12136759.0,1177.0,28.89,1500.0,28.88,2100.0,28.87,200.0,28.85,200.0,28.8,400.0,0.0,0.0,0.0,0.0,0.0,0.0,0.0,0.0,0.0,0.0,28.9,200.0,28.94,3700.0,28.95,2000.0,28.96,800.0,28.98,6700.0,0.0,0.0,0.0,0.0,0.0,0.0,0.0,0.0,0.0,0.0,26.98,30.65,64400.0,291000.0,0.0
2021-11-30 10:44:45,300557.SZ,28.14,28.18,29.12,28.18,28.89,420600.0,12136759.0,1177.0,28.89,800.0,28.88,2100.0,28.87,200.0,28.85,200.0,28.8,400.0,0.0,0.0,0.0,0.0,0.0,0.0,0.0,0.0,0.0,0.0,28.9,200.0,28.94,3700.0,28.95,2000.0,28.96,800.0,28.98,6700.0,0.0,0.0,0.0,0.0,0.0,0.0,0.0,0.0,0.0,0.0,26.96,30.65,63700.0,291000.0,0.0
2021-11-30 10:45:00,300557.SZ,28.14,28.18,29.12,28.18,28.89,420600.0,12136759.0,1177.0,28.89,800.0,28.88,2100.0,28.87,200.0,28.85,200.0,28.8,400.0,0.0,0.0,0.0,0.0,0.0,0.0,0.0,0.0,0.0,0.0,28.9,200.0,28.94,3700.0,28.95,2000.0,28.96,800.0,28.98,6700.0,0.0,0.0,0.0,0.0,0.0,0.0,0.0,0.0,0.0,0.0,26.96,30.65,63800.0,291000.0,0.0
2021-11-30 10:45:09,300557.SZ,28.14,28.18,29.12,28.18,28.89,421400.0,12159871.0,1180.0,28.88,2100.0,28.87,200.0,28.85,200.0,28.8,400.0,28.73,200.0,0.0,0.0,0.0,0.0,0.0,0.0,0.0,0.0,0.0,0.0,28.9,200.0,28.94,3700.0,28.95,2000.0,28.96,800.0,28.98,6700.0,0.0,0.0,0.0,0.0,0.0,0.0,0.0,0.0,0.0,0.0,26.94,30.65,63000.0,291000.0,0.0
2021-11-30 10:45:21,300557.SZ,28.14,28.18,29.12,28.18,28.89,421400.0,12159871.0,1180.0,28.88,2100.0,28.87,200.0,28.85,200.0,28.8,400.0,28.73,200.0,0.0,0.0,0.0,0.0,0.0,0.0,0.0,0.0,0.0,0.0,28.9,200.0,28.93,200.0,28.94,3700.0,28.95,2000.0,28.96,800.0,0.0,0.0,0.0,0.0,0.0,0.0,0.0,0.0,0.0,0.0,26.94,30.65,63000.0,291200.0,0.0
2021-11-30 10:45:36,300557.SZ,28.14,28.18,29.12,28.18,28.9,421600.0,12165651.0,1182.0,28.9,400.0,28.88,2100.0,28.87,200.0,28.85,200.0,28.8,400.0,0.0,0.0,0.0,0.0,0.0,0.0,0.0,0.0,0.0,0.0,28.93,200.0,28.94,3700.0,28.95,2000.0,28.96,800.0,28.98,6700.0,0.0,0.0,0.0,0.0,0.0,0.0,0.0,0.0,0.0,0.0,26.95,30.65,63400.0,291000.0,0.0
2021-11-30 10:45:48,300557.SZ,28.14,28.18,29.12,28.18,28.9,421600.0,12165651.0,1182.0,28.88,2100.0,28.87,200.0,28.85,200.0,28.8,400.0,28.73,200.0,0.0,0.0,0.0,0.0,0.0,0.0,0.0,0.0,0.0,0.0,28.93,200.0,28.94,3700.0,28.95,2000.0,28.96,800.0,28.98,6700.0,0.0,0.0,0.0,0.0,0.0,0.0,0.0,0.0,0.0,0.0,26.94,30.65,63000.0,291000.0,0.0
2021-11-30 10:45:51,300557.SZ,28.14,28.18,29.12,28.18,28.93,421800.0,12171437.0,1183.0,28.93,700.0,28.88,2100.0,28.87,200.0,28.85,200.0,28.8,400.0,0.0,0.0,0.0,0.0,0.0,0.0,0.0,0.0,0.0,0.0,28.94,3700.0,28.95,2000.0,28.96,800.0,28.98,6700.0,28.99,14000.0,0.0,0.0,0.0,0.0,0.0,0.0,0.0,0.0,0.0,0.0,26.96,30.65,63700.0,290800.0,0.0
2021-11-30 10:46:03,300557.SZ,28.14,28.18,29.12,28.18,28.94,422500.0,12191695.0,1184.0,28.89,100.0,28.88,2200.0,28.87,200.0,28.85,200.0,28.8,400.0,0.0,0.0,0.0,0.0,0.0,0.0,0.0,0.0,0.0,0.0,28.94,3000.0,28.95,2000.0,28.96,800.0,28.98,6700.0,28.99,14000.0,0.0,0.0,0.0,0.0,0.0,0.0,0.0,0.0,0.0,0.0,26.94,30.66,63200.0,290100.0,0.0
2021-11-30 10:47:03,300557.SZ,28.14,28.18,29.12,28.18,28.94,422500.0,12191695.0,1184.0,28.89,100.0,28.88,2200.0,28.87,200.0,28.85,200.0,28.8,400.0,0.0,0.0,0.0,0.0,0.0,0.0,0.0,0.0,0.0,0.0,28.94,3000.0,28.95,2000.0,28.96,800.0,28.98,6700.0,28.99,14000.0,0.0,0.0,0.0,0.0,0.0,0.0,0.0,0.0,0.0,0.0,26.94,30.66,63200.0,290100.0,0.0
2021-11-30 10:47:27,300557.SZ,28.14,28.18,29.12,28.18,28.94,423300.0,12214847.0,1185.0,28.89,100.0,28.88,2200.0,28.87,200.0,28.85,200.0,28.8,400.0,0.0,0.0,0.0,0.0,0.0,0.0,0.0,0.0,0.0,0.0,28.94,2200.0,28.95,2000.0,28.96,800.0,28.98,6700.0,28.99,14000.0,0.0,0.0,0.0,0.0,0.0,0.0,0.0,0.0,0.0,0.0,26.94,30.66,63200.0,289300.0,0.0
2021-11-30 10:47:48,300557.SZ,28.14,28.18,29.12,28.18,28.94,423300.0,12214847.0,1185.0,28.89,100.0,28.88,2200.0,28.87,200.0,28.85,200.0,28.8,400.0,0.0,0.0,0.0,0.0,0.0,0.0,0.0,0.0,0.0,0.0,28.94,2200.0,28.95,2000.0,28.96,800.0,28.98,6700.0,28.99,14000.0,0.0,0.0,0.0,0.0,0.0,0.0,0.0,0.0,0.0,0.0,26.94,30.66,63200.0,291300.0,0.0
2021-11-30 10:48:12,300557.SZ,28.14,28.18,29.12,28.18,28.94,423300.0,12214847.0,1185.0,28.89,100.0,28.88,2200.0,28.87,200.0,28.85,200.0,28.8,400.0,0.0,0.0,0.0,0.0,0.0,0.0,0.0,0.0,0.0,0.0,28.94,2200.0,28.95,2000.0,28.96,800.0,28.98,6700.0,28.99,14000.0,0.0,0.0,0.0,0.0,0.0,0.0,0.0,0.0,0.0,0.0,26.94,30.64,63200.0,293300.0,0.0
2021-11-30 10:48:42,300557.SZ,28.14,28.18,29.12,28.18,28.94,423300.0,12214847.0,1185.0,28.89,200.0,28.88,2200.0,28.87,200.0,28.85,200.0,28.8,400.0,0.0,0.0,0.0,0.0,0.0,0.0,0.0,0.0,0.0,0.0,28.94,2200.0,28.95,2000.0,28.96,800.0,28.98,6700.0,28.99,14000.0,0.0,0.0,0.0,0.0,0.0,0.0,0.0,0.0,0.0,0.0,26.95,30.64,63300.0,293300.0,0.0
2021-11-30 10:48:45,300557.SZ,28.14,28.18,29.12,28.18,28.89,423600.0,12223514.0,1188.0,28.88,2200.0,28.87,200.0,28.85,200.0,28.8,400.0,28.73,200.0,0.0,0.0,0.0,0.0,0.0,0.0,0.0,0.0,0.0,0.0,28.89,2700.0,28.94,2200.0,28.95,2000.0,28.96,800.0,28.98,6700.0,0.0,0.0,0.0,0.0,0.0,0.0,0.0,0.0,0.0,0.0,26.94,30.63,63100.0,296000.0,0.0
2021-11-30 10:48:48,300557.SZ,28.14,28.18,29.12,28.18,28.89,423800.0,12229292.0,1189.0,28.88,2000.0,28.87,200.0,28.85,200.0,28.8,400.0,28.73,200.0,0.0,0.0,0.0,0.0,0.0,0.0,0.0,0.0,0.0,0.0,28.89,2500.0,28.94,2200.0,28.95,2000.0,28.96,800.0,28.98,6700.0,0.0,0.0,0.0,0.0,0.0,0.0,0.0,0.0,0.0,0.0,26.94,30.63,62900.0,295800.0,0.0
2021-11-30 10:48:54,300557.SZ,28.14,28.18,29.12,28.18,28.89,426300.0,12301517.0,1193.0,28.88,3100.0,28.87,200.0,28.85,200.0,28.8,400.0,28.73,200.0,0.0,0.0,0.0,0.0,0.0,0.0,0.0,0.0,0.0,0.0,28.94,2200.0,28.95,2000.0,28.96,800.0,28.98,6700.0,28.99,14000.0,0.0,0.0,0.0,0.0,0.0,0.0,0.0,0.0,0.0,0.0,26.97,30.64,64000.0,293300.0,0.0
2021-11-30 10:48:57,300557.SZ,28.14,28.18,29.12,28.18,28.89,426300.0,12301517.0,1193.0,28.9,400.0,28.89,100.0,28.88,3000.0,28.87,200.0,28.85,200.0,0.0,0.0,0.0,0.0,0.0,0.0,0.0,0.0,0.0,0.0,28.94,2200.0,28.95,2000.0,28.96,800.0,28.98,3700.0,28.99,14000.0,0.0,0.0,0.0,0.0,0.0,0.0,0.0,0.0,0.0,0.0,26.98,30.66,64400.0,290300.0,0.0
2021-11-30 10:49:03,300557.SZ,28.14,28.18,29.12,28.18,28.89,426300.0,12301517.0,1193.0,28.9,400.0,28.89,100.0,28.88,3000.0,28.87,200.0,28.85,200.0,0.0,0.0,0.0,0.0,0.0,0.0,0.0,0.0,0.0,0.0,28.94,2200.0,28.95,2000.0,28.96,800.0,28.98,700.0,28.99,14000.0,0.0,0.0,0.0,0.0,0.0,0.0,0.0,0.0,0.0,0.0,26.98,30.68,64400.0,287300.0,0.0
2021-11-30 10:49:09,300557.SZ,28.14,28.18,29.12,28.18,28.94,427800.0,12344927.0,1201.0,28.91,1500.0,28.9,400.0,28.89,100.0,28.88,2100.0,28.87,200.0,0.0,0.0,0.0,0.0,0.0,0.0,0.0,0.0,0.0,0.0,28.94,700.0,28.95,2000.0,28.96,800.0,28.98,700.0,28.99,14000.0,0.0,0.0,0.0,0.0,0.0,0.0,0.0,0.0,0.0,0.0,27.0,30.69,65000.0,285800.0,0.0
2021-11-30 10:49:12,300557.SZ,28.14,28.18,29.12,28.18,28.94,427900.0,12347821.0,1202.0,28.91,1800.0,28.9,400.0,28.88,2100.0,28.87,200.0,28.85,200.0,0.0,0.0,0.0,0.0,0.0,0.0,0.0,0.0,0.0,0.0,28.94,600.0,28.95,2000.0,28.96,800.0,28.98,700.0,28.99,14000.0,0.0,0.0,0.0,0.0,0.0,0.0,0.0,0.0,0.0,0.0,27.0,30.69,65200.0,285700.0,0.0
2021-11-30 10:49:15,300557.SZ,28.14,28.18,29.12,28.18,28.94,427900.0,12347821.0,1202.0,28.92,1500.0,28.91,600.0,28.88,1900.0,28.87,200.0,28.85,200.0,0.0,0.0,0.0,0.0,0.0,0.0,0.0,0.0,0.0,0.0,28.94,600.0,28.95,2000.0,28.96,800.0,28.98,700.0,28.99,14000.0,0.0,0.0,0.0,0.0,0.0,0.0,0.0,0.0,0.0,0.0,27.0,30.69,64900.0,285700.0,0.0
2021-11-30 10:49:18,300557.SZ,28.14,28.18,29.12,28.18,28.94,427900.0,12347821.0,1202.0,28.92,1600.0,28.91,600.0,28.88,1900.0,28.87,200.0,28.85,200.0,0.0,0.0,0.0,0.0,0.0,0.0,0.0,0.0,0.0,0.0,28.94,600.0,28.95,2000.0,28.96,800.0,28.98,700.0,28.99,14000.0,0.0,0.0,0.0,0.0,0.0,0.0,0.0,0.0,0.0,0.0,27.0,30.69,65000.0,285700.0,0.0
2021-11-30 10:49:24,300557.SZ,28.14,28.18,29.12,28.18,28.94,428300.0,12359397.0,1205.0,28.92,1600.0,28.91,300.0,28.88,1900.0,28.87,200.0,28.85,200.0,0.0,0.0,0.0,0.0,0.0,0.0,0.0,0.0,0.0,0.0,28.94,200.0,28.95,2000.0,28.96,800.0,28.98,700.0,28.99,14000.0,0.0,0.0,0.0,0.0,0.0,0.0,0.0,0.0,0.0,0.0,26.99,30.69,64700.0,285300.0,0.0
2021-11-30 10:49:27,300557.SZ,28.14,28.18,29.12,28.18,28.94,428300.0,12359397.0,1205.0,28.92,1900.0,28.91,200.0,28.88,1900.0,28.87,200.0,28.85,200.0,0.0,0.0,0.0,0.0,0.0,0.0,0.0,0.0,0.0,0.0,28.94,200.0,28.95,2000.0,28.96,800.0,28.98,700.0,28.99,14000.0,0.0,0.0,0.0,0.0,0.0,0.0,0.0,0.0,0.0,0.0,27.0,30.69,64900.0,285300.0,0.0
2021-11-30 10:50:03,300557.SZ,28.14,28.18,29.12,28.18,28.94,428300.0,12359397.0,1205.0,28.92,1900.0,28.91,200.0,28.88,1900.0,28.87,200.0,28.85,200.0,0.0,0.0,0.0,0.0,0.0,0.0,0.0,0.0,0.0,0.0,28.94,400.0,28.95,2000.0,28.96,800.0,28.98,700.0,28.99,14000.0,0.0,0.0,0.0,0.0,0.0,0.0,0.0,0.0,0.0,0.0,27.0,30.69,64900.0,285500.0,0.0
2021-11-30 10:50:09,300557.SZ,28.14,28.18,29.12,28.18,28.94,428300.0,12359397.0,1205.0,28.92,1500.0,28.91,200.0,28.88,1900.0,28.87,200.0,28.85,200.0,0.0,0.0,0.0,0.0,0.0,0.0,0.0,0.0,0.0,0.0,28.94,400.0,28.95,2000.0,28.96,800.0,28.98,700.0,28.99,14000.0,0.0,0.0,0.0,0.0,0.0,0.0,0.0,0.0,0.0,0.0,26.98,30.7,64500.0,284500.0,0.0
2021-11-30 10:50:15,300557.SZ,28.14,28.18,29.12,28.18,28.92,429300.0,12388317.0,1215.0,28.92,500.0,28.91,200.0,28.88,1900.0,28.87,200.0,28.85,200.0,0.0,0.0,0.0,0.0,0.0,0.0,0.0,0.0,0.0,0.0,28.94,400.0,28.95,2000.0,28.96,800.0,28.98,700.0,28.99,14000.0,0.0,0.0,0.0,0.0,0.0,0.0,0.0,0.0,0.0,0.0,26.94,30.7,63100.0,284500.0,0.0
2021-11-30 10:50:18,300557.SZ,28.14,28.18,29.12,28.18,28.94,429700.0,12399893.0,1217.0,28.94,1100.0,28.92,500.0,28.91,200.0,28.88,1900.0,28.87,200.0,0.0,0.0,0.0,0.0,0.0,0.0,0.0,0.0,0.0,0.0,28.95,2000.0,28.96,800.0,28.98,700.0,28.99,14000.0,29.0,1700.0,0.0,0.0,0.0,0.0,0.0,0.0,0.0,0.0,0.0,0.0,26.98,30.7,64200.0,284100.0,0.0
2021-11-30 10:50:24,300557.SZ,28.14,28.18,29.12,28.18,28.94,429700.0,12399893.0,1217.0,28.94,1100.0,28.92,500.0,28.91,200.0,28.88,1900.0,28.87,200.0,0.0,0.0,0.0,0.0,0.0,0.0,0.0,0.0,0.0,0.0,28.95,2000.0,28.96,800.0,28.98,700.0,28.99,14000.0,29.0,3500.0,0.0,0.0,0.0,0.0,0.0,0.0,0.0,0.0,0.0,0.0,26.98,30.69,64200.0,285900.0,0.0
2021-11-30 10:50:27,300557.SZ,28.14,28.18,29.12,28.18,28.94,429700.0,12399893.0,1217.0,28.94,1100.0,28.92,500.0,28.91,200.0,28.88,1900.0,28.87,200.0,0.0,0.0,0.0,0.0,0.0,0.0,0.0,0.0,0.0,0.0,28.95,2000.0,28.96,800.0,28.98,1700.0,28.99,14000.0,29.0,3500.0,0.0,0.0,0.0,0.0,0.0,0.0,0.0,0.0,0.0,0.0,26.98,30.68,64200.0,286900.0,0.0
2021-11-30 10:50:33,300557.SZ,28.14,28.18,29.12,28.18,28.94,429700.0,12399893.0,1217.0,28.94,1500.0,28.92,500.0,28.91,200.0,28.88,1900.0,28.87,200.0,0.0,0.0,0.0,0.0,0.0,0.0,0.0,0.0,0.0,0.0,28.95,2000.0,28.96,800.0,28.98,1700.0,28.99,14000.0,29.0,3500.0,0.0,0.0,0.0,0.0,0.0,0.0,0.0,0.0,0.0,0.0,26.99,30.68,64600.0,286900.0,0.0
2021-11-30 10:50:36,300557.SZ,28.14,28.18,29.12,28.18,28.95,430500.0,12423053.0,1218.0,28.94,1500.0,28.92,500.0,28.91,200.0,28.88,1900.0,28.87,200.0,0.0,0.0,0.0,0.0,0.0,0.0,0.0,0.0,0.0,0.0,28.95,1200.0,28.96,800.0,28.98,1700.0,28.99,14000.0,29.0,3500.0,0.0,0.0,0.0,0.0,0.0,0.0,0.0,0.0,0.0,0.0,26.99,30.69,64600.0,286100.0,0.0
2021-11-30 10:50:39,300557.SZ,28.14,28.18,29.12,28.18,28.95,430500.0,12423053.0,1218.0,28.94,1500.0,28.92,500.0,28.91,200.0,28.88,1900.0,28.87,200.0,0.0,0.0,0.0,0.0,0.0,0.0,0.0,0.0,0.0,0.0,28.96,800.0,28.98,1700.0,28.99,14000.0,29.0,3500.0,29.05,100.0,0.0,0.0,0.0,0.0,0.0,0.0,0.0,0.0,0.0,0.0,26.99,30.69,64600.0,284900.0,0.0
2021-11-30 10:51:00,300557.SZ,28.14,28.18,29.12,28.18,28.95,430500.0,12423053.0,1218.0,28.94,1500.0,28.92,500.0,28.91,200.0,28.88,1900.0,28.87,200.0,0.0,0.0,0.0,0.0,0.0,0.0,0.0,0.0,0.0,0.0,28.96,800.0,28.98,1700.0,28.99,14000.0,29.0,3500.0,29.05,100.0,0.0,0.0,0.0,0.0,0.0,0.0,0.0,0.0,0.0,0.0,26.99,30.69,64600.0,285200.0,0.0
2021-11-30 10:51:27,300557.SZ,28.14,28.18,29.12,28.18,28.92,432500.0,12480923.0,1225.0,28.91,200.0,28.88,1900.0,28.87,200.0,28.85,200.0,28.8,400.0,0.0,0.0,0.0,0.0,0.0,0.0,0.0,0.0,0.0,0.0,28.96,800.0,28.98,1700.0,28.99,14000.0,29.0,3500.0,29.05,100.0,0.0,0.0,0.0,0.0,0.0,0.0,0.0,0.0,0.0,0.0,26.93,30.69,62600.0,285200.0,0.0
2021-11-30 10:51:42,300557.SZ,28.14,28.18,29.12,28.18,28.92,432500.0,12480923.0,1225.0,28.91,200.0,28.88,1900.0,28.87,200.0,28.85,200.0,28.8,400.0,0.0,0.0,0.0,0.0,0.0,0.0,0.0,0.0,0.0,0.0,28.96,800.0,28.98,1700.0,28.99,14000.0,29.0,3500.0,29.05,100.0,0.0,0.0,0.0,0.0,0.0,0.0,0.0,0.0,0.0,0.0,26.93,30.7,62600.0,284700.0,0.0
2021-11-30 10:51:48,300557.SZ,28.14,28.18,29.12,28.18,28.92,432500.0,12480923.0,1225.0,28.91,200.0,28.88,1900.0,28.87,200.0,28.85,200.0,28.8,400.0,0.0,0.0,0.0,0.0,0.0,0.0,0.0,0.0,0.0,0.0,28.96,1000.0,28.98,1700.0,28.99,14000.0,29.0,3500.0,29.05,100.0,0.0,0.0,0.0,0.0,0.0,0.0,0.0,0.0,0.0,0.0,26.93,30.69,62600.0,284900.0,0.0
2021-11-30 10:52:09,300557.SZ,28.14,28.18,29.12,28.18,28.96,432800.0,12489611.0,1226.0,28.91,200.0,28.88,1900.0,28.87,200.0,28.85,200.0,28.8,400.0,0.0,0.0,0.0,0.0,0.0,0.0,0.0,0.0,0.0,0.0,28.96,700.0,28.98,1700.0,28.99,14000.0,29.0,3500.0,29.05,100.0,0.0,0.0,0.0,0.0,0.0,0.0,0.0,0.0,0.0,0.0,26.93,30.7,62600.0,284600.0,0.0
2021-11-30 10:53:09,300557.SZ,28.14,28.18,29.12,28.18,28.96,432800.0,12489611.0,1226.0,28.91,900.0,28.88,1900.0,28.87,200.0,28.85,200.0,28.8,400.0,0.0,0.0,0.0,0.0,0.0,0.0,0.0,0.0,0.0,0.0,28.96,700.0,28.98,1700.0,28.99,14000.0,29.0,3500.0,29.05,100.0,0.0,0.0,0.0,0.0,0.0,0.0,0.0,0.0,0.0,0.0,26.95,30.7,63300.0,284600.0,0.0
2021-11-30 10:53:21,300557.SZ,28.14,28.18,29.12,28.18,28.96,433500.0,12509883.0,1230.0,28.96,400.0,28.91,900.0,28.88,1900.0,28.87,200.0,28.85,200.0,0.0,0.0,0.0,0.0,0.0,0.0,0.0,0.0,0.0,0.0,28.98,1700.0,28.99,14000.0,29.0,3500.0,29.05,100.0,29.07,5500.0,0.0,0.0,0.0,0.0,0.0,0.0,0.0,0.0,0.0,0.0,26.96,30.7,63700.0,283900.0,0.0
2021-11-30 10:53:45,300557.SZ,28.14,28.18,29.12,28.18,28.96,433500.0,12509883.0,1230.0,28.91,900.0,28.88,1900.0,28.87,200.0,28.85,200.0,28.8,400.0,0.0,0.0,0.0,0.0,0.0,0.0,0.0,0.0,0.0,0.0,28.98,1700.0,28.99,14000.0,29.0,3500.0,29.05,100.0,29.07,5500.0,0.0,0.0,0.0,0.0,0.0,0.0,0.0,0.0,0.0,0.0,26.95,30.7,63300.0,283900.0,0.0
2021-11-30 10:53:57,300557.SZ,28.14,28.18,29.12,28.18,28.98,433900.0,12521475.0,1231.0,28.91,900.0,28.88,1900.0,28.87,200.0,28.85,200.0,28.8,400.0,0.0,0.0,0.0,0.0,0.0,0.0,0.0,0.0,0.0,0.0,28.98,1300.0,28.99,14000.0,29.0,3500.0,29.05,100.0,29.07,5500.0,0.0,0.0,0.0,0.0,0.0,0.0,0.0,0.0,0.0,0.0,26.95,30.7,63300.0,283500.0,0.0
2021-11-30 10:54:06,300557.SZ,28.14,28.18,29.12,28.18,28.98,433900.0,12521475.0,1231.0,28.91,900.0,28.88,1900.0,28.87,200.0,28.85,200.0,28.8,400.0,0.0,0.0,0.0,0.0,0.0,0.0,0.0,0.0,0.0,0.0,28.98,4300.0,28.99,14000.0,29.0,3500.0,29.05,100.0,29.07,5500.0,0.0,0.0,0.0,0.0,0.0,0.0,0.0,0.0,0.0,0.0,26.95,30.68,63300.0,286500.0,0.0
2021-11-30 10:54:18,300557.SZ,28.14,28.18,29.12,28.18,28.98,433900.0,12521475.0,1231.0,28.91,900.0,28.88,1900.0,28.87,200.0,28.85,200.0,28.8,400.0,0.0,0.0,0.0,0.0,0.0,0.0,0.0,0.0,0.0,0.0,28.95,200.0,28.97,2200.0,28.98,4300.0,28.99,14000.0,29.0,3500.0,0.0,0.0,0.0,0.0,0.0,0.0,0.0,0.0,0.0,0.0,26.95,30.67,63300.0,288900.0,0.0
2021-11-30 10:54:21,300557.SZ,28.14,28.18,29.12,28.18,28.97,434700.0,12544647.0,1233.0,28.91,900.0,28.88,1900.0,28.87,200.0,28.85,200.0,28.8,400.0,0.0,0.0,0.0,0.0,0.0,0.0,0.0,0.0,0.0,0.0,28.97,1600.0,28.98,4300.0,28.99,14000.0,29.0,3500.0,29.05,100.0,0.0,0.0,0.0,0.0,0.0,0.0,0.0,0.0,0.0,0.0,26.95,30.67,63300.0,288100.0,0.0
2021-11-30 10:55:21,300557.SZ,28.14,28.18,29.12,28.18,28.97,434700.0,12544647.0,1233.0,28.91,900.0,28.88,1900.0,28.87,200.0,28.85,200.0,28.8,400.0,0.0,0.0,0.0,0.0,0.0,0.0,0.0,0.0,0.0,0.0,28.97,1600.0,28.98,1300.0,28.99,14000.0,29.0,3500.0,29.05,100.0,0.0,0.0,0.0,0.0,0.0,0.0,0.0,0.0,0.0,0.0,26.95,30.69,63300.0,285100.0,0.0
2021-11-30 10:55:27,300557.SZ,28.14,28.18,29.12,28.18,28.97,434700.0,12544647.0,1233.0,28.91,1000.0,28.88,1900.0,28.87,200.0,28.85,200.0,28.8,400.0,0.0,0.0,0.0,0.0,0.0,0.0,0.0,0.0,0.0,0.0,28.97,1600.0,28.98,1300.0,28.99,14000.0,29.0,3500.0,29.05,100.0,0.0,0.0,0.0,0.0,0.0,0.0,0.0,0.0,0.0,0.0,26.95,30.69,63400.0,285100.0,0.0
2021-11-30 10:55:33,300557.SZ,28.14,28.18,29.12,28.18,28.97,434700.0,12544647.0,1233.0,28.92,100.0,28.91,1000.0,28.88,1900.0,28.87,200.0,28.85,200.0,0.0,0.0,0.0,0.0,0.0,0.0,0.0,0.0,0.0,0.0,28.97,1600.0,28.98,1300.0,28.99,14000.0,29.0,3500.0,29.05,100.0,0.0,0.0,0.0,0.0,0.0,0.0,0.0,0.0,0.0,0.0,26.96,30.69,63500.0,284100.0,0.0
2021-11-30 10:56:21,300557.SZ,28.14,28.18,29.12,28.18,28.97,434700.0,12544647.0,1233.0,28.92,100.0,28.91,1000.0,28.88,1900.0,28.87,200.0,28.85,200.0,0.0,0.0,0.0,0.0,0.0,0.0,0.0,0.0,0.0,0.0,28.97,1600.0,28.98,1300.0,28.99,14000.0,29.0,3500.0,29.05,100.0,0.0,0.0,0.0,0.0,0.0,0.0,0.0,0.0,0.0,0.0,26.92,30.69,62000.0,284100.0,0.0
2021-11-30 10:56:24,300557.SZ,28.14,28.18,29.12,28.18,28.97,434800.0,12547544.0,1234.0,28.92,100.0,28.91,1000.0,28.88,1900.0,28.87,200.0,28.85,200.0,0.0,0.0,0.0,0.0,0.0,0.0,0.0,0.0,0.0,0.0,28.97,1500.0,28.98,2300.0,28.99,14000.0,29.0,3500.0,29.05,100.0,0.0,0.0,0.0,0.0,0.0,0.0,0.0,0.0,0.0,0.0,26.92,30.69,62000.0,285000.0,0.0
2021-11-30 10:56:36,300557.SZ,28.14,28.18,29.12,28.18,28.97,434800.0,12547544.0,1234.0,28.92,100.0,28.91,1000.0,28.88,1900.0,28.87,200.0,28.85,200.0,0.0,0.0,0.0,0.0,0.0,0.0,0.0,0.0,0.0,0.0,28.97,1500.0,28.98,2300.0,28.99,14000.0,29.0,3500.0,29.05,100.0,0.0,0.0,0.0,0.0,0.0,0.0,0.0,0.0,0.0,0.0,26.96,30.69,63500.0,285000.0,0.0
2021-11-30 10:56:48,300557.SZ,28.14,28.18,29.12,28.18,28.97,434800.0,12547544.0,1234.0,28.92,100.0,28.91,1000.0,28.88,1900.0,28.87,200.0,28.85,200.0,0.0,0.0,0.0,0.0,0.0,0.0,0.0,0.0,0.0,0.0,28.97,1500.0,28.98,2300.0,28.99,14000.0,29.0,3500.0,29.05,300.0,0.0,0.0,0.0,0.0,0.0,0.0,0.0,0.0,0.0,0.0,26.96,30.69,63500.0,285200.0,0.0
2021-11-30 10:56:57,300557.SZ,28.14,28.18,29.12,28.18,28.97,434800.0,12547544.0,1234.0,28.92,100.0,28.91,1000.0,28.88,1900.0,28.87,200.0,28.85,200.0,0.0,0.0,0.0,0.0,0.0,0.0,0.0,0.0,0.0,0.0,28.97,3100.0,28.98,2300.0,28.99,14000.0,29.0,3500.0,29.05,300.0,0.0,0.0,0.0,0.0,0.0,0.0,0.0,0.0,0.0,0.0,26.96,30.68,63500.0,286800.0,0.0
2021-11-30 10:57:00,300557.SZ,28.14,28.18,29.12,28.18,28.97,434800.0,12547544.0,1234.0,28.92,100.0,28.91,1000.0,28.88,1900.0,28.87,200.0,28.85,200.0,0.0,0.0,0.0,0.0,0.0,0.0,0.0,0.0,0.0,0.0,28.97,3100.0,28.98,2300.0,28.99,14000.0,29.0,3500.0,29.05,300.0,0.0,0.0,0.0,0.0,0.0,0.0,0.0,0.0,0.0,0.0,26.96,30.68,62500.0,286800.0,0.0
2021-11-30 10:57:18,300557.SZ,28.14,28.18,29.12,28.18,28.92,434900.0,12550436.0,1235.0,28.91,1000.0,28.88,1900.0,28.87,200.0,28.85,200.0,28.8,400.0,0.0,0.0,0.0,0.0,0.0,0.0,0.0,0.0,0.0,0.0,28.92,100.0,28.97,3100.0,28.98,2300.0,28.99,14000.0,29.0,3500.0,0.0,0.0,0.0,0.0,0.0,0.0,0.0,0.0,0.0,0.0,26.99,30.68,63400.0,286900.0,0.0
2021-11-30 10:57:21,300557.SZ,28.14,28.18,29.12,28.18,28.92,434900.0,12550436.0,1235.0,28.91,800.0,28.88,1900.0,28.87,200.0,28.85,200.0,28.8,400.0,0.0,0.0,0.0,0.0,0.0,0.0,0.0,0.0,0.0,0.0,28.92,100.0,28.97,3100.0,28.98,2300.0,28.99,14000.0,29.0,3500.0,0.0,0.0,0.0,0.0,0.0,0.0,0.0,0.0,0.0,0.0,26.98,30.68,63200.0,286900.0,0.0
2021-11-30 10:57:30,300557.SZ,28.14,28.18,29.12,28.18,28.92,434900.0,12550436.0,1235.0,28.91,800.0,28.88,1900.0,28.87,200.0,28.85,200.0,28.8,400.0,0.0,0.0,0.0,0.0,0.0,0.0,0.0,0.0,0.0,0.0,28.92,100.0,28.97,3100.0,28.98,2300.0,28.99,14000.0,29.0,3500.0,0.0,0.0,0.0,0.0,0.0,0.0,0.0,0.0,0.0,0.0,26.98,30.68,63000.0,286900.0,0.0
2021-11-30 10:57:39,300557.SZ,28.14,28.18,29.12,28.18,28.92,434900.0,12550436.0,1235.0,28.91,800.0,28.88,1900.0,28.87,200.0,28.85,200.0,28.8,400.0,0.0,0.0,0.0,0.0,0.0,0.0,0.0,0.0,0.0,0.0,28.92,100.0,28.97,4300.0,28.98,2300.0,28.99,14000.0,29.0,3500.0,0.0,0.0,0.0,0.0,0.0,0.0,0.0,0.0,0.0,0.0,26.98,30.67,63000.0,288100.0,0.0
2021-11-30 10:57:48,300557.SZ,28.14,28.18,29.12,28.18,28.91,435100.0,12556218.0,1236.0,28.91,600.0,28.88,1900.0,28.87,200.0,28.85,200.0,28.8,400.0,0.0,0.0,0.0,0.0,0.0,0.0,0.0,0.0,0.0,0.0,28.92,100.0,28.97,4300.0,28.98,2300.0,28.99,14000.0,29.0,3500.0,0.0,0.0,0.0,0.0,0.0,0.0,0.0,0.0,0.0,0.0,26.97,30.67,62800.0,288100.0,0.0
2021-11-30 10:58:12,300557.SZ,28.14,28.18,29.12,28.18,28.91,435100.0,12556218.0,1236.0,28.91,100.0,28.88,1900.0,28.87,200.0,28.85,200.0,28.8,400.0,0.0,0.0,0.0,0.0,0.0,0.0,0.0,0.0,0.0,0.0,28.92,100.0,28.97,4300.0,28.98,2300.0,28.99,14000.0,29.0,3500.0,0.0,0.0,0.0,0.0,0.0,0.0,0.0,0.0,0.0,0.0,26.96,30.67,62300.0,288100.0,0.0
2021-11-30 10:58:18,300557.SZ,28.14,28.18,29.12,28.18,28.91,435200.0,12559109.0,1237.0,28.88,1900.0,28.87,200.0,28.85,200.0,28.8,400.0,28.76,1500.0,0.0,0.0,0.0,0.0,0.0,0.0,0.0,0.0,0.0,0.0,28.92,100.0,28.97,4300.0,28.98,2300.0,28.99,14000.0,29.0,3500.0,0.0,0.0,0.0,0.0,0.0,0.0,0.0,0.0,0.0,0.0,26.95,30.67,62200.0,288100.0,0.0
2021-11-30 10:58:21,300557.SZ,28.14,28.18,29.12,28.18,28.91,435200.0,12559109.0,1237.0,28.91,500.0,28.88,1900.0,28.87,200.0,28.85,200.0,28.8,400.0,0.0,0.0,0.0,0.0,0.0,0.0,0.0,0.0,0.0,0.0,28.92,100.0,28.97,4300.0,28.98,2300.0,28.99,14000.0,29.0,3500.0,0.0,0.0,0.0,0.0,0.0,0.0,0.0,0.0,0.0,0.0,26.97,30.67,62700.0,288100.0,0.0
2021-11-30 10:58:30,300557.SZ,28.14,28.18,29.12,28.18,28.92,435300.0,12562001.0,1238.0,28.91,500.0,28.88,1900.0,28.87,200.0,28.85,200.0,28.8,400.0,0.0,0.0,0.0,0.0,0.0,0.0,0.0,0.0,0.0,0.0,28.97,4300.0,28.98,2300.0,28.99,14000.0,29.0,3500.0,29.05,300.0,0.0,0.0,0.0,0.0,0.0,0.0,0.0,0.0,0.0,0.0,26.97,30.67,62700.0,288000.0,0.0
2021-11-30 10:58:39,300557.SZ,28.14,28.18,29.12,28.18,28.92,435300.0,12562001.0,1238.0,28.91,500.0,28.89,900.0,28.88,1900.0,28.87,200.0,28.85,200.0,0.0,0.0,0.0,0.0,0.0,0.0,0.0,0.0,0.0,0.0,28.97,4300.0,28.98,2300.0,28.99,14000.0,29.0,3500.0,29.05,300.0,0.0,0.0,0.0,0.0,0.0,0.0,0.0,0.0,0.0,0.0,27.0,30.67,63600.0,288000.0,0.0
2021-11-30 10:58:57,300557.SZ,28.14,28.18,29.12,28.18,28.92,435300.0,12562001.0,1238.0,28.91,500.0,28.89,900.0,28.88,1900.0,28.87,200.0,28.85,200.0,0.0,0.0,0.0,0.0,0.0,0.0,0.0,0.0,0.0,0.0,28.92,300.0,28.97,4300.0,28.98,2300.0,28.99,14000.0,29.0,3500.0,0.0,0.0,0.0,0.0,0.0,0.0,0.0,0.0,0.0,0.0,27.0,30.67,63600.0,288300.0,0.0
2021-11-30 10:59:06,300557.SZ,28.14,28.18,29.12,28.18,28.92,435600.0,12570677.0,1239.0,28.91,500.0,28.89,900.0,28.88,1900.0,28.87,200.0,28.85,200.0,0.0,0.0,0.0,0.0,0.0,0.0,0.0,0.0,0.0,0.0,28.97,4300.0,28.98,2300.0,28.99,14000.0,29.0,3500.0,29.05,300.0,0.0,0.0,0.0,0.0,0.0,0.0,0.0,0.0,0.0,0.0,27.0,30.67,63600.0,288000.0,0.0
2021-11-30 10:59:09,300557.SZ,28.14,28.18,29.12,28.18,28.92,435600.0,12570677.0,1239.0,28.91,500.0,28.89,900.0,28.88,1900.0,28.87,200.0,28.85,200.0,0.0,0.0,0.0,0.0,0.0,0.0,0.0,0.0,0.0,0.0,28.97,4300.0,28.98,2300.0,28.99,14000.0,29.0,3600.0,29.05,300.0,0.0,0.0,0.0,0.0,0.0,0.0,0.0,0.0,0.0,0.0,27.0,30.67,63600.0,288100.0,0.0
2021-11-30 10:59:45,300557.SZ,28.14,28.18,29.12,28.18,28.92,435600.0,12570677.0,1239.0,28.91,500.0,28.89,900.0,28.88,1900.0,28.87,200.0,28.85,200.0,0.0,0.0,0.0,0.0,0.0,0.0,0.0,0.0,0.0,0.0,28.96,200.0,28.97,4300.0,28.98,2300.0,28.99,14000.0,29.0,3600.0,0.0,0.0,0.0,0.0,0.0,0.0,0.0,0.0,0.0,0.0,27.0,30.67,63600.0,288400.0,0.0
2021-11-30 10:59:54,300557.SZ,28.14,28.18,29.12,28.18,28.92,435600.0,12570677.0,1239.0,28.91,500.0,28.89,900.0,28.88,1900.0,28.87,200.0,28.85,200.0,0.0,0.0,0.0,0.0,0.0,0.0,0.0,0.0,0.0,0.0,28.96,500.0,28.97,4300.0,28.98,2300.0,28.99,14000.0,29.0,3600.0,0.0,0.0,0.0,0.0,0.0,0.0,0.0,0.0,0.0,0.0,27.0,30.67,63600.0,288700.0,0.0
2021-11-30 11:00:18,300557.SZ,28.14,28.18,29.12,28.18,28.92,435600.0,12570677.0,1239.0,28.91,500.0,28.89,900.0,28.88,1900.0,28.87,200.0,28.85,200.0,0.0,0.0,0.0,0.0,0.0,0.0,0.0,0.0,0.0,0.0,28.96,500.0,28.97,2700.0,28.98,2300.0,28.99,14000.0,29.0,3600.0,0.0,0.0,0.0,0.0,0.0,0.0,0.0,0.0,0.0,0.0,27.0,30.68,63600.0,287100.0,0.0
2021-11-30 11:00:39,300557.SZ,28.14,28.18,29.12,28.18,28.92,435600.0,12570677.0,1239.0,28.92,100.0,28.91,500.0,28.89,900.0,28.88,1900.0,28.87,200.0,0.0,0.0,0.0,0.0,0.0,0.0,0.0,0.0,0.0,0.0,28.96,500.0,28.97,2700.0,28.98,2300.0,28.99,14000.0,29.0,3600.0,0.0,0.0,0.0,0.0,0.0,0.0,0.0,0.0,0.0,0.0,27.0,30.68,63700.0,287100.0,0.0
2021-11-30 11:01:09,300557.SZ,28.14,28.18,29.12,28.18,28.96,435800.0,12576469.0,1240.0,28.92,100.0,28.91,500.0,28.89,900.0,28.88,1900.0,28.87,200.0,0.0,0.0,0.0,0.0,0.0,0.0,0.0,0.0,0.0,0.0,28.96,300.0,28.97,2700.0,28.98,2300.0,28.99,14000.0,29.0,3600.0,0.0,0.0,0.0,0.0,0.0,0.0,0.0,0.0,0.0,0.0,27.0,30.68,63700.0,286900.0,0.0
2021-11-30 11:01:27,300557.SZ,28.14,28.18,29.12,28.18,28.91,436300.0,12590925.0,1242.0,28.91,100.0,28.89,900.0,28.88,1900.0,28.87,200.0,28.85,200.0,0.0,0.0,0.0,0.0,0.0,0.0,0.0,0.0,0.0,0.0,28.96,800.0,28.97,2700.0,28.98,2300.0,28.99,14000.0,29.0,3600.0,0.0,0.0,0.0,0.0,0.0,0.0,0.0,0.0,0.0,0.0,26.98,30.67,63200.0,287400.0,0.0
2021-11-30 11:01:30,300557.SZ,28.14,28.18,29.12,28.18,28.91,436300.0,12590925.0,1242.0,28.93,100.0,28.91,100.0,28.89,900.0,28.88,1900.0,28.87,200.0,0.0,0.0,0.0,0.0,0.0,0.0,0.0,0.0,0.0,0.0,28.96,800.0,28.97,2700.0,28.98,2300.0,28.99,14000.0,29.0,3600.0,0.0,0.0,0.0,0.0,0.0,0.0,0.0,0.0,0.0,0.0,26.99,30.67,63300.0,287400.0,0.0
2021-11-30 11:01:36,300557.SZ,28.14,28.18,29.12,28.18,28.91,436500.0,12596709.0,1244.0,28.89,900.0,28.88,1900.0,28.87,200.0,28.85,200.0,28.8,400.0,0.0,0.0,0.0,0.0,0.0,0.0,0.0,0.0,0.0,0.0,28.96,800.0,28.97,2700.0,28.98,2300.0,28.99,14000.0,29.0,3600.0,0.0,0.0,0.0,0.0,0.0,0.0,0.0,0.0,0.0,0.0,26.98,30.67,63100.0,287400.0,0.0
2021-11-30 11:01:39,300557.SZ,28.14,28.18,29.12,28.18,28.91,436500.0,12596709.0,1244.0,28.94,100.0,28.89,900.0,28.88,1900.0,28.87,200.0,28.85,200.0,0.0,0.0,0.0,0.0,0.0,0.0,0.0,0.0,0.0,0.0,28.96,800.0,28.97,2700.0,28.98,2300.0,28.99,14000.0,29.0,3600.0,0.0,0.0,0.0,0.0,0.0,0.0,0.0,0.0,0.0,0.0,26.98,30.67,63200.0,287400.0,0.0
2021-11-30 11:01:57,300557.SZ,28.14,28.18,29.12,28.18,28.91,436500.0,12596709.0,1244.0,28.94,100.0,28.89,900.0,28.88,2300.0,28.87,200.0,28.85,200.0,0.0,0.0,0.0,0.0,0.0,0.0,0.0,0.0,0.0,0.0,28.96,800.0,28.97,2700.0,28.98,2300.0,28.99,14000.0,29.0,3600.0,0.0,0.0,0.0,0.0,0.0,0.0,0.0,0.0,0.0,0.0,27.0,30.67,63600.0,287400.0,0.0
2021-11-30 11:02:09,300557.SZ,28.14,28.18,29.12,28.18,28.96,436600.0,12599605.0,1245.0,28.89,900.0,28.88,2300.0,28.87,200.0,28.85,200.0,28.8,400.0,0.0,0.0,0.0,0.0,0.0,0.0,0.0,0.0,0.0,0.0,28.96,700.0,28.97,2700.0,28.98,2300.0,28.99,14000.0,29.0,3600.0,0.0,0.0,0.0,0.0,0.0,0.0,0.0,0.0,0.0,0.0,26.99,30.68,63500.0,287300.0,0.0
2021-11-30 11:02:15,300557.SZ,28.14,28.18,29.12,28.18,28.96,436600.0,12599605.0,1245.0,28.9,100.0,28.89,900.0,28.88,2300.0,28.87,200.0,28.85,200.0,0.0,0.0,0.0,0.0,0.0,0.0,0.0,0.0,0.0,0.0,28.96,700.0,28.97,2700.0,28.98,2300.0,28.99,14000.0,29.0,3600.0,0.0,0.0,0.0,0.0,0.0,0.0,0.0,0.0,0.0,0.0,27.0,30.68,63600.0,287300.0,0.0
2021-11-30 11:02:39,300557.SZ,28.14,28.18,29.12,28.18,28.96,436600.0,12599605.0,1245.0,28.9,100.0,28.89,900.0,28.88,2300.0,28.87,200.0,28.85,200.0,0.0,0.0,0.0,0.0,0.0,0.0,0.0,0.0,0.0,0.0,28.96,700.0,28.97,2700.0,28.98,12300.0,28.99,14000.0,29.0,3600.0,0.0,0.0,0.0,0.0,0.0,0.0,0.0,0.0,0.0,0.0,27.0,30.62,63600.0,297300.0,0.0
2021-11-30 11:02:45,300557.SZ,28.14,28.18,29.12,28.18,28.96,436600.0,12599605.0,1245.0,28.9,100.0,28.89,900.0,28.88,2300.0,28.87,200.0,28.85,200.0,0.0,0.0,0.0,0.0,0.0,0.0,0.0,0.0,0.0,0.0,28.96,700.0,28.97,2700.0,28.98,12300.0,28.99,14000.0,29.0,3600.0,0.0,0.0,0.0,0.0,0.0,0.0,0.0,0.0,0.0,0.0,27.0,30.64,63600.0,299100.0,0.0
2021-11-30 11:02:54,300557.SZ,28.14,28.18,29.12,28.18,28.96,436600.0,12599605.0,1245.0,28.9,100.0,28.89,900.0,28.88,2300.0,28.87,200.0,28.85,200.0,0.0,0.0,0.0,0.0,0.0,0.0,0.0,0.0,0.0,0.0,28.96,700.0,28.97,2700.0,28.98,12300.0,28.99,14000.0,29.0,3600.0,0.0,0.0,0.0,0.0,0.0,0.0,0.0,0.0,0.0,0.0,27.43,30.64,83600.0,299100.0,0.0
2021-11-30 11:03:12,300557.SZ,28.14,28.18,29.12,28.18,28.96,438100.0,12643045.0,1250.0,28.9,100.0,28.89,900.0,28.88,2300.0,28.87,200.0,28.85,200.0,0.0,0.0,0.0,0.0,0.0,0.0,0.0,0.0,0.0,0.0,28.96,700.0,28.97,2700.0,28.98,12300.0,28.99,14000.0,29.0,3600.0,0.0,0.0,0.0,0.0,0.0,0.0,0.0,0.0,0.0,0.0,27.43,30.64,83600.0,299100.0,0.0
2021-11-30 11:03:18,300557.SZ,28.14,28.18,29.12,28.18,28.96,438300.0,12648837.0,1251.0,28.89,900.0,28.88,2300.0,28.87,200.0,28.85,200.0,28.8,20400.0,0.0,0.0,0.0,0.0,0.0,0.0,0.0,0.0,0.0,0.0,28.96,500.0,28.97,2700.0,28.98,12300.0,28.99,14000.0,29.0,3600.0,0.0,0.0,0.0,0.0,0.0,0.0,0.0,0.0,0.0,0.0,27.43,30.64,83500.0,298900.0,0.0
2021-11-30 11:03:21,300557.SZ,28.14,28.18,29.12,28.18,28.96,438300.0,12648837.0,1251.0,28.91,100.0,28.89,900.0,28.88,2300.0,28.87,200.0,28.85,200.0,0.0,0.0,0.0,0.0,0.0,0.0,0.0,0.0,0.0,0.0,28.96,500.0,28.97,2700.0,28.98,12300.0,28.99,14000.0,29.0,3600.0,0.0,0.0,0.0,0.0,0.0,0.0,0.0,0.0,0.0,0.0,27.43,30.64,83600.0,298900.0,0.0
2021-11-30 11:03:24,300557.SZ,28.14,28.18,29.12,28.18,28.96,438300.0,12648837.0,1251.0,28.91,100.0,28.9,100.0,28.89,900.0,28.88,2300.0,28.87,200.0,0.0,0.0,0.0,0.0,0.0,0.0,0.0,0.0,0.0,0.0,28.96,500.0,28.97,2700.0,28.98,12300.0,28.99,14000.0,29.0,3600.0,0.0,0.0,0.0,0.0,0.0,0.0,0.0,0.0,0.0,0.0,27.43,30.64,83700.0,298900.0,0.0
2021-11-30 11:03:36,300557.SZ,28.14,28.18,29.12,28.18,28.96,438400.0,12651733.0,1252.0,28.89,900.0,28.88,2300.0,28.87,200.0,28.85,200.0,28.8,20400.0,0.0,0.0,0.0,0.0,0.0,0.0,0.0,0.0,0.0,0.0,28.96,400.0,28.97,2700.0,28.98,12300.0,28.99,14000.0,29.0,3600.0,0.0,0.0,0.0,0.0,0.0,0.0,0.0,0.0,0.0,0.0,27.43,30.64,83500.0,298800.0,0.0
2021-11-30 11:03:39,300557.SZ,28.14,28.18,29.12,28.18,28.96,438400.0,12651733.0,1252.0,28.92,100.0,28.89,900.0,28.88,2300.0,28.87,200.0,28.85,200.0,0.0,0.0,0.0,0.0,0.0,0.0,0.0,0.0,0.0,0.0,28.96,400.0,28.97,2700.0,28.98,12300.0,28.99,14000.0,29.0,3600.0,0.0,0.0,0.0,0.0,0.0,0.0,0.0,0.0,0.0,0.0,27.43,30.64,83600.0,298800.0,0.0
2021-11-30 11:03:48,300557.SZ,28.14,28.18,29.12,28.18,28.96,438400.0,12651733.0,1252.0,28.92,100.0,28.89,900.0,28.88,2300.0,28.87,200.0,28.85,200.0,0.0,0.0,0.0,0.0,0.0,0.0,0.0,0.0,0.0,0.0,28.96,400.0,28.97,2700.0,28.98,2300.0,28.99,14000.0,29.0,3600.0,0.0,0.0,0.0,0.0,0.0,0.0,0.0,0.0,0.0,0.0,27.43,30.7,83600.0,288800.0,0.0
2021-11-30 11:03:54,300557.SZ,28.14,28.18,29.12,28.18,28.96,438400.0,12651733.0,1252.0,28.92,200.0,28.89,900.0,28.88,2300.0,28.87,200.0,28.85,200.0,0.0,0.0,0.0,0.0,0.0,0.0,0.0,0.0,0.0,0.0,28.96,400.0,28.97,2700.0,28.98,2300.0,28.99,14000.0,29.0,3600.0,0.0,0.0,0.0,0.0,0.0,0.0,0.0,0.0,0.0,0.0,27.43,30.7,83700.0,288800.0,0.0
2021-11-30 11:04:06,300557.SZ,28.14,28.18,29.12,28.18,28.96,438500.0,12654629.0,1253.0,28.89,900.0,28.88,2300.0,28.87,200.0,28.85,200.0,28.8,20400.0,0.0,0.0,0.0,0.0,0.0,0.0,0.0,0.0,0.0,0.0,28.96,300.0,28.97,2700.0,28.98,2300.0,28.99,14000.0,29.0,3600.0,0.0,0.0,0.0,0.0,0.0,0.0,0.0,0.0,0.0,0.0,27.43,30.7,83500.0,288700.0,0.0
2021-11-30 11:04:09,300557.SZ,28.14,28.18,29.12,28.18,28.96,438500.0,12654629.0,1253.0,28.93,100.0,28.89,900.0,28.88,2300.0,28.87,200.0,28.85,200.0,0.0,0.0,0.0,0.0,0.0,0.0,0.0,0.0,0.0,0.0,28.96,300.0,28.97,2700.0,28.98,2300.0,28.99,14000.0,29.0,3600.0,0.0,0.0,0.0,0.0,0.0,0.0,0.0,0.0,0.0,0.0,27.43,30.7,83600.0,288700.0,0.0
2021-11-30 11:04:24,300557.SZ,28.14,28.18,29.12,28.18,28.96,438500.0,12654629.0,1253.0,28.93,200.0,28.89,900.0,28.88,2300.0,28.87,200.0,28.85,200.0,0.0,0.0,0.0,0.0,0.0,0.0,0.0,0.0,0.0,0.0,28.96,300.0,28.97,2700.0,28.98,2300.0,28.99,14000.0,29.0,3600.0,0.0,0.0,0.0,0.0,0.0,0.0,0.0,0.0,0.0,0.0,27.43,30.7,83700.0,288700.0,0.0
2021-11-30 11:04:33,300557.SZ,28.14,28.18,29.12,28.18,28.96,438500.0,12654629.0,1253.0,28.93,700.0,28.89,900.0,28.88,2300.0,28.87,200.0,28.85,200.0,0.0,0.0,0.0,0.0,0.0,0.0,0.0,0.0,0.0,0.0,28.96,300.0,28.97,2700.0,28.98,2300.0,28.99,14000.0,29.0,3600.0,0.0,0.0,0.0,0.0,0.0,0.0,0.0,0.0,0.0,0.0,27.44,30.7,84200.0,288900.0,0.0
2021-11-30 11:04:36,300557.SZ,28.14,28.18,29.12,28.18,28.96,438600.0,12657525.0,1254.0,28.93,500.0,28.89,900.0,28.88,2300.0,28.87,200.0,28.85,200.0,0.0,0.0,0.0,0.0,0.0,0.0,0.0,0.0,0.0,0.0,28.96,200.0,28.97,2700.0,28.98,2300.0,28.99,14000.0,29.0,3600.0,0.0,0.0,0.0,0.0,0.0,0.0,0.0,0.0,0.0,0.0,27.43,30.7,84000.0,288800.0,0.0
2021-11-30 11:04:39,300557.SZ,28.14,28.18,29.12,28.18,28.96,438700.0,12660421.0,1255.0,28.94,200.0,28.93,500.0,28.89,900.0,28.88,2300.0,28.87,200.0,0.0,0.0,0.0,0.0,0.0,0.0,0.0,0.0,0.0,0.0,28.96,100.0,28.97,2700.0,28.98,2300.0,28.99,14000.0,29.0,3600.0,0.0,0.0,0.0,0.0,0.0,0.0,0.0,0.0,0.0,0.0,27.44,30.7,84200.0,288700.0,0.0
2021-11-30 11:04:42,300557.SZ,28.14,28.18,29.12,28.18,28.96,438700.0,12660421.0,1255.0,28.94,300.0,28.93,500.0,28.89,900.0,28.88,2300.0,28.87,200.0,0.0,0.0,0.0,0.0,0.0,0.0,0.0,0.0,0.0,0.0,28.96,100.0,28.97,2700.0,28.98,2300.0,28.99,14000.0,29.0,3600.0,0.0,0.0,0.0,0.0,0.0,0.0,0.0,0.0,0.0,0.0,27.44,30.7,84300.0,288700.0,0.0
2021-11-30 11:04:45,300557.SZ,28.14,28.18,29.12,28.18,28.97,438900.0,12666214.0,1257.0,28.96,100.0,28.94,200.0,28.93,500.0,28.89,900.0,28.88,2300.0,0.0,0.0,0.0,0.0,0.0,0.0,0.0,0.0,0.0,0.0,28.97,2600.0,28.98,2300.0,28.99,14000.0,29.0,3600.0,29.05,400.0,0.0,0.0,0.0,0.0,0.0,0.0,0.0,0.0,0.0,0.0,27.44,30.7,84300.0,288500.0,0.0
2021-11-30 11:04:51,300557.SZ,28.14,28.18,29.12,28.18,28.97,438900.0,12666214.0,1257.0,28.96,200.0,28.94,200.0,28.93,500.0,28.89,900.0,28.88,2300.0,0.0,0.0,0.0,0.0,0.0,0.0,0.0,0.0,0.0,0.0,28.97,2600.0,28.98,2300.0,28.99,14000.0,29.0,3600.0,29.05,400.0,0.0,0.0,0.0,0.0,0.0,0.0,0.0,0.0,0.0,0.0,27.44,30.7,84400.0,288500.0,0.0
2021-11-30 11:04:54,300557.SZ,28.14,28.18,29.12,28.18,28.97,439200.0,12674905.0,1259.0,28.96,200.0,28.94,100.0,28.93,500.0,28.89,900.0,28.88,2300.0,0.0,0.0,0.0,0.0,0.0,0.0,0.0,0.0,0.0,0.0,28.97,2300.0,28.98,2300.0,28.99,14000.0,29.0,3600.0,29.05,400.0,0.0,0.0,0.0,0.0,0.0,0.0,0.0,0.0,0.0,0.0,27.44,30.7,84300.0,288200.0,0.0
2021-11-30 11:05:06,300557.SZ,28.14,28.18,29.12,28.18,28.97,439300.0,12677802.0,1260.0,28.96,200.0,28.93,500.0,28.89,900.0,28.88,2300.0,28.87,200.0,0.0,0.0,0.0,0.0,0.0,0.0,0.0,0.0,0.0,0.0,28.97,2200.0,28.98,2300.0,28.99,14000.0,29.0,3600.0,29.05,400.0,0.0,0.0,0.0,0.0,0.0,0.0,0.0,0.0,0.0,0.0,27.44,30.7,84200.0,288100.0,0.0
2021-11-30 11:05:18,300557.SZ,28.14,28.18,29.12,28.18,28.98,442300.0,12764720.0,1269.0,28.97,1000.0,28.96,200.0,28.93,500.0,28.89,900.0,28.88,2300.0,0.0,0.0,0.0,0.0,0.0,0.0,0.0,0.0,0.0,0.0,28.98,1500.0,28.99,14000.0,29.0,3600.0,29.05,400.0,29.07,5500.0,0.0,0.0,0.0,0.0,0.0,0.0,0.0,0.0,0.0,0.0,27.46,30.8,85200.0,259600.0,0.0
2021-11-30 11:05:21,300557.SZ,28.14,28.18,29.12,28.18,28.98,442600.0,12773414.0,1272.0,28.97,1000.0,28.96,100.0,28.93,500.0,28.89,900.0,28.88,2300.0,0.0,0.0,0.0,0.0,0.0,0.0,0.0,0.0,0.0,0.0,28.98,1200.0,28.99,14000.0,29.0,3600.0,29.05,400.0,29.07,5500.0,0.0,0.0,0.0,0.0,0.0,0.0,0.0,0.0,0.0,0.0,27.46,30.8,84600.0,259300.0,0.0
2021-11-30 11:05:24,300557.SZ,28.14,28.18,29.12,28.18,28.98,442600.0,12773414.0,1272.0,28.97,1100.0,28.96,100.0,28.93,500.0,28.89,900.0,28.88,2300.0,0.0,0.0,0.0,0.0,0.0,0.0,0.0,0.0,0.0,0.0,28.98,1200.0,28.99,14000.0,29.0,3600.0,29.05,400.0,29.07,5500.0,0.0,0.0,0.0,0.0,0.0,0.0,0.0,0.0,0.0,0.0,27.46,30.8,84700.0,259300.0,0.0
2021-11-30 11:05:27,300557.SZ,28.14,28.18,29.12,28.18,28.98,443700.0,12805292.0,1274.0,28.97,1100.0,28.96,100.0,28.93,500.0,28.89,900.0,28.88,2300.0,0.0,0.0,0.0,0.0,0.0,0.0,0.0,0.0,0.0,0.0,28.98,100.0,28.99,39600.0,29.0,3600.0,29.05,400.0,29.07,5500.0,0.0,0.0,0.0,0.0,0.0,0.0,0.0,0.0,0.0,0.0,27.46,30.64,84700.0,283800.0,0.0
2021-11-30 11:05:30,300557.SZ,28.14,28.18,29.12,28.18,28.98,443800.0,12808190.0,1275.0,28.97,1100.0,28.93,500.0,28.89,900.0,28.88,2300.0,28.87,200.0,0.0,0.0,0.0,0.0,0.0,0.0,0.0,0.0,0.0,0.0,28.99,39600.0,29.0,3600.0,29.05,400.0,29.07,5500.0,29.08,1000.0,0.0,0.0,0.0,0.0,0.0,0.0,0.0,0.0,0.0,0.0,27.46,30.64,84600.0,283700.0,0.0
2021-11-30 11:05:39,300557.SZ,28.14,28.18,29.12,28.18,28.98,443800.0,12808190.0,1275.0,28.97,1100.0,28.93,500.0,28.89,900.0,28.88,2300.0,28.87,200.0,0.0,0.0,0.0,0.0,0.0,0.0,0.0,0.0,0.0,0.0,28.99,14000.0,29.0,3600.0,29.05,400.0,29.07,5500.0,29.08,1000.0,0.0,0.0,0.0,0.0,0.0,0.0,0.0,0.0,0.0,0.0,27.46,30.81,84600.0,258100.0,0.0
2021-11-30 11:05:48,300557.SZ,28.14,28.18,29.12,28.18,28.97,444900.0,12840057.0,1277.0,28.93,500.0,28.89,900.0,28.88,2300.0,28.87,200.0,28.85,200.0,0.0,0.0,0.0,0.0,0.0,0.0,0.0,0.0,0.0,0.0,28.97,1100.0,28.99,14000.0,29.0,3600.0,29.05,400.0,29.07,5500.0,0.0,0.0,0.0,0.0,0.0,0.0,0.0,0.0,0.0,0.0,27.44,30.8,83500.0,259200.0,0.0
2021-11-30 11:05:51,300557.SZ,28.14,28.18,29.12,28.18,28.97,445000.0,12842954.0,1278.0,28.93,500.0,28.89,900.0,28.88,2300.0,28.87,200.0,28.85,200.0,0.0,0.0,0.0,0.0,0.0,0.0,0.0,0.0,0.0,0.0,28.97,1100.0,28.99,14000.0,29.0,3600.0,29.05,400.0,29.07,5500.0,0.0,0.0,0.0,0.0,0.0,0.0,0.0,0.0,0.0,0.0,27.44,30.8,83500.0,259700.0,0.0
2021-11-30 11:05:54,300557.SZ,28.14,28.18,29.12,28.18,28.97,445000.0,12842954.0,1278.0,28.93,500.0,28.89,900.0,28.88,2300.0,28.87,200.0,28.85,200.0,0.0,0.0,0.0,0.0,0.0,0.0,0.0,0.0,0.0,0.0,28.97,1100.0,28.98,25000.0,28.99,14000.0,29.0,3600.0,29.05,400.0,0.0,0.0,0.0,0.0,0.0,0.0,0.0,0.0,0.0,0.0,27.44,30.64,83500.0,284700.0,0.0
2021-11-30 11:05:57,300557.SZ,28.14,28.18,29.12,28.18,28.97,445000.0,12842954.0,1278.0,28.93,500.0,28.89,900.0,28.88,2300.0,28.87,200.0,28.85,200.0,0.0,0.0,0.0,0.0,0.0,0.0,0.0,0.0,0.0,0.0,28.97,1100.0,28.98,25000.0,28.99,14000.0,29.0,3600.0,29.05,400.0,0.0,0.0,0.0,0.0,0.0,0.0,0.0,0.0,0.0,0.0,27.44,30.64,83500.0,284800.0,0.0
2021-11-30 11:06:12,300557.SZ,28.14,28.18,29.12,28.18,28.97,445000.0,12842954.0,1278.0,28.93,500.0,28.89,900.0,28.88,2300.0,28.87,200.0,28.85,200.0,0.0,0.0,0.0,0.0,0.0,0.0,0.0,0.0,0.0,0.0,28.97,1100.0,28.98,25000.0,28.99,14000.0,29.0,3600.0,29.05,400.0,0.0,0.0,0.0,0.0,0.0,0.0,0.0,0.0,0.0,0.0,27.19,30.64,93500.0,284800.0,0.0
2021-11-30 11:06:18,300557.SZ,28.14,28.18,29.12,28.18,28.97,445000.0,12842954.0,1278.0,28.93,500.0,28.89,900.0,28.88,2300.0,28.87,200.0,28.85,200.0,0.0,0.0,0.0,0.0,0.0,0.0,0.0,0.0,0.0,0.0,28.97,1300.0,28.98,25000.0,28.99,14000.0,29.0,3600.0,29.05,400.0,0.0,0.0,0.0,0.0,0.0,0.0,0.0,0.0,0.0,0.0,27.19,30.64,93500.0,285000.0,0.0
2021-11-30 11:06:21,300557.SZ,28.14,28.18,29.12,28.18,28.97,445000.0,12842954.0,1278.0,28.94,100.0,28.93,500.0,28.89,900.0,28.88,2300.0,28.87,200.0,0.0,0.0,0.0,0.0,0.0,0.0,0.0,0.0,0.0,0.0,28.97,1300.0,28.98,25000.0,28.99,14000.0,29.0,3600.0,29.05,400.0,0.0,0.0,0.0,0.0,0.0,0.0,0.0,0.0,0.0,0.0,27.19,30.64,93600.0,285000.0,0.0
2021-11-30 11:06:51,300557.SZ,28.14,28.18,29.12,28.18,28.97,445000.0,12842954.0,1278.0,28.94,200.0,28.93,500.0,28.89,900.0,28.88,2300.0,28.87,200.0,0.0,0.0,0.0,0.0,0.0,0.0,0.0,0.0,0.0,0.0,28.97,1300.0,28.98,25000.0,28.99,14000.0,29.0,3600.0,29.05,400.0,0.0,0.0,0.0,0.0,0.0,0.0,0.0,0.0,0.0,0.0,27.19,30.64,93700.0,285000.0,0.0
2021-11-30 11:07:00,300557.SZ,28.14,28.18,29.12,28.18,28.97,445100.0,12845851.0,1279.0,28.93,500.0,28.89,900.0,28.88,2300.0,28.87,200.0,28.85,200.0,0.0,0.0,0.0,0.0,0.0,0.0,0.0,0.0,0.0,0.0,28.97,1200.0,28.98,25000.0,28.99,14000.0,29.0,3600.0,29.05,400.0,0.0,0.0,0.0,0.0,0.0,0.0,0.0,0.0,0.0,0.0,27.19,30.64,93500.0,284900.0,0.0
2021-11-30 11:07:06,300557.SZ,28.14,28.18,29.12,28.18,28.97,445100.0,12845851.0,1279.0,28.94,100.0,28.93,500.0,28.89,900.0,28.88,2300.0,28.87,200.0,0.0,0.0,0.0,0.0,0.0,0.0,0.0,0.0,0.0,0.0,28.97,1200.0,28.98,25000.0,28.99,14000.0,29.0,3600.0,29.05,400.0,0.0,0.0,0.0,0.0,0.0,0.0,0.0,0.0,0.0,0.0,27.19,30.64,93600.0,284900.0,0.0
2021-11-30 11:07:21,300557.SZ,28.14,28.18,29.12,28.18,28.97,445100.0,12845851.0,1279.0,28.94,200.0,28.93,500.0,28.89,900.0,28.88,2300.0,28.87,200.0,0.0,0.0,0.0,0.0,0.0,0.0,0.0,0.0,0.0,0.0,28.97,1200.0,28.98,25000.0,28.99,14000.0,29.0,3600.0,29.05,400.0,0.0,0.0,0.0,0.0,0.0,0.0,0.0,0.0,0.0,0.0,27.19,30.64,93700.0,284900.0,0.0
2021-11-30 11:07:27,300557.SZ,28.14,28.18,29.12,28.18,28.97,445200.0,12848748.0,1280.0,28.93,500.0,28.89,900.0,28.88,2300.0,28.87,200.0,28.85,200.0,0.0,0.0,0.0,0.0,0.0,0.0,0.0,0.0,0.0,0.0,28.97,1100.0,28.98,25000.0,28.99,14000.0,29.0,3600.0,29.05,400.0,0.0,0.0,0.0,0.0,0.0,0.0,0.0,0.0,0.0,0.0,27.19,30.64,93500.0,284800.0,0.0
2021-11-30 11:07:30,300557.SZ,28.14,28.18,29.12,28.18,28.97,445200.0,12848748.0,1280.0,28.95,100.0,28.93,500.0,28.89,900.0,28.88,2300.0,28.87,200.0,0.0,0.0,0.0,0.0,0.0,0.0,0.0,0.0,0.0,0.0,28.97,1100.0,28.98,25000.0,28.99,14000.0,29.0,3600.0,29.05,400.0,0.0,0.0,0.0,0.0,0.0,0.0,0.0,0.0,0.0,0.0,27.19,30.64,93600.0,284800.0,0.0
2021-11-30 11:07:51,300557.SZ,28.14,28.18,29.12,28.18,28.97,445200.0,12848748.0,1280.0,28.95,200.0,28.93,500.0,28.89,900.0,28.88,2300.0,28.87,200.0,0.0,0.0,0.0,0.0,0.0,0.0,0.0,0.0,0.0,0.0,28.97,1100.0,28.98,25000.0,28.99,14000.0,29.0,3600.0,29.05,400.0,0.0,0.0,0.0,0.0,0.0,0.0,0.0,0.0,0.0,0.0,27.19,30.64,93700.0,284800.0,0.0
2021-11-30 11:07:57,300557.SZ,28.14,28.18,29.12,28.18,28.97,445300.0,12851645.0,1281.0,28.93,500.0,28.89,900.0,28.88,2300.0,28.87,200.0,28.85,200.0,0.0,0.0,0.0,0.0,0.0,0.0,0.0,0.0,0.0,0.0,28.97,1000.0,28.98,25000.0,28.99,14000.0,29.0,3600.0,29.05,400.0,0.0,0.0,0.0,0.0,0.0,0.0,0.0,0.0,0.0,0.0,27.19,30.64,93500.0,284700.0,0.0
2021-11-30 11:08:00,300557.SZ,28.14,28.18,29.12,28.18,28.97,445300.0,12851645.0,1281.0,28.96,100.0,28.93,500.0,28.89,900.0,28.88,2300.0,28.87,200.0,0.0,0.0,0.0,0.0,0.0,0.0,0.0,0.0,0.0,0.0,28.97,1000.0,28.98,25000.0,28.99,14000.0,29.0,3600.0,29.05,400.0,0.0,0.0,0.0,0.0,0.0,0.0,0.0,0.0,0.0,0.0,27.19,30.64,93600.0,284700.0,0.0
2021-11-30 11:08:09,300557.SZ,28.14,28.18,29.12,28.18,28.97,445600.0,12860336.0,1282.0,28.96,100.0,28.93,500.0,28.89,900.0,28.88,2300.0,28.87,200.0,0.0,0.0,0.0,0.0,0.0,0.0,0.0,0.0,0.0,0.0,28.97,700.0,28.98,25000.0,28.99,14000.0,29.0,3600.0,29.05,400.0,0.0,0.0,0.0,0.0,0.0,0.0,0.0,0.0,0.0,0.0,27.19,30.65,93600.0,285400.0,0.0
2021-11-30 11:08:12,300557.SZ,28.14,28.18,29.12,28.18,28.96,445700.0,12863232.0,1283.0,28.93,500.0,28.89,900.0,28.88,2300.0,28.87,200.0,28.85,200.0,0.0,0.0,0.0,0.0,0.0,0.0,0.0,0.0,0.0,0.0,28.97,700.0,28.98,25000.0,28.99,14000.0,29.0,3600.0,29.05,400.0,0.0,0.0,0.0,0.0,0.0,0.0,0.0,0.0,0.0,0.0,27.19,30.65,93500.0,285400.0,0.0
2021-11-30 11:08:15,300557.SZ,28.14,28.18,29.12,28.18,28.96,445700.0,12863232.0,1283.0,28.96,100.0,28.93,500.0,28.89,900.0,28.88,2300.0,28.87,200.0,0.0,0.0,0.0,0.0,0.0,0.0,0.0,0.0,0.0,0.0,28.97,700.0,28.98,25000.0,28.99,14000.0,29.0,3600.0,29.05,400.0,0.0,0.0,0.0,0.0,0.0,0.0,0.0,0.0,0.0,0.0,27.19,30.65,93600.0,285400.0,0.0
2021-11-30 11:08:27,300557.SZ,28.14,28.18,29.12,28.18,28.96,445700.0,12863232.0,1283.0,28.96,200.0,28.93,500.0,28.89,900.0,28.88,2300.0,28.87,200.0,0.0,0.0,0.0,0.0,0.0,0.0,0.0,0.0,0.0,0.0,28.97,700.0,28.98,25000.0,28.99,14000.0,29.0,3600.0,29.05,400.0,0.0,0.0,0.0,0.0,0.0,0.0,0.0,0.0,0.0,0.0,27.19,30.65,93700.0,285400.0,0.0
2021-11-30 11:08:33,300557.SZ,28.14,28.18,29.12,28.18,28.96,445700.0,12863232.0,1283.0,28.96,200.0,28.93,500.0,28.89,900.0,28.88,2300.0,28.87,200.0,0.0,0.0,0.0,0.0,0.0,0.0,0.0,0.0,0.0,0.0,28.97,700.0,28.98,25000.0,28.99,14000.0,29.0,3600.0,29.05,500.0,0.0,0.0,0.0,0.0,0.0,0.0,0.0,0.0,0.0,0.0,27.19,30.65,93700.0,285500.0,0.0
2021-11-30 11:08:39,300557.SZ,28.14,28.18,29.12,28.18,28.96,445900.0,12869024.0,1285.0,28.93,500.0,28.89,900.0,28.88,2300.0,28.87,200.0,28.85,200.0,0.0,0.0,0.0,0.0,0.0,0.0,0.0,0.0,0.0,0.0,28.97,700.0,28.98,25000.0,28.99,14000.0,29.0,3600.0,29.05,500.0,0.0,0.0,0.0,0.0,0.0,0.0,0.0,0.0,0.0,0.0,27.19,30.65,93500.0,285500.0,0.0
2021-11-30 11:08:45,300557.SZ,28.14,28.18,29.12,28.18,28.96,445900.0,12869024.0,1285.0,28.94,100.0,28.93,500.0,28.89,900.0,28.88,2300.0,28.87,200.0,0.0,0.0,0.0,0.0,0.0,0.0,0.0,0.0,0.0,0.0,28.97,700.0,28.98,25000.0,28.99,14000.0,29.0,3600.0,29.05,500.0,0.0,0.0,0.0,0.0,0.0,0.0,0.0,0.0,0.0,0.0,27.19,30.65,93600.0,285500.0,0.0
2021-11-30 11:09:15,300557.SZ,28.14,28.18,29.12,28.18,28.96,445900.0,12869024.0,1285.0,28.94,200.0,28.93,500.0,28.89,900.0,28.88,2300.0,28.87,200.0,0.0,0.0,0.0,0.0,0.0,0.0,0.0,0.0,0.0,0.0,28.97,700.0,28.98,25000.0,28.99,14000.0,29.0,3600.0,29.05,500.0,0.0,0.0,0.0,0.0,0.0,0.0,0.0,0.0,0.0,0.0,27.19,30.65,93700.0,285500.0,0.0
2021-11-30 11:09:24,300557.SZ,28.14,28.18,29.12,28.18,28.97,446000.0,12871921.0,1286.0,28.93,500.0,28.89,900.0,28.88,2300.0,28.87,200.0,28.85,200.0,0.0,0.0,0.0,0.0,0.0,0.0,0.0,0.0,0.0,0.0,28.97,600.0,28.98,25000.0,28.99,14000.0,29.0,3600.0,29.05,500.0,0.0,0.0,0.0,0.0,0.0,0.0,0.0,0.0,0.0,0.0,27.19,30.65,93500.0,285400.0,0.0
2021-11-30 11:09:30,300557.SZ,28.14,28.18,29.12,28.18,28.97,446000.0,12871921.0,1286.0,28.94,100.0,28.93,500.0,28.89,900.0,28.88,2300.0,28.87,200.0,0.0,0.0,0.0,0.0,0.0,0.0,0.0,0.0,0.0,0.0,28.97,600.0,28.98,25000.0,28.99,14000.0,29.0,3600.0,29.05,500.0,0.0,0.0,0.0,0.0,0.0,0.0,0.0,0.0,0.0,0.0,27.19,30.65,93600.0,285400.0,0.0
2021-11-30 11:09:39,300557.SZ,28.14,28.18,29.12,28.18,28.94,446100.0,12874815.0,1287.0,28.93,500.0,28.89,900.0,28.88,2300.0,28.87,200.0,28.85,200.0,0.0,0.0,0.0,0.0,0.0,0.0,0.0,0.0,0.0,0.0,28.97,600.0,28.98,25000.0,28.99,14000.0,29.0,3600.0,29.05,500.0,0.0,0.0,0.0,0.0,0.0,0.0,0.0,0.0,0.0,0.0,27.19,30.65,93500.0,285400.0,0.0
2021-11-30 11:09:45,300557.SZ,28.14,28.18,29.12,28.18,28.94,446100.0,12874815.0,1287.0,28.94,100.0,28.93,500.0,28.89,900.0,28.88,2300.0,28.87,200.0,0.0,0.0,0.0,0.0,0.0,0.0,0.0,0.0,0.0,0.0,28.97,600.0,28.98,25000.0,28.99,14000.0,29.0,3600.0,29.05,500.0,0.0,0.0,0.0,0.0,0.0,0.0,0.0,0.0,0.0,0.0,27.19,30.65,93600.0,285400.0,0.0
2021-11-30 11:09:54,300557.SZ,28.14,28.18,29.12,28.18,28.94,446100.0,12874815.0,1287.0,28.94,100.0,28.89,900.0,28.88,2300.0,28.87,200.0,28.85,200.0,0.0,0.0,0.0,0.0,0.0,0.0,0.0,0.0,0.0,0.0,28.97,600.0,28.98,25000.0,28.99,14000.0,29.0,3600.0,29.05,500.0,0.0,0.0,0.0,0.0,0.0,0.0,0.0,0.0,0.0,0.0,27.18,30.65,93100.0,285400.0,0.0
2021-11-30 11:10:12,300557.SZ,28.14,28.18,29.12,28.18,28.94,446100.0,12874815.0,1287.0,28.94,100.0,28.89,900.0,28.88,2300.0,28.87,200.0,28.85,200.0,0.0,0.0,0.0,0.0,0.0,0.0,0.0,0.0,0.0,0.0,28.97,700.0,28.98,25000.0,28.99,14000.0,29.0,3600.0,29.05,500.0,0.0,0.0,0.0,0.0,0.0,0.0,0.0,0.0,0.0,0.0,27.18,30.65,93100.0,285500.0,0.0
2021-11-30 11:10:15,300557.SZ,28.14,28.18,29.12,28.18,28.94,446100.0,12874815.0,1287.0,28.94,200.0,28.89,900.0,28.88,2300.0,28.87,200.0,28.85,200.0,0.0,0.0,0.0,0.0,0.0,0.0,0.0,0.0,0.0,0.0,28.97,700.0,28.98,25000.0,28.99,14000.0,29.0,3600.0,29.05,500.0,0.0,0.0,0.0,0.0,0.0,0.0,0.0,0.0,0.0,0.0,27.18,30.65,93200.0,285500.0,0.0
2021-11-30 11:10:24,300557.SZ,28.14,28.18,29.12,28.18,28.97,446200.0,12877712.0,1288.0,28.89,900.0,28.88,2300.0,28.87,200.0,28.85,200.0,28.8,20400.0,0.0,0.0,0.0,0.0,0.0,0.0,0.0,0.0,0.0,0.0,28.97,600.0,28.98,25000.0,28.99,14000.0,29.0,3600.0,29.05,500.0,0.0,0.0,0.0,0.0,0.0,0.0,0.0,0.0,0.0,0.0,27.18,30.65,93000.0,285400.0,0.0
2021-11-30 11:10:27,300557.SZ,28.14,28.18,29.12,28.18,28.97,446200.0,12877712.0,1288.0,28.89,1100.0,28.88,2300.0,28.87,200.0,28.85,200.0,28.8,20400.0,0.0,0.0,0.0,0.0,0.0,0.0,0.0,0.0,0.0,0.0,28.97,600.0,28.98,25000.0,28.99,14000.0,29.0,3600.0,29.05,500.0,0.0,0.0,0.0,0.0,0.0,0.0,0.0,0.0,0.0,0.0,27.18,30.65,93200.0,285400.0,0.0
2021-11-30 11:10:30,300557.SZ,28.14,28.18,29.12,28.18,28.97,446200.0,12877712.0,1288.0,28.9,900.0,28.89,1100.0,28.88,2300.0,28.87,200.0,28.85,200.0,0.0,0.0,0.0,0.0,0.0,0.0,0.0,0.0,0.0,0.0,28.97,600.0,28.98,25000.0,28.99,14000.0,29.0,3600.0,29.05,500.0,0.0,0.0,0.0,0.0,0.0,0.0,0.0,0.0,0.0,0.0,27.2,30.65,94100.0,285400.0,0.0
2021-11-30 11:10:33,300557.SZ,28.14,28.18,29.12,28.18,28.97,446200.0,12877712.0,1288.0,28.9,900.0,28.89,900.0,28.88,2300.0,28.8,20600.0,28.76,1500.0,0.0,0.0,0.0,0.0,0.0,0.0,0.0,0.0,0.0,0.0,28.97,600.0,28.98,25000.0,28.99,14000.0,29.0,3600.0,29.05,500.0,0.0,0.0,0.0,0.0,0.0,0.0,0.0,0.0,0.0,0.0,27.19,30.65,93700.0,285400.0,0.0
2021-11-30 11:10:36,300557.SZ,28.14,28.18,29.12,28.18,28.97,446800.0,12895094.0,1294.0,28.97,200.0,28.9,300.0,28.89,900.0,28.88,2300.0,28.8,20600.0,0.0,0.0,0.0,0.0,0.0,0.0,0.0,0.0,0.0,0.0,28.98,25000.0,28.99,14000.0,29.0,3600.0,29.05,500.0,29.07,5500.0,0.0,0.0,0.0,0.0,0.0,0.0,0.0,0.0,0.0,0.0,27.18,30.66,93300.0,284800.0,0.0
2021-11-30 11:10:39,300557.SZ,28.14,28.18,29.12,28.18,28.97,446800.0,12895094.0,1294.0,28.97,200.0,28.9,300.0,28.89,900.0,28.88,3000.0,28.8,20600.0,0.0,0.0,0.0,0.0,0.0,0.0,0.0,0.0,0.0,0.0,28.98,25000.0,28.99,14000.0,29.0,3600.0,29.05,500.0,29.07,5500.0,0.0,0.0,0.0,0.0,0.0,0.0,0.0,0.0,0.0,0.0,27.19,30.66,94000.0,284800.0,0.0
2021-11-30 11:10:42,300557.SZ,28.14,28.18,29.12,28.18,28.97,446800.0,12895094.0,1294.0,28.97,300.0,28.9,300.0,28.89,900.0,28.88,2300.0,28.8,20600.0,0.0,0.0,0.0,0.0,0.0,0.0,0.0,0.0,0.0,0.0,28.98,25000.0,28.99,14000.0,29.0,3600.0,29.05,500.0,29.07,5500.0,0.0,0.0,0.0,0.0,0.0,0.0,0.0,0.0,0.0,0.0,27.18,30.66,93400.0,284800.0,0.0
2021-11-30 11:10:51,300557.SZ,28.14,28.18,29.12,28.18,28.97,446800.0,12895094.0,1294.0,28.97,300.0,28.9,300.0,28.89,900.0,28.88,2300.0,28.8,20600.0,0.0,0.0,0.0,0.0,0.0,0.0,0.0,0.0,0.0,0.0,28.98,25000.0,28.99,14000.0,29.0,3600.0,29.05,500.0,29.07,5500.0,0.0,0.0,0.0,0.0,0.0,0.0,0.0,0.0,0.0,0.0,27.18,30.66,93400.0,285300.0,0.0
2021-11-30 11:10:54,300557.SZ,28.14,28.18,29.12,28.18,28.97,447200.0,12906683.0,1298.0,28.9,200.0,28.89,900.0,28.88,2300.0,28.8,20600.0,28.76,1500.0,0.0,0.0,0.0,0.0,0.0,0.0,0.0,0.0,0.0,0.0,28.97,1900.0,28.98,24900.0,28.99,14000.0,29.0,3600.0,29.05,500.0,0.0,0.0,0.0,0.0,0.0,0.0,0.0,0.0,0.0,0.0,27.18,30.65,93000.0,287100.0,0.0
2021-11-30 11:11:03,300557.SZ,28.14,28.18,29.12,28.18,28.97,448300.0,12938550.0,1299.0,28.9,200.0,28.89,900.0,28.88,2300.0,28.8,20600.0,28.76,1500.0,0.0,0.0,0.0,0.0,0.0,0.0,0.0,0.0,0.0,0.0,28.97,800.0,28.98,24900.0,28.99,14000.0,29.0,3600.0,29.05,500.0,0.0,0.0,0.0,0.0,0.0,0.0,0.0,0.0,0.0,0.0,27.18,30.65,93000.0,286000.0,0.0
2021-11-30 11:11:06,300557.SZ,28.14,28.18,29.12,28.18,28.97,448400.0,12941447.0,1300.0,28.9,200.0,28.89,900.0,28.88,2300.0,28.8,20600.0,28.76,1500.0,0.0,0.0,0.0,0.0,0.0,0.0,0.0,0.0,0.0,0.0,28.97,700.0,28.98,24900.0,28.99,14000.0,29.0,3600.0,29.05,500.0,0.0,0.0,0.0,0.0,0.0,0.0,0.0,0.0,0.0,0.0,27.18,30.65,93000.0,285900.0,0.0
2021-11-30 11:11:09,300557.SZ,28.14,28.18,29.12,28.18,28.97,448400.0,12941447.0,1300.0,28.9,200.0,28.89,900.0,28.88,2300.0,28.8,20600.0,28.76,1500.0,0.0,0.0,0.0,0.0,0.0,0.0,0.0,0.0,0.0,0.0,28.97,2300.0,28.98,24900.0,28.99,14000.0,29.0,3600.0,29.05,500.0,0.0,0.0,0.0,0.0,0.0,0.0,0.0,0.0,0.0,0.0,27.18,30.64,93000.0,287500.0,0.0
2021-11-30 11:11:15,300557.SZ,28.14,28.18,29.12,28.18,28.97,448400.0,12941447.0,1300.0,28.91,100.0,28.9,200.0,28.89,900.0,28.88,2300.0,28.8,20600.0,0.0,0.0,0.0,0.0,0.0,0.0,0.0,0.0,0.0,0.0,28.97,2300.0,28.98,24900.0,28.99,14000.0,29.0,3600.0,29.05,500.0,0.0,0.0,0.0,0.0,0.0,0.0,0.0,0.0,0.0,0.0,27.18,30.64,93100.0,287500.0,0.0
2021-11-30 11:11:18,300557.SZ,28.14,28.18,29.12,28.18,28.97,448400.0,12941447.0,1300.0,28.91,300.0,28.9,200.0,28.89,900.0,28.88,2300.0,28.8,20600.0,0.0,0.0,0.0,0.0,0.0,0.0,0.0,0.0,0.0,0.0,28.97,2300.0,28.98,24900.0,28.99,14000.0,29.0,3600.0,29.05,500.0,0.0,0.0,0.0,0.0,0.0,0.0,0.0,0.0,0.0,0.0,27.18,30.64,93300.0,287500.0,0.0
2021-11-30 11:11:30,300557.SZ,28.14,28.18,29.12,28.18,28.97,449800.0,12982005.0,1302.0,28.91,300.0,28.9,200.0,28.89,900.0,28.88,2300.0,28.8,20600.0,0.0,0.0,0.0,0.0,0.0,0.0,0.0,0.0,0.0,0.0,28.97,900.0,28.98,24900.0,28.99,14000.0,29.0,3600.0,29.05,500.0,0.0,0.0,0.0,0.0,0.0,0.0,0.0,0.0,0.0,0.0,27.18,30.65,93300.0,286100.0,0.0
2021-11-30 11:11:33,300557.SZ,28.14,28.18,29.12,28.18,28.97,449800.0,12982005.0,1302.0,28.92,200.0,28.91,300.0,28.9,200.0,28.89,900.0,28.88,2300.0,0.0,0.0,0.0,0.0,0.0,0.0,0.0,0.0,0.0,0.0,28.97,900.0,28.98,24900.0,28.99,14000.0,29.0,3600.0,29.05,500.0,0.0,0.0,0.0,0.0,0.0,0.0,0.0,0.0,0.0,0.0,27.19,30.65,93500.0,286100.0,0.0
2021-11-30 11:11:36,300557.SZ,28.14,28.18,29.12,28.18,28.97,449800.0,12982005.0,1302.0,28.92,400.0,28.91,300.0,28.9,200.0,28.89,900.0,28.88,2300.0,0.0,0.0,0.0,0.0,0.0,0.0,0.0,0.0,0.0,0.0,28.93,200.0,28.97,900.0,28.98,24900.0,28.99,14000.0,29.0,3600.0,0.0,0.0,0.0,0.0,0.0,0.0,0.0,0.0,0.0,0.0,27.19,30.65,93700.0,286300.0,0.0
2021-11-30 11:11:39,300557.SZ,28.14,28.18,29.12,28.18,28.93,449900.0,12984898.0,1303.0,28.92,400.0,28.91,300.0,28.9,200.0,28.89,900.0,28.88,2300.0,0.0,0.0,0.0,0.0,0.0,0.0,0.0,0.0,0.0,0.0,28.93,100.0,28.97,900.0,28.98,24900.0,28.99,14000.0,29.0,3600.0,0.0,0.0,0.0,0.0,0.0,0.0,0.0,0.0,0.0,0.0,27.19,30.65,93700.0,286200.0,0.0
2021-11-30 11:11:42,300557.SZ,28.14,28.18,29.12,28.18,28.93,450000.0,12987791.0,1304.0,28.92,400.0,28.91,300.0,28.9,200.0,28.89,900.0,28.88,2300.0,0.0,0.0,0.0,0.0,0.0,0.0,0.0,0.0,0.0,0.0,28.97,900.0,28.98,24900.0,28.99,14000.0,29.0,3600.0,29.05,500.0,0.0,0.0,0.0,0.0,0.0,0.0,0.0,0.0,0.0,0.0,27.19,30.65,93700.0,286100.0,0.0
2021-11-30 11:12:00,300557.SZ,28.14,28.18,29.12,28.18,28.97,450100.0,12990688.0,1305.0,28.92,1000.0,28.91,300.0,28.9,200.0,28.89,900.0,28.88,2300.0,0.0,0.0,0.0,0.0,0.0,0.0,0.0,0.0,0.0,0.0,28.97,800.0,28.98,24900.0,28.99,14000.0,29.0,3600.0,29.05,500.0,0.0,0.0,0.0,0.0,0.0,0.0,0.0,0.0,0.0,0.0,27.2,30.65,94300.0,285900.0,0.0
2021-11-30 11:12:03,300557.SZ,28.14,28.18,29.12,28.18,28.97,450100.0,12990688.0,1305.0,28.92,1000.0,28.91,300.0,28.9,200.0,28.89,900.0,28.88,2300.0,0.0,0.0,0.0,0.0,0.0,0.0,0.0,0.0,0.0,0.0,28.97,900.0,28.98,24900.0,28.99,14000.0,29.0,3600.0,29.05,500.0,0.0,0.0,0.0,0.0,0.0,0.0,0.0,0.0,0.0,0.0,27.2,30.65,94300.0,286000.0,0.0
2021-11-30 11:12:09,300557.SZ,28.14,28.18,29.12,28.18,28.97,450100.0,12990688.0,1305.0,28.93,100.0,28.92,1000.0,28.91,300.0,28.9,200.0,28.89,900.0,0.0,0.0,0.0,0.0,0.0,0.0,0.0,0.0,0.0,0.0,28.97,900.0,28.98,24900.0,28.99,14000.0,29.0,3600.0,29.05,500.0,0.0,0.0,0.0,0.0,0.0,0.0,0.0,0.0,0.0,0.0,27.2,30.65,94400.0,286000.0,0.0
2021-11-30 11:12:12,300557.SZ,28.14,28.18,29.12,28.18,28.97,450100.0,12990688.0,1305.0,28.93,100.0,28.92,1000.0,28.91,300.0,28.9,200.0,28.89,900.0,0.0,0.0,0.0,0.0,0.0,0.0,0.0,0.0,0.0,0.0,28.97,900.0,28.98,24900.0,28.99,14000.0,29.0,3600.0,29.05,500.0,0.0,0.0,0.0,0.0,0.0,0.0,0.0,0.0,0.0,0.0,27.2,30.65,94400.0,286300.0,0.0
2021-11-30 11:12:15,300557.SZ,28.14,28.18,29.12,28.18,28.97,450100.0,12990688.0,1305.0,28.93,200.0,28.92,1000.0,28.91,200.0,28.9,200.0,28.89,900.0,0.0,0.0,0.0,0.0,0.0,0.0,0.0,0.0,0.0,0.0,28.97,900.0,28.98,24900.0,28.99,14000.0,29.0,3600.0,29.05,500.0,0.0,0.0,0.0,0.0,0.0,0.0,0.0,0.0,0.0,0.0,27.2,30.65,94400.0,286300.0,0.0
2021-11-30 11:12:21,300557.SZ,28.14,28.18,29.12,28.18,28.97,450200.0,12993585.0,1306.0,28.94,100.0,28.92,1000.0,28.91,200.0,28.9,200.0,28.89,900.0,0.0,0.0,0.0,0.0,0.0,0.0,0.0,0.0,0.0,0.0,28.97,800.0,28.98,24900.0,28.99,14000.0,29.0,3600.0,29.05,500.0,0.0,0.0,0.0,0.0,0.0,0.0,0.0,0.0,0.0,0.0,27.2,30.65,94300.0,286200.0,0.0
2021-11-30 11:12:24,300557.SZ,28.14,28.18,29.12,28.18,28.97,450700.0,13008070.0,1307.0,28.94,100.0,28.93,100.0,28.92,800.0,28.89,900.0,28.88,2300.0,0.0,0.0,0.0,0.0,0.0,0.0,0.0,0.0,0.0,0.0,28.97,300.0,28.98,24900.0,28.99,14000.0,29.0,3600.0,29.05,500.0,0.0,0.0,0.0,0.0,0.0,0.0,0.0,0.0,0.0,0.0,27.19,30.66,93800.0,285700.0,0.0
2021-11-30 11:12:36,300557.SZ,28.14,28.18,29.12,28.18,28.94,450800.0,13010964.0,1308.0,28.93,100.0,28.92,800.0,28.89,900.0,28.88,2300.0,28.8,20600.0,0.0,0.0,0.0,0.0,0.0,0.0,0.0,0.0,0.0,0.0,28.94,700.0,28.97,300.0,28.98,24900.0,28.99,14000.0,29.0,3600.0,0.0,0.0,0.0,0.0,0.0,0.0,0.0,0.0,0.0,0.0,27.19,30.65,93700.0,286400.0,0.0
2021-11-30 11:12:42,300557.SZ,28.14,28.18,29.12,28.18,28.94,450900.0,13013858.0,1309.0,28.93,100.0,28.92,800.0,28.89,900.0,28.88,2300.0,28.8,20600.0,0.0,0.0,0.0,0.0,0.0,0.0,0.0,0.0,0.0,0.0,28.94,600.0,28.97,300.0,28.98,24900.0,28.99,14000.0,29.0,3600.0,0.0,0.0,0.0,0.0,0.0,0.0,0.0,0.0,0.0,0.0,27.19,30.65,93700.0,286300.0,0.0
2021-11-30 11:13:03,300557.SZ,28.14,28.18,29.12,28.18,28.94,451500.0,13031222.0,1310.0,28.94,100.0,28.93,600.0,28.92,800.0,28.89,900.0,28.88,2300.0,0.0,0.0,0.0,0.0,0.0,0.0,0.0,0.0,0.0,0.0,28.97,300.0,28.98,24900.0,28.99,14000.0,29.0,3600.0,29.05,500.0,0.0,0.0,0.0,0.0,0.0,0.0,0.0,0.0,0.0,0.0,27.2,30.66,94300.0,285700.0,0.0
2021-11-30 11:13:09,300557.SZ,28.14,28.18,29.12,28.18,28.94,451500.0,13031222.0,1310.0,28.95,100.0,28.94,100.0,28.93,600.0,28.92,800.0,28.89,900.0,0.0,0.0,0.0,0.0,0.0,0.0,0.0,0.0,0.0,0.0,28.97,300.0,28.98,24900.0,28.99,14000.0,29.0,3600.0,29.05,500.0,0.0,0.0,0.0,0.0,0.0,0.0,0.0,0.0,0.0,0.0,27.2,30.66,94400.0,285700.0,0.0
2021-11-30 11:13:24,300557.SZ,28.14,28.18,29.12,28.18,28.94,451500.0,13031222.0,1310.0,28.95,100.0,28.94,100.0,28.93,600.0,28.92,800.0,28.89,900.0,0.0,0.0,0.0,0.0,0.0,0.0,0.0,0.0,0.0,0.0,28.97,600.0,28.98,24900.0,28.99,14000.0,29.0,3600.0,29.05,500.0,0.0,0.0,0.0,0.0,0.0,0.0,0.0,0.0,0.0,0.0,27.2,30.66,94400.0,286000.0,0.0
2021-11-30 11:13:30,300557.SZ,28.14,28.18,29.12,28.18,28.94,451500.0,13031222.0,1310.0,28.95,100.0,28.94,100.0,28.93,600.0,28.92,800.0,28.89,900.0,0.0,0.0,0.0,0.0,0.0,0.0,0.0,0.0,0.0,0.0,28.97,600.0,28.98,24900.0,28.99,14000.0,29.0,3600.0,29.05,500.0,0.0,0.0,0.0,0.0,0.0,0.0,0.0,0.0,0.0,0.0,27.2,30.65,94400.0,286300.0,0.0
2021-11-30 11:13:39,300557.SZ,28.14,28.18,29.12,28.18,28.94,451500.0,13031222.0,1310.0,28.95,200.0,28.94,100.0,28.93,600.0,28.92,800.0,28.89,900.0,0.0,0.0,0.0,0.0,0.0,0.0,0.0,0.0,0.0,0.0,28.97,600.0,28.98,24900.0,28.99,14000.0,29.0,3600.0,29.05,500.0,0.0,0.0,0.0,0.0,0.0,0.0,0.0,0.0,0.0,0.0,27.2,30.65,94500.0,286300.0,0.0
2021-11-30 11:13:51,300557.SZ,28.14,28.18,29.12,28.18,28.97,451600.0,13034119.0,1311.0,28.94,100.0,28.93,600.0,28.92,800.0,28.89,900.0,28.88,2300.0,0.0,0.0,0.0,0.0,0.0,0.0,0.0,0.0,0.0,0.0,28.97,400.0,28.98,24900.0,28.99,14000.0,29.0,3600.0,29.05,500.0,0.0,0.0,0.0,0.0,0.0,0.0,0.0,0.0,0.0,0.0,27.2,30.66,94300.0,286100.0,0.0
2021-11-30 11:13:54,300557.SZ,28.14,28.18,29.12,28.18,28.97,451600.0,13034119.0,1311.0,28.96,100.0,28.94,100.0,28.93,600.0,28.92,800.0,28.89,900.0,0.0,0.0,0.0,0.0,0.0,0.0,0.0,0.0,0.0,0.0,28.97,400.0,28.98,24900.0,28.99,14000.0,29.0,3600.0,29.05,500.0,0.0,0.0,0.0,0.0,0.0,0.0,0.0,0.0,0.0,0.0,27.2,30.66,94400.0,286100.0,0.0
2021-11-30 11:14:06,300557.SZ,28.14,28.18,29.12,28.18,28.97,451600.0,13034119.0,1311.0,28.96,100.0,28.94,100.0,28.93,600.0,28.92,800.0,28.89,900.0,0.0,0.0,0.0,0.0,0.0,0.0,0.0,0.0,0.0,0.0,28.97,2200.0,28.98,24900.0,28.99,14000.0,29.0,3600.0,29.05,500.0,0.0,0.0,0.0,0.0,0.0,0.0,0.0,0.0,0.0,0.0,27.2,30.65,94400.0,287900.0,0.0
2021-11-30 11:14:09,300557.SZ,28.14,28.18,29.12,28.18,28.97,451600.0,13034119.0,1311.0,28.96,200.0,28.94,100.0,28.93,600.0,28.92,800.0,28.89,900.0,0.0,0.0,0.0,0.0,0.0,0.0,0.0,0.0,0.0,0.0,28.97,2200.0,28.98,24900.0,28.99,14000.0,29.0,3600.0,29.05,500.0,0.0,0.0,0.0,0.0,0.0,0.0,0.0,0.0,0.0,0.0,27.2,30.65,94500.0,287900.0,0.0
2021-11-30 11:14:15,300557.SZ,28.14,28.18,29.12,28.18,28.97,451700.0,13037016.0,1312.0,28.96,200.0,28.94,100.0,28.93,600.0,28.92,800.0,28.89,900.0,0.0,0.0,0.0,0.0,0.0,0.0,0.0,0.0,0.0,0.0,28.97,2100.0,28.98,24900.0,28.99,14000.0,29.0,3600.0,29.05,500.0,0.0,0.0,0.0,0.0,0.0,0.0,0.0,0.0,0.0,0.0,27.2,30.65,94500.0,287800.0,0.0
2021-11-30 11:14:18,300557.SZ,28.14,28.18,29.12,28.18,28.97,453800.0,13097853.0,1314.0,28.97,900.0,28.96,200.0,28.94,100.0,28.93,600.0,28.92,800.0,0.0,0.0,0.0,0.0,0.0,0.0,0.0,0.0,0.0,0.0,28.98,24900.0,28.99,14000.0,29.0,3600.0,29.05,500.0,29.07,5500.0,0.0,0.0,0.0,0.0,0.0,0.0,0.0,0.0,0.0,0.0,27.22,30.66,95400.0,285700.0,0.0
2021-11-30 11:14:30,300557.SZ,28.14,28.18,29.12,28.18,28.97,453900.0,13100750.0,1315.0,28.97,800.0,28.96,200.0,28.94,100.0,28.93,600.0,28.92,800.0,0.0,0.0,0.0,0.0,0.0,0.0,0.0,0.0,0.0,0.0,28.98,24900.0,28.99,14000.0,29.0,3600.0,29.05,500.0,29.07,5500.0,0.0,0.0,0.0,0.0,0.0,0.0,0.0,0.0,0.0,0.0,27.22,30.66,95300.0,285700.0,0.0
2021-11-30 11:14:45,300557.SZ,28.14,28.18,29.12,28.18,28.98,454000.0,13103648.0,1316.0,28.97,800.0,28.94,100.0,28.93,600.0,28.92,800.0,28.89,900.0,0.0,0.0,0.0,0.0,0.0,0.0,0.0,0.0,0.0,0.0,28.98,24800.0,28.99,14000.0,29.0,3600.0,29.05,500.0,29.07,5500.0,0.0,0.0,0.0,0.0,0.0,0.0,0.0,0.0,0.0,0.0,27.22,30.66,95100.0,285600.0,0.0
2021-11-30 11:14:51,300557.SZ,28.14,28.18,29.12,28.18,28.98,454000.0,13103648.0,1316.0,28.97,1400.0,28.94,100.0,28.93,600.0,28.92,800.0,28.89,900.0,0.0,0.0,0.0,0.0,0.0,0.0,0.0,0.0,0.0,0.0,28.98,24800.0,28.99,14000.0,29.0,3600.0,29.05,500.0,29.07,5500.0,0.0,0.0,0.0,0.0,0.0,0.0,0.0,0.0,0.0,0.0,27.23,30.66,95700.0,285600.0,0.0
2021-11-30 11:14:57,300557.SZ,28.14,28.18,29.12,28.18,28.98,454000.0,13103648.0,1316.0,28.97,1400.0,28.94,100.0,28.93,600.0,28.92,800.0,28.89,1000.0,0.0,0.0,0.0,0.0,0.0,0.0,0.0,0.0,0.0,0.0,28.98,24800.0,28.99,14000.0,29.0,3600.0,29.05,500.0,29.07,5500.0,0.0,0.0,0.0,0.0,0.0,0.0,0.0,0.0,0.0,0.0,27.23,30.66,95800.0,285600.0,0.0
2021-11-30 11:15:06,300557.SZ,28.14,28.18,29.12,28.18,28.98,454000.0,13103648.0,1316.0,28.97,1500.0,28.94,100.0,28.93,600.0,28.92,800.0,28.89,1000.0,0.0,0.0,0.0,0.0,0.0,0.0,0.0,0.0,0.0,0.0,28.98,24800.0,28.99,14000.0,29.0,3600.0,29.05,500.0,29.07,5500.0,0.0,0.0,0.0,0.0,0.0,0.0,0.0,0.0,0.0,0.0,27.23,30.66,95900.0,285600.0,0.0
2021-11-30 11:15:15,300557.SZ,28.14,28.18,29.12,28.18,28.98,454100.0,13106546.0,1317.0,28.97,1500.0,28.94,100.0,28.93,600.0,28.92,800.0,28.89,1000.0,0.0,0.0,0.0,0.0,0.0,0.0,0.0,0.0,0.0,0.0,28.98,24700.0,28.99,14000.0,29.0,3600.0,29.05,500.0,29.07,5500.0,0.0,0.0,0.0,0.0,0.0,0.0,0.0,0.0,0.0,0.0,27.23,30.66,95900.0,285500.0,0.0
2021-11-30 11:15:39,300557.SZ,28.14,28.18,29.12,28.18,28.98,454100.0,13106546.0,1317.0,28.97,1500.0,28.94,100.0,28.93,600.0,28.92,800.0,28.89,1000.0,0.0,0.0,0.0,0.0,0.0,0.0,0.0,0.0,0.0,0.0,28.98,24700.0,28.99,14000.0,29.0,3600.0,29.05,500.0,29.07,5500.0,0.0,0.0,0.0,0.0,0.0,0.0,0.0,0.0,0.0,0.0,27.23,30.69,95900.0,288400.0,0.0
2021-11-30 11:15:45,300557.SZ,28.14,28.18,29.12,28.18,28.98,454200.0,13109444.0,1318.0,28.97,1500.0,28.94,100.0,28.93,600.0,28.92,800.0,28.89,1000.0,0.0,0.0,0.0,0.0,0.0,0.0,0.0,0.0,0.0,0.0,28.98,24600.0,28.99,14000.0,29.0,3600.0,29.05,500.0,29.07,5500.0,0.0,0.0,0.0,0.0,0.0,0.0,0.0,0.0,0.0,0.0,27.23,30.69,95900.0,288300.0,0.0
2021-11-30 11:16:15,300557.SZ,28.14,28.18,29.12,28.18,28.98,454300.0,13112342.0,1319.0,28.97,1500.0,28.94,100.0,28.93,600.0,28.92,800.0,28.89,1000.0,0.0,0.0,0.0,0.0,0.0,0.0,0.0,0.0,0.0,0.0,28.98,24500.0,28.99,14000.0,29.0,3600.0,29.05,500.0,29.07,5500.0,0.0,0.0,0.0,0.0,0.0,0.0,0.0,0.0,0.0,0.0,27.23,30.69,95900.0,288200.0,0.0
2021-11-30 11:16:18,300557.SZ,28.14,28.18,29.12,28.18,28.98,454800.0,13126832.0,1320.0,28.97,1500.0,28.94,100.0,28.93,600.0,28.92,800.0,28.89,1000.0,0.0,0.0,0.0,0.0,0.0,0.0,0.0,0.0,0.0,0.0,28.98,24000.0,28.99,14000.0,29.0,3600.0,29.05,500.0,29.07,5500.0,0.0,0.0,0.0,0.0,0.0,0.0,0.0,0.0,0.0,0.0,27.23,30.69,95900.0,287700.0,0.0
2021-11-30 11:16:21,300557.SZ,28.14,28.18,29.12,28.18,28.98,455300.0,13141322.0,1321.0,28.97,1500.0,28.94,100.0,28.93,600.0,28.92,800.0,28.89,1000.0,0.0,0.0,0.0,0.0,0.0,0.0,0.0,0.0,0.0,0.0,28.98,23500.0,28.99,14000.0,29.0,3600.0,29.05,500.0,29.07,5500.0,0.0,0.0,0.0,0.0,0.0,0.0,0.0,0.0,0.0,0.0,27.23,30.7,95900.0,287200.0,0.0
2021-11-30 11:16:30,300557.SZ,28.14,28.18,29.12,28.18,28.97,457100.0,13193468.0,1326.0,28.94,100.0,28.93,600.0,28.92,800.0,28.89,1000.0,28.88,2300.0,0.0,0.0,0.0,0.0,0.0,0.0,0.0,0.0,0.0,0.0,28.97,200.0,28.98,23500.0,28.99,14000.0,29.0,3600.0,29.05,500.0,0.0,0.0,0.0,0.0,0.0,0.0,0.0,0.0,0.0,0.0,27.2,30.7,94400.0,287400.0,0.0
2021-11-30 11:16:33,300557.SZ,28.14,28.18,29.12,28.18,28.97,457100.0,13193468.0,1326.0,28.94,300.0,28.93,600.0,28.92,800.0,28.89,1000.0,28.88,2300.0,0.0,0.0,0.0,0.0,0.0,0.0,0.0,0.0,0.0,0.0,28.97,200.0,28.98,23500.0,28.99,14000.0,29.0,3600.0,29.05,500.0,0.0,0.0,0.0,0.0,0.0,0.0,0.0,0.0,0.0,0.0,26.78,30.7,74600.0,287400.0,0.0
2021-11-30 11:17:06,300557.SZ,28.14,28.18,29.12,28.18,28.97,457100.0,13193468.0,1326.0,28.95,100.0,28.94,300.0,28.93,600.0,28.92,200.0,28.89,1000.0,0.0,0.0,0.0,0.0,0.0,0.0,0.0,0.0,0.0,0.0,28.97,200.0,28.98,23500.0,28.99,14000.0,29.0,3600.0,29.05,500.0,0.0,0.0,0.0,0.0,0.0,0.0,0.0,0.0,0.0,0.0,26.76,30.7,74100.0,287400.0,0.0
2021-11-30 11:17:18,300557.SZ,28.14,28.18,29.12,28.18,28.95,457200.0,13196363.0,1327.0,28.94,300.0,28.93,600.0,28.92,200.0,28.89,1000.0,28.88,2300.0,0.0,0.0,0.0,0.0,0.0,0.0,0.0,0.0,0.0,0.0,28.95,300.0,28.97,200.0,28.98,23500.0,28.99,14000.0,29.0,3600.0,0.0,0.0,0.0,0.0,0.0,0.0,0.0,0.0,0.0,0.0,26.76,30.69,74000.0,287700.0,0.0
2021-11-30 11:17:21,300557.SZ,28.14,28.18,29.12,28.18,28.95,457500.0,13205048.0,1328.0,28.95,200.0,28.94,300.0,28.93,600.0,28.92,200.0,28.89,1000.0,0.0,0.0,0.0,0.0,0.0,0.0,0.0,0.0,0.0,0.0,28.97,200.0,28.98,23500.0,28.99,14000.0,29.0,3600.0,29.05,500.0,0.0,0.0,0.0,0.0,0.0,0.0,0.0,0.0,0.0,0.0,26.77,30.7,74200.0,287400.0,0.0
2021-11-30 11:17:30,300557.SZ,28.14,28.18,29.12,28.18,28.95,457500.0,13205048.0,1328.0,28.96,100.0,28.95,200.0,28.94,300.0,28.93,600.0,28.92,200.0,0.0,0.0,0.0,0.0,0.0,0.0,0.0,0.0,0.0,0.0,28.97,200.0,28.98,23500.0,28.99,14000.0,29.0,3600.0,29.05,500.0,0.0,0.0,0.0,0.0,0.0,0.0,0.0,0.0,0.0,0.0,26.77,30.7,74300.0,287400.0,0.0
2021-11-30 11:17:33,300557.SZ,28.14,28.18,29.12,28.18,28.95,457500.0,13205048.0,1328.0,28.96,100.0,28.95,200.0,28.94,300.0,28.93,600.0,28.92,200.0,0.0,0.0,0.0,0.0,0.0,0.0,0.0,0.0,0.0,0.0,28.97,500.0,28.98,23500.0,28.99,14000.0,29.0,3600.0,29.05,500.0,0.0,0.0,0.0,0.0,0.0,0.0,0.0,0.0,0.0,0.0,26.77,30.69,74300.0,287700.0,0.0
2021-11-30 11:17:54,300557.SZ,28.14,28.18,29.12,28.18,28.96,457600.0,13207944.0,1329.0,28.95,200.0,28.94,300.0,28.93,600.0,28.92,200.0,28.89,1000.0,0.0,0.0,0.0,0.0,0.0,0.0,0.0,0.0,0.0,0.0,28.97,500.0,28.98,23500.0,28.99,14000.0,29.0,3600.0,29.05,500.0,0.0,0.0,0.0,0.0,0.0,0.0,0.0,0.0,0.0,0.0,26.77,30.69,74200.0,287700.0,0.0
2021-11-30 11:18:00,300557.SZ,28.14,28.18,29.12,28.18,28.96,457600.0,13207944.0,1329.0,28.96,100.0,28.95,200.0,28.94,300.0,28.93,600.0,28.92,200.0,0.0,0.0,0.0,0.0,0.0,0.0,0.0,0.0,0.0,0.0,28.97,500.0,28.98,23500.0,28.99,14000.0,29.0,3600.0,29.05,500.0,0.0,0.0,0.0,0.0,0.0,0.0,0.0,0.0,0.0,0.0,26.77,30.69,74300.0,287700.0,0.0
2021-11-30 11:18:18,300557.SZ,28.14,28.18,29.12,28.18,28.96,457600.0,13207944.0,1329.0,28.96,100.0,28.95,200.0,28.94,300.0,28.93,600.0,28.92,200.0,0.0,0.0,0.0,0.0,0.0,0.0,0.0,0.0,0.0,0.0,28.97,800.0,28.98,23500.0,28.99,14000.0,29.0,3600.0,29.05,500.0,0.0,0.0,0.0,0.0,0.0,0.0,0.0,0.0,0.0,0.0,26.77,30.69,74300.0,288000.0,0.0
2021-11-30 11:18:24,300557.SZ,28.14,28.18,29.12,28.18,28.95,457800.0,13213735.0,1331.0,28.95,100.0,28.94,300.0,28.93,600.0,28.92,200.0,28.89,1000.0,0.0,0.0,0.0,0.0,0.0,0.0,0.0,0.0,0.0,0.0,28.97,800.0,28.98,23500.0,28.99,14000.0,29.0,3600.0,29.05,500.0,0.0,0.0,0.0,0.0,0.0,0.0,0.0,0.0,0.0,0.0,26.76,30.69,74100.0,288000.0,0.0
2021-11-30 11:18:30,300557.SZ,28.14,28.18,29.12,28.18,28.95,457800.0,13213735.0,1331.0,28.96,100.0,28.95,100.0,28.94,300.0,28.93,600.0,28.92,200.0,0.0,0.0,0.0,0.0,0.0,0.0,0.0,0.0,0.0,0.0,28.97,800.0,28.98,23500.0,28.99,14000.0,29.0,3600.0,29.05,500.0,0.0,0.0,0.0,0.0,0.0,0.0,0.0,0.0,0.0,0.0,26.77,30.69,74200.0,288000.0,0.0
2021-11-30 11:19:00,300557.SZ,28.14,28.18,29.12,28.18,28.95,457800.0,13213735.0,1331.0,28.96,200.0,28.95,100.0,28.94,300.0,28.93,100.0,28.92,200.0,0.0,0.0,0.0,0.0,0.0,0.0,0.0,0.0,0.0,0.0,28.97,800.0,28.98,23500.0,28.99,14000.0,29.0,3600.0,29.05,500.0,0.0,0.0,0.0,0.0,0.0,0.0,0.0,0.0,0.0,0.0,26.79,30.69,75100.0,288000.0,0.0
2021-11-30 11:19:06,300557.SZ,28.14,28.18,29.12,28.18,28.97,457900.0,13216632.0,1332.0,28.96,100.0,28.95,100.0,28.94,300.0,28.93,100.0,28.92,200.0,0.0,0.0,0.0,0.0,0.0,0.0,0.0,0.0,0.0,0.0,28.97,700.0,28.98,23500.0,28.99,14000.0,29.0,3600.0,29.05,500.0,0.0,0.0,0.0,0.0,0.0,0.0,0.0,0.0,0.0,0.0,26.79,30.69,75000.0,287900.0,0.0
2021-11-30 11:19:30,300557.SZ,28.14,28.18,29.12,28.18,28.97,458400.0,13231117.0,1335.0,28.95,100.0,28.94,300.0,28.93,100.0,28.92,200.0,28.9,1300.0,0.0,0.0,0.0,0.0,0.0,0.0,0.0,0.0,0.0,0.0,28.97,200.0,28.98,23500.0,28.99,14000.0,29.0,3600.0,29.05,500.0,0.0,0.0,0.0,0.0,0.0,0.0,0.0,0.0,0.0,0.0,26.79,30.7,74900.0,287400.0,0.0
2021-11-30 11:19:36,300557.SZ,28.14,28.18,29.12,28.18,28.97,458500.0,13234014.0,1336.0,28.95,300.0,28.94,300.0,28.93,100.0,28.92,200.0,28.9,1300.0,0.0,0.0,0.0,0.0,0.0,0.0,0.0,0.0,0.0,0.0,28.97,100.0,28.98,23500.0,28.99,14000.0,29.0,3600.0,29.05,500.0,0.0,0.0,0.0,0.0,0.0,0.0,0.0,0.0,0.0,0.0,26.79,30.7,75100.0,287300.0,0.0
2021-11-30 11:19:39,300557.SZ,28.14,28.18,29.12,28.18,28.98,458700.0,13239809.0,1338.0,28.97,100.0,28.96,200.0,28.95,100.0,28.94,300.0,28.92,200.0,0.0,0.0,0.0,0.0,0.0,0.0,0.0,0.0,0.0,0.0,28.98,23400.0,28.99,14000.0,29.0,3600.0,29.05,500.0,29.07,5500.0,0.0,0.0,0.0,0.0,0.0,0.0,0.0,0.0,0.0,0.0,26.79,30.7,75100.0,287100.0,0.0
2021-11-30 11:19:42,300557.SZ,28.14,28.18,29.12,28.18,28.98,458700.0,13239809.0,1338.0,28.97,300.0,28.96,100.0,28.95,600.0,28.94,300.0,28.92,200.0,0.0,0.0,0.0,0.0,0.0,0.0,0.0,0.0,0.0,0.0,28.98,23400.0,28.99,14000.0,29.0,3600.0,29.05,500.0,29.07,5500.0,0.0,0.0,0.0,0.0,0.0,0.0,0.0,0.0,0.0,0.0,26.8,30.7,75100.0,287100.0,0.0
2021-11-30 11:19:57,300557.SZ,28.14,28.18,29.12,28.18,28.98,458800.0,13242707.0,1339.0,28.97,300.0,28.95,600.0,28.94,300.0,28.92,200.0,28.9,1300.0,0.0,0.0,0.0,0.0,0.0,0.0,0.0,0.0,0.0,0.0,28.98,23300.0,28.99,14000.0,29.0,3600.0,29.05,500.0,29.07,5500.0,0.0,0.0,0.0,0.0,0.0,0.0,0.0,0.0,0.0,0.0,26.79,30.7,75000.0,287000.0,0.0
2021-11-30 11:20:03,300557.SZ,28.14,28.18,29.12,28.18,28.98,467600.0,13497731.0,1345.0,28.97,200.0,28.95,600.0,28.94,300.0,28.92,200.0,28.9,1300.0,0.0,0.0,0.0,0.0,0.0,0.0,0.0,0.0,0.0,0.0,28.98,14500.0,28.99,14000.0,29.0,1800.0,29.05,500.0,29.07,5500.0,0.0,0.0,0.0,0.0,0.0,0.0,0.0,0.0,0.0,0.0,26.79,30.76,74900.0,276400.0,0.0
2021-11-30 11:20:06,300557.SZ,28.14,28.18,29.12,28.18,28.98,467700.0,13500629.0,1346.0,28.97,200.0,28.95,600.0,28.94,100.0,28.92,200.0,28.9,1300.0,0.0,0.0,0.0,0.0,0.0,0.0,0.0,0.0,0.0,0.0,28.98,14400.0,28.99,14000.0,29.0,1800.0,29.05,500.0,29.07,5500.0,0.0,0.0,0.0,0.0,0.0,0.0,0.0,0.0,0.0,0.0,26.78,30.77,74700.0,276300.0,0.0
2021-11-30 11:20:09,300557.SZ,28.14,28.18,29.12,28.18,28.98,467700.0,13500629.0,1346.0,28.97,400.0,28.95,600.0,28.94,100.0,28.92,200.0,28.9,1300.0,0.0,0.0,0.0,0.0,0.0,0.0,0.0,0.0,0.0,0.0,28.98,14400.0,28.99,14000.0,29.0,1800.0,29.05,500.0,29.07,5500.0,0.0,0.0,0.0,0.0,0.0,0.0,0.0,0.0,0.0,0.0,26.79,30.77,74900.0,276300.0,0.0
2021-11-30 11:20:15,300557.SZ,28.14,28.18,29.12,28.18,28.98,467700.0,13500629.0,1346.0,28.97,400.0,28.95,600.0,28.94,100.0,28.92,200.0,28.9,1300.0,0.0,0.0,0.0,0.0,0.0,0.0,0.0,0.0,0.0,0.0,28.98,14400.0,28.99,14000.0,29.0,1300.0,29.05,500.0,29.07,5500.0,0.0,0.0,0.0,0.0,0.0,0.0,0.0,0.0,0.0,0.0,26.79,30.77,74900.0,275800.0,0.0
2021-11-30 11:20:24,300557.SZ,28.14,28.18,29.12,28.18,28.98,467700.0,13500629.0,1346.0,28.97,400.0,28.95,600.0,28.94,100.0,28.92,200.0,28.9,1300.0,0.0,0.0,0.0,0.0,0.0,0.0,0.0,0.0,0.0,0.0,28.98,16200.0,28.99,14000.0,29.0,1300.0,29.05,500.0,29.07,5500.0,0.0,0.0,0.0,0.0,0.0,0.0,0.0,0.0,0.0,0.0,26.79,30.76,74900.0,277600.0,0.0
2021-11-30 11:20:27,300557.SZ,28.14,28.18,29.12,28.18,28.98,468100.0,13512221.0,1350.0,28.97,400.0,28.95,600.0,28.94,100.0,28.92,200.0,28.9,1300.0,0.0,0.0,0.0,0.0,0.0,0.0,0.0,0.0,0.0,0.0,28.98,15800.0,28.99,14000.0,29.0,1300.0,29.05,500.0,29.07,5500.0,0.0,0.0,0.0,0.0,0.0,0.0,0.0,0.0,0.0,0.0,26.79,30.76,74900.0,277200.0,0.0
2021-11-30 11:20:33,300557.SZ,28.14,28.18,29.12,28.18,28.98,468200.0,13515119.0,1351.0,28.97,400.0,28.95,600.0,28.94,100.0,28.92,200.0,28.9,1300.0,0.0,0.0,0.0,0.0,0.0,0.0,0.0,0.0,0.0,0.0,28.98,15700.0,28.99,14000.0,29.0,1300.0,29.05,500.0,29.07,5500.0,0.0,0.0,0.0,0.0,0.0,0.0,0.0,0.0,0.0,0.0,26.79,30.76,74900.0,277100.0,0.0
2021-11-30 11:20:36,300557.SZ,28.14,28.18,29.12,28.18,28.98,469400.0,13549895.0,1353.0,28.97,400.0,28.95,600.0,28.94,100.0,28.92,200.0,28.9,1300.0,0.0,0.0,0.0,0.0,0.0,0.0,0.0,0.0,0.0,0.0,28.98,14500.0,28.99,14000.0,29.0,1300.0,29.05,500.0,29.07,5500.0,0.0,0.0,0.0,0.0,0.0,0.0,0.0,0.0,0.0,0.0,26.79,30.77,74900.0,276400.0,0.0
2021-11-30 11:20:39,300557.SZ,28.14,28.18,29.12,28.18,28.98,469600.0,13555691.0,1355.0,28.97,400.0,28.95,600.0,28.94,100.0,28.92,200.0,28.9,1300.0,0.0,0.0,0.0,0.0,0.0,0.0,0.0,0.0,0.0,0.0,28.98,14300.0,28.99,14000.0,29.0,1300.0,29.05,500.0,29.07,5500.0,0.0,0.0,0.0,0.0,0.0,0.0,0.0,0.0,0.0,0.0,26.78,30.77,74700.0,276200.0,0.0
2021-11-30 11:20:45,300557.SZ,28.14,28.18,29.12,28.18,28.98,469800.0,13561487.0,1356.0,28.97,400.0,28.95,600.0,28.94,100.0,28.92,200.0,28.9,1300.0,0.0,0.0,0.0,0.0,0.0,0.0,0.0,0.0,0.0,0.0,28.98,14100.0,28.99,14000.0,29.0,1300.0,29.05,500.0,29.07,5500.0,0.0,0.0,0.0,0.0,0.0,0.0,0.0,0.0,0.0,0.0,26.76,30.77,73800.0,276000.0,0.0
2021-11-30 11:20:48,300557.SZ,28.14,28.18,29.12,28.18,28.98,469900.0,13564385.0,1357.0,28.97,400.0,28.95,600.0,28.94,100.0,28.92,200.0,28.9,1300.0,0.0,0.0,0.0,0.0,0.0,0.0,0.0,0.0,0.0,0.0,28.98,14000.0,28.99,14000.0,29.0,1300.0,29.05,500.0,29.07,5500.0,0.0,0.0,0.0,0.0,0.0,0.0,0.0,0.0,0.0,0.0,26.76,30.77,73800.0,275900.0,0.0
2021-11-30 11:20:51,300557.SZ,28.14,28.18,29.12,28.18,28.98,469900.0,13564385.0,1357.0,28.97,400.0,28.95,600.0,28.94,100.0,28.92,200.0,28.9,1300.0,0.0,0.0,0.0,0.0,0.0,0.0,0.0,0.0,0.0,0.0,28.98,14000.0,28.99,14000.0,29.0,1300.0,29.05,500.0,29.07,5500.0,0.0,0.0,0.0,0.0,0.0,0.0,0.0,0.0,0.0,0.0,26.75,30.77,73400.0,275900.0,0.0
2021-11-30 11:21:21,300557.SZ,28.14,28.18,29.12,28.18,28.98,469900.0,13564385.0,1357.0,28.97,400.0,28.95,600.0,28.94,100.0,28.92,200.0,28.9,1300.0,0.0,0.0,0.0,0.0,0.0,0.0,0.0,0.0,0.0,0.0,28.98,14000.0,28.99,14000.0,29.0,1300.0,29.05,500.0,29.07,5500.0,0.0,0.0,0.0,0.0,0.0,0.0,0.0,0.0,0.0,0.0,26.75,30.77,73400.0,276100.0,0.0
2021-11-30 11:21:24,300557.SZ,28.14,28.18,29.12,28.18,28.98,470000.0,13567283.0,1358.0,28.97,400.0,28.95,600.0,28.94,100.0,28.92,200.0,28.9,1300.0,0.0,0.0,0.0,0.0,0.0,0.0,0.0,0.0,0.0,0.0,28.98,13900.0,28.99,14000.0,29.0,1300.0,29.05,500.0,29.07,5500.0,0.0,0.0,0.0,0.0,0.0,0.0,0.0,0.0,0.0,0.0,26.75,30.77,73400.0,276000.0,0.0
2021-11-30 11:21:33,300557.SZ,28.14,28.18,29.12,28.18,28.98,470000.0,13567283.0,1358.0,28.97,400.0,28.95,600.0,28.94,100.0,28.92,200.0,28.9,1300.0,0.0,0.0,0.0,0.0,0.0,0.0,0.0,0.0,0.0,0.0,28.98,13900.0,28.99,14000.0,29.0,1300.0,29.05,500.0,29.07,5500.0,0.0,0.0,0.0,0.0,0.0,0.0,0.0,0.0,0.0,0.0,26.75,30.77,73400.0,276500.0,0.0
2021-11-30 11:21:45,300557.SZ,28.14,28.18,29.12,28.18,28.98,470000.0,13567283.0,1358.0,28.97,400.0,28.95,600.0,28.94,100.0,28.92,200.0,28.9,1300.0,0.0,0.0,0.0,0.0,0.0,0.0,0.0,0.0,0.0,0.0,28.98,13900.0,28.99,14000.0,29.0,1300.0,29.05,500.0,29.07,5500.0,0.0,0.0,0.0,0.0,0.0,0.0,0.0,0.0,0.0,0.0,26.75,30.77,73400.0,276700.0,0.0
2021-11-30 11:21:57,300557.SZ,28.14,28.18,29.12,28.18,28.98,470000.0,13567283.0,1358.0,28.97,400.0,28.95,600.0,28.94,100.0,28.92,200.0,28.9,1300.0,0.0,0.0,0.0,0.0,0.0,0.0,0.0,0.0,0.0,0.0,28.98,13900.0,28.99,14000.0,29.0,1300.0,29.05,500.0,29.07,5500.0,0.0,0.0,0.0,0.0,0.0,0.0,0.0,0.0,0.0,0.0,26.75,30.78,73400.0,276900.0,0.0
2021-11-30 11:22:09,300557.SZ,28.14,28.18,29.12,28.18,28.98,470000.0,13567283.0,1358.0,28.97,400.0,28.95,600.0,28.94,100.0,28.92,200.0,28.9,1300.0,0.0,0.0,0.0,0.0,0.0,0.0,0.0,0.0,0.0,0.0,28.98,13900.0,28.99,14000.0,29.0,1300.0,29.05,500.0,29.07,5500.0,0.0,0.0,0.0,0.0,0.0,0.0,0.0,0.0,0.0,0.0,26.75,30.78,73400.0,277100.0,0.0
2021-11-30 11:22:12,300557.SZ,28.14,28.18,29.12,28.18,28.98,470000.0,13567283.0,1358.0,28.97,200.0,28.95,600.0,28.94,100.0,28.92,200.0,28.9,1300.0,0.0,0.0,0.0,0.0,0.0,0.0,0.0,0.0,0.0,0.0,28.98,13900.0,28.99,14000.0,29.0,1300.0,29.05,500.0,29.07,5500.0,0.0,0.0,0.0,0.0,0.0,0.0,0.0,0.0,0.0,0.0,26.74,30.78,73200.0,277100.0,0.0
2021-11-30 11:22:21,300557.SZ,28.14,28.18,29.12,28.18,28.98,470000.0,13567283.0,1358.0,28.97,200.0,28.95,600.0,28.94,100.0,28.92,200.0,28.9,1300.0,0.0,0.0,0.0,0.0,0.0,0.0,0.0,0.0,0.0,0.0,28.98,13900.0,28.99,14000.0,29.0,1300.0,29.05,500.0,29.07,5500.0,0.0,0.0,0.0,0.0,0.0,0.0,0.0,0.0,0.0,0.0,26.74,30.77,73200.0,277300.0,0.0
2021-11-30 11:22:24,300557.SZ,28.14,28.18,29.12,28.18,28.98,470000.0,13567283.0,1358.0,28.97,200.0,28.95,500.0,28.94,100.0,28.92,200.0,28.9,1300.0,0.0,0.0,0.0,0.0,0.0,0.0,0.0,0.0,0.0,0.0,28.98,13900.0,28.99,14000.0,29.0,1300.0,29.05,500.0,29.07,5500.0,0.0,0.0,0.0,0.0,0.0,0.0,0.0,0.0,0.0,0.0,26.74,30.77,73100.0,277300.0,0.0
2021-11-30 11:22:30,300557.SZ,28.14,28.18,29.12,28.18,28.98,470000.0,13567283.0,1358.0,28.97,200.0,28.95,500.0,28.94,100.0,28.92,200.0,28.9,1300.0,0.0,0.0,0.0,0.0,0.0,0.0,0.0,0.0,0.0,0.0,28.98,14000.0,28.99,14000.0,29.0,1300.0,29.05,500.0,29.07,5500.0,0.0,0.0,0.0,0.0,0.0,0.0,0.0,0.0,0.0,0.0,26.74,30.77,73100.0,277400.0,0.0
2021-11-30 11:22:33,300557.SZ,28.14,28.18,29.12,28.18,28.98,470000.0,13567283.0,1358.0,28.97,200.0,28.95,500.0,28.94,100.0,28.92,200.0,28.9,1300.0,0.0,0.0,0.0,0.0,0.0,0.0,0.0,0.0,0.0,0.0,28.98,14000.0,28.99,14000.0,29.0,1300.0,29.05,500.0,29.07,5500.0,0.0,0.0,0.0,0.0,0.0,0.0,0.0,0.0,0.0,0.0,26.74,30.78,73100.0,277700.0,0.0
2021-11-30 11:23:00,300557.SZ,28.14,28.18,29.12,28.18,28.98,470000.0,13567283.0,1358.0,28.97,200.0,28.95,500.0,28.94,100.0,28.92,200.0,28.9,1300.0,0.0,0.0,0.0,0.0,0.0,0.0,0.0,0.0,0.0,0.0,28.98,14000.0,28.99,14000.0,29.0,1300.0,29.05,500.0,29.07,5500.0,0.0,0.0,0.0,0.0,0.0,0.0,0.0,0.0,0.0,0.0,26.74,30.78,73100.0,277500.0,0.0
2021-11-30 11:23:15,300557.SZ,28.14,28.18,29.12,28.18,28.98,470000.0,13567283.0,1358.0,28.97,200.0,28.95,500.0,28.94,100.0,28.92,200.0,28.9,1300.0,0.0,0.0,0.0,0.0,0.0,0.0,0.0,0.0,0.0,0.0,28.98,14000.0,28.99,14000.0,29.0,1300.0,29.05,500.0,29.07,5500.0,0.0,0.0,0.0,0.0,0.0,0.0,0.0,0.0,0.0,0.0,26.74,30.78,73100.0,277700.0,0.0
2021-11-30 11:23:21,300557.SZ,28.14,28.18,29.12,28.18,28.98,470000.0,13567283.0,1358.0,28.97,200.0,28.95,500.0,28.94,100.0,28.92,200.0,28.9,1300.0,0.0,0.0,0.0,0.0,0.0,0.0,0.0,0.0,0.0,0.0,28.98,14100.0,28.99,14000.0,29.0,1300.0,29.05,500.0,29.07,5500.0,0.0,0.0,0.0,0.0,0.0,0.0,0.0,0.0,0.0,0.0,26.74,30.78,73100.0,277800.0,0.0
2021-11-30 11:23:54,300557.SZ,28.14,28.18,29.12,28.18,28.98,470200.0,13573079.0,1359.0,28.97,200.0,28.95,500.0,28.94,100.0,28.92,200.0,28.9,1300.0,0.0,0.0,0.0,0.0,0.0,0.0,0.0,0.0,0.0,0.0,28.98,13900.0,28.99,14000.0,29.0,1300.0,29.05,500.0,29.07,5500.0,0.0,0.0,0.0,0.0,0.0,0.0,0.0,0.0,0.0,0.0,26.74,30.78,73100.0,277600.0,0.0
2021-11-30 11:24:03,300557.SZ,28.14,28.18,29.12,28.18,28.98,470400.0,13578875.0,1360.0,28.97,200.0,28.95,500.0,28.94,100.0,28.92,200.0,28.9,1300.0,0.0,0.0,0.0,0.0,0.0,0.0,0.0,0.0,0.0,0.0,28.98,13700.0,28.99,14000.0,29.0,1300.0,29.05,500.0,29.07,5500.0,0.0,0.0,0.0,0.0,0.0,0.0,0.0,0.0,0.0,0.0,26.74,30.78,73100.0,277400.0,0.0
2021-11-30 11:24:12,300557.SZ,28.14,28.18,29.12,28.18,28.98,470400.0,13578875.0,1360.0,28.97,200.0,28.95,500.0,28.94,100.0,28.9,1300.0,28.89,100.0,0.0,0.0,0.0,0.0,0.0,0.0,0.0,0.0,0.0,0.0,28.98,13700.0,28.99,14000.0,29.0,1300.0,29.05,500.0,29.07,5500.0,0.0,0.0,0.0,0.0,0.0,0.0,0.0,0.0,0.0,0.0,26.73,30.78,72900.0,277400.0,0.0
2021-11-30 11:24:42,300557.SZ,28.14,28.18,29.12,28.18,28.99,490700.0,14167235.0,1369.0,28.97,200.0,28.95,500.0,28.94,100.0,28.9,1300.0,28.89,100.0,0.0,0.0,0.0,0.0,0.0,0.0,0.0,0.0,0.0,0.0,28.99,7400.0,29.0,1300.0,29.05,500.0,29.07,5500.0,29.08,1000.0,0.0,0.0,0.0,0.0,0.0,0.0,0.0,0.0,0.0,0.0,26.73,30.93,72900.0,256600.0,0.0
2021-11-30 11:24:45,300557.SZ,28.14,28.18,29.12,28.18,29.05,499900.0,14433986.0,1384.0,29.02,200.0,29.0,4200.0,28.98,1600.0,28.97,900.0,28.95,300.0,0.0,0.0,0.0,0.0,0.0,0.0,0.0,0.0,0.0,0.0,29.07,5500.0,29.08,1000.0,29.09,7000.0,29.1,19200.0,29.12,1900.0,0.0,0.0,0.0,0.0,0.0,0.0,0.0,0.0,0.0,0.0,26.87,31.0,77500.0,247400.0,0.0
2021-11-30 11:24:48,300557.SZ,28.14,28.18,29.12,28.18,29.07,500200.0,14442707.0,1386.0,29.05,400.0,29.04,200.0,29.03,200.0,29.02,300.0,29.0,200.0,0.0,0.0,0.0,0.0,0.0,0.0,0.0,0.0,0.0,0.0,29.07,5200.0,29.08,1000.0,29.09,7000.0,29.1,19200.0,29.12,1900.0,0.0,0.0,0.0,0.0,0.0,0.0,0.0,0.0,0.0,0.0,26.75,31.0,73300.0,247100.0,0.0
2021-11-30 11:24:51,300557.SZ,28.14,28.18,29.12,28.18,29.07,500200.0,14442707.0,1386.0,29.05,400.0,29.03,200.0,29.02,500.0,29.0,200.0,28.98,1600.0,0.0,0.0,0.0,0.0,0.0,0.0,0.0,0.0,0.0,0.0,29.07,5200.0,29.08,1000.0,29.09,7000.0,29.1,19200.0,29.12,1900.0,0.0,0.0,0.0,0.0,0.0,0.0,0.0,0.0,0.0,0.0,26.75,31.0,73300.0,247100.0,0.0
2021-11-30 11:24:54,300557.SZ,28.14,28.18,29.12,28.18,29.07,500500.0,14451428.0,1389.0,29.05,400.0,29.03,200.0,29.02,500.0,28.98,1500.0,28.97,100.0,0.0,0.0,0.0,0.0,0.0,0.0,0.0,0.0,0.0,0.0,29.07,4900.0,29.08,1000.0,29.09,7000.0,29.1,19200.0,29.12,1900.0,0.0,0.0,0.0,0.0,0.0,0.0,0.0,0.0,0.0,0.0,26.74,31.0,73000.0,246800.0,0.0
2021-11-30 11:25:03,300557.SZ,28.14,28.18,29.12,28.18,29.07,500500.0,14451428.0,1389.0,29.03,200.0,29.02,500.0,28.98,1500.0,28.97,100.0,28.94,100.0,0.0,0.0,0.0,0.0,0.0,0.0,0.0,0.0,0.0,0.0,29.07,4900.0,29.08,1000.0,29.09,7000.0,29.1,19200.0,29.12,1900.0,0.0,0.0,0.0,0.0,0.0,0.0,0.0,0.0,0.0,0.0,26.73,31.0,72600.0,246800.0,0.0
2021-11-30 11:25:18,300557.SZ,28.14,28.18,29.12,28.18,29.03,500700.0,14457234.0,1391.0,29.02,500.0,28.98,1500.0,28.97,100.0,28.94,100.0,28.9,1300.0,0.0,0.0,0.0,0.0,0.0,0.0,0.0,0.0,0.0,0.0,29.03,100.0,29.07,4900.0,29.08,1000.0,29.09,7000.0,29.1,19200.0,0.0,0.0,0.0,0.0,0.0,0.0,0.0,0.0,0.0,0.0,26.72,31.0,72400.0,246900.0,0.0
2021-11-30 11:25:21,300557.SZ,28.14,28.18,29.12,28.18,29.03,500700.0,14457234.0,1391.0,28.98,1500.0,28.97,100.0,28.94,100.0,28.9,1300.0,28.89,100.0,0.0,0.0,0.0,0.0,0.0,0.0,0.0,0.0,0.0,0.0,29.03,100.0,29.07,4900.0,29.08,1000.0,29.09,7000.0,29.1,19200.0,0.0,0.0,0.0,0.0,0.0,0.0,0.0,0.0,0.0,0.0,26.7,31.0,71900.0,247100.0,0.0
2021-11-30 11:25:24,300557.SZ,28.14,28.18,29.12,28.18,29.03,500700.0,14457234.0,1391.0,28.98,2100.0,28.97,100.0,28.94,100.0,28.9,1300.0,28.89,100.0,0.0,0.0,0.0,0.0,0.0,0.0,0.0,0.0,0.0,0.0,29.03,100.0,29.07,4900.0,29.08,1000.0,29.09,7000.0,29.1,19200.0,0.0,0.0,0.0,0.0,0.0,0.0,0.0,0.0,0.0,0.0,26.72,31.0,72500.0,246800.0,0.0
2021-11-30 11:25:39,300557.SZ,28.14,28.18,29.12,28.18,29.03,500700.0,14457234.0,1391.0,29.0,900.0,28.98,2100.0,28.97,100.0,28.94,100.0,28.9,1300.0,0.0,0.0,0.0,0.0,0.0,0.0,0.0,0.0,0.0,0.0,29.03,100.0,29.06,200.0,29.07,4900.0,29.08,1000.0,29.09,7100.0,0.0,0.0,0.0,0.0,0.0,0.0,0.0,0.0,0.0,0.0,26.75,31.0,73400.0,247100.0,0.0
2021-11-30 11:25:42,300557.SZ,28.14,28.18,29.12,28.18,29.03,500700.0,14457234.0,1391.0,29.0,900.0,28.98,2100.0,28.97,100.0,28.94,100.0,28.9,1300.0,0.0,0.0,0.0,0.0,0.0,0.0,0.0,0.0,0.0,0.0,29.03,600.0,29.06,200.0,29.07,4900.0,29.08,1000.0,29.09,7100.0,0.0,0.0,0.0,0.0,0.0,0.0,0.0,0.0,0.0,0.0,26.75,31.0,73400.0,247600.0,0.0
2021-11-30 11:26:00,300557.SZ,28.14,28.18,29.12,28.18,29.03,500700.0,14457234.0,1391.0,29.0,900.0,28.98,2100.0,28.97,100.0,28.94,100.0,28.91,1900.0,0.0,0.0,0.0,0.0,0.0,0.0,0.0,0.0,0.0,0.0,29.03,600.0,29.06,200.0,29.07,4900.0,29.08,1000.0,29.09,7100.0,0.0,0.0,0.0,0.0,0.0,0.0,0.0,0.0,0.0,0.0,26.81,31.0,75300.0,247600.0,0.0
2021-11-30 11:26:09,300557.SZ,28.14,28.18,29.12,28.18,29.03,500700.0,14457234.0,1391.0,29.0,900.0,28.98,2100.0,28.97,100.0,28.94,100.0,28.91,1900.0,0.0,0.0,0.0,0.0,0.0,0.0,0.0,0.0,0.0,0.0,29.03,600.0,29.06,200.0,29.07,4900.0,29.08,1000.0,29.09,7100.0,0.0,0.0,0.0,0.0,0.0,0.0,0.0,0.0,0.0,0.0,26.81,30.99,75300.0,248100.0,0.0
2021-11-30 11:26:15,300557.SZ,28.14,28.18,29.12,28.18,29.0,501600.0,14483334.0,1392.0,28.98,2100.0,28.97,100.0,28.94,100.0,28.91,1900.0,28.9,1300.0,0.0,0.0,0.0,0.0,0.0,0.0,0.0,0.0,0.0,0.0,29.0,700.0,29.03,600.0,29.06,200.0,29.07,4900.0,29.08,1000.0,0.0,0.0,0.0,0.0,0.0,0.0,0.0,0.0,0.0,0.0,26.78,30.99,74400.0,248900.0,0.0
2021-11-30 11:26:21,300557.SZ,28.14,28.18,29.12,28.18,29.0,501600.0,14483334.0,1392.0,28.98,2100.0,28.97,100.0,28.94,100.0,28.91,1900.0,28.9,1300.0,0.0,0.0,0.0,0.0,0.0,0.0,0.0,0.0,0.0,0.0,29.0,700.0,29.03,600.0,29.06,400.0,29.07,4900.0,29.08,1000.0,0.0,0.0,0.0,0.0,0.0,0.0,0.0,0.0,0.0,0.0,26.78,30.99,74400.0,249100.0,0.0
2021-11-30 11:26:24,300557.SZ,28.14,28.18,29.12,28.18,29.0,501800.0,14489134.0,1393.0,28.98,2100.0,28.97,100.0,28.94,100.0,28.91,1900.0,28.9,1300.0,0.0,0.0,0.0,0.0,0.0,0.0,0.0,0.0,0.0,0.0,29.0,500.0,29.03,600.0,29.06,400.0,29.07,4900.0,29.08,1000.0,0.0,0.0,0.0,0.0,0.0,0.0,0.0,0.0,0.0,0.0,26.78,30.99,74400.0,248900.0,0.0
2021-11-30 11:26:27,300557.SZ,28.14,28.18,29.12,28.18,29.0,502300.0,14503634.0,1394.0,28.98,2100.0,28.97,100.0,28.94,100.0,28.91,1900.0,28.9,1300.0,0.0,0.0,0.0,0.0,0.0,0.0,0.0,0.0,0.0,0.0,29.03,600.0,29.06,400.0,29.07,4900.0,29.08,1000.0,29.09,7100.0,0.0,0.0,0.0,0.0,0.0,0.0,0.0,0.0,0.0,0.0,26.78,30.99,74400.0,248400.0,0.0
2021-11-30 11:26:45,300557.SZ,28.14,28.18,29.12,28.18,29.0,502300.0,14503634.0,1394.0,29.0,1000.0,28.98,2100.0,28.97,100.0,28.94,100.0,28.91,1900.0,0.0,0.0,0.0,0.0,0.0,0.0,0.0,0.0,0.0,0.0,29.03,600.0,29.06,400.0,29.07,4900.0,29.08,1000.0,29.09,7100.0,0.0,0.0,0.0,0.0,0.0,0.0,0.0,0.0,0.0,0.0,26.81,31.0,75400.0,249000.0,0.0
2021-11-30 11:26:48,300557.SZ,28.14,28.18,29.12,28.18,29.0,502300.0,14503634.0,1394.0,29.0,1000.0,28.98,2100.0,28.97,100.0,28.94,100.0,28.91,1900.0,0.0,0.0,0.0,0.0,0.0,0.0,0.0,0.0,0.0,0.0,29.03,600.0,29.06,600.0,29.07,4900.0,29.08,1000.0,29.09,7100.0,0.0,0.0,0.0,0.0,0.0,0.0,0.0,0.0,0.0,0.0,26.81,30.99,75400.0,249200.0,0.0
2021-11-30 11:26:51,300557.SZ,28.14,28.18,29.12,28.18,29.0,502300.0,14503634.0,1394.0,29.0,1000.0,28.98,2100.0,28.97,100.0,28.94,100.0,28.91,1900.0,0.0,0.0,0.0,0.0,0.0,0.0,0.0,0.0,0.0,0.0,29.03,600.0,29.06,900.0,29.07,4900.0,29.08,1000.0,29.09,7100.0,0.0,0.0,0.0,0.0,0.0,0.0,0.0,0.0,0.0,0.0,26.81,30.99,75400.0,249500.0,0.0
2021-11-30 11:26:54,300557.SZ,28.14,28.18,29.12,28.18,29.0,502300.0,14503634.0,1394.0,29.0,1000.0,28.98,2100.0,28.97,100.0,28.94,100.0,28.91,1900.0,0.0,0.0,0.0,0.0,0.0,0.0,0.0,0.0,0.0,0.0,29.03,600.0,29.06,900.0,29.07,4900.0,29.08,1000.0,29.09,7100.0,0.0,0.0,0.0,0.0,0.0,0.0,0.0,0.0,0.0,0.0,26.81,30.99,75400.0,249800.0,0.0
2021-11-30 11:26:57,300557.SZ,28.14,28.18,29.12,28.18,29.0,502300.0,14503634.0,1394.0,29.0,1000.0,28.98,2100.0,28.97,100.0,28.94,100.0,28.91,1900.0,0.0,0.0,0.0,0.0,0.0,0.0,0.0,0.0,0.0,0.0,29.03,700.0,29.06,900.0,29.07,4900.0,29.08,1000.0,29.09,7100.0,0.0,0.0,0.0,0.0,0.0,0.0,0.0,0.0,0.0,0.0,26.81,30.99,75400.0,249900.0,0.0
2021-11-30 11:27:12,300557.SZ,28.14,28.18,29.12,28.18,29.0,502300.0,14503634.0,1394.0,29.0,1000.0,28.98,2100.0,28.97,100.0,28.94,100.0,28.91,1900.0,0.0,0.0,0.0,0.0,0.0,0.0,0.0,0.0,0.0,0.0,29.03,200.0,29.06,900.0,29.07,4900.0,29.08,1000.0,29.09,7100.0,0.0,0.0,0.0,0.0,0.0,0.0,0.0,0.0,0.0,0.0,26.81,30.99,75400.0,249400.0,0.0
2021-11-30 11:27:21,300557.SZ,28.14,28.18,29.12,28.18,29.0,502300.0,14503634.0,1394.0,29.0,1000.0,28.98,2100.0,28.97,100.0,28.94,100.0,28.91,1900.0,0.0,0.0,0.0,0.0,0.0,0.0,0.0,0.0,0.0,0.0,29.03,200.0,29.06,900.0,29.07,4900.0,29.08,1000.0,29.09,7100.0,0.0,0.0,0.0,0.0,0.0,0.0,0.0,0.0,0.0,0.0,26.81,30.99,75400.0,249600.0,0.0
2021-11-30 11:27:33,300557.SZ,28.14,28.18,29.12,28.18,29.03,502400.0,14506537.0,1395.0,29.0,1000.0,28.98,2100.0,28.97,100.0,28.94,100.0,28.91,1900.0,0.0,0.0,0.0,0.0,0.0,0.0,0.0,0.0,0.0,0.0,29.03,100.0,29.06,900.0,29.07,4900.0,29.08,1000.0,29.09,7100.0,0.0,0.0,0.0,0.0,0.0,0.0,0.0,0.0,0.0,0.0,26.84,30.99,76400.0,249500.0,0.0
2021-11-30 11:27:39,300557.SZ,28.14,28.18,29.12,28.18,29.03,502400.0,14506537.0,1395.0,29.0,1000.0,28.98,2100.0,28.97,100.0,28.94,100.0,28.91,1900.0,0.0,0.0,0.0,0.0,0.0,0.0,0.0,0.0,0.0,0.0,29.03,300.0,29.06,900.0,29.07,4900.0,29.08,1000.0,29.09,7100.0,0.0,0.0,0.0,0.0,0.0,0.0,0.0,0.0,0.0,0.0,26.84,30.99,76400.0,249700.0,0.0
2021-11-30 11:27:54,300557.SZ,28.14,28.18,29.12,28.18,29.03,502400.0,14506537.0,1395.0,29.01,100.0,29.0,1000.0,28.99,5000.0,28.98,2100.0,28.97,100.0,0.0,0.0,0.0,0.0,0.0,0.0,0.0,0.0,0.0,0.0,29.03,800.0,29.06,900.0,29.07,4900.0,29.08,1000.0,29.09,7100.0,0.0,0.0,0.0,0.0,0.0,0.0,0.0,0.0,0.0,0.0,26.97,30.99,81500.0,250200.0,0.0
2021-11-30 11:27:57,300557.SZ,28.14,28.18,29.12,28.18,29.03,502400.0,14506537.0,1395.0,29.01,100.0,29.0,1000.0,28.99,5000.0,28.98,2100.0,28.97,100.0,0.0,0.0,0.0,0.0,0.0,0.0,0.0,0.0,0.0,0.0,29.03,800.0,29.06,900.0,29.07,4900.0,29.08,1400.0,29.09,7100.0,0.0,0.0,0.0,0.0,0.0,0.0,0.0,0.0,0.0,0.0,26.97,30.98,81500.0,250600.0,0.0
2021-11-30 11:28:03,300557.SZ,28.14,28.18,29.12,28.18,29.03,502700.0,14515246.0,1397.0,29.01,100.0,29.0,1000.0,28.99,5000.0,28.98,2100.0,28.97,100.0,0.0,0.0,0.0,0.0,0.0,0.0,0.0,0.0,0.0,0.0,29.03,500.0,29.06,900.0,29.07,4900.0,29.08,1400.0,29.09,7100.0,0.0,0.0,0.0,0.0,0.0,0.0,0.0,0.0,0.0,0.0,26.97,30.99,81500.0,250300.0,0.0
2021-11-30 11:28:27,300557.SZ,28.14,28.18,29.12,28.18,29.03,502700.0,14515246.0,1397.0,29.01,100.0,29.0,1000.0,28.99,5000.0,28.98,2100.0,28.97,100.0,0.0,0.0,0.0,0.0,0.0,0.0,0.0,0.0,0.0,0.0,29.02,2000.0,29.03,500.0,29.06,900.0,29.07,4900.0,29.08,1400.0,0.0,0.0,0.0,0.0,0.0,0.0,0.0,0.0,0.0,0.0,26.97,30.97,81500.0,252300.0,0.0
2021-11-30 11:28:30,300557.SZ,28.14,28.18,29.12,28.18,29.01,502800.0,14518147.0,1398.0,29.0,1000.0,28.99,5000.0,28.98,2100.0,28.97,100.0,28.94,100.0,0.0,0.0,0.0,0.0,0.0,0.0,0.0,0.0,0.0,0.0,29.01,900.0,29.02,2000.0,29.03,500.0,29.06,900.0,29.07,4900.0,0.0,0.0,0.0,0.0,0.0,0.0,0.0,0.0,0.0,0.0,26.97,30.96,81400.0,253200.0,0.0
2021-11-30 11:28:39,300557.SZ,28.14,28.18,29.12,28.18,29.01,502900.0,14521048.0,1399.0,29.0,1000.0,28.99,5000.0,28.98,2100.0,28.97,100.0,28.94,100.0,0.0,0.0,0.0,0.0,0.0,0.0,0.0,0.0,0.0,0.0,29.01,800.0,29.02,2000.0,29.03,500.0,29.06,900.0,29.07,4900.0,0.0,0.0,0.0,0.0,0.0,0.0,0.0,0.0,0.0,0.0,26.97,30.96,81400.0,253100.0,0.0
2021-11-30 11:29:03,300557.SZ,28.14,28.18,29.12,28.18,29.01,503000.0,14523949.0,1400.0,29.0,1000.0,28.99,5000.0,28.98,2100.0,28.94,100.0,28.91,1900.0,0.0,0.0,0.0,0.0,0.0,0.0,0.0,0.0,0.0,0.0,29.01,700.0,29.02,2000.0,29.03,500.0,29.06,900.0,29.07,4900.0,0.0,0.0,0.0,0.0,0.0,0.0,0.0,0.0,0.0,0.0,26.97,30.97,81300.0,253000.0,0.0
2021-11-30 11:29:09,300557.SZ,28.14,28.18,29.12,28.18,29.01,503200.0,14529751.0,1401.0,29.0,1000.0,28.99,5000.0,28.98,2100.0,28.94,100.0,28.91,1900.0,0.0,0.0,0.0,0.0,0.0,0.0,0.0,0.0,0.0,0.0,29.01,500.0,29.02,2000.0,29.03,500.0,29.06,900.0,29.07,4900.0,0.0,0.0,0.0,0.0,0.0,0.0,0.0,0.0,0.0,0.0,26.97,30.97,81300.0,252800.0,0.0
2021-11-30 11:29:12,300557.SZ,28.14,28.18,29.12,28.18,29.01,503200.0,14529751.0,1401.0,29.0,1000.0,28.99,5000.0,28.98,2100.0,28.94,100.0,28.91,1900.0,0.0,0.0,0.0,0.0,0.0,0.0,0.0,0.0,0.0,0.0,29.01,500.0,29.02,2000.0,29.03,500.0,29.06,900.0,29.07,4900.0,0.0,0.0,0.0,0.0,0.0,0.0,0.0,0.0,0.0,0.0,26.97,30.97,81300.0,253100.0,0.0
2021-11-30 11:29:33,300557.SZ,28.14,28.18,29.12,28.18,29.01,503200.0,14529751.0,1401.0,29.0,1000.0,28.99,5000.0,28.98,600.0,28.94,100.0,28.91,1900.0,0.0,0.0,0.0,0.0,0.0,0.0,0.0,0.0,0.0,0.0,29.01,500.0,29.02,2000.0,29.03,500.0,29.06,900.0,29.07,4900.0,0.0,0.0,0.0,0.0,0.0,0.0,0.0,0.0,0.0,0.0,26.93,30.97,79800.0,253100.0,0.0
2021-11-30 11:29:54,300557.SZ,28.14,28.18,29.12,28.18,29.01,503200.0,14529751.0,1401.0,29.0,1000.0,28.99,5000.0,28.98,600.0,28.94,100.0,28.91,1900.0,0.0,0.0,0.0,0.0,0.0,0.0,0.0,0.0,0.0,0.0,29.01,800.0,29.02,2000.0,29.03,500.0,29.06,900.0,29.07,4900.0,0.0,0.0,0.0,0.0,0.0,0.0,0.0,0.0,0.0,0.0,26.93,30.96,79800.0,253400.0,0.0
2021-11-30 11:30:03,300557.SZ,28.14,28.18,29.12,28.18,29.01,503200.0,14529751.0,1401.0,29.0,1000.0,28.99,5000.0,28.98,600.0,28.94,100.0,28.91,1900.0,0.0,0.0,0.0,0.0,0.0,0.0,0.0,0.0,0.0,0.0,29.01,800.0,29.02,2000.0,29.03,500.0,29.06,900.0,29.07,4900.0,0.0,0.0,0.0,0.0,0.0,0.0,0.0,0.0,0.0,0.0,26.93,30.96,79800.0,253400.0,0.0
2021-11-30 11:31:03,300557.SZ,28.14,28.18,29.12,28.18,29.01,503200.0,14529751.0,1401.0,29.0,1000.0,28.99,5000.0,28.98,600.0,28.94,100.0,28.91,1900.0,0.0,0.0,0.0,0.0,0.0,0.0,0.0,0.0,0.0,0.0,29.01,800.0,29.02,2000.0,29.03,500.0,29.06,900.0,29.07,4900.0,0.0,0.0,0.0,0.0,0.0,0.0,0.0,0.0,0.0,0.0,26.93,30.96,79800.0,253400.0,0.0
2021-11-30 11:32:03,300557.SZ,28.14,28.18,29.12,28.18,29.01,503200.0,14529751.0,1401.0,29.0,1000.0,28.99,5000.0,28.98,600.0,28.94,100.0,28.91,1900.0,0.0,0.0,0.0,0.0,0.0,0.0,0.0,0.0,0.0,0.0,29.01,800.0,29.02,2000.0,29.03,500.0,29.06,900.0,29.07,4900.0,0.0,0.0,0.0,0.0,0.0,0.0,0.0,0.0,0.0,0.0,26.93,30.96,79800.0,253400.0,0.0
2021-11-30 11:33:03,300557.SZ,28.14,28.18,29.12,28.18,29.01,503200.0,14529751.0,1401.0,29.0,1000.0,28.99,5000.0,28.98,600.0,28.94,100.0,28.91,1900.0,0.0,0.0,0.0,0.0,0.0,0.0,0.0,0.0,0.0,0.0,29.01,800.0,29.02,2000.0,29.03,500.0,29.06,900.0,29.07,4900.0,0.0,0.0,0.0,0.0,0.0,0.0,0.0,0.0,0.0,0.0,26.93,30.96,79800.0,253400.0,0.0
2021-11-30 11:34:03,300557.SZ,28.14,28.18,29.12,28.18,29.01,503200.0,14529751.0,1401.0,29.0,1000.0,28.99,5000.0,28.98,600.0,28.94,100.0,28.91,1900.0,0.0,0.0,0.0,0.0,0.0,0.0,0.0,0.0,0.0,0.0,29.01,800.0,29.02,2000.0,29.03,500.0,29.06,900.0,29.07,4900.0,0.0,0.0,0.0,0.0,0.0,0.0,0.0,0.0,0.0,0.0,26.93,30.96,79800.0,253400.0,0.0
2021-11-30 11:35:03,300557.SZ,28.14,28.18,29.12,28.18,29.01,503200.0,14529751.0,1401.0,29.0,1000.0,28.99,5000.0,28.98,600.0,28.94,100.0,28.91,1900.0,0.0,0.0,0.0,0.0,0.0,0.0,0.0,0.0,0.0,0.0,29.01,800.0,29.02,2000.0,29.03,500.0,29.06,900.0,29.07,4900.0,0.0,0.0,0.0,0.0,0.0,0.0,0.0,0.0,0.0,0.0,26.93,30.96,79800.0,253400.0,0.0
2021-11-30 11:36:03,300557.SZ,28.14,28.18,29.12,28.18,29.01,503200.0,14529751.0,1401.0,29.0,1000.0,28.99,5000.0,28.98,600.0,28.94,100.0,28.91,1900.0,0.0,0.0,0.0,0.0,0.0,0.0,0.0,0.0,0.0,0.0,29.01,800.0,29.02,2000.0,29.03,500.0,29.06,900.0,29.07,4900.0,0.0,0.0,0.0,0.0,0.0,0.0,0.0,0.0,0.0,0.0,26.93,30.96,79800.0,253400.0,0.0
2021-11-30 11:37:03,300557.SZ,28.14,28.18,29.12,28.18,29.01,503200.0,14529751.0,1401.0,29.0,1000.0,28.99,5000.0,28.98,600.0,28.94,100.0,28.91,1900.0,0.0,0.0,0.0,0.0,0.0,0.0,0.0,0.0,0.0,0.0,29.01,800.0,29.02,2000.0,29.03,500.0,29.06,900.0,29.07,4900.0,0.0,0.0,0.0,0.0,0.0,0.0,0.0,0.0,0.0,0.0,26.93,30.96,79800.0,253400.0,0.0
2021-11-30 11:38:03,300557.SZ,28.14,28.18,29.12,28.18,29.01,503200.0,14529751.0,1401.0,29.0,1000.0,28.99,5000.0,28.98,600.0,28.94,100.0,28.91,1900.0,0.0,0.0,0.0,0.0,0.0,0.0,0.0,0.0,0.0,0.0,29.01,800.0,29.02,2000.0,29.03,500.0,29.06,900.0,29.07,4900.0,0.0,0.0,0.0,0.0,0.0,0.0,0.0,0.0,0.0,0.0,26.93,30.96,79800.0,253400.0,0.0
2021-11-30 11:39:03,300557.SZ,28.14,28.18,29.12,28.18,29.01,503200.0,14529751.0,1401.0,29.0,1000.0,28.99,5000.0,28.98,600.0,28.94,100.0,28.91,1900.0,0.0,0.0,0.0,0.0,0.0,0.0,0.0,0.0,0.0,0.0,29.01,800.0,29.02,2000.0,29.03,500.0,29.06,900.0,29.07,4900.0,0.0,0.0,0.0,0.0,0.0,0.0,0.0,0.0,0.0,0.0,26.93,30.96,79800.0,253400.0,0.0
2021-11-30 11:40:03,300557.SZ,28.14,28.18,29.12,28.18,29.01,503200.0,14529751.0,1401.0,29.0,1000.0,28.99,5000.0,28.98,600.0,28.94,100.0,28.91,1900.0,0.0,0.0,0.0,0.0,0.0,0.0,0.0,0.0,0.0,0.0,29.01,800.0,29.02,2000.0,29.03,500.0,29.06,900.0,29.07,4900.0,0.0,0.0,0.0,0.0,0.0,0.0,0.0,0.0,0.0,0.0,26.93,30.96,79800.0,253400.0,0.0
2021-11-30 11:41:03,300557.SZ,28.14,28.18,29.12,28.18,29.01,503200.0,14529751.0,1401.0,29.0,1000.0,28.99,5000.0,28.98,600.0,28.94,100.0,28.91,1900.0,0.0,0.0,0.0,0.0,0.0,0.0,0.0,0.0,0.0,0.0,29.01,800.0,29.02,2000.0,29.03,500.0,29.06,900.0,29.07,4900.0,0.0,0.0,0.0,0.0,0.0,0.0,0.0,0.0,0.0,0.0,26.93,30.96,79800.0,253400.0,0.0
2021-11-30 11:42:03,300557.SZ,28.14,28.18,29.12,28.18,29.01,503200.0,14529751.0,1401.0,29.0,1000.0,28.99,5000.0,28.98,600.0,28.94,100.0,28.91,1900.0,0.0,0.0,0.0,0.0,0.0,0.0,0.0,0.0,0.0,0.0,29.01,800.0,29.02,2000.0,29.03,500.0,29.06,900.0,29.07,4900.0,0.0,0.0,0.0,0.0,0.0,0.0,0.0,0.0,0.0,0.0,26.93,30.96,79800.0,253400.0,0.0
2021-11-30 11:43:03,300557.SZ,28.14,28.18,29.12,28.18,29.01,503200.0,14529751.0,1401.0,29.0,1000.0,28.99,5000.0,28.98,600.0,28.94,100.0,28.91,1900.0,0.0,0.0,0.0,0.0,0.0,0.0,0.0,0.0,0.0,0.0,29.01,800.0,29.02,2000.0,29.03,500.0,29.06,900.0,29.07,4900.0,0.0,0.0,0.0,0.0,0.0,0.0,0.0,0.0,0.0,0.0,26.93,30.96,79800.0,253400.0,0.0
2021-11-30 11:44:03,300557.SZ,28.14,28.18,29.12,28.18,29.01,503200.0,14529751.0,1401.0,29.0,1000.0,28.99,5000.0,28.98,600.0,28.94,100.0,28.91,1900.0,0.0,0.0,0.0,0.0,0.0,0.0,0.0,0.0,0.0,0.0,29.01,800.0,29.02,2000.0,29.03,500.0,29.06,900.0,29.07,4900.0,0.0,0.0,0.0,0.0,0.0,0.0,0.0,0.0,0.0,0.0,26.93,30.96,79800.0,253400.0,0.0
2021-11-30 12:45:03,300557.SZ,28.14,28.18,29.12,28.18,29.01,503200.0,14529751.0,1401.0,29.0,1000.0,28.99,5000.0,28.98,600.0,28.94,100.0,28.91,1900.0,0.0,0.0,0.0,0.0,0.0,0.0,0.0,0.0,0.0,0.0,29.01,800.0,29.02,2000.0,29.03,500.0,29.06,900.0,29.07,4900.0,0.0,0.0,0.0,0.0,0.0,0.0,0.0,0.0,0.0,0.0,26.93,30.96,79800.0,253400.0,0.0
2021-11-30 12:46:03,300557.SZ,28.14,28.18,29.12,28.18,29.01,503200.0,14529751.0,1401.0,29.0,1000.0,28.99,5000.0,28.98,600.0,28.94,100.0,28.91,1900.0,0.0,0.0,0.0,0.0,0.0,0.0,0.0,0.0,0.0,0.0,29.01,800.0,29.02,2000.0,29.03,500.0,29.06,900.0,29.07,4900.0,0.0,0.0,0.0,0.0,0.0,0.0,0.0,0.0,0.0,0.0,26.93,30.96,79800.0,253400.0,0.0
2021-11-30 12:47:03,300557.SZ,28.14,28.18,29.12,28.18,29.01,503200.0,14529751.0,1401.0,29.0,1000.0,28.99,5000.0,28.98,600.0,28.94,100.0,28.91,1900.0,0.0,0.0,0.0,0.0,0.0,0.0,0.0,0.0,0.0,0.0,29.01,800.0,29.02,2000.0,29.03,500.0,29.06,900.0,29.07,4900.0,0.0,0.0,0.0,0.0,0.0,0.0,0.0,0.0,0.0,0.0,26.93,30.96,79800.0,253400.0,0.0
2021-11-30 12:48:03,300557.SZ,28.14,28.18,29.12,28.18,29.01,503200.0,14529751.0,1401.0,29.0,1000.0,28.99,5000.0,28.98,600.0,28.94,100.0,28.91,1900.0,0.0,0.0,0.0,0.0,0.0,0.0,0.0,0.0,0.0,0.0,29.01,800.0,29.02,2000.0,29.03,500.0,29.06,900.0,29.07,4900.0,0.0,0.0,0.0,0.0,0.0,0.0,0.0,0.0,0.0,0.0,26.93,30.96,79800.0,253400.0,0.0
2021-11-30 12:49:03,300557.SZ,28.14,28.18,29.12,28.18,29.01,503200.0,14529751.0,1401.0,29.0,1000.0,28.99,5000.0,28.98,600.0,28.94,100.0,28.91,1900.0,0.0,0.0,0.0,0.0,0.0,0.0,0.0,0.0,0.0,0.0,29.01,800.0,29.02,2000.0,29.03,500.0,29.06,900.0,29.07,4900.0,0.0,0.0,0.0,0.0,0.0,0.0,0.0,0.0,0.0,0.0,26.93,30.96,79800.0,253400.0,0.0
2021-11-30 12:50:03,300557.SZ,28.14,28.18,29.12,28.18,29.01,503200.0,14529751.0,1401.0,29.0,1000.0,28.99,5000.0,28.98,600.0,28.94,100.0,28.91,1900.0,0.0,0.0,0.0,0.0,0.0,0.0,0.0,0.0,0.0,0.0,29.01,800.0,29.02,2000.0,29.03,500.0,29.06,900.0,29.07,4900.0,0.0,0.0,0.0,0.0,0.0,0.0,0.0,0.0,0.0,0.0,26.93,30.96,79800.0,253400.0,0.0
2021-11-30 12:51:03,300557.SZ,28.14,28.18,29.12,28.18,29.01,503200.0,14529751.0,1401.0,29.0,1000.0,28.99,5000.0,28.98,600.0,28.94,100.0,28.91,1900.0,0.0,0.0,0.0,0.0,0.0,0.0,0.0,0.0,0.0,0.0,29.01,800.0,29.02,2000.0,29.03,500.0,29.06,900.0,29.07,4900.0,0.0,0.0,0.0,0.0,0.0,0.0,0.0,0.0,0.0,0.0,26.93,30.96,79800.0,253400.0,0.0
2021-11-30 12:52:03,300557.SZ,28.14,28.18,29.12,28.18,29.01,503200.0,14529751.0,1401.0,29.0,1000.0,28.99,5000.0,28.98,600.0,28.94,100.0,28.91,1900.0,0.0,0.0,0.0,0.0,0.0,0.0,0.0,0.0,0.0,0.0,29.01,800.0,29.02,2000.0,29.03,500.0,29.06,900.0,29.07,4900.0,0.0,0.0,0.0,0.0,0.0,0.0,0.0,0.0,0.0,0.0,26.93,30.96,79800.0,253400.0,0.0
2021-11-30 12:53:03,300557.SZ,28.14,28.18,29.12,28.18,29.01,503200.0,14529751.0,1401.0,29.0,1000.0,28.99,5000.0,28.98,600.0,28.94,100.0,28.91,1900.0,0.0,0.0,0.0,0.0,0.0,0.0,0.0,0.0,0.0,0.0,29.01,800.0,29.02,2000.0,29.03,500.0,29.06,900.0,29.07,4900.0,0.0,0.0,0.0,0.0,0.0,0.0,0.0,0.0,0.0,0.0,26.93,30.96,79800.0,253400.0,0.0
2021-11-30 12:54:03,300557.SZ,28.14,28.18,29.12,28.18,29.01,503200.0,14529751.0,1401.0,29.0,1000.0,28.99,5000.0,28.98,600.0,28.94,100.0,28.91,1900.0,0.0,0.0,0.0,0.0,0.0,0.0,0.0,0.0,0.0,0.0,29.01,800.0,29.02,2000.0,29.03,500.0,29.06,900.0,29.07,4900.0,0.0,0.0,0.0,0.0,0.0,0.0,0.0,0.0,0.0,0.0,26.93,30.96,79800.0,253400.0,0.0
2021-11-30 12:55:03,300557.SZ,28.14,28.18,29.12,28.18,29.01,503200.0,14529751.0,1401.0,29.0,1000.0,28.99,5000.0,28.98,600.0,28.94,100.0,28.91,1900.0,0.0,0.0,0.0,0.0,0.0,0.0,0.0,0.0,0.0,0.0,29.01,800.0,29.02,2000.0,29.03,500.0,29.06,900.0,29.07,4900.0,0.0,0.0,0.0,0.0,0.0,0.0,0.0,0.0,0.0,0.0,26.93,30.96,79800.0,253400.0,0.0
2021-11-30 12:56:03,300557.SZ,28.14,28.18,29.12,28.18,29.01,503200.0,14529751.0,1401.0,29.0,1000.0,28.99,5000.0,28.98,600.0,28.94,100.0,28.91,1900.0,0.0,0.0,0.0,0.0,0.0,0.0,0.0,0.0,0.0,0.0,29.01,800.0,29.02,2000.0,29.03,500.0,29.06,900.0,29.07,4900.0,0.0,0.0,0.0,0.0,0.0,0.0,0.0,0.0,0.0,0.0,26.93,30.96,79800.0,253400.0,0.0
2021-11-30 12:57:03,300557.SZ,28.14,28.18,29.12,28.18,29.01,503200.0,14529751.0,1401.0,29.0,1000.0,28.99,5000.0,28.98,600.0,28.94,100.0,28.91,1900.0,0.0,0.0,0.0,0.0,0.0,0.0,0.0,0.0,0.0,0.0,29.01,800.0,29.02,2000.0,29.03,500.0,29.06,900.0,29.07,4900.0,0.0,0.0,0.0,0.0,0.0,0.0,0.0,0.0,0.0,0.0,26.93,30.96,79800.0,253400.0,0.0
2021-11-30 12:58:03,300557.SZ,28.14,28.18,29.12,28.18,29.01,503200.0,14529751.0,1401.0,29.0,1000.0,28.99,5000.0,28.98,600.0,28.94,100.0,28.91,1900.0,0.0,0.0,0.0,0.0,0.0,0.0,0.0,0.0,0.0,0.0,29.01,800.0,29.02,2000.0,29.03,500.0,29.06,900.0,29.07,4900.0,0.0,0.0,0.0,0.0,0.0,0.0,0.0,0.0,0.0,0.0,26.93,30.96,79800.0,253400.0,0.0
2021-11-30 12:59:03,300557.SZ,28.14,28.18,29.12,28.18,29.01,503200.0,14529751.0,1401.0,29.0,1000.0,28.99,5000.0,28.98,600.0,28.94,100.0,28.91,1900.0,0.0,0.0,0.0,0.0,0.0,0.0,0.0,0.0,0.0,0.0,29.01,800.0,29.02,2000.0,29.03,500.0,29.06,900.0,29.07,4900.0,0.0,0.0,0.0,0.0,0.0,0.0,0.0,0.0,0.0,0.0,26.93,30.96,79800.0,253400.0,0.0
2021-11-30 13:00:03,300557.SZ,28.14,28.18,29.12,28.18,29.02,506000.0,14610999.0,1405.0,29.02,4700.0,29.0,1000.0,28.99,5000.0,28.98,600.0,28.94,100.0,0.0,0.0,0.0,0.0,0.0,0.0,0.0,0.0,0.0,0.0,29.03,500.0,29.06,1400.0,29.07,4900.0,29.08,1400.0,29.09,7100.0,0.0,0.0,0.0,0.0,0.0,0.0,0.0,0.0,0.0,0.0,27.07,31.05,82200.0,258530.0,0.0
2021-11-30 13:00:06,300557.SZ,28.14,28.18,29.12,28.18,29.03,506500.0,14625514.0,1406.0,29.03,1400.0,29.02,11200.0,29.01,100.0,29.0,1000.0,28.99,5000.0,0.0,0.0,0.0,0.0,0.0,0.0,0.0,0.0,0.0,0.0,29.06,1400.0,29.07,4900.0,29.08,1400.0,29.09,7100.0,29.1,19200.0,0.0,0.0,0.0,0.0,0.0,0.0,0.0,0.0,0.0,0.0,27.24,31.09,90200.0,261030.0,0.0
2021-11-30 13:00:09,300557.SZ,28.14,28.18,29.12,28.18,29.06,507400.0,14651655.0,1413.0,29.03,1200.0,29.02,11200.0,29.01,100.0,29.0,1000.0,28.99,5000.0,0.0,0.0,0.0,0.0,0.0,0.0,0.0,0.0,0.0,0.0,29.04,200.0,29.06,1000.0,29.07,4900.0,29.08,1400.0,29.09,7100.0,0.0,0.0,0.0,0.0,0.0,0.0,0.0,0.0,0.0,0.0,27.24,31.09,90000.0,261130.0,0.0
2021-11-30 13:00:12,300557.SZ,28.14,28.18,29.12,28.18,29.06,507700.0,14660369.0,1416.0,29.03,1200.0,29.02,11200.0,29.01,100.0,29.0,1000.0,28.99,5000.0,0.0,0.0,0.0,0.0,0.0,0.0,0.0,0.0,0.0,0.0,29.06,900.0,29.07,4900.0,29.08,1400.0,29.09,7100.0,29.1,19200.0,0.0,0.0,0.0,0.0,0.0,0.0,0.0,0.0,0.0,0.0,27.24,31.1,90000.0,261830.0,0.0
2021-11-30 13:00:15,300557.SZ,28.14,28.18,29.12,28.18,29.06,507700.0,14660369.0,1416.0,29.05,200.0,29.04,200.0,29.03,2300.0,29.02,11200.0,29.01,100.0,0.0,0.0,0.0,0.0,0.0,0.0,0.0,0.0,0.0,0.0,29.06,900.0,29.07,4900.0,29.08,1400.0,29.09,7100.0,29.1,19200.0,0.0,0.0,0.0,0.0,0.0,0.0,0.0,0.0,0.0,0.0,27.27,31.1,91500.0,261830.0,0.0
2021-11-30 13:00:18,300557.SZ,28.14,28.18,29.12,28.18,29.06,507900.0,14666180.0,1418.0,29.05,100.0,29.04,200.0,29.03,2300.0,29.02,11200.0,29.01,100.0,0.0,0.0,0.0,0.0,0.0,0.0,0.0,0.0,0.0,0.0,29.06,800.0,29.07,4900.0,29.08,1400.0,29.09,7100.0,29.1,19200.0,0.0,0.0,0.0,0.0,0.0,0.0,0.0,0.0,0.0,0.0,27.27,31.1,91400.0,261730.0,0.0
2021-11-30 13:00:21,300557.SZ,28.14,28.18,29.12,28.18,29.06,507900.0,14666180.0,1418.0,29.05,100.0,29.04,400.0,29.03,2300.0,29.02,11200.0,29.01,100.0,0.0,0.0,0.0,0.0,0.0,0.0,0.0,0.0,0.0,0.0,29.06,800.0,29.07,4900.0,29.08,1400.0,29.09,7100.0,29.1,19200.0,0.0,0.0,0.0,0.0,0.0,0.0,0.0,0.0,0.0,0.0,27.27,31.1,91600.0,261730.0,0.0
2021-11-30 13:00:27,300557.SZ,28.14,28.18,29.12,28.18,29.06,507900.0,14666180.0,1418.0,29.05,100.0,29.04,400.0,29.03,1200.0,29.02,11200.0,29.01,100.0,0.0,0.0,0.0,0.0,0.0,0.0,0.0,0.0,0.0,0.0,29.06,800.0,29.07,4900.0,29.08,1400.0,29.09,7100.0,29.1,19200.0,0.0,0.0,0.0,0.0,0.0,0.0,0.0,0.0,0.0,0.0,27.25,31.1,90500.0,261730.0,0.0
2021-11-30 13:00:30,300557.SZ,28.14,28.18,29.12,28.18,29.05,508100.0,14671991.0,1420.0,29.04,400.0,29.03,1200.0,29.02,11200.0,29.01,100.0,29.0,1000.0,0.0,0.0,0.0,0.0,0.0,0.0,0.0,0.0,0.0,0.0,29.05,500.0,29.06,700.0,29.07,4900.0,29.08,1400.0,29.09,7100.0,0.0,0.0,0.0,0.0,0.0,0.0,0.0,0.0,0.0,0.0,27.25,31.1,90400.0,262130.0,0.0
2021-11-30 13:00:33,300557.SZ,28.14,28.18,29.12,28.18,29.05,508100.0,14671991.0,1420.0,29.04,400.0,29.03,1200.0,29.02,11200.0,29.01,100.0,29.0,1000.0,0.0,0.0,0.0,0.0,0.0,0.0,0.0,0.0,0.0,0.0,29.05,400.0,29.06,700.0,29.07,4900.0,29.08,1400.0,29.09,7100.0,0.0,0.0,0.0,0.0,0.0,0.0,0.0,0.0,0.0,0.0,27.25,31.1,90400.0,262030.0,0.0
2021-11-30 13:00:36,300557.SZ,28.14,28.18,29.12,28.18,29.05,508100.0,14671991.0,1420.0,29.04,200.0,29.03,1200.0,29.02,11200.0,29.01,100.0,29.0,1000.0,0.0,0.0,0.0,0.0,0.0,0.0,0.0,0.0,0.0,0.0,29.05,400.0,29.06,700.0,29.07,4900.0,29.08,1400.0,29.09,7100.0,0.0,0.0,0.0,0.0,0.0,0.0,0.0,0.0,0.0,0.0,27.24,31.1,90200.0,262030.0,0.0
2021-11-30 13:00:48,300557.SZ,28.14,28.18,29.12,28.18,29.05,508200.0,14674896.0,1421.0,29.04,200.0,29.03,1200.0,29.02,11200.0,29.01,100.0,29.0,1000.0,0.0,0.0,0.0,0.0,0.0,0.0,0.0,0.0,0.0,0.0,29.05,300.0,29.06,700.0,29.07,4900.0,29.08,1400.0,29.09,7100.0,0.0,0.0,0.0,0.0,0.0,0.0,0.0,0.0,0.0,0.0,27.24,31.11,90200.0,259930.0,0.0
2021-11-30 13:01:00,300557.SZ,28.14,28.18,29.12,28.18,29.03,509200.0,14703928.0,1424.0,29.03,400.0,29.02,11200.0,29.01,100.0,29.0,1000.0,28.99,5000.0,0.0,0.0,0.0,0.0,0.0,0.0,0.0,0.0,0.0,0.0,29.05,300.0,29.06,700.0,29.07,4900.0,29.08,1400.0,29.09,7100.0,0.0,0.0,0.0,0.0,0.0,0.0,0.0,0.0,0.0,0.0,27.22,31.11,89200.0,259930.0,0.0
2021-11-30 13:01:03,300557.SZ,28.14,28.18,29.12,28.18,29.03,509200.0,14703928.0,1424.0,29.03,400.0,29.02,11200.0,29.01,100.0,29.0,1000.0,28.99,5000.0,0.0,0.0,0.0,0.0,0.0,0.0,0.0,0.0,0.0,0.0,29.05,200.0,29.06,700.0,29.07,4900.0,29.08,1400.0,29.09,7100.0,0.0,0.0,0.0,0.0,0.0,0.0,0.0,0.0,0.0,0.0,27.22,31.11,89200.0,259830.0,0.0
2021-11-30 13:01:06,300557.SZ,28.14,28.18,29.12,28.18,29.05,509300.0,14706833.0,1425.0,29.03,400.0,29.02,11200.0,29.01,100.0,29.0,1000.0,28.99,5000.0,0.0,0.0,0.0,0.0,0.0,0.0,0.0,0.0,0.0,0.0,29.05,100.0,29.06,700.0,29.07,4900.0,29.08,1400.0,29.09,7100.0,0.0,0.0,0.0,0.0,0.0,0.0,0.0,0.0,0.0,0.0,27.22,31.12,89200.0,259730.0,0.0
2021-11-30 13:01:09,300557.SZ,28.14,28.18,29.12,28.18,29.06,509600.0,14715550.0,1427.0,29.05,400.0,29.03,400.0,29.02,11200.0,29.01,100.0,29.0,1000.0,0.0,0.0,0.0,0.0,0.0,0.0,0.0,0.0,0.0,0.0,29.06,500.0,29.07,4900.0,29.08,1400.0,29.09,7100.0,29.1,19200.0,0.0,0.0,0.0,0.0,0.0,0.0,0.0,0.0,0.0,0.0,27.23,31.12,89600.0,258530.0,0.0
2021-11-30 13:01:12,300557.SZ,28.14,28.18,29.12,28.18,29.06,509600.0,14715550.0,1427.0,29.05,400.0,29.03,400.0,29.02,9700.0,29.01,100.0,29.0,1000.0,0.0,0.0,0.0,0.0,0.0,0.0,0.0,0.0,0.0,0.0,29.06,500.0,29.07,4900.0,29.08,1400.0,29.09,7100.0,29.1,19200.0,0.0,0.0,0.0,0.0,0.0,0.0,0.0,0.0,0.0,0.0,27.2,31.12,88100.0,258530.0,0.0
2021-11-30 13:01:15,300557.SZ,28.14,28.18,29.12,28.18,29.05,509700.0,14718455.0,1428.0,29.05,300.0,29.03,400.0,29.02,9700.0,29.01,100.0,29.0,1000.0,0.0,0.0,0.0,0.0,0.0,0.0,0.0,0.0,0.0,0.0,29.06,500.0,29.07,4900.0,29.08,1400.0,29.09,7100.0,29.1,19200.0,0.0,0.0,0.0,0.0,0.0,0.0,0.0,0.0,0.0,0.0,27.2,31.12,88000.0,258530.0,0.0
2021-11-30 13:01:21,300557.SZ,28.14,28.18,29.12,28.18,29.06,509800.0,14721361.0,1429.0,29.05,300.0,29.03,400.0,29.02,9700.0,29.01,100.0,29.0,1000.0,0.0,0.0,0.0,0.0,0.0,0.0,0.0,0.0,0.0,0.0,29.06,400.0,29.07,4900.0,29.08,1400.0,29.09,7100.0,29.1,19200.0,0.0,0.0,0.0,0.0,0.0,0.0,0.0,0.0,0.0,0.0,27.2,31.13,88000.0,258430.0,0.0
2021-11-30 13:01:39,300557.SZ,28.14,28.18,29.12,28.18,29.06,509800.0,14721361.0,1429.0,29.05,300.0,29.03,400.0,29.02,9700.0,29.01,100.0,29.0,1000.0,0.0,0.0,0.0,0.0,0.0,0.0,0.0,0.0,0.0,0.0,29.06,400.0,29.07,4900.0,29.08,1400.0,29.09,7100.0,29.1,19200.0,0.0,0.0,0.0,0.0,0.0,0.0,0.0,0.0,0.0,0.0,27.18,31.13,87000.0,258430.0,0.0
2021-11-30 13:01:42,300557.SZ,28.14,28.18,29.12,28.18,29.06,509800.0,14721361.0,1429.0,29.05,200.0,29.03,300.0,29.02,9700.0,29.01,100.0,29.0,1000.0,0.0,0.0,0.0,0.0,0.0,0.0,0.0,0.0,0.0,0.0,29.06,400.0,29.07,4900.0,29.08,1400.0,29.09,7100.0,29.1,19200.0,0.0,0.0,0.0,0.0,0.0,0.0,0.0,0.0,0.0,0.0,27.18,31.13,86800.0,258430.0,0.0
2021-11-30 13:01:45,300557.SZ,28.14,28.18,29.12,28.18,29.06,509800.0,14721361.0,1429.0,29.05,200.0,29.03,300.0,29.02,9700.0,29.01,100.0,29.0,1000.0,0.0,0.0,0.0,0.0,0.0,0.0,0.0,0.0,0.0,0.0,29.06,400.0,29.07,4900.0,29.08,2400.0,29.09,7100.0,29.1,19200.0,0.0,0.0,0.0,0.0,0.0,0.0,0.0,0.0,0.0,0.0,27.18,31.12,86800.0,259430.0,0.0
2021-11-30 13:01:48,300557.SZ,28.14,28.18,29.12,28.18,29.06,510300.0,14735891.0,1431.0,29.05,100.0,29.03,300.0,29.02,9700.0,29.01,100.0,29.0,1000.0,0.0,0.0,0.0,0.0,0.0,0.0,0.0,0.0,0.0,0.0,29.07,4900.0,29.08,2400.0,29.09,7100.0,29.1,19200.0,29.12,2400.0,0.0,0.0,0.0,0.0,0.0,0.0,0.0,0.0,0.0,0.0,27.19,31.12,87700.0,259030.0,0.0
2021-11-30 13:01:51,300557.SZ,28.14,28.18,29.12,28.18,29.06,510300.0,14735891.0,1431.0,29.05,100.0,29.03,300.0,29.02,9700.0,29.01,100.0,29.0,1000.0,0.0,0.0,0.0,0.0,0.0,0.0,0.0,0.0,0.0,0.0,29.06,300.0,29.07,4900.0,29.08,2400.0,29.09,7100.0,29.1,19200.0,0.0,0.0,0.0,0.0,0.0,0.0,0.0,0.0,0.0,0.0,27.19,31.12,87700.0,259330.0,0.0
2021-11-30 13:02:00,300557.SZ,28.14,28.18,29.12,28.18,29.06,510300.0,14735891.0,1431.0,29.05,100.0,29.03,300.0,29.02,9700.0,29.01,100.0,29.0,1000.0,0.0,0.0,0.0,0.0,0.0,0.0,0.0,0.0,0.0,0.0,29.06,300.0,29.07,4900.0,29.08,2400.0,29.09,7000.0,29.1,19200.0,0.0,0.0,0.0,0.0,0.0,0.0,0.0,0.0,0.0,0.0,27.19,31.12,87700.0,259230.0,0.0
2021-11-30 13:02:18,300557.SZ,28.14,28.18,29.12,28.18,29.06,510300.0,14735891.0,1431.0,29.05,600.0,29.03,300.0,29.02,9700.0,29.01,100.0,29.0,1000.0,0.0,0.0,0.0,0.0,0.0,0.0,0.0,0.0,0.0,0.0,29.06,300.0,29.07,4900.0,29.08,2400.0,29.09,7000.0,29.1,19200.0,0.0,0.0,0.0,0.0,0.0,0.0,0.0,0.0,0.0,0.0,27.2,31.12,88200.0,259230.0,0.0
2021-11-30 13:02:21,300557.SZ,28.14,28.18,29.12,28.18,29.06,510400.0,14738797.0,1432.0,29.05,600.0,29.03,300.0,29.02,9700.0,29.01,100.0,29.0,1000.0,0.0,0.0,0.0,0.0,0.0,0.0,0.0,0.0,0.0,0.0,29.06,200.0,29.07,4900.0,29.08,2400.0,29.09,7000.0,29.1,19200.0,0.0,0.0,0.0,0.0,0.0,0.0,0.0,0.0,0.0,0.0,27.2,31.12,88200.0,259130.0,0.0
2021-11-30 13:02:24,300557.SZ,28.14,28.18,29.12,28.18,29.06,510400.0,14738797.0,1432.0,29.05,600.0,29.04,100.0,29.03,300.0,29.02,9700.0,29.01,100.0,0.0,0.0,0.0,0.0,0.0,0.0,0.0,0.0,0.0,0.0,29.06,200.0,29.07,4900.0,29.08,2400.0,29.09,7000.0,29.1,19200.0,0.0,0.0,0.0,0.0,0.0,0.0,0.0,0.0,0.0,0.0,27.21,31.12,88300.0,259130.0,0.0
2021-11-30 13:02:27,300557.SZ,28.14,28.18,29.12,28.18,29.06,510500.0,14741703.0,1433.0,29.05,600.0,29.04,100.0,29.03,300.0,29.02,9700.0,29.01,100.0,0.0,0.0,0.0,0.0,0.0,0.0,0.0,0.0,0.0,0.0,29.06,100.0,29.07,4900.0,29.08,2400.0,29.09,7000.0,29.1,19200.0,0.0,0.0,0.0,0.0,0.0,0.0,0.0,0.0,0.0,0.0,27.21,31.12,88300.0,259030.0,0.0
2021-11-30 13:02:30,300557.SZ,28.14,28.18,29.12,28.18,29.07,510700.0,14747516.0,1435.0,29.05,600.0,29.04,100.0,29.03,300.0,29.02,9700.0,29.01,100.0,0.0,0.0,0.0,0.0,0.0,0.0,0.0,0.0,0.0,0.0,29.07,4800.0,29.08,2400.0,29.09,7000.0,29.1,19200.0,29.12,2400.0,0.0,0.0,0.0,0.0,0.0,0.0,0.0,0.0,0.0,0.0,27.21,31.13,88300.0,257630.0,0.0
2021-11-30 13:02:33,300557.SZ,28.14,28.18,29.12,28.18,29.07,511000.0,14756237.0,1438.0,29.05,600.0,29.04,100.0,29.03,300.0,29.02,9700.0,29.01,100.0,0.0,0.0,0.0,0.0,0.0,0.0,0.0,0.0,0.0,0.0,29.07,4500.0,29.08,2400.0,29.09,7000.0,29.1,19200.0,29.12,2900.0,0.0,0.0,0.0,0.0,0.0,0.0,0.0,0.0,0.0,0.0,27.21,31.13,88300.0,257830.0,0.0
2021-11-30 13:02:57,300557.SZ,28.14,28.18,29.12,28.18,29.07,511000.0,14756237.0,1438.0,29.05,500.0,29.04,100.0,29.03,300.0,29.02,9700.0,29.01,100.0,0.0,0.0,0.0,0.0,0.0,0.0,0.0,0.0,0.0,0.0,29.07,4500.0,29.08,2400.0,29.09,7000.0,29.1,20200.0,29.12,2900.0,0.0,0.0,0.0,0.0,0.0,0.0,0.0,0.0,0.0,0.0,27.2,31.12,88200.0,258830.0,0.0
2021-11-30 13:03:06,300557.SZ,28.14,28.18,29.12,28.18,29.07,511200.0,14762051.0,1439.0,29.05,500.0,29.04,100.0,29.03,300.0,29.02,9700.0,29.01,100.0,0.0,0.0,0.0,0.0,0.0,0.0,0.0,0.0,0.0,0.0,29.07,4300.0,29.08,2400.0,29.09,7000.0,29.1,20200.0,29.12,2900.0,0.0,0.0,0.0,0.0,0.0,0.0,0.0,0.0,0.0,0.0,27.2,31.12,88200.0,258630.0,0.0
2021-11-30 13:03:18,300557.SZ,28.14,28.18,29.12,28.18,29.05,511700.0,14776576.0,1440.0,29.04,100.0,29.03,300.0,29.02,9700.0,29.01,100.0,29.0,1000.0,0.0,0.0,0.0,0.0,0.0,0.0,0.0,0.0,0.0,0.0,29.05,1500.0,29.07,4300.0,29.08,2400.0,29.09,7000.0,29.1,20200.0,0.0,0.0,0.0,0.0,0.0,0.0,0.0,0.0,0.0,0.0,27.19,31.11,87700.0,260130.0,0.0
2021-11-30 13:03:21,300557.SZ,28.14,28.18,29.12,28.18,29.05,511700.0,14776576.0,1440.0,29.04,100.0,29.03,300.0,29.02,9700.0,29.01,100.0,29.0,1500.0,0.0,0.0,0.0,0.0,0.0,0.0,0.0,0.0,0.0,0.0,29.05,1500.0,29.07,4300.0,29.08,2400.0,29.09,7000.0,29.1,20200.0,0.0,0.0,0.0,0.0,0.0,0.0,0.0,0.0,0.0,0.0,27.2,31.11,88200.0,260830.0,0.0
2021-11-30 13:03:24,300557.SZ,28.14,28.18,29.12,28.18,29.05,511800.0,14779481.0,1441.0,29.04,100.0,29.03,300.0,29.02,9700.0,29.01,100.0,29.0,1500.0,0.0,0.0,0.0,0.0,0.0,0.0,0.0,0.0,0.0,0.0,29.05,1400.0,29.07,4300.0,29.08,2400.0,29.09,7000.0,29.1,20200.0,0.0,0.0,0.0,0.0,0.0,0.0,0.0,0.0,0.0,0.0,27.2,31.11,88200.0,260730.0,0.0
2021-11-30 13:03:33,300557.SZ,28.14,28.18,29.12,28.18,29.05,511800.0,14779481.0,1441.0,29.04,100.0,29.03,400.0,29.02,9700.0,29.01,100.0,29.0,1500.0,0.0,0.0,0.0,0.0,0.0,0.0,0.0,0.0,0.0,0.0,29.05,1400.0,29.07,4300.0,29.08,2400.0,29.09,7000.0,29.1,20200.0,0.0,0.0,0.0,0.0,0.0,0.0,0.0,0.0,0.0,0.0,27.21,31.11,88300.0,260730.0,0.0
2021-11-30 13:03:51,300557.SZ,28.14,28.18,29.12,28.18,29.04,512000.0,14785289.0,1443.0,29.03,400.0,29.02,9700.0,29.01,100.0,29.0,1500.0,28.99,5000.0,0.0,0.0,0.0,0.0,0.0,0.0,0.0,0.0,0.0,0.0,29.04,800.0,29.05,1400.0,29.07,4300.0,29.08,2400.0,29.09,7000.0,0.0,0.0,0.0,0.0,0.0,0.0,0.0,0.0,0.0,0.0,27.2,31.1,88200.0,261530.0,0.0
2021-11-30 13:03:57,300557.SZ,28.14,28.18,29.12,28.18,29.04,512000.0,14785289.0,1443.0,29.03,400.0,29.02,9700.0,29.01,100.0,29.0,1500.0,28.99,5000.0,0.0,0.0,0.0,0.0,0.0,0.0,0.0,0.0,0.0,0.0,29.04,1300.0,29.05,1400.0,29.07,4300.0,29.08,2400.0,29.09,7000.0,0.0,0.0,0.0,0.0,0.0,0.0,0.0,0.0,0.0,0.0,27.2,31.1,88200.0,262030.0,0.0
2021-11-30 13:04:24,300557.SZ,28.14,28.18,29.12,28.18,29.04,512000.0,14785289.0,1443.0,29.03,400.0,29.02,9700.0,29.01,100.0,29.0,1500.0,28.99,5000.0,0.0,0.0,0.0,0.0,0.0,0.0,0.0,0.0,0.0,0.0,29.04,1300.0,29.05,1400.0,29.07,4300.0,29.08,1400.0,29.09,7000.0,0.0,0.0,0.0,0.0,0.0,0.0,0.0,0.0,0.0,0.0,27.2,31.1,88200.0,261030.0,0.0
2021-11-30 13:04:39,300557.SZ,28.14,28.18,29.12,28.18,29.03,512800.0,14808513.0,1450.0,29.02,9700.0,29.01,100.0,29.0,1500.0,28.99,5000.0,28.98,600.0,0.0,0.0,0.0,0.0,0.0,0.0,0.0,0.0,0.0,0.0,29.03,100.0,29.04,1300.0,29.05,1400.0,29.07,4300.0,29.08,1400.0,0.0,0.0,0.0,0.0,0.0,0.0,0.0,0.0,0.0,0.0,27.2,31.1,87800.0,261130.0,0.0
2021-11-30 13:04:42,300557.SZ,28.14,28.18,29.12,28.18,29.03,512900.0,14811416.0,1451.0,29.03,100.0,29.02,9700.0,29.01,100.0,29.0,1500.0,28.99,5000.0,0.0,0.0,0.0,0.0,0.0,0.0,0.0,0.0,0.0,0.0,29.04,1300.0,29.05,1400.0,29.07,4300.0,29.08,1400.0,29.09,7000.0,0.0,0.0,0.0,0.0,0.0,0.0,0.0,0.0,0.0,0.0,27.2,31.1,87900.0,261030.0,0.0
2021-11-30 13:04:45,300557.SZ,28.14,28.18,29.12,28.18,29.03,513000.0,14814319.0,1452.0,29.02,9700.0,29.01,100.0,29.0,1500.0,28.99,5000.0,28.98,600.0,0.0,0.0,0.0,0.0,0.0,0.0,0.0,0.0,0.0,0.0,29.04,1300.0,29.05,1400.0,29.07,4300.0,29.08,1400.0,29.09,7000.0,0.0,0.0,0.0,0.0,0.0,0.0,0.0,0.0,0.0,0.0,27.2,31.1,87800.0,261030.0,0.0
2021-11-30 13:04:48,300557.SZ,28.14,28.18,29.12,28.18,29.0,524300.0,15142214.0,1465.0,28.99,5000.0,28.98,600.0,28.96,1000.0,28.94,100.0,28.91,1900.0,0.0,0.0,0.0,0.0,0.0,0.0,0.0,0.0,0.0,0.0,29.02,1000.0,29.04,1300.0,29.05,1400.0,29.07,4300.0,29.08,1400.0,0.0,0.0,0.0,0.0,0.0,0.0,0.0,0.0,0.0,0.0,26.93,31.1,76500.0,262030.0,0.0
2021-11-30 13:04:51,300557.SZ,28.14,28.18,29.12,28.18,29.0,524900.0,15159614.0,1467.0,28.99,5000.0,28.98,600.0,28.96,1000.0,28.94,100.0,28.91,1900.0,0.0,0.0,0.0,0.0,0.0,0.0,0.0,0.0,0.0,0.0,29.0,500.0,29.02,1400.0,29.04,1300.0,29.05,1400.0,29.07,4300.0,0.0,0.0,0.0,0.0,0.0,0.0,0.0,0.0,0.0,0.0,26.93,31.09,76500.0,262930.0,0.0
2021-11-30 13:04:54,300557.SZ,28.14,28.18,29.12,28.18,29.0,524900.0,15159614.0,1467.0,28.99,5000.0,28.98,600.0,28.96,1000.0,28.94,100.0,28.91,1900.0,0.0,0.0,0.0,0.0,0.0,0.0,0.0,0.0,0.0,0.0,29.0,500.0,29.02,1300.0,29.04,1300.0,29.05,1400.0,29.07,4300.0,0.0,0.0,0.0,0.0,0.0,0.0,0.0,0.0,0.0,0.0,26.93,31.09,76500.0,262830.0,0.0
2021-11-30 13:04:57,300557.SZ,28.14,28.18,29.12,28.18,28.99,528800.0,15272675.0,1470.0,28.99,1100.0,28.98,600.0,28.96,1000.0,28.94,100.0,28.91,1900.0,0.0,0.0,0.0,0.0,0.0,0.0,0.0,0.0,0.0,0.0,29.0,400.0,29.02,400.0,29.04,1300.0,29.05,1400.0,29.07,4300.0,0.0,0.0,0.0,0.0,0.0,0.0,0.0,0.0,0.0,0.0,26.82,31.1,72600.0,261830.0,0.0
2021-11-30 13:05:00,300557.SZ,28.14,28.18,29.12,28.18,28.99,528800.0,15272675.0,1470.0,28.99,1100.0,28.98,1100.0,28.96,1000.0,28.94,100.0,28.91,1900.0,0.0,0.0,0.0,0.0,0.0,0.0,0.0,0.0,0.0,0.0,29.0,400.0,29.02,400.0,29.04,1300.0,29.05,1400.0,29.07,4300.0,0.0,0.0,0.0,0.0,0.0,0.0,0.0,0.0,0.0,0.0,26.83,31.1,73100.0,261830.0,0.0
2021-11-30 13:05:03,300557.SZ,28.14,28.18,29.12,28.18,28.99,528800.0,15272675.0,1470.0,28.99,1300.0,28.98,1100.0,28.96,1000.0,28.94,100.0,28.91,1900.0,0.0,0.0,0.0,0.0,0.0,0.0,0.0,0.0,0.0,0.0,29.0,400.0,29.02,400.0,29.04,1300.0,29.05,1400.0,29.07,4300.0,0.0,0.0,0.0,0.0,0.0,0.0,0.0,0.0,0.0,0.0,26.84,31.1,73300.0,261830.0,0.0
2021-11-30 13:05:09,300557.SZ,28.14,28.18,29.12,28.18,28.99,530100.0,15310362.0,1474.0,28.98,1100.0,28.94,100.0,28.91,1900.0,28.9,2300.0,28.89,100.0,0.0,0.0,0.0,0.0,0.0,0.0,0.0,0.0,0.0,0.0,29.0,400.0,29.02,400.0,29.04,1300.0,29.05,1400.0,29.07,4300.0,0.0,0.0,0.0,0.0,0.0,0.0,0.0,0.0,0.0,0.0,26.77,31.1,71000.0,261830.0,0.0
2021-11-30 13:05:18,300557.SZ,28.14,28.18,29.12,28.18,28.98,530800.0,15330648.0,1478.0,28.94,100.0,28.91,1900.0,28.9,2300.0,28.89,100.0,28.88,1400.0,0.0,0.0,0.0,0.0,0.0,0.0,0.0,0.0,0.0,0.0,29.0,500.0,29.02,400.0,29.04,1300.0,29.05,1400.0,29.07,4300.0,0.0,0.0,0.0,0.0,0.0,0.0,0.0,0.0,0.0,0.0,26.76,31.1,70900.0,261930.0,0.0
2021-11-30 13:05:21,300557.SZ,28.14,28.18,29.12,28.18,28.98,530800.0,15330648.0,1478.0,28.94,500.0,28.91,1900.0,28.9,2300.0,28.89,100.0,28.88,1400.0,0.0,0.0,0.0,0.0,0.0,0.0,0.0,0.0,0.0,0.0,29.0,500.0,29.02,400.0,29.04,1300.0,29.05,1400.0,29.07,4300.0,0.0,0.0,0.0,0.0,0.0,0.0,0.0,0.0,0.0,0.0,26.77,31.1,71300.0,261930.0,0.0
2021-11-30 13:05:24,300557.SZ,28.14,28.18,29.12,28.18,28.98,530800.0,15330648.0,1478.0,28.95,300.0,28.94,500.0,28.91,1900.0,28.9,2300.0,28.89,100.0,0.0,0.0,0.0,0.0,0.0,0.0,0.0,0.0,0.0,0.0,29.0,500.0,29.02,400.0,29.04,1300.0,29.05,1400.0,29.07,4300.0,0.0,0.0,0.0,0.0,0.0,0.0,0.0,0.0,0.0,0.0,26.78,31.1,71600.0,260930.0,0.0
2021-11-30 13:05:27,300557.SZ,28.14,28.18,29.12,28.18,28.98,530800.0,15330648.0,1478.0,28.96,900.0,28.95,300.0,28.94,500.0,28.91,1900.0,28.9,2300.0,0.0,0.0,0.0,0.0,0.0,0.0,0.0,0.0,0.0,0.0,29.0,500.0,29.02,400.0,29.04,1300.0,29.05,1400.0,29.07,4300.0,0.0,0.0,0.0,0.0,0.0,0.0,0.0,0.0,0.0,0.0,26.81,31.1,72500.0,260930.0,0.0
2021-11-30 13:05:30,300557.SZ,28.14,28.18,29.12,28.18,28.98,530800.0,15330648.0,1478.0,28.96,900.0,28.95,300.0,28.94,500.0,28.91,1900.0,28.9,2300.0,0.0,0.0,0.0,0.0,0.0,0.0,0.0,0.0,0.0,0.0,29.0,300.0,29.02,400.0,29.04,1300.0,29.05,1400.0,29.07,4300.0,0.0,0.0,0.0,0.0,0.0,0.0,0.0,0.0,0.0,0.0,26.81,31.11,72500.0,260730.0,0.0
2021-11-30 13:05:36,300557.SZ,28.14,28.18,29.12,28.18,28.98,530800.0,15330648.0,1478.0,28.96,900.0,28.95,300.0,28.94,500.0,28.92,600.0,28.91,1900.0,0.0,0.0,0.0,0.0,0.0,0.0,0.0,0.0,0.0,0.0,29.0,300.0,29.02,400.0,29.04,1300.0,29.05,1400.0,29.07,4300.0,0.0,0.0,0.0,0.0,0.0,0.0,0.0,0.0,0.0,0.0,26.83,31.11,73100.0,260730.0,0.0
2021-11-30 13:05:42,300557.SZ,28.14,28.18,29.12,28.18,29.0,531000.0,15336448.0,1480.0,28.96,900.0,28.95,900.0,28.94,500.0,28.92,600.0,28.91,1900.0,0.0,0.0,0.0,0.0,0.0,0.0,0.0,0.0,0.0,0.0,29.0,100.0,29.02,400.0,29.04,1300.0,29.05,1400.0,29.07,4300.0,0.0,0.0,0.0,0.0,0.0,0.0,0.0,0.0,0.0,0.0,26.84,31.11,73700.0,260530.0,0.0
2021-11-30 13:05:45,300557.SZ,28.14,28.18,29.12,28.18,29.02,531300.0,15345152.0,1483.0,29.0,4000.0,28.96,1800.0,28.95,900.0,28.94,300.0,28.92,600.0,0.0,0.0,0.0,0.0,0.0,0.0,0.0,0.0,0.0,0.0,29.02,200.0,29.04,1300.0,29.05,1400.0,29.07,4300.0,29.08,400.0,0.0,0.0,0.0,0.0,0.0,0.0,0.0,0.0,0.0,0.0,26.97,31.11,78400.0,260230.0,0.0
2021-11-30 13:05:48,300557.SZ,28.14,28.18,29.12,28.18,29.02,531500.0,15350956.0,1485.0,29.02,200.0,29.0,4000.0,28.97,100.0,28.96,1500.0,28.95,900.0,0.0,0.0,0.0,0.0,0.0,0.0,0.0,0.0,0.0,0.0,29.04,1300.0,29.05,1400.0,29.07,4300.0,29.08,400.0,29.09,7000.0,0.0,0.0,0.0,0.0,0.0,0.0,0.0,0.0,0.0,0.0,26.97,31.11,78400.0,260030.0,0.0
2021-11-30 13:05:51,300557.SZ,28.14,28.18,29.12,28.18,29.02,531500.0,15350956.0,1485.0,29.02,200.0,29.0,3800.0,28.97,100.0,28.96,1500.0,28.95,900.0,0.0,0.0,0.0,0.0,0.0,0.0,0.0,0.0,0.0,0.0,29.04,1300.0,29.05,1400.0,29.07,4300.0,29.08,400.0,29.09,7000.0,0.0,0.0,0.0,0.0,0.0,0.0,0.0,0.0,0.0,0.0,26.97,31.11,78200.0,260030.0,0.0
2021-11-30 13:05:57,300557.SZ,28.14,28.18,29.12,28.18,29.04,531600.0,15353860.0,1486.0,29.02,300.0,29.0,3700.0,28.97,100.0,28.96,1500.0,28.95,900.0,0.0,0.0,0.0,0.0,0.0,0.0,0.0,0.0,0.0,0.0,29.04,1200.0,29.05,1400.0,29.07,4300.0,29.08,400.0,29.09,7000.0,0.0,0.0,0.0,0.0,0.0,0.0,0.0,0.0,0.0,0.0,26.97,31.11,78200.0,259930.0,0.0
2021-11-30 13:06:09,300557.SZ,28.14,28.18,29.12,28.18,29.04,532800.0,15388708.0,1488.0,29.04,2600.0,29.0,3700.0,28.97,100.0,28.96,1500.0,28.95,900.0,0.0,0.0,0.0,0.0,0.0,0.0,0.0,0.0,0.0,0.0,29.05,1400.0,29.07,4300.0,29.08,400.0,29.09,7000.0,29.1,20200.0,0.0,0.0,0.0,0.0,0.0,0.0,0.0,0.0,0.0,0.0,27.03,31.12,80500.0,258730.0,0.0
2021-11-30 13:06:12,300557.SZ,28.14,28.18,29.12,28.18,29.04,532800.0,15388708.0,1488.0,29.04,2700.0,29.0,3700.0,28.97,100.0,28.96,1500.0,28.95,900.0,0.0,0.0,0.0,0.0,0.0,0.0,0.0,0.0,0.0,0.0,29.05,1400.0,29.07,4300.0,29.08,1100.0,29.09,7000.0,29.1,20200.0,0.0,0.0,0.0,0.0,0.0,0.0,0.0,0.0,0.0,0.0,27.03,31.12,80600.0,259430.0,0.0
2021-11-30 13:06:15,300557.SZ,28.14,28.18,29.12,28.18,29.04,532800.0,15388708.0,1488.0,29.04,2700.0,29.0,3700.0,28.97,100.0,28.96,1500.0,28.94,300.0,0.0,0.0,0.0,0.0,0.0,0.0,0.0,0.0,0.0,0.0,29.05,1400.0,29.07,4300.0,29.08,1100.0,29.09,7000.0,29.1,20200.0,0.0,0.0,0.0,0.0,0.0,0.0,0.0,0.0,0.0,0.0,27.01,31.12,79700.0,259430.0,0.0
2021-11-30 13:06:45,300557.SZ,28.14,28.18,29.12,28.18,29.04,535600.0,15470020.0,1491.0,29.0,3700.0,28.97,100.0,28.96,1500.0,28.94,300.0,28.92,600.0,0.0,0.0,0.0,0.0,0.0,0.0,0.0,0.0,0.0,0.0,29.04,800.0,29.05,1400.0,29.07,4300.0,29.08,1100.0,29.09,7000.0,0.0,0.0,0.0,0.0,0.0,0.0,0.0,0.0,0.0,0.0,26.94,31.11,77000.0,260230.0,0.0
2021-11-30 13:06:51,300557.SZ,28.14,28.18,29.12,28.18,29.04,535600.0,15470020.0,1491.0,29.0,3700.0,28.97,100.0,28.96,1500.0,28.94,300.0,28.92,600.0,0.0,0.0,0.0,0.0,0.0,0.0,0.0,0.0,0.0,0.0,29.04,800.0,29.05,1400.0,29.07,4300.0,29.08,1100.0,29.09,7000.0,0.0,0.0,0.0,0.0,0.0,0.0,0.0,0.0,0.0,0.0,26.94,31.11,77000.0,259730.0,0.0
2021-11-30 13:07:00,300557.SZ,28.14,28.18,29.12,28.18,29.04,535600.0,15470020.0,1491.0,29.01,200.0,29.0,3700.0,28.97,100.0,28.96,1500.0,28.94,300.0,0.0,0.0,0.0,0.0,0.0,0.0,0.0,0.0,0.0,0.0,29.04,800.0,29.05,1400.0,29.07,4300.0,29.08,1100.0,29.09,7000.0,0.0,0.0,0.0,0.0,0.0,0.0,0.0,0.0,0.0,0.0,26.94,31.11,77200.0,259730.0,0.0
2021-11-30 13:07:06,300557.SZ,28.14,28.18,29.12,28.18,29.04,535600.0,15470020.0,1491.0,29.01,200.0,29.0,3700.0,28.97,100.0,28.96,1500.0,28.94,300.0,0.0,0.0,0.0,0.0,0.0,0.0,0.0,0.0,0.0,0.0,29.04,1400.0,29.05,1400.0,29.07,4300.0,29.08,1100.0,29.09,7000.0,0.0,0.0,0.0,0.0,0.0,0.0,0.0,0.0,0.0,0.0,26.94,31.11,77200.0,260330.0,0.0
2021-11-30 13:07:33,300557.SZ,28.14,28.18,29.12,28.18,29.04,535600.0,15470020.0,1491.0,29.01,200.0,29.0,3700.0,28.97,100.0,28.96,1500.0,28.94,300.0,0.0,0.0,0.0,0.0,0.0,0.0,0.0,0.0,0.0,0.0,29.04,1400.0,29.05,1400.0,29.07,4300.0,29.08,1100.0,29.09,7000.0,0.0,0.0,0.0,0.0,0.0,0.0,0.0,0.0,0.0,0.0,26.94,31.11,77200.0,260630.0,0.0
2021-11-30 13:07:36,300557.SZ,28.14,28.18,29.12,28.18,29.04,535600.0,15470020.0,1491.0,29.01,200.0,29.0,3600.0,28.97,100.0,28.96,1200.0,28.94,300.0,0.0,0.0,0.0,0.0,0.0,0.0,0.0,0.0,0.0,0.0,29.04,1400.0,29.05,1400.0,29.07,4300.0,29.08,1100.0,29.09,7000.0,0.0,0.0,0.0,0.0,0.0,0.0,0.0,0.0,0.0,0.0,26.93,31.11,76800.0,260630.0,0.0
2021-11-30 13:07:39,300557.SZ,28.14,28.18,29.12,28.18,29.04,535600.0,15470020.0,1491.0,29.01,200.0,29.0,3600.0,28.97,100.0,28.96,1200.0,28.94,300.0,0.0,0.0,0.0,0.0,0.0,0.0,0.0,0.0,0.0,0.0,29.04,1400.0,29.05,1400.0,29.06,600.0,29.07,4300.0,29.08,1100.0,0.0,0.0,0.0,0.0,0.0,0.0,0.0,0.0,0.0,0.0,26.93,31.1,76800.0,261230.0,0.0
2021-11-30 13:08:00,300557.SZ,28.14,28.18,29.12,28.18,29.04,535600.0,15470020.0,1491.0,29.01,200.0,29.0,3600.0,28.97,100.0,28.96,1200.0,28.94,300.0,0.0,0.0,0.0,0.0,0.0,0.0,0.0,0.0,0.0,0.0,29.04,1400.0,29.05,1700.0,29.06,600.0,29.07,4300.0,29.08,1100.0,0.0,0.0,0.0,0.0,0.0,0.0,0.0,0.0,0.0,0.0,26.93,31.1,76800.0,261530.0,0.0
2021-11-30 13:08:21,300557.SZ,28.14,28.18,29.12,28.18,29.04,535900.0,15478732.0,1492.0,29.01,200.0,29.0,3600.0,28.97,100.0,28.96,1200.0,28.94,300.0,0.0,0.0,0.0,0.0,0.0,0.0,0.0,0.0,0.0,0.0,29.04,1100.0,29.05,1700.0,29.06,600.0,29.07,4300.0,29.08,1100.0,0.0,0.0,0.0,0.0,0.0,0.0,0.0,0.0,0.0,0.0,26.93,31.1,76800.0,261730.0,0.0
2021-11-30 13:08:27,300557.SZ,28.14,28.18,29.12,28.18,29.04,535900.0,15478732.0,1492.0,29.01,200.0,28.97,100.0,28.96,1200.0,28.94,300.0,28.92,600.0,0.0,0.0,0.0,0.0,0.0,0.0,0.0,0.0,0.0,0.0,29.04,1100.0,29.05,1700.0,29.06,600.0,29.07,4300.0,29.08,1100.0,0.0,0.0,0.0,0.0,0.0,0.0,0.0,0.0,0.0,0.0,26.83,31.1,73200.0,261730.0,0.0
2021-11-30 13:08:33,300557.SZ,28.14,28.18,29.12,28.18,29.04,535900.0,15478732.0,1492.0,29.01,200.0,28.97,100.0,28.96,1200.0,28.94,300.0,28.92,600.0,0.0,0.0,0.0,0.0,0.0,0.0,0.0,0.0,0.0,0.0,29.04,1100.0,29.05,1700.0,29.06,600.0,29.07,4800.0,29.08,1100.0,0.0,0.0,0.0,0.0,0.0,0.0,0.0,0.0,0.0,0.0,26.83,31.1,73200.0,262230.0,0.0
2021-11-30 13:08:39,300557.SZ,28.14,28.18,29.12,28.18,29.04,537000.0,15510676.0,1494.0,29.04,2500.0,29.01,200.0,28.97,100.0,28.96,1200.0,28.94,300.0,0.0,0.0,0.0,0.0,0.0,0.0,0.0,0.0,0.0,0.0,29.05,1700.0,29.06,600.0,29.07,4800.0,29.08,1100.0,29.09,7000.0,0.0,0.0,0.0,0.0,0.0,0.0,0.0,0.0,0.0,0.0,26.9,31.1,75700.0,261130.0,0.0
2021-11-30 13:08:45,300557.SZ,28.14,28.18,29.12,28.18,29.04,537000.0,15510676.0,1494.0,29.04,2500.0,28.97,100.0,28.96,1200.0,28.94,300.0,28.92,600.0,0.0,0.0,0.0,0.0,0.0,0.0,0.0,0.0,0.0,0.0,29.05,1700.0,29.06,600.0,29.07,4800.0,29.08,1100.0,29.09,7000.0,0.0,0.0,0.0,0.0,0.0,0.0,0.0,0.0,0.0,0.0,26.9,31.1,75500.0,261130.0,0.0
2021-11-30 13:08:54,300557.SZ,28.14,28.18,29.12,28.18,29.04,537000.0,15510676.0,1494.0,29.04,2500.0,28.97,100.0,28.96,1200.0,28.94,300.0,28.92,600.0,0.0,0.0,0.0,0.0,0.0,0.0,0.0,0.0,0.0,0.0,29.05,1900.0,29.06,600.0,29.07,4800.0,29.08,1100.0,29.09,7000.0,0.0,0.0,0.0,0.0,0.0,0.0,0.0,0.0,0.0,0.0,26.9,31.1,75500.0,261330.0,0.0
2021-11-30 13:09:00,300557.SZ,28.14,28.18,29.12,28.18,29.04,537000.0,15510676.0,1494.0,28.97,300.0,28.96,1200.0,28.94,300.0,28.92,600.0,28.91,1900.0,0.0,0.0,0.0,0.0,0.0,0.0,0.0,0.0,0.0,0.0,29.04,1000.0,29.05,1900.0,29.06,600.0,29.07,4800.0,29.08,1100.0,0.0,0.0,0.0,0.0,0.0,0.0,0.0,0.0,0.0,0.0,26.83,31.09,73200.0,262330.0,0.0
2021-11-30 13:09:03,300557.SZ,28.14,28.18,29.12,28.18,29.04,537200.0,15516484.0,1496.0,28.97,700.0,28.96,1100.0,28.94,300.0,28.92,600.0,28.91,1900.0,0.0,0.0,0.0,0.0,0.0,0.0,0.0,0.0,0.0,0.0,29.04,1200.0,29.05,1900.0,29.06,600.0,29.07,4800.0,29.08,1100.0,0.0,0.0,0.0,0.0,0.0,0.0,0.0,0.0,0.0,0.0,26.84,31.09,73500.0,262530.0,0.0
2021-11-30 13:09:06,300557.SZ,28.14,28.18,29.12,28.18,29.04,537400.0,15522292.0,1498.0,28.97,800.0,28.96,1100.0,28.94,300.0,28.92,600.0,28.91,1900.0,0.0,0.0,0.0,0.0,0.0,0.0,0.0,0.0,0.0,0.0,29.04,1000.0,29.05,1900.0,29.06,600.0,29.07,4800.0,29.08,1100.0,0.0,0.0,0.0,0.0,0.0,0.0,0.0,0.0,0.0,0.0,26.84,31.09,73600.0,262330.0,0.0
2021-11-30 13:09:09,300557.SZ,28.14,28.18,29.12,28.18,29.05,539700.0,15589097.0,1503.0,29.04,1700.0,28.97,800.0,28.96,1100.0,28.94,300.0,28.92,600.0,0.0,0.0,0.0,0.0,0.0,0.0,0.0,0.0,0.0,0.0,29.05,600.0,29.06,600.0,29.07,4800.0,29.08,1100.0,29.09,7000.0,0.0,0.0,0.0,0.0,0.0,0.0,0.0,0.0,0.0,0.0,26.89,31.11,75300.0,260030.0,0.0
2021-11-30 13:09:21,300557.SZ,28.14,28.18,29.12,28.18,29.05,539700.0,15589097.0,1503.0,29.04,1700.0,28.98,600.0,28.97,800.0,28.96,1100.0,28.94,300.0,0.0,0.0,0.0,0.0,0.0,0.0,0.0,0.0,0.0,0.0,29.05,600.0,29.06,600.0,29.07,4800.0,29.08,1100.0,29.09,7000.0,0.0,0.0,0.0,0.0,0.0,0.0,0.0,0.0,0.0,0.0,26.91,31.11,75900.0,260030.0,0.0
2021-11-30 13:09:24,300557.SZ,28.14,28.18,29.12,28.18,29.05,539700.0,15589097.0,1503.0,29.04,200.0,28.98,600.0,28.97,800.0,28.96,1100.0,28.94,300.0,0.0,0.0,0.0,0.0,0.0,0.0,0.0,0.0,0.0,0.0,29.05,600.0,29.06,600.0,29.07,4800.0,29.08,1100.0,29.09,7000.0,0.0,0.0,0.0,0.0,0.0,0.0,0.0,0.0,0.0,0.0,26.87,31.11,74400.0,260030.0,0.0
2021-11-30 13:09:54,300557.SZ,28.14,28.18,29.12,28.18,29.04,540000.0,15597809.0,1506.0,28.98,800.0,28.97,600.0,28.96,1100.0,28.94,300.0,28.92,600.0,0.0,0.0,0.0,0.0,0.0,0.0,0.0,0.0,0.0,0.0,29.04,100.0,29.05,600.0,29.06,600.0,29.07,4800.0,29.08,1100.0,0.0,0.0,0.0,0.0,0.0,0.0,0.0,0.0,0.0,0.0,26.86,31.11,74200.0,260130.0,0.0
2021-11-30 13:09:57,300557.SZ,28.14,28.18,29.12,28.18,29.05,540700.0,15618143.0,1510.0,29.05,800.0,29.04,800.0,28.98,1300.0,28.97,200.0,28.96,900.0,0.0,0.0,0.0,0.0,0.0,0.0,0.0,0.0,0.0,0.0,29.06,600.0,29.07,4800.0,29.08,1100.0,29.09,7000.0,29.1,20200.0,0.0,0.0,0.0,0.0,0.0,0.0,0.0,0.0,0.0,0.0,26.9,31.12,75500.0,259430.0,0.0
2021-11-30 13:10:00,300557.SZ,28.14,28.18,29.12,28.18,29.05,540700.0,15618143.0,1510.0,29.05,800.0,29.04,300.0,28.98,1100.0,28.97,200.0,28.96,900.0,0.0,0.0,0.0,0.0,0.0,0.0,0.0,0.0,0.0,0.0,29.06,600.0,29.07,4800.0,29.08,1100.0,29.09,7000.0,29.1,20200.0,0.0,0.0,0.0,0.0,0.0,0.0,0.0,0.0,0.0,0.0,26.88,31.12,74800.0,259430.0,0.0
2021-11-30 13:10:09,300557.SZ,28.14,28.18,29.12,28.18,29.06,541300.0,15635579.0,1512.0,29.05,800.0,29.04,300.0,28.98,1100.0,28.97,200.0,28.96,900.0,0.0,0.0,0.0,0.0,0.0,0.0,0.0,0.0,0.0,0.0,29.07,4800.0,29.08,1100.0,29.09,7000.0,29.1,20200.0,29.12,3200.0,0.0,0.0,0.0,0.0,0.0,0.0,0.0,0.0,0.0,0.0,26.88,31.12,74800.0,258830.0,0.0
2021-11-30 13:10:12,300557.SZ,28.14,28.18,29.12,28.18,29.05,541400.0,15638484.0,1513.0,29.05,700.0,29.04,300.0,28.98,1100.0,28.97,200.0,28.96,900.0,0.0,0.0,0.0,0.0,0.0,0.0,0.0,0.0,0.0,0.0,29.07,4800.0,29.08,1100.0,29.09,7000.0,29.1,20200.0,29.12,3200.0,0.0,0.0,0.0,0.0,0.0,0.0,0.0,0.0,0.0,0.0,26.86,31.17,74100.0,263830.0,0.0
2021-11-30 13:10:15,300557.SZ,28.14,28.18,29.12,28.18,29.05,542100.0,15658819.0,1515.0,29.04,300.0,28.98,1100.0,28.97,200.0,28.96,900.0,28.94,100.0,0.0,0.0,0.0,0.0,0.0,0.0,0.0,0.0,0.0,0.0,29.05,200.0,29.06,100.0,29.07,4800.0,29.08,1100.0,29.09,7000.0,0.0,0.0,0.0,0.0,0.0,0.0,0.0,0.0,0.0,0.0,26.84,31.17,73400.0,264130.0,0.0
2021-11-30 13:10:18,300557.SZ,28.14,28.18,29.12,28.18,29.04,542400.0,15667531.0,1518.0,28.98,1100.0,28.97,200.0,28.96,900.0,28.94,100.0,28.91,1900.0,0.0,0.0,0.0,0.0,0.0,0.0,0.0,0.0,0.0,0.0,29.04,400.0,29.05,200.0,29.06,100.0,29.07,4800.0,29.08,1100.0,0.0,0.0,0.0,0.0,0.0,0.0,0.0,0.0,0.0,0.0,26.83,31.17,73100.0,264530.0,0.0
2021-11-30 13:10:21,300557.SZ,28.14,28.18,29.12,28.18,29.04,542400.0,15667531.0,1518.0,28.98,1100.0,28.97,200.0,28.96,900.0,28.94,100.0,28.91,1900.0,0.0,0.0,0.0,0.0,0.0,0.0,0.0,0.0,0.0,0.0,29.04,700.0,29.05,200.0,29.06,100.0,29.07,4800.0,29.08,1100.0,0.0,0.0,0.0,0.0,0.0,0.0,0.0,0.0,0.0,0.0,26.83,31.16,73100.0,264830.0,0.0
2021-11-30 13:10:24,300557.SZ,28.14,28.18,29.12,28.18,29.04,542400.0,15667531.0,1518.0,28.98,1100.0,28.97,200.0,28.96,900.0,28.94,100.0,28.91,1900.0,0.0,0.0,0.0,0.0,0.0,0.0,0.0,0.0,0.0,0.0,29.04,700.0,29.06,100.0,29.07,4800.0,29.08,1100.0,29.09,7000.0,0.0,0.0,0.0,0.0,0.0,0.0,0.0,0.0,0.0,0.0,26.83,31.17,73100.0,264630.0,0.0
2021-11-30 13:10:27,300557.SZ,28.14,28.18,29.12,28.18,29.04,542400.0,15667531.0,1518.0,28.98,1100.0,28.97,200.0,28.96,900.0,28.94,100.0,28.91,1900.0,0.0,0.0,0.0,0.0,0.0,0.0,0.0,0.0,0.0,0.0,29.04,700.0,29.05,400.0,29.06,100.0,29.07,4800.0,29.08,1100.0,0.0,0.0,0.0,0.0,0.0,0.0,0.0,0.0,0.0,0.0,26.83,31.16,73100.0,265030.0,0.0
2021-11-30 13:10:33,300557.SZ,28.14,28.18,29.12,28.18,29.04,542400.0,15667531.0,1518.0,28.98,1100.0,28.97,200.0,28.96,900.0,28.94,100.0,28.91,1900.0,0.0,0.0,0.0,0.0,0.0,0.0,0.0,0.0,0.0,0.0,29.04,400.0,29.05,400.0,29.06,100.0,29.07,4800.0,29.08,1100.0,0.0,0.0,0.0,0.0,0.0,0.0,0.0,0.0,0.0,0.0,26.83,31.16,73100.0,264730.0,0.0
2021-11-30 13:10:48,300557.SZ,28.14,28.18,29.12,28.18,29.04,542400.0,15667531.0,1518.0,29.01,400.0,28.98,1100.0,28.97,200.0,28.96,900.0,28.94,100.0,0.0,0.0,0.0,0.0,0.0,0.0,0.0,0.0,0.0,0.0,29.04,400.0,29.05,400.0,29.06,100.0,29.07,4800.0,29.08,1100.0,0.0,0.0,0.0,0.0,0.0,0.0,0.0,0.0,0.0,0.0,26.84,31.16,73500.0,264730.0,0.0
2021-11-30 13:10:51,300557.SZ,28.14,28.18,29.12,28.18,29.04,542400.0,15667531.0,1518.0,29.01,400.0,28.98,1100.0,28.96,900.0,28.94,100.0,28.91,1900.0,0.0,0.0,0.0,0.0,0.0,0.0,0.0,0.0,0.0,0.0,29.04,400.0,29.05,400.0,29.06,100.0,29.07,4800.0,29.08,1100.0,0.0,0.0,0.0,0.0,0.0,0.0,0.0,0.0,0.0,0.0,26.83,31.16,73300.0,264730.0,0.0
2021-11-30 13:10:54,300557.SZ,28.14,28.18,29.12,28.18,29.04,542400.0,15667531.0,1518.0,29.01,400.0,28.98,1100.0,28.96,900.0,28.94,100.0,28.91,1900.0,0.0,0.0,0.0,0.0,0.0,0.0,0.0,0.0,0.0,0.0,29.04,600.0,29.05,400.0,29.06,100.0,29.07,4800.0,29.08,1100.0,0.0,0.0,0.0,0.0,0.0,0.0,0.0,0.0,0.0,0.0,26.83,31.16,73300.0,264930.0,0.0
2021-11-30 13:11:06,300557.SZ,28.14,28.18,29.12,28.18,29.04,542400.0,15667531.0,1518.0,29.01,400.0,28.98,1100.0,28.96,900.0,28.94,100.0,28.91,1900.0,0.0,0.0,0.0,0.0,0.0,0.0,0.0,0.0,0.0,0.0,29.04,400.0,29.05,400.0,29.06,100.0,29.07,4800.0,29.08,1100.0,0.0,0.0,0.0,0.0,0.0,0.0,0.0,0.0,0.0,0.0,26.83,31.16,73300.0,264730.0,0.0
2021-11-30 13:11:21,300557.SZ,28.14,28.18,29.12,28.18,29.01,542600.0,15673333.0,1519.0,29.01,200.0,28.98,1100.0,28.96,900.0,28.94,100.0,28.91,1900.0,0.0,0.0,0.0,0.0,0.0,0.0,0.0,0.0,0.0,0.0,29.04,400.0,29.05,400.0,29.06,100.0,29.07,4800.0,29.08,1100.0,0.0,0.0,0.0,0.0,0.0,0.0,0.0,0.0,0.0,0.0,26.83,31.16,73100.0,264730.0,0.0
2021-11-30 13:11:54,300557.SZ,28.14,28.18,29.12,28.18,29.01,542800.0,15679135.0,1520.0,28.98,1100.0,28.96,900.0,28.94,100.0,28.91,1900.0,28.9,2300.0,0.0,0.0,0.0,0.0,0.0,0.0,0.0,0.0,0.0,0.0,29.01,1800.0,29.04,200.0,29.05,400.0,29.06,100.0,29.07,4800.0,0.0,0.0,0.0,0.0,0.0,0.0,0.0,0.0,0.0,0.0,26.82,31.15,72900.0,266330.0,0.0
2021-11-30 13:11:57,300557.SZ,28.14,28.18,29.12,28.18,29.01,542800.0,15679135.0,1520.0,28.98,1000.0,28.96,900.0,28.94,100.0,28.91,1900.0,28.9,2300.0,0.0,0.0,0.0,0.0,0.0,0.0,0.0,0.0,0.0,0.0,29.01,1800.0,29.04,200.0,29.05,400.0,29.07,4800.0,29.08,1100.0,0.0,0.0,0.0,0.0,0.0,0.0,0.0,0.0,0.0,0.0,26.82,31.15,72800.0,266230.0,0.0
2021-11-30 13:12:09,300557.SZ,28.14,28.18,29.12,28.18,29.01,543400.0,15696541.0,1521.0,28.98,1000.0,28.96,900.0,28.94,100.0,28.91,1900.0,28.9,2300.0,0.0,0.0,0.0,0.0,0.0,0.0,0.0,0.0,0.0,0.0,29.01,1200.0,29.04,200.0,29.05,400.0,29.07,4800.0,29.08,1100.0,0.0,0.0,0.0,0.0,0.0,0.0,0.0,0.0,0.0,0.0,26.82,31.16,72800.0,265630.0,0.0
2021-11-30 13:13:09,300557.SZ,28.14,28.18,29.12,28.18,29.01,543400.0,15696541.0,1521.0,28.98,1000.0,28.96,900.0,28.94,100.0,28.91,1900.0,28.9,2300.0,0.0,0.0,0.0,0.0,0.0,0.0,0.0,0.0,0.0,0.0,29.01,1200.0,29.04,200.0,29.05,400.0,29.07,4800.0,29.08,1100.0,0.0,0.0,0.0,0.0,0.0,0.0,0.0,0.0,0.0,0.0,26.82,31.16,72800.0,265630.0,0.0
2021-11-30 13:13:15,300557.SZ,28.14,28.18,29.12,28.18,29.01,544300.0,15722650.0,1523.0,28.98,1000.0,28.96,900.0,28.94,100.0,28.91,1900.0,28.9,2300.0,0.0,0.0,0.0,0.0,0.0,0.0,0.0,0.0,0.0,0.0,29.01,300.0,29.04,200.0,29.05,400.0,29.07,4800.0,29.08,1100.0,0.0,0.0,0.0,0.0,0.0,0.0,0.0,0.0,0.0,0.0,26.82,31.16,72800.0,264730.0,0.0
2021-11-30 13:13:18,300557.SZ,28.14,28.18,29.12,28.18,29.01,544600.0,15731353.0,1526.0,28.99,1300.0,28.98,800.0,28.96,900.0,28.94,100.0,28.91,1900.0,0.0,0.0,0.0,0.0,0.0,0.0,0.0,0.0,0.0,0.0,29.04,200.0,29.05,400.0,29.07,4800.0,29.08,1100.0,29.09,7000.0,0.0,0.0,0.0,0.0,0.0,0.0,0.0,0.0,0.0,0.0,26.88,31.25,74900.0,254430.0,0.0
2021-11-30 13:13:21,300557.SZ,28.14,28.18,29.12,28.18,29.01,544600.0,15731353.0,1526.0,28.99,1500.0,28.98,900.0,28.96,900.0,28.94,100.0,28.91,1900.0,0.0,0.0,0.0,0.0,0.0,0.0,0.0,0.0,0.0,0.0,29.04,200.0,29.05,400.0,29.07,4800.0,29.08,1100.0,29.09,7000.0,0.0,0.0,0.0,0.0,0.0,0.0,0.0,0.0,0.0,0.0,26.88,31.25,75200.0,254430.0,0.0
2021-11-30 13:13:24,300557.SZ,28.14,28.18,29.12,28.18,28.99,545500.0,15757444.0,1529.0,28.99,600.0,28.98,900.0,28.96,900.0,28.94,100.0,28.91,1900.0,0.0,0.0,0.0,0.0,0.0,0.0,0.0,0.0,0.0,0.0,29.04,200.0,29.05,400.0,29.07,4800.0,29.08,1100.0,29.09,7000.0,0.0,0.0,0.0,0.0,0.0,0.0,0.0,0.0,0.0,0.0,26.86,31.25,74300.0,254430.0,0.0
2021-11-30 13:13:27,300557.SZ,28.14,28.18,29.12,28.18,28.99,546100.0,15774838.0,1534.0,28.98,900.0,28.96,900.0,28.94,100.0,28.91,1900.0,28.9,2300.0,0.0,0.0,0.0,0.0,0.0,0.0,0.0,0.0,0.0,0.0,28.99,100.0,29.04,200.0,29.05,400.0,29.07,4800.0,29.08,1100.0,0.0,0.0,0.0,0.0,0.0,0.0,0.0,0.0,0.0,0.0,26.84,31.25,73700.0,254530.0,0.0
2021-11-30 13:13:39,300557.SZ,28.14,28.18,29.12,28.18,28.99,551200.0,15922386.0,1543.0,28.9,1100.0,28.89,100.0,28.88,1400.0,28.76,1500.0,28.7,1000.0,0.0,0.0,0.0,0.0,0.0,0.0,0.0,0.0,0.0,0.0,29.03,1200.0,29.04,300.0,29.05,400.0,29.07,4800.0,29.08,1100.0,0.0,0.0,0.0,0.0,0.0,0.0,0.0,0.0,0.0,0.0,26.69,31.24,68700.0,255730.0,0.0
2021-11-30 13:13:42,300557.SZ,28.14,28.18,29.12,28.18,28.99,551200.0,15922386.0,1543.0,28.9,1300.0,28.89,100.0,28.88,1400.0,28.76,1500.0,28.7,1000.0,0.0,0.0,0.0,0.0,0.0,0.0,0.0,0.0,0.0,0.0,29.03,1200.0,29.04,300.0,29.05,400.0,29.07,4800.0,29.08,1100.0,0.0,0.0,0.0,0.0,0.0,0.0,0.0,0.0,0.0,0.0,26.7,31.24,68900.0,255730.0,0.0
2021-11-30 13:13:51,300557.SZ,28.14,28.18,29.12,28.18,28.99,551200.0,15922386.0,1543.0,28.9,1300.0,28.89,300.0,28.88,1400.0,28.76,1500.0,28.7,1000.0,0.0,0.0,0.0,0.0,0.0,0.0,0.0,0.0,0.0,0.0,29.03,1200.0,29.04,300.0,29.05,400.0,29.06,200.0,29.07,4800.0,0.0,0.0,0.0,0.0,0.0,0.0,0.0,0.0,0.0,0.0,26.7,31.24,69100.0,255930.0,0.0
2021-11-30 13:13:54,300557.SZ,28.14,28.18,29.12,28.18,28.99,551200.0,15922386.0,1543.0,28.9,1300.0,28.89,300.0,28.88,1400.0,28.76,1500.0,28.7,1000.0,0.0,0.0,0.0,0.0,0.0,0.0,0.0,0.0,0.0,0.0,29.03,1200.0,29.04,300.0,29.06,200.0,29.07,4800.0,29.08,1100.0,0.0,0.0,0.0,0.0,0.0,0.0,0.0,0.0,0.0,0.0,26.7,31.24,69100.0,255530.0,0.0
2021-11-30 13:13:57,300557.SZ,28.14,28.18,29.12,28.18,28.99,551200.0,15922386.0,1543.0,28.9,1300.0,28.89,500.0,28.88,1400.0,28.76,1500.0,28.7,1000.0,0.0,0.0,0.0,0.0,0.0,0.0,0.0,0.0,0.0,0.0,29.03,1200.0,29.04,300.0,29.06,200.0,29.07,4800.0,29.08,1100.0,0.0,0.0,0.0,0.0,0.0,0.0,0.0,0.0,0.0,0.0,26.71,31.24,69300.0,255530.0,0.0
2021-11-30 13:14:03,300557.SZ,28.14,28.18,29.12,28.18,28.99,551200.0,15922386.0,1543.0,28.9,1300.0,28.89,500.0,28.88,400.0,28.76,1500.0,28.7,1000.0,0.0,0.0,0.0,0.0,0.0,0.0,0.0,0.0,0.0,0.0,29.0,5000.0,29.03,1200.0,29.04,300.0,29.06,200.0,29.07,4800.0,0.0,0.0,0.0,0.0,0.0,0.0,0.0,0.0,0.0,0.0,26.68,31.2,68300.0,260530.0,0.0
2021-11-30 13:14:06,300557.SZ,28.14,28.18,29.12,28.18,28.9,551600.0,15933946.0,1545.0,28.9,900.0,28.89,500.0,28.88,400.0,28.76,1500.0,28.7,1000.0,0.0,0.0,0.0,0.0,0.0,0.0,0.0,0.0,0.0,0.0,28.98,1800.0,29.0,5300.0,29.04,200.0,29.06,200.0,29.07,4800.0,0.0,0.0,0.0,0.0,0.0,0.0,0.0,0.0,0.0,0.0,26.66,31.19,67900.0,261330.0,0.0
2021-11-30 13:14:09,300557.SZ,28.14,28.18,29.12,28.18,28.9,552500.0,15959956.0,1549.0,28.89,500.0,28.88,400.0,28.76,1500.0,28.7,1000.0,28.68,500.0,0.0,0.0,0.0,0.0,0.0,0.0,0.0,0.0,0.0,0.0,28.9,100.0,28.95,400.0,28.96,200.0,28.97,600.0,29.0,5200.0,0.0,0.0,0.0,0.0,0.0,0.0,0.0,0.0,0.0,0.0,26.63,31.19,67000.0,260730.0,0.0
2021-11-30 13:14:12,300557.SZ,28.14,28.18,29.12,28.18,28.9,552700.0,15965736.0,1551.0,28.89,500.0,28.88,400.0,28.79,1000.0,28.76,1500.0,28.7,1000.0,0.0,0.0,0.0,0.0,0.0,0.0,0.0,0.0,0.0,0.0,28.9,300.0,28.95,400.0,28.96,200.0,28.97,600.0,29.0,5200.0,0.0,0.0,0.0,0.0,0.0,0.0,0.0,0.0,0.0,0.0,26.67,31.19,68000.0,260930.0,0.0
2021-11-30 13:14:15,300557.SZ,28.14,28.18,29.12,28.18,28.9,553000.0,15974406.0,1553.0,28.91,400.0,28.89,500.0,28.88,400.0,28.79,1000.0,28.76,1500.0,0.0,0.0,0.0,0.0,0.0,0.0,0.0,0.0,0.0,0.0,28.95,400.0,28.96,200.0,28.97,600.0,29.0,5200.0,29.04,200.0,0.0,0.0,0.0,0.0,0.0,0.0,0.0,0.0,0.0,0.0,26.68,31.19,68400.0,260630.0,0.0
2021-11-30 13:14:24,300557.SZ,28.14,28.18,29.12,28.18,28.9,553000.0,15974406.0,1553.0,28.91,400.0,28.89,500.0,28.88,400.0,28.79,1000.0,28.76,1500.0,0.0,0.0,0.0,0.0,0.0,0.0,0.0,0.0,0.0,0.0,28.95,400.0,28.97,600.0,29.0,5200.0,29.04,200.0,29.06,200.0,0.0,0.0,0.0,0.0,0.0,0.0,0.0,0.0,0.0,0.0,26.68,31.2,68400.0,260430.0,0.0
2021-11-30 13:14:30,300557.SZ,28.14,28.18,29.12,28.18,28.9,553000.0,15974406.0,1553.0,28.91,400.0,28.89,500.0,28.88,400.0,28.79,1000.0,28.76,1500.0,0.0,0.0,0.0,0.0,0.0,0.0,0.0,0.0,0.0,0.0,28.95,400.0,28.97,600.0,29.0,7200.0,29.04,200.0,29.06,200.0,0.0,0.0,0.0,0.0,0.0,0.0,0.0,0.0,0.0,0.0,26.68,31.18,68400.0,262430.0,0.0
2021-11-30 13:14:33,300557.SZ,28.14,28.18,29.12,28.18,28.91,553200.0,15980188.0,1555.0,28.91,200.0,28.89,500.0,28.88,400.0,28.79,1000.0,28.76,1500.0,0.0,0.0,0.0,0.0,0.0,0.0,0.0,0.0,0.0,0.0,28.95,400.0,28.97,600.0,29.0,7200.0,29.04,200.0,29.06,200.0,0.0,0.0,0.0,0.0,0.0,0.0,0.0,0.0,0.0,0.0,26.67,31.18,68200.0,262430.0,0.0
2021-11-30 13:14:36,300557.SZ,28.14,28.18,29.12,28.18,28.91,553400.0,15985970.0,1557.0,28.89,500.0,28.88,400.0,28.79,1000.0,28.76,1500.0,28.7,1000.0,0.0,0.0,0.0,0.0,0.0,0.0,0.0,0.0,0.0,0.0,28.91,800.0,28.95,800.0,28.97,300.0,29.0,7200.0,29.04,200.0,0.0,0.0,0.0,0.0,0.0,0.0,0.0,0.0,0.0,0.0,26.67,31.17,68000.0,263330.0,0.0
2021-11-30 13:14:39,300557.SZ,28.14,28.18,29.12,28.18,28.89,553600.0,15991748.0,1559.0,28.89,300.0,28.88,400.0,28.79,1000.0,28.76,1500.0,28.7,1000.0,0.0,0.0,0.0,0.0,0.0,0.0,0.0,0.0,0.0,0.0,28.91,1300.0,28.95,800.0,28.97,300.0,29.0,7200.0,29.04,200.0,0.0,0.0,0.0,0.0,0.0,0.0,0.0,0.0,0.0,0.0,26.66,31.17,67800.0,263830.0,0.0
2021-11-30 13:14:42,300557.SZ,28.14,28.18,29.12,28.18,28.89,553900.0,16000415.0,1562.0,28.88,400.0,28.79,1000.0,28.76,1500.0,28.7,1000.0,28.68,500.0,0.0,0.0,0.0,0.0,0.0,0.0,0.0,0.0,0.0,0.0,28.89,300.0,28.91,1700.0,28.95,800.0,28.97,300.0,29.0,7200.0,0.0,0.0,0.0,0.0,0.0,0.0,0.0,0.0,0.0,0.0,26.65,31.16,67500.0,264530.0,0.0
2021-11-30 13:14:45,300557.SZ,28.14,28.18,29.12,28.18,28.88,554600.0,16020634.0,1568.0,28.79,1000.0,28.76,1500.0,28.7,1000.0,28.68,500.0,28.65,700.0,0.0,0.0,0.0,0.0,0.0,0.0,0.0,0.0,0.0,0.0,28.88,100.0,28.89,100.0,28.91,1400.0,28.95,400.0,28.97,100.0,0.0,0.0,0.0,0.0,0.0,0.0,0.0,0.0,0.0,0.0,26.64,31.17,67100.0,263530.0,0.0
2021-11-30 13:14:48,300557.SZ,28.14,28.18,29.12,28.18,28.88,555400.0,16043738.0,1576.0,28.79,1200.0,28.76,1500.0,28.7,1000.0,28.68,500.0,28.65,700.0,0.0,0.0,0.0,0.0,0.0,0.0,0.0,0.0,0.0,0.0,28.87,400.0,28.88,500.0,28.89,100.0,28.91,100.0,28.95,400.0,0.0,0.0,0.0,0.0,0.0,0.0,0.0,0.0,0.0,0.0,26.64,31.17,67300.0,263030.0,0.0
2021-11-30 13:14:51,300557.SZ,28.14,28.18,29.12,28.18,28.87,556200.0,16066835.0,1583.0,28.81,100.0,28.8,1200.0,28.79,1200.0,28.76,1500.0,28.7,1000.0,0.0,0.0,0.0,0.0,0.0,0.0,0.0,0.0,0.0,0.0,28.87,1400.0,28.91,100.0,28.95,400.0,28.97,100.0,29.0,7200.0,0.0,0.0,0.0,0.0,0.0,0.0,0.0,0.0,0.0,0.0,26.68,31.17,68600.0,263430.0,0.0
2021-11-30 13:14:54,300557.SZ,28.14,28.18,29.12,28.18,28.87,558000.0,16118801.0,1591.0,28.87,400.0,28.85,400.0,28.84,100.0,28.82,100.0,28.81,100.0,0.0,0.0,0.0,0.0,0.0,0.0,0.0,0.0,0.0,0.0,28.91,100.0,28.95,400.0,28.97,100.0,29.0,7200.0,29.04,200.0,0.0,0.0,0.0,0.0,0.0,0.0,0.0,0.0,0.0,0.0,26.71,31.18,69600.0,262030.0,0.0
2021-11-30 13:14:57,300557.SZ,28.14,28.18,29.12,28.18,28.87,558200.0,16124575.0,1593.0,28.87,1200.0,28.85,400.0,28.84,100.0,28.82,100.0,28.81,100.0,0.0,0.0,0.0,0.0,0.0,0.0,0.0,0.0,0.0,0.0,28.91,200.0,28.95,400.0,28.97,100.0,29.0,7200.0,29.04,200.0,0.0,0.0,0.0,0.0,0.0,0.0,0.0,0.0,0.0,0.0,26.74,31.18,70500.0,262130.0,0.0
2021-11-30 13:15:00,300557.SZ,28.14,28.18,29.12,28.18,28.87,558200.0,16124575.0,1593.0,28.87,1700.0,28.85,400.0,28.84,100.0,28.82,100.0,28.81,100.0,0.0,0.0,0.0,0.0,0.0,0.0,0.0,0.0,0.0,0.0,28.9,300.0,28.91,400.0,28.95,400.0,28.97,100.0,29.0,7200.0,0.0,0.0,0.0,0.0,0.0,0.0,0.0,0.0,0.0,0.0,26.76,31.18,71100.0,262630.0,0.0
2021-11-30 13:15:03,300557.SZ,28.14,28.18,29.12,28.18,28.87,558200.0,16124575.0,1593.0,28.88,300.0,28.87,1700.0,28.85,400.0,28.84,100.0,28.82,100.0,0.0,0.0,0.0,0.0,0.0,0.0,0.0,0.0,0.0,0.0,28.9,800.0,28.91,300.0,28.95,400.0,28.97,100.0,29.0,7200.0,0.0,0.0,0.0,0.0,0.0,0.0,0.0,0.0,0.0,0.0,26.77,31.17,71400.0,263030.0,0.0
2021-11-30 13:15:06,300557.SZ,28.14,28.18,29.12,28.18,28.87,558200.0,16124575.0,1593.0,28.88,300.0,28.87,1500.0,28.85,400.0,28.84,100.0,28.82,100.0,0.0,0.0,0.0,0.0,0.0,0.0,0.0,0.0,0.0,0.0,28.9,900.0,28.91,100.0,28.95,400.0,28.97,100.0,29.0,7200.0,0.0,0.0,0.0,0.0,0.0,0.0,0.0,0.0,0.0,0.0,26.76,31.18,71100.0,262930.0,0.0
2021-11-30 13:15:09,300557.SZ,28.14,28.18,29.12,28.18,28.87,558200.0,16124575.0,1593.0,28.88,300.0,28.87,1500.0,28.84,100.0,28.82,100.0,28.81,100.0,0.0,0.0,0.0,0.0,0.0,0.0,0.0,0.0,0.0,0.0,28.9,1100.0,28.91,100.0,29.0,7000.0,29.04,200.0,29.06,200.0,0.0,0.0,0.0,0.0,0.0,0.0,0.0,0.0,0.0,0.0,26.75,31.18,70700.0,262430.0,0.0
2021-11-30 13:15:12,300557.SZ,28.14,28.18,29.12,28.18,28.89,558300.0,16127464.0,1594.0,28.88,300.0,28.87,1500.0,28.84,100.0,28.82,100.0,28.81,100.0,0.0,0.0,0.0,0.0,0.0,0.0,0.0,0.0,0.0,0.0,28.9,1100.0,28.91,100.0,29.0,7000.0,29.04,200.0,29.06,200.0,0.0,0.0,0.0,0.0,0.0,0.0,0.0,0.0,0.0,0.0,26.75,31.18,70600.0,262430.0,0.0
2021-11-30 13:15:21,300557.SZ,28.14,28.18,29.12,28.18,28.9,558600.0,16136134.0,1595.0,28.89,100.0,28.88,300.0,28.87,1500.0,28.84,100.0,28.82,100.0,0.0,0.0,0.0,0.0,0.0,0.0,0.0,0.0,0.0,0.0,28.9,800.0,28.91,100.0,29.0,7000.0,29.04,200.0,29.06,200.0,0.0,0.0,0.0,0.0,0.0,0.0,0.0,0.0,0.0,0.0,26.75,31.18,70700.0,262130.0,0.0
2021-11-30 13:15:27,300557.SZ,28.14,28.18,29.12,28.18,28.9,559100.0,16150584.0,1597.0,28.89,100.0,28.88,300.0,28.87,1500.0,28.84,100.0,28.82,100.0,0.0,0.0,0.0,0.0,0.0,0.0,0.0,0.0,0.0,0.0,28.9,300.0,28.91,100.0,29.0,7000.0,29.04,200.0,29.06,200.0,0.0,0.0,0.0,0.0,0.0,0.0,0.0,0.0,0.0,0.0,26.75,31.19,70700.0,261630.0,0.0
2021-11-30 13:15:30,300557.SZ,28.14,28.18,29.12,28.18,28.9,559400.0,16159254.0,1600.0,28.89,100.0,28.88,400.0,28.87,1500.0,28.84,100.0,28.82,100.0,0.0,0.0,0.0,0.0,0.0,0.0,0.0,0.0,0.0,0.0,28.91,100.0,29.0,7000.0,29.04,200.0,29.06,200.0,29.07,4800.0,0.0,0.0,0.0,0.0,0.0,0.0,0.0,0.0,0.0,0.0,26.75,31.19,70800.0,261330.0,0.0
2021-11-30 13:15:36,300557.SZ,28.14,28.18,29.12,28.18,28.9,559400.0,16159254.0,1600.0,28.89,100.0,28.88,100.0,28.87,1500.0,28.84,100.0,28.82,100.0,0.0,0.0,0.0,0.0,0.0,0.0,0.0,0.0,0.0,0.0,28.91,100.0,29.0,7000.0,29.04,200.0,29.06,200.0,29.07,4800.0,0.0,0.0,0.0,0.0,0.0,0.0,0.0,0.0,0.0,0.0,26.74,31.19,70500.0,261330.0,0.0
2021-11-30 13:15:39,300557.SZ,28.14,28.18,29.12,28.18,28.9,559400.0,16159254.0,1600.0,28.89,100.0,28.88,100.0,28.87,1500.0,28.84,100.0,28.82,100.0,0.0,0.0,0.0,0.0,0.0,0.0,0.0,0.0,0.0,0.0,28.91,100.0,29.0,7500.0,29.04,200.0,29.06,200.0,29.07,4800.0,0.0,0.0,0.0,0.0,0.0,0.0,0.0,0.0,0.0,0.0,26.74,31.18,70500.0,261830.0,0.0
2021-11-30 13:15:45,300557.SZ,28.14,28.18,29.12,28.18,28.9,559400.0,16159254.0,1600.0,28.9,100.0,28.89,100.0,28.88,100.0,28.87,1500.0,28.84,100.0,0.0,0.0,0.0,0.0,0.0,0.0,0.0,0.0,0.0,0.0,28.91,100.0,29.0,7500.0,29.04,200.0,29.06,200.0,29.07,4800.0,0.0,0.0,0.0,0.0,0.0,0.0,0.0,0.0,0.0,0.0,26.75,31.18,70600.0,261830.0,0.0
2021-11-30 13:16:03,300557.SZ,28.14,28.18,29.12,28.18,28.9,559600.0,16165035.0,1602.0,28.89,100.0,28.88,100.0,28.87,1500.0,28.84,100.0,28.82,100.0,0.0,0.0,0.0,0.0,0.0,0.0,0.0,0.0,0.0,0.0,28.9,800.0,29.0,7500.0,29.04,200.0,29.06,200.0,29.07,4800.0,0.0,0.0,0.0,0.0,0.0,0.0,0.0,0.0,0.0,0.0,26.74,31.18,70500.0,262530.0,0.0
2021-11-30 13:16:09,300557.SZ,28.14,28.18,29.12,28.18,28.9,560000.0,16176595.0,1606.0,28.89,100.0,28.88,200.0,28.87,1500.0,28.84,100.0,28.82,100.0,0.0,0.0,0.0,0.0,0.0,0.0,0.0,0.0,0.0,0.0,28.9,400.0,29.0,7500.0,29.04,200.0,29.06,200.0,29.07,4800.0,0.0,0.0,0.0,0.0,0.0,0.0,0.0,0.0,0.0,0.0,26.75,31.18,70600.0,262130.0,0.0
2021-11-30 13:16:24,300557.SZ,28.14,28.18,29.12,28.18,28.9,560300.0,16185265.0,1609.0,28.89,100.0,28.88,200.0,28.87,1500.0,28.84,100.0,28.82,100.0,0.0,0.0,0.0,0.0,0.0,0.0,0.0,0.0,0.0,0.0,28.9,100.0,29.0,7500.0,29.04,200.0,29.06,200.0,29.07,4800.0,0.0,0.0,0.0,0.0,0.0,0.0,0.0,0.0,0.0,0.0,26.75,31.18,70600.0,261830.0,0.0
2021-11-30 13:16:33,300557.SZ,28.14,28.18,29.12,28.18,28.9,560300.0,16185265.0,1609.0,28.89,100.0,28.88,200.0,28.87,1800.0,28.84,100.0,28.82,100.0,0.0,0.0,0.0,0.0,0.0,0.0,0.0,0.0,0.0,0.0,28.9,100.0,29.0,7500.0,29.04,200.0,29.06,200.0,29.07,4800.0,0.0,0.0,0.0,0.0,0.0,0.0,0.0,0.0,0.0,0.0,26.75,31.18,70900.0,261830.0,0.0
2021-11-30 13:17:09,300557.SZ,28.14,28.18,29.12,28.18,28.9,560300.0,16185265.0,1609.0,28.89,100.0,28.88,200.0,28.87,1800.0,28.84,100.0,28.82,100.0,0.0,0.0,0.0,0.0,0.0,0.0,0.0,0.0,0.0,0.0,28.9,100.0,29.0,8200.0,29.04,200.0,29.06,200.0,29.07,4800.0,0.0,0.0,0.0,0.0,0.0,0.0,0.0,0.0,0.0,0.0,26.75,31.18,70900.0,262530.0,0.0
2021-11-30 13:17:18,300557.SZ,28.14,28.18,29.12,28.18,28.9,560400.0,16188155.0,1610.0,28.89,100.0,28.88,200.0,28.87,1800.0,28.84,100.0,28.82,100.0,0.0,0.0,0.0,0.0,0.0,0.0,0.0,0.0,0.0,0.0,29.0,8200.0,29.04,200.0,29.06,200.0,29.07,4800.0,29.08,1100.0,0.0,0.0,0.0,0.0,0.0,0.0,0.0,0.0,0.0,0.0,26.75,31.18,70900.0,262430.0,0.0
2021-11-30 13:17:21,300557.SZ,28.14,28.18,29.12,28.18,28.89,560500.0,16191044.0,1611.0,28.88,200.0,28.87,1800.0,28.84,100.0,28.82,100.0,28.81,100.0,0.0,0.0,0.0,0.0,0.0,0.0,0.0,0.0,0.0,0.0,28.89,700.0,28.9,200.0,29.0,8200.0,29.04,200.0,29.06,200.0,0.0,0.0,0.0,0.0,0.0,0.0,0.0,0.0,0.0,0.0,26.75,31.17,70800.0,263330.0,0.0
2021-11-30 13:17:24,300557.SZ,28.14,28.18,29.12,28.18,28.89,560800.0,16199709.0,1614.0,28.87,1800.0,28.84,100.0,28.82,100.0,28.81,100.0,28.8,1200.0,0.0,0.0,0.0,0.0,0.0,0.0,0.0,0.0,0.0,0.0,28.88,400.0,28.89,1100.0,29.0,8200.0,29.04,200.0,29.06,200.0,0.0,0.0,0.0,0.0,0.0,0.0,0.0,0.0,0.0,0.0,26.75,31.17,70600.0,263930.0,0.0
2021-11-30 13:17:27,300557.SZ,28.14,28.18,29.12,28.18,28.87,561600.0,16222805.0,1617.0,28.87,1000.0,28.84,100.0,28.82,100.0,28.81,100.0,28.8,1200.0,0.0,0.0,0.0,0.0,0.0,0.0,0.0,0.0,0.0,0.0,28.88,1500.0,28.89,600.0,29.0,8200.0,29.04,200.0,29.06,200.0,0.0,0.0,0.0,0.0,0.0,0.0,0.0,0.0,0.0,0.0,26.72,31.16,69800.0,264530.0,0.0
2021-11-30 13:17:30,300557.SZ,28.14,28.18,29.12,28.18,28.87,562600.0,16251675.0,1624.0,28.84,100.0,28.82,100.0,28.81,100.0,28.8,1200.0,28.79,1200.0,0.0,0.0,0.0,0.0,0.0,0.0,0.0,0.0,0.0,0.0,28.87,1800.0,28.88,2500.0,29.0,8200.0,29.04,200.0,29.06,200.0,0.0,0.0,0.0,0.0,0.0,0.0,0.0,0.0,0.0,0.0,26.69,31.14,68800.0,266730.0,0.0
2021-11-30 13:17:33,300557.SZ,28.14,28.18,29.12,28.18,28.84,562900.0,16260333.0,1627.0,28.82,100.0,28.81,100.0,28.8,1200.0,28.79,1200.0,28.76,1500.0,0.0,0.0,0.0,0.0,0.0,0.0,0.0,0.0,0.0,0.0,28.84,100.0,28.87,2000.0,28.88,1100.0,29.0,8200.0,29.04,200.0,0.0,0.0,0.0,0.0,0.0,0.0,0.0,0.0,0.0,0.0,26.69,31.15,68700.0,265630.0,0.0
2021-11-30 13:17:36,300557.SZ,28.14,28.18,29.12,28.18,28.84,563700.0,16283417.0,1634.0,28.83,600.0,28.82,200.0,28.8,1200.0,28.79,1200.0,28.76,1500.0,0.0,0.0,0.0,0.0,0.0,0.0,0.0,0.0,0.0,0.0,28.84,200.0,28.87,500.0,28.88,100.0,29.0,8200.0,29.04,200.0,0.0,0.0,0.0,0.0,0.0,0.0,0.0,0.0,0.0,0.0,26.71,31.17,69300.0,263230.0,0.0
2021-11-30 13:17:39,300557.SZ,28.14,28.18,29.12,28.18,28.84,564200.0,16297837.0,1639.0,28.83,600.0,28.82,200.0,28.8,1200.0,28.79,1200.0,28.76,1500.0,0.0,0.0,0.0,0.0,0.0,0.0,0.0,0.0,0.0,0.0,28.84,800.0,28.88,100.0,29.0,8200.0,29.04,200.0,29.06,200.0,0.0,0.0,0.0,0.0,0.0,0.0,0.0,0.0,0.0,0.0,26.71,31.17,69300.0,263330.0,0.0
2021-11-30 13:17:42,300557.SZ,28.14,28.18,29.12,28.18,28.84,564400.0,16303605.0,1641.0,28.83,600.0,28.82,200.0,28.8,1200.0,28.79,1200.0,28.76,1500.0,0.0,0.0,0.0,0.0,0.0,0.0,0.0,0.0,0.0,0.0,28.84,1800.0,28.88,100.0,29.0,8200.0,29.04,200.0,29.06,200.0,0.0,0.0,0.0,0.0,0.0,0.0,0.0,0.0,0.0,0.0,26.71,31.16,69300.0,264330.0,0.0
2021-11-30 13:17:45,300557.SZ,28.14,28.18,29.12,28.18,28.84,564400.0,16303605.0,1641.0,28.83,600.0,28.82,200.0,28.8,1200.0,28.79,1200.0,28.76,1500.0,0.0,0.0,0.0,0.0,0.0,0.0,0.0,0.0,0.0,0.0,28.84,2500.0,29.0,8200.0,29.04,200.0,29.06,200.0,29.07,4800.0,0.0,0.0,0.0,0.0,0.0,0.0,0.0,0.0,0.0,0.0,26.71,31.16,69300.0,264930.0,0.0
2021-11-30 13:17:48,300557.SZ,28.14,28.18,29.12,28.18,28.84,564400.0,16303605.0,1641.0,28.83,600.0,28.82,200.0,28.8,1200.0,28.79,200.0,28.7,1000.0,0.0,0.0,0.0,0.0,0.0,0.0,0.0,0.0,0.0,0.0,28.84,2900.0,29.0,8200.0,29.04,200.0,29.06,200.0,29.07,4800.0,0.0,0.0,0.0,0.0,0.0,0.0,0.0,0.0,0.0,0.0,26.63,31.15,66800.0,265330.0,0.0
2021-11-30 13:17:51,300557.SZ,28.14,28.18,29.12,28.18,28.84,564400.0,16303605.0,1641.0,28.83,900.0,28.82,200.0,28.8,1200.0,28.79,200.0,28.7,1000.0,0.0,0.0,0.0,0.0,0.0,0.0,0.0,0.0,0.0,0.0,28.84,3200.0,29.0,8200.0,29.04,200.0,29.06,200.0,29.07,4800.0,0.0,0.0,0.0,0.0,0.0,0.0,0.0,0.0,0.0,0.0,26.64,31.15,67100.0,265630.0,0.0
2021-11-30 13:17:54,300557.SZ,28.14,28.18,29.12,28.18,28.83,564600.0,16309372.0,1643.0,28.83,900.0,28.82,200.0,28.81,500.0,28.8,1200.0,28.79,200.0,0.0,0.0,0.0,0.0,0.0,0.0,0.0,0.0,0.0,0.0,28.84,3100.0,29.0,8200.0,29.04,200.0,29.06,200.0,29.07,4800.0,0.0,0.0,0.0,0.0,0.0,0.0,0.0,0.0,0.0,0.0,26.65,31.15,67600.0,265530.0,0.0
2021-11-30 13:17:57,300557.SZ,28.14,28.18,29.12,28.18,28.84,564700.0,16312256.0,1644.0,28.83,900.0,28.82,200.0,28.81,600.0,28.8,1200.0,28.79,200.0,0.0,0.0,0.0,0.0,0.0,0.0,0.0,0.0,0.0,0.0,28.84,3100.0,29.0,8200.0,29.04,200.0,29.06,200.0,29.07,4800.0,0.0,0.0,0.0,0.0,0.0,0.0,0.0,0.0,0.0,0.0,26.73,31.15,70200.0,265530.0,0.0
2021-11-30 13:18:00,300557.SZ,28.14,28.18,29.12,28.18,28.84,565500.0,16335328.0,1652.0,28.83,1200.0,28.82,200.0,28.81,800.0,28.8,1200.0,28.79,200.0,0.0,0.0,0.0,0.0,0.0,0.0,0.0,0.0,0.0,0.0,28.84,2300.0,29.0,8200.0,29.04,200.0,29.06,200.0,29.07,4800.0,0.0,0.0,0.0,0.0,0.0,0.0,0.0,0.0,0.0,0.0,26.74,31.16,70700.0,264730.0,0.0
2021-11-30 13:18:03,300557.SZ,28.14,28.18,29.12,28.18,28.84,567800.0,16401660.0,1675.0,28.84,2600.0,28.83,1200.0,28.81,800.0,28.8,1200.0,28.73,1000.0,0.0,0.0,0.0,0.0,0.0,0.0,0.0,0.0,0.0,0.0,28.97,3300.0,28.98,1600.0,28.99,19700.0,29.0,8200.0,29.04,200.0,0.0,0.0,0.0,0.0,0.0,0.0,0.0,0.0,0.0,0.0,26.81,30.98,72900.0,288930.0,0.0
2021-11-30 13:18:06,300557.SZ,28.14,28.18,29.12,28.18,28.84,571300.0,16502607.0,1681.0,28.83,1200.0,28.81,800.0,28.8,1200.0,28.73,1000.0,28.7,1000.0,0.0,0.0,0.0,0.0,0.0,0.0,0.0,0.0,0.0,0.0,28.84,900.0,28.98,1600.0,29.0,8200.0,29.04,200.0,29.06,200.0,0.0,0.0,0.0,0.0,0.0,0.0,0.0,0.0,0.0,0.0,26.73,31.16,70300.0,264930.0,0.0
2021-11-30 13:18:09,300557.SZ,28.14,28.18,29.12,28.18,28.84,572400.0,16534331.0,1684.0,28.83,1200.0,28.81,800.0,28.8,1200.0,28.73,1000.0,28.7,1000.0,0.0,0.0,0.0,0.0,0.0,0.0,0.0,0.0,0.0,0.0,28.84,300.0,28.97,4800.0,28.98,1600.0,29.0,8200.0,29.04,200.0,0.0,0.0,0.0,0.0,0.0,0.0,0.0,0.0,0.0,0.0,26.73,31.12,70300.0,269130.0,0.0
2021-11-30 13:18:33,300557.SZ,28.14,28.18,29.12,28.18,28.84,572400.0,16534331.0,1684.0,28.83,1200.0,28.81,800.0,28.8,1200.0,28.73,1000.0,28.7,1000.0,0.0,0.0,0.0,0.0,0.0,0.0,0.0,0.0,0.0,0.0,28.84,300.0,28.96,7400.0,28.97,4800.0,28.98,1600.0,29.0,8200.0,0.0,0.0,0.0,0.0,0.0,0.0,0.0,0.0,0.0,0.0,26.71,31.07,69600.0,276530.0,0.0
2021-11-30 13:18:36,300557.SZ,28.14,28.18,29.12,28.18,28.83,573600.0,16568927.0,1688.0,28.81,800.0,28.8,1200.0,28.73,1000.0,28.7,1000.0,28.68,500.0,0.0,0.0,0.0,0.0,0.0,0.0,0.0,0.0,0.0,0.0,28.83,800.0,28.84,300.0,28.95,3300.0,28.98,1600.0,29.0,8200.0,0.0,0.0,0.0,0.0,0.0,0.0,0.0,0.0,0.0,0.0,26.68,31.13,68400.0,268430.0,0.0
2021-11-30 13:18:42,300557.SZ,28.14,28.18,29.12,28.18,28.83,573600.0,16568927.0,1688.0,28.81,800.0,28.8,1200.0,28.73,1000.0,28.7,1000.0,28.68,500.0,0.0,0.0,0.0,0.0,0.0,0.0,0.0,0.0,0.0,0.0,28.83,900.0,28.98,1600.0,29.0,8200.0,29.04,200.0,29.06,200.0,0.0,0.0,0.0,0.0,0.0,0.0,0.0,0.0,0.0,0.0,26.68,31.16,68400.0,264930.0,0.0
2021-11-30 13:18:45,300557.SZ,28.14,28.18,29.12,28.18,28.83,573600.0,16568927.0,1688.0,28.81,800.0,28.8,1300.0,28.73,1000.0,28.7,1000.0,28.68,500.0,0.0,0.0,0.0,0.0,0.0,0.0,0.0,0.0,0.0,0.0,28.83,900.0,28.98,1600.0,29.0,8200.0,29.04,200.0,29.06,200.0,0.0,0.0,0.0,0.0,0.0,0.0,0.0,0.0,0.0,0.0,26.7,31.16,69200.0,264930.0,0.0
2021-11-30 13:18:48,300557.SZ,28.14,28.18,29.12,28.18,28.83,574100.0,16583342.0,1689.0,28.81,800.0,28.8,1300.0,28.73,1000.0,28.7,1000.0,28.68,500.0,0.0,0.0,0.0,0.0,0.0,0.0,0.0,0.0,0.0,0.0,28.83,600.0,28.98,1600.0,29.0,8200.0,29.04,200.0,29.06,200.0,0.0,0.0,0.0,0.0,0.0,0.0,0.0,0.0,0.0,0.0,26.7,31.16,69200.0,264630.0,0.0
2021-11-30 13:18:51,300557.SZ,28.14,28.18,29.12,28.18,28.83,574100.0,16583342.0,1689.0,28.81,800.0,28.8,1300.0,28.73,1000.0,28.7,1000.0,28.68,500.0,0.0,0.0,0.0,0.0,0.0,0.0,0.0,0.0,0.0,0.0,28.83,600.0,28.98,1600.0,29.0,8200.0,29.04,200.0,29.06,200.0,0.0,0.0,0.0,0.0,0.0,0.0,0.0,0.0,0.0,0.0,26.7,31.16,68900.0,264630.0,0.0
2021-11-30 13:19:15,300557.SZ,28.14,28.18,29.12,28.18,28.83,574100.0,16583342.0,1689.0,28.81,800.0,28.8,1300.0,28.73,1000.0,28.7,1000.0,28.68,500.0,0.0,0.0,0.0,0.0,0.0,0.0,0.0,0.0,0.0,0.0,28.83,800.0,28.98,1600.0,29.0,8200.0,29.04,200.0,29.06,200.0,0.0,0.0,0.0,0.0,0.0,0.0,0.0,0.0,0.0,0.0,26.7,31.16,68900.0,264830.0,0.0
2021-11-30 13:19:18,300557.SZ,28.14,28.18,29.12,28.18,28.83,574100.0,16583342.0,1689.0,28.81,800.0,28.8,1300.0,28.73,1000.0,28.7,1100.0,28.68,500.0,0.0,0.0,0.0,0.0,0.0,0.0,0.0,0.0,0.0,0.0,28.83,800.0,28.98,1600.0,29.0,8200.0,29.04,200.0,29.06,200.0,0.0,0.0,0.0,0.0,0.0,0.0,0.0,0.0,0.0,0.0,26.7,31.16,69000.0,264830.0,0.0
2021-11-30 13:19:21,300557.SZ,28.14,28.18,29.12,28.18,28.83,574100.0,16583342.0,1689.0,28.81,800.0,28.8,1300.0,28.73,1000.0,28.7,1100.0,28.68,500.0,0.0,0.0,0.0,0.0,0.0,0.0,0.0,0.0,0.0,0.0,28.83,1000.0,28.98,1600.0,29.0,8200.0,29.04,200.0,29.06,200.0,0.0,0.0,0.0,0.0,0.0,0.0,0.0,0.0,0.0,0.0,26.7,31.16,69000.0,265030.0,0.0
2021-11-30 13:19:27,300557.SZ,28.14,28.18,29.12,28.18,28.83,574100.0,16583342.0,1689.0,28.81,800.0,28.8,1300.0,28.73,1000.0,28.7,1100.0,28.68,500.0,0.0,0.0,0.0,0.0,0.0,0.0,0.0,0.0,0.0,0.0,28.83,1000.0,28.98,1600.0,29.0,8200.0,29.04,200.0,29.06,200.0,0.0,0.0,0.0,0.0,0.0,0.0,0.0,0.0,0.0,0.0,26.71,31.16,69300.0,264830.0,0.0
2021-11-30 13:19:30,300557.SZ,28.14,28.18,29.12,28.18,28.81,574700.0,16600628.0,1693.0,28.81,200.0,28.8,1300.0,28.73,1000.0,28.7,1100.0,28.68,500.0,0.0,0.0,0.0,0.0,0.0,0.0,0.0,0.0,0.0,0.0,28.83,1000.0,28.98,1600.0,29.0,8200.0,29.04,200.0,29.06,200.0,0.0,0.0,0.0,0.0,0.0,0.0,0.0,0.0,0.0,0.0,26.69,31.16,68700.0,264830.0,0.0
2021-11-30 13:19:33,300557.SZ,28.14,28.18,29.12,28.18,28.81,575400.0,16620800.0,1696.0,28.8,1300.0,28.73,1000.0,28.7,1100.0,28.68,500.0,28.67,1500.0,0.0,0.0,0.0,0.0,0.0,0.0,0.0,0.0,0.0,0.0,28.81,300.0,28.83,1000.0,28.98,1600.0,29.0,8200.0,29.04,200.0,0.0,0.0,0.0,0.0,0.0,0.0,0.0,0.0,0.0,0.0,26.68,31.16,68500.0,265130.0,0.0
2021-11-30 13:19:36,300557.SZ,28.14,28.18,29.12,28.18,28.81,575400.0,16620800.0,1696.0,28.8,1300.0,28.73,1000.0,28.7,1100.0,28.68,500.0,28.67,1500.0,0.0,0.0,0.0,0.0,0.0,0.0,0.0,0.0,0.0,0.0,28.81,300.0,28.83,700.0,28.98,1600.0,29.0,8200.0,29.04,200.0,0.0,0.0,0.0,0.0,0.0,0.0,0.0,0.0,0.0,0.0,26.68,31.16,68500.0,264830.0,0.0
2021-11-30 13:19:39,300557.SZ,28.14,28.18,29.12,28.18,28.81,575400.0,16620800.0,1696.0,28.8,1300.0,28.73,1000.0,28.7,1100.0,28.68,500.0,28.67,1500.0,0.0,0.0,0.0,0.0,0.0,0.0,0.0,0.0,0.0,0.0,28.81,400.0,28.83,400.0,28.98,1600.0,29.0,8200.0,29.04,200.0,0.0,0.0,0.0,0.0,0.0,0.0,0.0,0.0,0.0,0.0,26.68,31.16,68500.0,264630.0,0.0
2021-11-30 13:19:42,300557.SZ,28.14,28.18,29.12,28.18,28.81,575400.0,16620800.0,1696.0,28.8,1300.0,28.73,1000.0,28.7,1100.0,28.68,500.0,28.67,1500.0,0.0,0.0,0.0,0.0,0.0,0.0,0.0,0.0,0.0,0.0,28.81,600.0,28.83,400.0,28.98,1600.0,29.0,8200.0,29.04,200.0,0.0,0.0,0.0,0.0,0.0,0.0,0.0,0.0,0.0,0.0,26.68,31.16,68500.0,264830.0,0.0
2021-11-30 13:19:51,300557.SZ,28.14,28.18,29.12,28.18,28.8,576700.0,16658240.0,1700.0,28.73,1000.0,28.7,1100.0,28.68,500.0,28.67,1500.0,28.65,700.0,0.0,0.0,0.0,0.0,0.0,0.0,0.0,0.0,0.0,0.0,28.8,600.0,28.81,600.0,28.83,400.0,28.98,1600.0,29.0,8200.0,0.0,0.0,0.0,0.0,0.0,0.0,0.0,0.0,0.0,0.0,26.64,31.15,67200.0,265430.0,0.0
2021-11-30 13:19:54,300557.SZ,28.14,28.18,29.12,28.18,28.8,577400.0,16678400.0,1703.0,28.8,1300.0,28.73,1000.0,28.71,100.0,28.7,1100.0,28.68,500.0,0.0,0.0,0.0,0.0,0.0,0.0,0.0,0.0,0.0,0.0,28.81,200.0,28.83,400.0,28.98,1600.0,29.0,8200.0,29.04,200.0,0.0,0.0,0.0,0.0,0.0,0.0,0.0,0.0,0.0,0.0,26.69,31.16,68600.0,264430.0,0.0
2021-11-30 13:19:57,300557.SZ,28.14,28.18,29.12,28.18,28.8,577400.0,16678400.0,1703.0,28.8,1300.0,28.73,1000.0,28.71,100.0,28.7,1100.0,28.68,500.0,0.0,0.0,0.0,0.0,0.0,0.0,0.0,0.0,0.0,0.0,28.83,400.0,28.98,1600.0,29.0,8200.0,29.04,200.0,29.06,200.0,0.0,0.0,0.0,0.0,0.0,0.0,0.0,0.0,0.0,0.0,26.69,31.16,68600.0,264230.0,0.0
2021-11-30 13:20:00,300557.SZ,28.14,28.18,29.12,28.18,28.8,578000.0,16695680.0,1705.0,28.8,700.0,28.73,1000.0,28.71,100.0,28.7,1100.0,28.68,500.0,0.0,0.0,0.0,0.0,0.0,0.0,0.0,0.0,0.0,0.0,28.83,400.0,28.98,1600.0,29.0,8200.0,29.04,200.0,29.06,200.0,0.0,0.0,0.0,0.0,0.0,0.0,0.0,0.0,0.0,0.0,26.67,31.16,68000.0,264230.0,0.0
2021-11-30 13:20:03,300557.SZ,28.14,28.18,29.12,28.18,28.8,578600.0,16712960.0,1707.0,28.8,100.0,28.73,1000.0,28.71,100.0,28.7,1100.0,28.68,500.0,0.0,0.0,0.0,0.0,0.0,0.0,0.0,0.0,0.0,0.0,28.83,400.0,28.98,1600.0,29.0,10200.0,29.04,200.0,29.06,200.0,0.0,0.0,0.0,0.0,0.0,0.0,0.0,0.0,0.0,0.0,26.65,31.15,67400.0,266230.0,0.0
2021-11-30 13:20:06,300557.SZ,28.14,28.18,29.12,28.18,28.8,578700.0,16715840.0,1708.0,28.73,1000.0,28.71,100.0,28.7,1100.0,28.68,500.0,28.67,1500.0,0.0,0.0,0.0,0.0,0.0,0.0,0.0,0.0,0.0,0.0,28.8,300.0,28.83,400.0,28.98,1600.0,29.0,10200.0,29.04,200.0,0.0,0.0,0.0,0.0,0.0,0.0,0.0,0.0,0.0,0.0,26.65,31.15,67300.0,266530.0,0.0
2021-11-30 13:20:21,300557.SZ,28.14,28.18,29.12,28.18,28.8,578700.0,16715840.0,1708.0,28.74,100.0,28.73,1600.0,28.71,600.0,28.7,1100.0,28.68,500.0,0.0,0.0,0.0,0.0,0.0,0.0,0.0,0.0,0.0,0.0,28.8,300.0,28.83,400.0,28.98,1600.0,29.0,10200.0,29.04,200.0,0.0,0.0,0.0,0.0,0.0,0.0,0.0,0.0,0.0,0.0,26.68,31.15,68500.0,266530.0,0.0
2021-11-30 13:20:24,300557.SZ,28.14,28.18,29.12,28.18,28.8,578700.0,16715840.0,1708.0,28.74,100.0,28.73,1600.0,28.71,600.0,28.7,1100.0,28.68,500.0,0.0,0.0,0.0,0.0,0.0,0.0,0.0,0.0,0.0,0.0,28.83,400.0,28.96,13200.0,28.97,1700.0,28.98,1600.0,29.0,10200.0,0.0,0.0,0.0,0.0,0.0,0.0,0.0,0.0,0.0,0.0,26.68,31.03,68500.0,281130.0,0.0
2021-11-30 13:20:27,300557.SZ,28.14,28.18,29.12,28.18,28.8,578700.0,16715840.0,1708.0,28.74,2100.0,28.73,700.0,28.71,600.0,28.7,1100.0,28.68,600.0,0.0,0.0,0.0,0.0,0.0,0.0,0.0,0.0,0.0,0.0,28.83,400.0,28.98,1600.0,29.0,10200.0,29.04,200.0,29.06,200.0,0.0,0.0,0.0,0.0,0.0,0.0,0.0,0.0,0.0,0.0,26.67,31.15,68200.0,266230.0,0.0
2021-11-30 13:20:33,300557.SZ,28.14,28.18,29.12,28.18,28.8,578700.0,16715840.0,1708.0,28.74,2100.0,28.73,700.0,28.71,600.0,28.7,1000.0,28.68,600.0,0.0,0.0,0.0,0.0,0.0,0.0,0.0,0.0,0.0,0.0,28.83,400.0,28.96,11648.0,28.97,1700.0,28.98,1600.0,29.0,10200.0,0.0,0.0,0.0,0.0,0.0,0.0,0.0,0.0,0.0,0.0,26.67,31.04,68100.0,279578.0,0.0
2021-11-30 13:20:36,300557.SZ,28.14,28.18,29.12,28.18,28.8,578700.0,16715840.0,1708.0,28.76,100.0,28.75,600.0,28.74,2000.0,28.73,700.0,28.71,600.0,0.0,0.0,0.0,0.0,0.0,0.0,0.0,0.0,0.0,0.0,28.83,400.0,28.98,1600.0,29.0,10200.0,29.04,200.0,29.06,200.0,0.0,0.0,0.0,0.0,0.0,0.0,0.0,0.0,0.0,0.0,26.76,31.15,72200.0,266230.0,0.0
2021-11-30 13:20:39,300557.SZ,28.14,28.18,29.12,28.18,28.8,578700.0,16715840.0,1708.0,28.76,100.0,28.75,1100.0,28.74,2500.0,28.73,700.0,28.71,600.0,0.0,0.0,0.0,0.0,0.0,0.0,0.0,0.0,0.0,0.0,28.83,400.0,28.98,1600.0,29.0,10200.0,29.04,200.0,29.06,200.0,0.0,0.0,0.0,0.0,0.0,0.0,0.0,0.0,0.0,0.0,26.79,31.15,73200.0,266230.0,0.0
2021-11-30 13:20:42,300557.SZ,28.14,28.18,29.12,28.18,28.8,578700.0,16715840.0,1708.0,28.76,100.0,28.75,1100.0,28.74,2900.0,28.73,700.0,28.71,600.0,0.0,0.0,0.0,0.0,0.0,0.0,0.0,0.0,0.0,0.0,28.83,400.0,28.98,1600.0,29.0,10200.0,29.04,200.0,29.06,200.0,0.0,0.0,0.0,0.0,0.0,0.0,0.0,0.0,0.0,0.0,26.8,31.15,73600.0,266230.0,0.0
2021-11-30 13:20:45,300557.SZ,28.14,28.18,29.12,28.18,28.8,578700.0,16715840.0,1708.0,28.76,100.0,28.75,2700.0,28.74,2900.0,28.73,700.0,28.71,600.0,0.0,0.0,0.0,0.0,0.0,0.0,0.0,0.0,0.0,0.0,28.83,400.0,28.98,1600.0,29.0,10200.0,29.04,200.0,29.06,200.0,0.0,0.0,0.0,0.0,0.0,0.0,0.0,0.0,0.0,0.0,26.84,31.15,75200.0,266230.0,0.0
2021-11-30 13:20:48,300557.SZ,28.14,28.18,29.12,28.18,28.83,578800.0,16718723.0,1709.0,28.76,100.0,28.75,2700.0,28.74,2900.0,28.73,700.0,28.71,600.0,0.0,0.0,0.0,0.0,0.0,0.0,0.0,0.0,0.0,0.0,28.83,300.0,28.96,3500.0,28.97,4748.0,28.98,1600.0,29.0,10200.0,0.0,0.0,0.0,0.0,0.0,0.0,0.0,0.0,0.0,0.0,26.84,31.08,75200.0,274378.0,0.0
2021-11-30 13:20:51,300557.SZ,28.14,28.18,29.12,28.18,28.83,578800.0,16718723.0,1709.0,28.76,100.0,28.75,2200.0,28.74,2900.0,28.73,700.0,28.71,600.0,0.0,0.0,0.0,0.0,0.0,0.0,0.0,0.0,0.0,0.0,28.83,200.0,28.98,1600.0,29.0,10200.0,29.04,200.0,29.06,200.0,0.0,0.0,0.0,0.0,0.0,0.0,0.0,0.0,0.0,0.0,26.83,31.15,74700.0,266030.0,0.0
2021-11-30 13:21:00,300557.SZ,28.14,28.18,29.12,28.18,28.83,578800.0,16718723.0,1709.0,28.76,100.0,28.75,2200.0,28.74,2900.0,28.73,700.0,28.71,600.0,0.0,0.0,0.0,0.0,0.0,0.0,0.0,0.0,0.0,0.0,28.83,200.0,28.89,200.0,28.96,3400.0,28.97,4148.0,28.98,1600.0,0.0,0.0,0.0,0.0,0.0,0.0,0.0,0.0,0.0,0.0,26.83,31.09,74700.0,273778.0,0.0
2021-11-30 13:21:03,300557.SZ,28.14,28.18,29.12,28.18,28.83,578800.0,16718723.0,1709.0,28.78,100.0,28.77,100.0,28.75,2200.0,28.74,2900.0,28.73,700.0,0.0,0.0,0.0,0.0,0.0,0.0,0.0,0.0,0.0,0.0,28.83,200.0,28.89,200.0,28.98,1600.0,29.0,10200.0,29.04,200.0,0.0,0.0,0.0,0.0,0.0,0.0,0.0,0.0,0.0,0.0,26.83,31.15,74800.0,266230.0,0.0
2021-11-30 13:21:06,300557.SZ,28.14,28.18,29.12,28.18,28.83,578800.0,16718723.0,1709.0,28.78,100.0,28.77,100.0,28.76,100.0,28.75,2200.0,28.74,2900.0,0.0,0.0,0.0,0.0,0.0,0.0,0.0,0.0,0.0,0.0,28.83,200.0,28.89,200.0,28.96,2600.0,28.97,4148.0,28.98,1600.0,0.0,0.0,0.0,0.0,0.0,0.0,0.0,0.0,0.0,0.0,26.83,31.09,74900.0,272978.0,0.0
2021-11-30 13:21:30,300557.SZ,28.14,28.18,29.12,28.18,28.83,578800.0,16718723.0,1709.0,28.82,100.0,28.78,100.0,28.77,100.0,28.76,100.0,28.75,2200.0,0.0,0.0,0.0,0.0,0.0,0.0,0.0,0.0,0.0,0.0,28.83,200.0,28.89,200.0,28.98,1600.0,29.0,10200.0,29.04,200.0,0.0,0.0,0.0,0.0,0.0,0.0,0.0,0.0,0.0,0.0,26.83,31.15,75000.0,266230.0,0.0
2021-11-30 13:21:36,300557.SZ,28.14,28.18,29.12,28.18,28.83,578800.0,16718723.0,1709.0,28.78,100.0,28.77,100.0,28.76,100.0,28.75,2200.0,28.74,2900.0,0.0,0.0,0.0,0.0,0.0,0.0,0.0,0.0,0.0,0.0,28.83,200.0,28.89,200.0,28.98,1600.0,29.0,10200.0,29.04,200.0,0.0,0.0,0.0,0.0,0.0,0.0,0.0,0.0,0.0,0.0,26.82,31.15,74300.0,266230.0,0.0
2021-11-30 13:21:39,300557.SZ,28.14,28.18,29.12,28.18,28.83,578800.0,16718723.0,1709.0,28.78,100.0,28.77,100.0,28.76,100.0,28.75,2200.0,28.74,2000.0,0.0,0.0,0.0,0.0,0.0,0.0,0.0,0.0,0.0,0.0,28.83,200.0,28.89,200.0,28.98,1600.0,29.0,10200.0,29.04,200.0,0.0,0.0,0.0,0.0,0.0,0.0,0.0,0.0,0.0,0.0,26.79,31.15,73300.0,266230.0,0.0
2021-11-30 13:21:42,300557.SZ,28.14,28.18,29.12,28.18,28.83,578800.0,16718723.0,1709.0,28.82,500.0,28.78,100.0,28.77,100.0,28.76,100.0,28.75,2200.0,0.0,0.0,0.0,0.0,0.0,0.0,0.0,0.0,0.0,0.0,28.83,200.0,28.89,200.0,28.97,3648.0,28.98,1600.0,29.0,10200.0,0.0,0.0,0.0,0.0,0.0,0.0,0.0,0.0,0.0,0.0,26.8,31.12,73800.0,269878.0,0.0
2021-11-30 13:21:45,300557.SZ,28.14,28.18,29.12,28.18,28.83,578800.0,16718723.0,1709.0,28.82,900.0,28.78,100.0,28.77,100.0,28.76,100.0,28.75,600.0,0.0,0.0,0.0,0.0,0.0,0.0,0.0,0.0,0.0,0.0,28.83,200.0,28.89,200.0,28.97,3648.0,28.98,1600.0,29.0,10200.0,0.0,0.0,0.0,0.0,0.0,0.0,0.0,0.0,0.0,0.0,26.77,31.12,72600.0,269878.0,0.0
2021-11-30 13:21:48,300557.SZ,28.14,28.18,29.12,28.18,28.82,579500.0,16738897.0,1712.0,28.82,200.0,28.78,100.0,28.77,100.0,28.76,100.0,28.75,600.0,0.0,0.0,0.0,0.0,0.0,0.0,0.0,0.0,0.0,0.0,28.83,200.0,28.89,200.0,28.98,1600.0,29.0,10200.0,29.04,200.0,0.0,0.0,0.0,0.0,0.0,0.0,0.0,0.0,0.0,0.0,26.75,31.15,71900.0,266230.0,0.0
2021-11-30 13:21:51,300557.SZ,28.14,28.18,29.12,28.18,28.83,579800.0,16747545.0,1714.0,28.83,500.0,28.82,100.0,28.78,100.0,28.77,100.0,28.76,100.0,0.0,0.0,0.0,0.0,0.0,0.0,0.0,0.0,0.0,0.0,28.89,200.0,28.98,1600.0,29.0,10200.0,29.04,200.0,29.06,200.0,0.0,0.0,0.0,0.0,0.0,0.0,0.0,0.0,0.0,0.0,26.76,31.15,72300.0,266030.0,0.0
2021-11-30 13:21:54,300557.SZ,28.14,28.18,29.12,28.18,28.82,580400.0,16764842.0,1717.0,28.78,100.0,28.77,100.0,28.76,100.0,28.75,600.0,28.74,2000.0,0.0,0.0,0.0,0.0,0.0,0.0,0.0,0.0,0.0,0.0,28.81,200.0,28.83,500.0,28.89,800.0,28.98,1600.0,29.0,10200.0,0.0,0.0,0.0,0.0,0.0,0.0,0.0,0.0,0.0,0.0,26.75,31.14,71700.0,267330.0,0.0
2021-11-30 13:21:57,300557.SZ,28.14,28.18,29.12,28.18,28.78,580500.0,16767720.0,1718.0,28.77,200.0,28.76,100.0,28.75,600.0,28.74,2000.0,28.71,600.0,0.0,0.0,0.0,0.0,0.0,0.0,0.0,0.0,0.0,0.0,28.78,100.0,28.81,200.0,28.83,500.0,28.89,800.0,28.98,1600.0,0.0,0.0,0.0,0.0,0.0,0.0,0.0,0.0,0.0,0.0,26.75,31.14,71700.0,267430.0,0.0
2021-11-30 13:22:00,300557.SZ,28.14,28.18,29.12,28.18,28.78,580700.0,16773476.0,1720.0,28.77,200.0,28.76,100.0,28.75,600.0,28.74,2000.0,28.71,600.0,0.0,0.0,0.0,0.0,0.0,0.0,0.0,0.0,0.0,0.0,28.78,200.0,28.81,200.0,28.83,300.0,28.89,800.0,28.98,1600.0,0.0,0.0,0.0,0.0,0.0,0.0,0.0,0.0,0.0,0.0,26.75,31.14,71800.0,267330.0,0.0
2021-11-30 13:22:03,300557.SZ,28.14,28.18,29.12,28.18,28.78,580700.0,16773476.0,1720.0,28.77,200.0,28.76,100.0,28.75,600.0,28.74,2000.0,28.71,600.0,0.0,0.0,0.0,0.0,0.0,0.0,0.0,0.0,0.0,0.0,28.78,400.0,28.81,200.0,28.83,300.0,28.89,800.0,28.98,1600.0,0.0,0.0,0.0,0.0,0.0,0.0,0.0,0.0,0.0,0.0,26.75,31.14,71800.0,267530.0,0.0
2021-11-30 13:22:06,300557.SZ,28.14,28.18,29.12,28.18,28.78,581100.0,16784988.0,1724.0,28.77,200.0,28.76,500.0,28.75,600.0,28.74,2000.0,28.71,600.0,0.0,0.0,0.0,0.0,0.0,0.0,0.0,0.0,0.0,0.0,28.81,200.0,28.83,300.0,28.89,800.0,28.98,1600.0,29.0,10200.0,0.0,0.0,0.0,0.0,0.0,0.0,0.0,0.0,0.0,0.0,26.76,31.14,72200.0,267130.0,0.0
2021-11-30 13:22:21,300557.SZ,28.14,28.18,29.12,28.18,28.81,581300.0,16790750.0,1725.0,28.81,200.0,28.77,200.0,28.76,500.0,28.75,600.0,28.74,2000.0,0.0,0.0,0.0,0.0,0.0,0.0,0.0,0.0,0.0,0.0,28.83,300.0,28.89,800.0,28.98,1600.0,29.0,10200.0,29.04,200.0,0.0,0.0,0.0,0.0,0.0,0.0,0.0,0.0,0.0,0.0,26.77,31.14,72400.0,266930.0,0.0
2021-11-30 13:23:03,300557.SZ,28.14,28.18,29.12,28.18,28.81,581300.0,16790750.0,1725.0,28.81,200.0,28.77,200.0,28.76,500.0,28.75,2400.0,28.74,2000.0,0.0,0.0,0.0,0.0,0.0,0.0,0.0,0.0,0.0,0.0,28.83,300.0,28.89,800.0,28.98,1600.0,29.0,10200.0,29.04,200.0,0.0,0.0,0.0,0.0,0.0,0.0,0.0,0.0,0.0,0.0,26.81,31.14,74200.0,266930.0,0.0
2021-11-30 13:23:15,300557.SZ,28.14,28.18,29.12,28.18,28.83,581700.0,16802278.0,1728.0,28.77,200.0,28.76,500.0,28.75,2400.0,28.74,2000.0,28.71,600.0,0.0,0.0,0.0,0.0,0.0,0.0,0.0,0.0,0.0,0.0,28.83,100.0,28.89,800.0,28.98,1600.0,29.0,10200.0,29.04,200.0,0.0,0.0,0.0,0.0,0.0,0.0,0.0,0.0,0.0,0.0,26.81,31.14,74000.0,266730.0,0.0
2021-11-30 13:23:45,300557.SZ,28.14,28.18,29.12,28.18,28.77,581800.0,16805155.0,1729.0,28.77,100.0,28.76,500.0,28.75,2400.0,28.74,2000.0,28.71,600.0,0.0,0.0,0.0,0.0,0.0,0.0,0.0,0.0,0.0,0.0,28.89,200.0,28.97,4000.0,28.98,1600.0,29.0,10200.0,29.04,200.0,0.0,0.0,0.0,0.0,0.0,0.0,0.0,0.0,0.0,0.0,26.81,31.12,73900.0,270030.0,0.0
2021-11-30 13:23:51,300557.SZ,28.14,28.18,29.12,28.18,28.77,581900.0,16808032.0,1730.0,28.76,500.0,28.75,2400.0,28.74,2000.0,28.71,600.0,28.7,1000.0,0.0,0.0,0.0,0.0,0.0,0.0,0.0,0.0,0.0,0.0,28.89,200.0,28.98,1600.0,29.0,10200.0,29.04,200.0,29.06,200.0,0.0,0.0,0.0,0.0,0.0,0.0,0.0,0.0,0.0,0.0,26.8,31.15,73800.0,266030.0,0.0
2021-11-30 13:24:03,300557.SZ,28.14,28.18,29.12,28.18,28.77,582000.0,16810909.0,1731.0,28.77,100.0,28.76,500.0,28.75,2400.0,28.74,2000.0,28.71,600.0,0.0,0.0,0.0,0.0,0.0,0.0,0.0,0.0,0.0,0.0,28.89,200.0,28.98,1600.0,29.0,10200.0,29.04,200.0,29.06,200.0,0.0,0.0,0.0,0.0,0.0,0.0,0.0,0.0,0.0,0.0,26.81,31.15,73900.0,266030.0,0.0
2021-11-30 13:24:36,300557.SZ,28.14,28.18,29.12,28.18,28.77,582000.0,16810909.0,1731.0,28.77,100.0,28.76,500.0,28.75,2400.0,28.74,2000.0,28.71,600.0,0.0,0.0,0.0,0.0,0.0,0.0,0.0,0.0,0.0,0.0,28.89,500.0,28.98,2000.0,29.0,10200.0,29.04,200.0,29.06,200.0,0.0,0.0,0.0,0.0,0.0,0.0,0.0,0.0,0.0,0.0,26.81,31.14,73900.0,266730.0,0.0
2021-11-30 13:24:39,300557.SZ,28.14,28.18,29.12,28.18,28.77,582000.0,16810909.0,1731.0,28.77,100.0,28.76,500.0,28.75,2400.0,28.74,2000.0,28.71,600.0,0.0,0.0,0.0,0.0,0.0,0.0,0.0,0.0,0.0,0.0,28.89,500.0,28.97,200.0,28.98,2000.0,29.0,10200.0,29.04,200.0,0.0,0.0,0.0,0.0,0.0,0.0,0.0,0.0,0.0,0.0,26.81,31.14,73900.0,266930.0,0.0
2021-11-30 13:24:45,300557.SZ,28.14,28.18,29.12,28.18,28.77,582000.0,16810909.0,1731.0,28.77,500.0,28.76,500.0,28.75,2400.0,28.74,2000.0,28.72,300.0,0.0,0.0,0.0,0.0,0.0,0.0,0.0,0.0,0.0,0.0,28.88,400.0,28.89,500.0,28.97,200.0,28.98,2000.0,29.0,10200.0,0.0,0.0,0.0,0.0,0.0,0.0,0.0,0.0,0.0,0.0,26.82,31.14,74600.0,267330.0,0.0
2021-11-30 13:24:48,300557.SZ,28.14,28.18,29.12,28.18,28.77,582000.0,16810909.0,1731.0,28.77,500.0,28.76,500.0,28.75,2400.0,28.74,2000.0,28.72,300.0,0.0,0.0,0.0,0.0,0.0,0.0,0.0,0.0,0.0,0.0,28.87,100.0,28.88,400.0,28.89,500.0,28.97,200.0,28.98,2000.0,0.0,0.0,0.0,0.0,0.0,0.0,0.0,0.0,0.0,0.0,26.82,31.14,74600.0,267430.0,0.0
2021-11-30 13:24:51,300557.SZ,28.14,28.18,29.12,28.18,28.77,582000.0,16810909.0,1731.0,28.77,700.0,28.76,500.0,28.75,2400.0,28.74,2000.0,28.72,300.0,0.0,0.0,0.0,0.0,0.0,0.0,0.0,0.0,0.0,0.0,28.87,100.0,28.88,400.0,28.89,500.0,28.97,200.0,28.98,2000.0,0.0,0.0,0.0,0.0,0.0,0.0,0.0,0.0,0.0,0.0,26.83,31.14,74800.0,267430.0,0.0
2021-11-30 13:24:57,300557.SZ,28.14,28.18,29.12,28.18,28.77,582000.0,16810909.0,1731.0,28.77,900.0,28.76,500.0,28.75,2400.0,28.74,2000.0,28.72,300.0,0.0,0.0,0.0,0.0,0.0,0.0,0.0,0.0,0.0,0.0,28.87,100.0,28.88,400.0,28.89,500.0,28.97,200.0,28.98,2000.0,0.0,0.0,0.0,0.0,0.0,0.0,0.0,0.0,0.0,0.0,26.83,31.14,75000.0,267430.0,0.0
2021-11-30 13:25:00,300557.SZ,28.14,28.18,29.12,28.18,28.77,582100.0,16813786.0,1732.0,28.77,800.0,28.76,500.0,28.75,2400.0,28.74,2000.0,28.72,300.0,0.0,0.0,0.0,0.0,0.0,0.0,0.0,0.0,0.0,0.0,28.87,500.0,28.88,400.0,28.89,200.0,28.97,200.0,28.98,2000.0,0.0,0.0,0.0,0.0,0.0,0.0,0.0,0.0,0.0,0.0,26.83,31.14,74900.0,267530.0,0.0
2021-11-30 13:25:09,300557.SZ,28.14,28.18,29.12,28.18,28.77,582100.0,16813786.0,1732.0,28.78,500.0,28.77,800.0,28.76,500.0,28.75,2400.0,28.74,2000.0,0.0,0.0,0.0,0.0,0.0,0.0,0.0,0.0,0.0,0.0,28.87,500.0,28.88,400.0,28.89,200.0,28.97,200.0,28.98,2000.0,0.0,0.0,0.0,0.0,0.0,0.0,0.0,0.0,0.0,0.0,26.84,31.14,75400.0,267530.0,0.0
2021-11-30 13:25:12,300557.SZ,28.14,28.18,29.12,28.18,28.77,582100.0,16813786.0,1732.0,28.78,500.0,28.77,600.0,28.76,500.0,28.75,2400.0,28.74,2000.0,0.0,0.0,0.0,0.0,0.0,0.0,0.0,0.0,0.0,0.0,28.87,500.0,28.88,400.0,28.89,200.0,28.97,200.0,28.98,2000.0,0.0,0.0,0.0,0.0,0.0,0.0,0.0,0.0,0.0,0.0,26.84,31.14,75200.0,267530.0,0.0
2021-11-30 13:25:15,300557.SZ,28.14,28.18,29.12,28.18,28.77,582100.0,16813786.0,1732.0,28.78,700.0,28.77,600.0,28.76,500.0,28.75,1900.0,28.74,2000.0,0.0,0.0,0.0,0.0,0.0,0.0,0.0,0.0,0.0,0.0,28.87,500.0,28.88,400.0,28.89,200.0,28.97,200.0,28.98,2000.0,0.0,0.0,0.0,0.0,0.0,0.0,0.0,0.0,0.0,0.0,26.83,31.14,74900.0,267530.0,0.0
2021-11-30 13:25:27,300557.SZ,28.14,28.18,29.12,28.18,28.77,582100.0,16813786.0,1732.0,28.78,800.0,28.77,600.0,28.76,7200.0,28.75,1900.0,28.74,2000.0,0.0,0.0,0.0,0.0,0.0,0.0,0.0,0.0,0.0,0.0,28.87,500.0,28.88,400.0,28.89,200.0,28.97,200.0,28.98,2000.0,0.0,0.0,0.0,0.0,0.0,0.0,0.0,0.0,0.0,0.0,26.99,31.14,81700.0,267530.0,0.0
2021-11-30 13:25:45,300557.SZ,28.14,28.18,29.12,28.18,28.77,582100.0,16813786.0,1732.0,28.78,800.0,28.77,600.0,28.76,7200.0,28.75,100.0,28.74,2000.0,0.0,0.0,0.0,0.0,0.0,0.0,0.0,0.0,0.0,0.0,28.87,500.0,28.88,400.0,28.89,200.0,28.97,200.0,28.98,2000.0,0.0,0.0,0.0,0.0,0.0,0.0,0.0,0.0,0.0,0.0,26.95,31.14,79900.0,267530.0,0.0
2021-11-30 13:25:54,300557.SZ,28.14,28.18,29.12,28.18,28.77,582100.0,16813786.0,1732.0,28.78,2600.0,28.77,600.0,28.76,7200.0,28.75,100.0,28.74,2000.0,0.0,0.0,0.0,0.0,0.0,0.0,0.0,0.0,0.0,0.0,28.87,500.0,28.88,400.0,28.89,200.0,28.97,200.0,28.98,2000.0,0.0,0.0,0.0,0.0,0.0,0.0,0.0,0.0,0.0,0.0,26.99,31.14,81700.0,267530.0,0.0
2021-11-30 13:25:57,300557.SZ,28.14,28.18,29.12,28.18,28.77,582100.0,16813786.0,1732.0,28.78,2500.0,28.77,600.0,28.76,7200.0,28.75,100.0,28.74,2000.0,0.0,0.0,0.0,0.0,0.0,0.0,0.0,0.0,0.0,0.0,28.87,500.0,28.88,400.0,28.89,200.0,28.97,200.0,28.98,2000.0,0.0,0.0,0.0,0.0,0.0,0.0,0.0,0.0,0.0,0.0,26.99,31.14,81600.0,267530.0,0.0
2021-11-30 13:26:06,300557.SZ,28.14,28.18,29.12,28.18,28.77,582100.0,16813786.0,1732.0,28.78,2500.0,28.77,600.0,28.76,7200.0,28.75,100.0,28.74,2000.0,0.0,0.0,0.0,0.0,0.0,0.0,0.0,0.0,0.0,0.0,28.87,500.0,28.88,400.0,28.89,200.0,28.97,200.0,28.98,2000.0,0.0,0.0,0.0,0.0,0.0,0.0,0.0,0.0,0.0,0.0,26.99,31.12,81600.0,269130.0,0.0
2021-11-30 13:26:27,300557.SZ,28.14,28.18,29.12,28.18,28.79,582500.0,16825302.0,1736.0,28.78,2500.0,28.77,600.0,28.76,7200.0,28.75,100.0,28.74,2000.0,0.0,0.0,0.0,0.0,0.0,0.0,0.0,0.0,0.0,0.0,28.79,300.0,28.87,100.0,28.89,200.0,28.97,200.0,28.98,2000.0,0.0,0.0,0.0,0.0,0.0,0.0,0.0,0.0,0.0,0.0,26.99,31.13,81600.0,268630.0,0.0
2021-11-30 13:26:30,300557.SZ,28.14,28.18,29.12,28.18,28.79,582700.0,16831060.0,1738.0,28.78,2500.0,28.77,600.0,28.76,7200.0,28.75,100.0,28.74,2000.0,0.0,0.0,0.0,0.0,0.0,0.0,0.0,0.0,0.0,0.0,28.79,100.0,28.89,200.0,28.97,200.0,28.98,2000.0,29.0,11800.0,0.0,0.0,0.0,0.0,0.0,0.0,0.0,0.0,0.0,0.0,26.99,31.13,81600.0,268330.0,0.0
2021-11-30 13:26:33,300557.SZ,28.14,28.18,29.12,28.18,28.79,582800.0,16833939.0,1739.0,28.78,2500.0,28.77,600.0,28.76,7200.0,28.75,100.0,28.74,2000.0,0.0,0.0,0.0,0.0,0.0,0.0,0.0,0.0,0.0,0.0,28.89,1000.0,28.97,200.0,28.98,2000.0,29.0,11800.0,29.04,200.0,0.0,0.0,0.0,0.0,0.0,0.0,0.0,0.0,0.0,0.0,26.99,31.13,81600.0,269030.0,0.0
2021-11-30 13:26:36,300557.SZ,28.14,28.18,29.12,28.18,28.79,583700.0,16859843.0,1743.0,28.78,1800.0,28.77,600.0,28.76,7200.0,28.75,100.0,28.74,2000.0,0.0,0.0,0.0,0.0,0.0,0.0,0.0,0.0,0.0,0.0,28.89,1000.0,28.97,200.0,28.98,2000.0,29.0,11800.0,29.04,200.0,0.0,0.0,0.0,0.0,0.0,0.0,0.0,0.0,0.0,0.0,26.98,31.13,80900.0,269030.0,0.0
2021-11-30 13:26:39,300557.SZ,28.14,28.18,29.12,28.18,28.78,583900.0,16865599.0,1745.0,28.78,1600.0,28.77,600.0,28.76,7200.0,28.75,100.0,28.74,2000.0,0.0,0.0,0.0,0.0,0.0,0.0,0.0,0.0,0.0,0.0,28.89,1000.0,28.97,200.0,28.98,2000.0,29.0,11800.0,29.04,200.0,0.0,0.0,0.0,0.0,0.0,0.0,0.0,0.0,0.0,0.0,26.97,31.13,80700.0,269030.0,0.0
2021-11-30 13:26:42,300557.SZ,28.14,28.18,29.12,28.18,28.78,585500.0,16911647.0,1747.0,28.77,600.0,28.76,7200.0,28.75,100.0,28.74,2000.0,28.72,300.0,0.0,0.0,0.0,0.0,0.0,0.0,0.0,0.0,0.0,0.0,28.78,600.0,28.89,1000.0,28.97,200.0,28.98,2000.0,29.0,11800.0,0.0,0.0,0.0,0.0,0.0,0.0,0.0,0.0,0.0,0.0,26.93,31.12,79100.0,269630.0,0.0
2021-11-30 13:26:45,300557.SZ,28.14,28.18,29.12,28.18,28.77,585900.0,16923155.0,1748.0,28.77,200.0,28.76,7200.0,28.75,100.0,28.74,2000.0,28.72,300.0,0.0,0.0,0.0,0.0,0.0,0.0,0.0,0.0,0.0,0.0,28.78,600.0,28.89,1000.0,28.97,200.0,28.98,2000.0,29.0,11800.0,0.0,0.0,0.0,0.0,0.0,0.0,0.0,0.0,0.0,0.0,26.93,31.12,78700.0,269630.0,0.0
2021-11-30 13:26:48,300557.SZ,28.14,28.18,29.12,28.18,28.77,586100.0,16928909.0,1749.0,28.76,7200.0,28.75,100.0,28.74,2000.0,28.72,300.0,28.71,600.0,0.0,0.0,0.0,0.0,0.0,0.0,0.0,0.0,0.0,0.0,28.77,1000.0,28.78,600.0,28.89,1000.0,28.97,200.0,28.98,2000.0,0.0,0.0,0.0,0.0,0.0,0.0,0.0,0.0,0.0,0.0,26.92,31.11,78500.0,270630.0,0.0
2021-11-30 13:26:51,300557.SZ,28.14,28.18,29.12,28.18,28.77,586100.0,16928909.0,1749.0,28.76,7400.0,28.75,100.0,28.74,2000.0,28.72,300.0,28.71,600.0,0.0,0.0,0.0,0.0,0.0,0.0,0.0,0.0,0.0,0.0,28.77,1000.0,28.89,1000.0,28.97,200.0,28.98,2000.0,29.0,11800.0,0.0,0.0,0.0,0.0,0.0,0.0,0.0,0.0,0.0,0.0,26.93,31.12,78700.0,270030.0,0.0
2021-11-30 13:26:54,300557.SZ,28.14,28.18,29.12,28.18,28.77,586100.0,16928909.0,1749.0,28.76,7400.0,28.75,100.0,28.74,2000.0,28.72,300.0,28.71,600.0,0.0,0.0,0.0,0.0,0.0,0.0,0.0,0.0,0.0,0.0,28.77,1000.0,28.89,1000.0,28.97,200.0,28.98,2000.0,29.0,11800.0,0.0,0.0,0.0,0.0,0.0,0.0,0.0,0.0,0.0,0.0,26.93,31.1,78700.0,272030.0,0.0
2021-11-30 13:27:00,300557.SZ,28.14,28.18,29.12,28.18,28.77,586200.0,16931786.0,1750.0,28.76,7400.0,28.75,100.0,28.74,2000.0,28.72,300.0,28.71,600.0,0.0,0.0,0.0,0.0,0.0,0.0,0.0,0.0,0.0,0.0,28.77,900.0,28.89,1000.0,28.97,200.0,28.98,2000.0,29.0,11800.0,0.0,0.0,0.0,0.0,0.0,0.0,0.0,0.0,0.0,0.0,26.93,31.1,78700.0,271930.0,0.0
2021-11-30 13:27:03,300557.SZ,28.14,28.18,29.12,28.18,28.77,587100.0,16957679.0,1754.0,28.78,1100.0,28.77,1700.0,28.76,7200.0,28.75,100.0,28.74,2000.0,0.0,0.0,0.0,0.0,0.0,0.0,0.0,0.0,0.0,0.0,28.89,1000.0,28.97,200.0,28.98,2000.0,29.0,11800.0,29.04,200.0,0.0,0.0,0.0,0.0,0.0,0.0,0.0,0.0,0.0,0.0,26.98,31.11,81300.0,271030.0,0.0
2021-11-30 13:27:06,300557.SZ,28.14,28.18,29.12,28.18,28.78,587300.0,16963435.0,1756.0,28.78,900.0,28.77,1700.0,28.76,7200.0,28.75,100.0,28.74,2000.0,0.0,0.0,0.0,0.0,0.0,0.0,0.0,0.0,0.0,0.0,28.89,1000.0,28.97,200.0,28.98,2000.0,29.0,11800.0,29.04,200.0,0.0,0.0,0.0,0.0,0.0,0.0,0.0,0.0,0.0,0.0,26.98,31.12,81100.0,269030.0,0.0
2021-11-30 13:27:15,300557.SZ,28.14,28.18,29.12,28.18,28.78,587300.0,16963435.0,1756.0,28.78,900.0,28.77,1700.0,28.76,7200.0,28.75,100.0,28.74,2000.0,0.0,0.0,0.0,0.0,0.0,0.0,0.0,0.0,0.0,0.0,28.89,1000.0,28.97,200.0,28.98,2000.0,29.0,6800.0,29.04,200.0,0.0,0.0,0.0,0.0,0.0,0.0,0.0,0.0,0.0,0.0,26.98,31.16,81100.0,264030.0,0.0
2021-11-30 13:27:33,300557.SZ,28.14,28.18,29.12,28.18,28.78,587300.0,16963435.0,1756.0,28.78,900.0,28.77,1700.0,28.76,7200.0,28.75,100.0,28.74,2000.0,0.0,0.0,0.0,0.0,0.0,0.0,0.0,0.0,0.0,0.0,28.85,700.0,28.89,1000.0,28.97,200.0,28.98,2000.0,29.0,6800.0,0.0,0.0,0.0,0.0,0.0,0.0,0.0,0.0,0.0,0.0,26.98,31.16,81100.0,264730.0,0.0
2021-11-30 13:27:36,300557.SZ,28.14,28.18,29.12,28.18,28.76,597100.0,17245318.0,1768.0,28.75,100.0,28.74,2000.0,28.72,300.0,28.71,600.0,28.7,1000.0,0.0,0.0,0.0,0.0,0.0,0.0,0.0,0.0,0.0,0.0,28.78,1200.0,28.84,100.0,28.85,700.0,28.89,200.0,28.97,200.0,0.0,0.0,0.0,0.0,0.0,0.0,0.0,0.0,0.0,0.0,26.73,31.15,71300.0,265230.0,0.0
2021-11-30 13:27:39,300557.SZ,28.14,28.18,29.12,28.18,28.76,597100.0,17245318.0,1768.0,28.75,100.0,28.74,2000.0,28.72,300.0,28.71,600.0,28.7,1000.0,0.0,0.0,0.0,0.0,0.0,0.0,0.0,0.0,0.0,0.0,28.78,1800.0,28.84,100.0,28.85,700.0,28.89,200.0,28.97,200.0,0.0,0.0,0.0,0.0,0.0,0.0,0.0,0.0,0.0,0.0,26.73,31.15,71300.0,265830.0,0.0
2021-11-30 13:27:42,300557.SZ,28.14,28.18,29.12,28.18,28.76,597100.0,17245318.0,1768.0,28.76,3000.0,28.75,100.0,28.74,2000.0,28.72,300.0,28.71,600.0,0.0,0.0,0.0,0.0,0.0,0.0,0.0,0.0,0.0,0.0,28.78,2100.0,28.84,100.0,28.85,700.0,28.89,200.0,28.97,200.0,0.0,0.0,0.0,0.0,0.0,0.0,0.0,0.0,0.0,0.0,26.83,31.15,74700.0,266130.0,0.0
2021-11-30 13:27:51,300557.SZ,28.14,28.18,29.12,28.18,28.76,597100.0,17245318.0,1768.0,28.76,3000.0,28.75,100.0,28.74,2000.0,28.72,300.0,28.71,600.0,0.0,0.0,0.0,0.0,0.0,0.0,0.0,0.0,0.0,0.0,28.78,1500.0,28.84,100.0,28.85,700.0,28.89,200.0,28.97,200.0,0.0,0.0,0.0,0.0,0.0,0.0,0.0,0.0,0.0,0.0,26.83,31.15,74700.0,265530.0,0.0
2021-11-30 13:27:54,300557.SZ,28.14,28.18,29.12,28.18,28.78,598600.0,17288488.0,1772.0,28.78,600.0,28.76,3000.0,28.75,100.0,28.74,2000.0,28.72,300.0,0.0,0.0,0.0,0.0,0.0,0.0,0.0,0.0,0.0,0.0,28.85,700.0,28.89,200.0,28.97,200.0,28.98,2000.0,29.0,6800.0,0.0,0.0,0.0,0.0,0.0,0.0,0.0,0.0,0.0,0.0,26.84,31.17,75300.0,263930.0,0.0
2021-11-30 13:28:51,300557.SZ,28.14,28.18,29.12,28.18,28.78,598600.0,17288488.0,1772.0,28.78,600.0,28.76,3000.0,28.75,100.0,28.74,2000.0,28.72,300.0,0.0,0.0,0.0,0.0,0.0,0.0,0.0,0.0,0.0,0.0,28.85,700.0,28.89,200.0,28.97,200.0,28.98,2000.0,29.0,6800.0,0.0,0.0,0.0,0.0,0.0,0.0,0.0,0.0,0.0,0.0,26.85,31.17,75800.0,263930.0,0.0
2021-11-30 13:29:21,300557.SZ,28.14,28.18,29.12,28.18,28.78,598600.0,17288488.0,1772.0,28.78,600.0,28.76,3000.0,28.75,100.0,28.74,2000.0,28.72,300.0,0.0,0.0,0.0,0.0,0.0,0.0,0.0,0.0,0.0,0.0,28.85,700.0,28.89,200.0,28.97,200.0,28.98,2000.0,29.0,6800.0,0.0,0.0,0.0,0.0,0.0,0.0,0.0,0.0,0.0,0.0,26.86,31.17,76100.0,263930.0,0.0
2021-11-30 13:30:03,300557.SZ,28.14,28.18,29.12,28.18,28.78,599000.0,17300000.0,1773.0,28.78,200.0,28.76,3000.0,28.75,100.0,28.74,2000.0,28.72,300.0,0.0,0.0,0.0,0.0,0.0,0.0,0.0,0.0,0.0,0.0,28.85,700.0,28.89,200.0,28.97,200.0,28.98,2000.0,29.0,6800.0,0.0,0.0,0.0,0.0,0.0,0.0,0.0,0.0,0.0,0.0,26.85,31.17,75700.0,263930.0,0.0
2021-11-30 13:30:06,300557.SZ,28.14,28.18,29.12,28.18,28.78,599200.0,17305756.0,1775.0,28.76,3000.0,28.75,100.0,28.74,2000.0,28.72,300.0,28.71,600.0,0.0,0.0,0.0,0.0,0.0,0.0,0.0,0.0,0.0,0.0,28.85,700.0,28.89,200.0,28.97,200.0,28.98,2000.0,29.0,6800.0,0.0,0.0,0.0,0.0,0.0,0.0,0.0,0.0,0.0,0.0,26.85,31.17,75500.0,263930.0,0.0
2021-11-30 13:30:21,300557.SZ,28.14,28.18,29.12,28.18,28.78,599200.0,17305756.0,1775.0,28.76,3000.0,28.75,100.0,28.74,2000.0,28.72,300.0,28.71,600.0,0.0,0.0,0.0,0.0,0.0,0.0,0.0,0.0,0.0,0.0,28.85,700.0,28.89,200.0,28.97,200.0,28.98,2000.0,29.0,6800.0,0.0,0.0,0.0,0.0,0.0,0.0,0.0,0.0,0.0,0.0,26.79,31.17,73000.0,263930.0,0.0
2021-11-30 13:30:24,300557.SZ,28.14,28.18,29.12,28.18,28.78,599200.0,17305756.0,1775.0,28.76,3000.0,28.75,2300.0,28.74,2000.0,28.72,300.0,28.71,600.0,0.0,0.0,0.0,0.0,0.0,0.0,0.0,0.0,0.0,0.0,28.85,700.0,28.89,200.0,28.97,200.0,28.98,2000.0,29.0,6800.0,0.0,0.0,0.0,0.0,0.0,0.0,0.0,0.0,0.0,0.0,26.84,31.17,75200.0,263930.0,0.0
2021-11-30 13:30:33,300557.SZ,28.14,28.18,29.12,28.18,28.78,599200.0,17305756.0,1775.0,28.77,100.0,28.76,3000.0,28.75,2300.0,28.74,2000.0,28.72,300.0,0.0,0.0,0.0,0.0,0.0,0.0,0.0,0.0,0.0,0.0,28.89,200.0,28.97,4200.0,28.98,2000.0,29.0,6800.0,29.04,200.0,0.0,0.0,0.0,0.0,0.0,0.0,0.0,0.0,0.0,0.0,26.85,31.14,75300.0,267230.0,0.0
2021-11-30 13:30:36,300557.SZ,28.14,28.18,29.12,28.18,28.77,599300.0,17308633.0,1776.0,28.76,3000.0,28.75,2300.0,28.74,2000.0,28.72,300.0,28.71,600.0,0.0,0.0,0.0,0.0,0.0,0.0,0.0,0.0,0.0,0.0,28.83,2100.0,28.89,200.0,28.97,200.0,28.98,2000.0,29.0,6800.0,0.0,0.0,0.0,0.0,0.0,0.0,0.0,0.0,0.0,0.0,26.84,31.15,75200.0,265330.0,0.0
2021-11-30 13:30:42,300557.SZ,28.14,28.18,29.12,28.18,28.76,600000.0,17328765.0,1777.0,28.76,2300.0,28.75,2300.0,28.74,2000.0,28.72,300.0,28.71,600.0,0.0,0.0,0.0,0.0,0.0,0.0,0.0,0.0,0.0,0.0,28.83,2100.0,28.89,200.0,28.97,200.0,28.98,2000.0,29.0,6800.0,0.0,0.0,0.0,0.0,0.0,0.0,0.0,0.0,0.0,0.0,26.82,31.15,74500.0,265330.0,0.0
2021-11-30 13:30:48,300557.SZ,28.14,28.18,29.12,28.18,28.76,600000.0,17328765.0,1777.0,28.76,2300.0,28.75,2300.0,28.74,2000.0,28.72,300.0,28.71,600.0,0.0,0.0,0.0,0.0,0.0,0.0,0.0,0.0,0.0,0.0,28.83,2100.0,28.89,200.0,28.97,200.0,28.98,2000.0,29.0,6800.0,0.0,0.0,0.0,0.0,0.0,0.0,0.0,0.0,0.0,0.0,26.86,31.15,73900.0,265330.0,0.0
2021-11-30 13:30:51,300557.SZ,28.14,28.18,29.12,28.18,28.76,600000.0,17328765.0,1777.0,28.76,2300.0,28.75,2300.0,28.74,2000.0,28.72,300.0,28.71,600.0,0.0,0.0,0.0,0.0,0.0,0.0,0.0,0.0,0.0,0.0,28.83,2100.0,28.89,200.0,28.97,200.0,28.98,2000.0,29.0,6800.0,0.0,0.0,0.0,0.0,0.0,0.0,0.0,0.0,0.0,0.0,26.86,31.15,73900.0,265530.0,0.0
2021-11-30 13:30:57,300557.SZ,28.14,28.18,29.12,28.18,28.76,600000.0,17328765.0,1777.0,28.76,2300.0,28.75,2500.0,28.74,2000.0,28.72,300.0,28.71,600.0,0.0,0.0,0.0,0.0,0.0,0.0,0.0,0.0,0.0,0.0,28.83,2100.0,28.89,200.0,28.97,200.0,28.98,2000.0,29.0,6800.0,0.0,0.0,0.0,0.0,0.0,0.0,0.0,0.0,0.0,0.0,26.86,31.15,74100.0,265530.0,0.0
2021-11-30 13:31:48,300557.SZ,28.14,28.18,29.12,28.18,28.76,600000.0,17328765.0,1777.0,28.76,2500.0,28.75,2500.0,28.74,2000.0,28.72,300.0,28.71,600.0,0.0,0.0,0.0,0.0,0.0,0.0,0.0,0.0,0.0,0.0,28.83,2100.0,28.89,200.0,28.97,200.0,28.98,2000.0,29.0,6800.0,0.0,0.0,0.0,0.0,0.0,0.0,0.0,0.0,0.0,0.0,26.86,31.15,74100.0,265530.0,0.0
2021-11-30 13:32:24,300557.SZ,28.14,28.18,29.12,28.18,28.76,600000.0,17328765.0,1777.0,28.77,200.0,28.76,2500.0,28.75,2500.0,28.74,2000.0,28.72,300.0,0.0,0.0,0.0,0.0,0.0,0.0,0.0,0.0,0.0,0.0,28.83,2100.0,28.89,200.0,28.97,200.0,28.98,2000.0,29.0,6800.0,0.0,0.0,0.0,0.0,0.0,0.0,0.0,0.0,0.0,0.0,26.87,31.15,74300.0,265530.0,0.0
2021-11-30 13:32:39,300557.SZ,28.14,28.18,29.12,28.18,28.76,600000.0,17328765.0,1777.0,28.77,200.0,28.76,2500.0,28.75,2500.0,28.74,2000.0,28.72,300.0,0.0,0.0,0.0,0.0,0.0,0.0,0.0,0.0,0.0,0.0,28.83,2100.0,28.89,200.0,28.97,200.0,28.98,2000.0,29.0,6800.0,0.0,0.0,0.0,0.0,0.0,0.0,0.0,0.0,0.0,0.0,26.87,31.15,74500.0,265530.0,0.0
2021-11-30 13:32:48,300557.SZ,28.14,28.18,29.12,28.18,28.76,600000.0,17328765.0,1777.0,28.78,300.0,28.77,200.0,28.76,2500.0,28.75,2500.0,28.74,2000.0,0.0,0.0,0.0,0.0,0.0,0.0,0.0,0.0,0.0,0.0,28.83,2100.0,28.89,200.0,28.97,200.0,28.98,2000.0,29.0,6800.0,0.0,0.0,0.0,0.0,0.0,0.0,0.0,0.0,0.0,0.0,26.88,31.15,74800.0,265530.0,0.0
2021-11-30 13:32:54,300557.SZ,28.14,28.18,29.12,28.18,28.76,600000.0,17328765.0,1777.0,28.78,300.0,28.77,200.0,28.76,2500.0,28.75,300.0,28.74,2000.0,0.0,0.0,0.0,0.0,0.0,0.0,0.0,0.0,0.0,0.0,28.83,2100.0,28.89,200.0,28.97,200.0,28.98,2000.0,29.0,6800.0,0.0,0.0,0.0,0.0,0.0,0.0,0.0,0.0,0.0,0.0,26.82,31.15,72600.0,265530.0,0.0
2021-11-30 13:32:57,300557.SZ,28.14,28.18,29.12,28.18,28.76,600000.0,17328765.0,1777.0,28.78,300.0,28.77,200.0,28.76,2500.0,28.75,300.0,28.74,2000.0,0.0,0.0,0.0,0.0,0.0,0.0,0.0,0.0,0.0,0.0,28.83,2100.0,28.89,200.0,28.97,200.0,28.98,2000.0,29.0,6800.0,0.0,0.0,0.0,0.0,0.0,0.0,0.0,0.0,0.0,0.0,26.82,31.15,72800.0,265530.0,0.0
2021-11-30 13:33:00,300557.SZ,28.14,28.18,29.12,28.18,28.76,600000.0,17328765.0,1777.0,28.78,300.0,28.77,200.0,28.76,2500.0,28.75,300.0,28.74,2000.0,0.0,0.0,0.0,0.0,0.0,0.0,0.0,0.0,0.0,0.0,28.83,2100.0,28.89,200.0,28.97,200.0,28.98,2000.0,29.0,6800.0,0.0,0.0,0.0,0.0,0.0,0.0,0.0,0.0,0.0,0.0,26.82,30.98,72800.0,290530.0,0.0
2021-11-30 13:33:15,300557.SZ,28.14,28.18,29.12,28.18,28.76,600000.0,17328765.0,1777.0,28.78,300.0,28.77,200.0,28.76,2500.0,28.75,300.0,28.74,2000.0,0.0,0.0,0.0,0.0,0.0,0.0,0.0,0.0,0.0,0.0,28.83,2100.0,28.89,200.0,28.97,200.0,28.98,2000.0,29.0,6800.0,0.0,0.0,0.0,0.0,0.0,0.0,0.0,0.0,0.0,0.0,26.83,30.98,73000.0,290530.0,0.0
2021-11-30 13:33:18,300557.SZ,28.14,28.18,29.12,28.18,28.78,600400.0,17340277.0,1779.0,28.77,200.0,28.76,2500.0,28.75,300.0,28.74,2000.0,28.72,300.0,0.0,0.0,0.0,0.0,0.0,0.0,0.0,0.0,0.0,0.0,28.78,700.0,28.83,2100.0,28.89,200.0,28.97,200.0,28.98,2000.0,0.0,0.0,0.0,0.0,0.0,0.0,0.0,0.0,0.0,0.0,26.82,30.97,72700.0,291230.0,0.0
2021-11-30 13:33:21,300557.SZ,28.14,28.18,29.12,28.18,28.78,600500.0,17343155.0,1780.0,28.77,200.0,28.76,2300.0,28.75,300.0,28.74,2000.0,28.72,300.0,0.0,0.0,0.0,0.0,0.0,0.0,0.0,0.0,0.0,0.0,28.78,600.0,28.79,400.0,28.83,2100.0,28.89,200.0,28.97,200.0,0.0,0.0,0.0,0.0,0.0,0.0,0.0,0.0,0.0,0.0,26.82,30.97,72500.0,291030.0,0.0
2021-11-30 13:33:24,300557.SZ,28.14,28.18,29.12,28.18,28.77,600700.0,17348909.0,1781.0,28.76,2300.0,28.75,300.0,28.74,2000.0,28.72,300.0,28.71,600.0,0.0,0.0,0.0,0.0,0.0,0.0,0.0,0.0,0.0,0.0,28.77,100.0,28.78,1100.0,28.79,400.0,28.83,2100.0,28.89,200.0,0.0,0.0,0.0,0.0,0.0,0.0,0.0,0.0,0.0,0.0,26.81,30.97,72300.0,291630.0,0.0
2021-11-30 13:33:30,300557.SZ,28.14,28.18,29.12,28.18,28.77,600800.0,17351786.0,1782.0,28.77,2900.0,28.76,2300.0,28.75,300.0,28.74,2000.0,28.72,300.0,0.0,0.0,0.0,0.0,0.0,0.0,0.0,0.0,0.0,0.0,28.78,1100.0,28.79,400.0,28.83,2100.0,28.89,200.0,28.97,200.0,0.0,0.0,0.0,0.0,0.0,0.0,0.0,0.0,0.0,0.0,26.89,30.97,75200.0,291530.0,0.0
2021-11-30 13:33:48,300557.SZ,28.14,28.18,29.12,28.18,28.79,602300.0,17394960.0,1796.0,28.78,100.0,28.77,2900.0,28.76,2300.0,28.75,300.0,28.74,2000.0,0.0,0.0,0.0,0.0,0.0,0.0,0.0,0.0,0.0,0.0,28.83,2100.0,28.89,200.0,28.97,200.0,28.98,2000.0,29.0,6800.0,0.0,0.0,0.0,0.0,0.0,0.0,0.0,0.0,0.0,0.0,26.89,30.98,75300.0,290030.0,0.0
2021-11-30 13:33:51,300557.SZ,28.14,28.18,29.12,28.18,28.83,602500.0,17400726.0,1798.0,28.78,200.0,28.77,2900.0,28.76,2300.0,28.75,300.0,28.74,2000.0,0.0,0.0,0.0,0.0,0.0,0.0,0.0,0.0,0.0,0.0,28.83,1900.0,28.89,200.0,28.97,200.0,28.98,2000.0,29.0,6800.0,0.0,0.0,0.0,0.0,0.0,0.0,0.0,0.0,0.0,0.0,26.89,30.98,75400.0,289830.0,0.0
2021-11-30 13:34:09,300557.SZ,28.14,28.18,29.12,28.18,28.83,602500.0,17400726.0,1798.0,28.78,100.0,28.77,2900.0,28.76,2300.0,28.75,300.0,28.74,2000.0,0.0,0.0,0.0,0.0,0.0,0.0,0.0,0.0,0.0,0.0,28.83,1900.0,28.89,200.0,28.97,200.0,28.98,2000.0,29.0,6800.0,0.0,0.0,0.0,0.0,0.0,0.0,0.0,0.0,0.0,0.0,26.89,30.98,75300.0,289830.0,0.0
2021-11-30 13:34:18,300557.SZ,28.14,28.18,29.12,28.18,28.83,602500.0,17400726.0,1798.0,28.78,100.0,28.77,2900.0,28.76,2300.0,28.75,300.0,28.74,2000.0,0.0,0.0,0.0,0.0,0.0,0.0,0.0,0.0,0.0,0.0,28.83,1900.0,28.89,200.0,28.97,200.0,28.98,2000.0,29.0,7300.0,0.0,0.0,0.0,0.0,0.0,0.0,0.0,0.0,0.0,0.0,26.89,30.98,75300.0,290330.0,0.0
2021-11-30 13:34:21,300557.SZ,28.14,28.18,29.12,28.18,28.83,602500.0,17400726.0,1798.0,28.78,100.0,28.77,2900.0,28.76,2300.0,28.75,300.0,28.74,2000.0,0.0,0.0,0.0,0.0,0.0,0.0,0.0,0.0,0.0,0.0,28.83,1900.0,28.89,200.0,28.97,200.0,28.98,2000.0,29.0,6800.0,0.0,0.0,0.0,0.0,0.0,0.0,0.0,0.0,0.0,0.0,26.89,30.98,75300.0,289830.0,0.0
2021-11-30 13:34:45,300557.SZ,28.14,28.18,29.12,28.18,28.83,602500.0,17400726.0,1798.0,28.78,100.0,28.77,2900.0,28.76,2300.0,28.75,300.0,28.74,2000.0,0.0,0.0,0.0,0.0,0.0,0.0,0.0,0.0,0.0,0.0,28.83,1900.0,28.89,200.0,28.97,200.0,28.98,1600.0,29.0,6800.0,0.0,0.0,0.0,0.0,0.0,0.0,0.0,0.0,0.0,0.0,26.89,30.98,75300.0,289430.0,0.0
2021-11-30 13:34:54,300557.SZ,28.14,28.18,29.12,28.18,28.78,602600.0,17403604.0,1799.0,28.77,2900.0,28.76,2300.0,28.75,300.0,28.74,2000.0,28.72,300.0,0.0,0.0,0.0,0.0,0.0,0.0,0.0,0.0,0.0,0.0,28.83,1900.0,28.89,200.0,28.97,200.0,28.98,1600.0,29.0,6800.0,0.0,0.0,0.0,0.0,0.0,0.0,0.0,0.0,0.0,0.0,26.89,30.98,75200.0,289430.0,0.0
2021-11-30 13:34:57,300557.SZ,28.14,28.18,29.12,28.18,28.78,602600.0,17403604.0,1799.0,28.77,2900.0,28.76,2300.0,28.75,300.0,28.74,2000.0,28.72,300.0,0.0,0.0,0.0,0.0,0.0,0.0,0.0,0.0,0.0,0.0,28.82,200.0,28.83,1900.0,28.89,200.0,28.97,200.0,28.98,1600.0,0.0,0.0,0.0,0.0,0.0,0.0,0.0,0.0,0.0,0.0,26.89,30.98,75200.0,289630.0,0.0
2021-11-30 13:35:00,300557.SZ,28.14,28.18,29.12,28.18,28.83,603600.0,17432432.0,1802.0,28.77,2900.0,28.76,2300.0,28.75,300.0,28.74,2000.0,28.72,300.0,0.0,0.0,0.0,0.0,0.0,0.0,0.0,0.0,0.0,0.0,28.83,1100.0,28.89,200.0,28.97,200.0,28.98,1600.0,29.0,6800.0,0.0,0.0,0.0,0.0,0.0,0.0,0.0,0.0,0.0,0.0,26.89,30.99,75200.0,288630.0,0.0
2021-11-30 13:35:03,300557.SZ,28.14,28.18,29.12,28.18,28.83,603600.0,17432432.0,1802.0,28.78,300.0,28.77,2900.0,28.76,2300.0,28.75,300.0,28.74,2000.0,0.0,0.0,0.0,0.0,0.0,0.0,0.0,0.0,0.0,0.0,28.83,1100.0,28.89,200.0,28.97,200.0,28.98,1600.0,29.0,6800.0,0.0,0.0,0.0,0.0,0.0,0.0,0.0,0.0,0.0,0.0,26.89,30.99,75500.0,288630.0,0.0
2021-11-30 13:35:15,300557.SZ,28.14,28.18,29.12,28.18,28.83,603600.0,17432432.0,1802.0,28.78,300.0,28.77,2900.0,28.76,2300.0,28.75,300.0,28.74,2000.0,0.0,0.0,0.0,0.0,0.0,0.0,0.0,0.0,0.0,0.0,28.83,1100.0,28.89,200.0,28.97,200.0,28.98,1600.0,29.0,6800.0,0.0,0.0,0.0,0.0,0.0,0.0,0.0,0.0,0.0,0.0,26.89,30.99,75500.0,288430.0,0.0
2021-11-30 13:36:00,300557.SZ,28.14,28.18,29.12,28.18,28.83,603600.0,17432432.0,1802.0,28.78,300.0,28.77,2900.0,28.76,2300.0,28.75,300.0,28.74,2000.0,0.0,0.0,0.0,0.0,0.0,0.0,0.0,0.0,0.0,0.0,28.83,1100.0,28.89,200.0,28.97,200.0,28.98,1600.0,29.0,11800.0,0.0,0.0,0.0,0.0,0.0,0.0,0.0,0.0,0.0,0.0,26.89,30.96,75500.0,293430.0,0.0
2021-11-30 13:36:03,300557.SZ,28.14,28.18,29.12,28.18,28.83,603600.0,17432432.0,1802.0,28.78,300.0,28.77,2900.0,28.76,2300.0,28.75,300.0,28.74,2000.0,0.0,0.0,0.0,0.0,0.0,0.0,0.0,0.0,0.0,0.0,28.82,100.0,28.83,1100.0,28.89,200.0,28.97,200.0,28.98,1600.0,0.0,0.0,0.0,0.0,0.0,0.0,0.0,0.0,0.0,0.0,26.89,30.96,75500.0,293530.0,0.0
2021-11-30 13:36:15,300557.SZ,28.14,28.18,29.12,28.18,28.83,603600.0,17432432.0,1802.0,28.78,300.0,28.77,2900.0,28.76,2300.0,28.75,300.0,28.74,2000.0,0.0,0.0,0.0,0.0,0.0,0.0,0.0,0.0,0.0,0.0,28.82,100.0,28.83,1100.0,28.89,200.0,28.97,200.0,28.98,1600.0,0.0,0.0,0.0,0.0,0.0,0.0,0.0,0.0,0.0,0.0,26.89,30.99,75500.0,288530.0,0.0
2021-11-30 13:36:24,300557.SZ,28.14,28.18,29.12,28.18,28.78,603900.0,17441066.0,1803.0,28.77,2900.0,28.76,2300.0,28.75,300.0,28.74,2000.0,28.72,300.0,0.0,0.0,0.0,0.0,0.0,0.0,0.0,0.0,0.0,0.0,28.78,700.0,28.82,100.0,28.83,1100.0,28.89,200.0,28.97,200.0,0.0,0.0,0.0,0.0,0.0,0.0,0.0,0.0,0.0,0.0,26.89,30.98,75200.0,289230.0,0.0
2021-11-30 13:36:30,300557.SZ,28.14,28.18,29.12,28.18,28.78,603900.0,17441066.0,1803.0,28.77,3000.0,28.76,2300.0,28.75,300.0,28.74,2000.0,28.72,300.0,0.0,0.0,0.0,0.0,0.0,0.0,0.0,0.0,0.0,0.0,28.78,700.0,28.82,100.0,28.83,1100.0,28.89,200.0,28.97,200.0,0.0,0.0,0.0,0.0,0.0,0.0,0.0,0.0,0.0,0.0,26.89,30.98,75300.0,289230.0,0.0
2021-11-30 13:36:45,300557.SZ,28.14,28.18,29.12,28.18,28.78,603900.0,17441066.0,1803.0,28.77,3100.0,28.76,2300.0,28.75,300.0,28.74,2000.0,28.72,300.0,0.0,0.0,0.0,0.0,0.0,0.0,0.0,0.0,0.0,0.0,28.78,700.0,28.82,100.0,28.83,1100.0,28.89,200.0,28.97,200.0,0.0,0.0,0.0,0.0,0.0,0.0,0.0,0.0,0.0,0.0,26.89,30.98,75400.0,289230.0,0.0
2021-11-30 13:36:51,300557.SZ,28.14,28.18,29.12,28.18,28.78,604600.0,17461212.0,1804.0,28.77,3100.0,28.76,2300.0,28.75,300.0,28.74,2000.0,28.72,300.0,0.0,0.0,0.0,0.0,0.0,0.0,0.0,0.0,0.0,0.0,28.82,100.0,28.83,1100.0,28.89,200.0,28.97,200.0,28.98,1600.0,0.0,0.0,0.0,0.0,0.0,0.0,0.0,0.0,0.0,0.0,26.89,30.98,75400.0,289730.0,0.0
2021-11-30 13:36:54,300557.SZ,28.14,28.18,29.12,28.18,28.78,604600.0,17461212.0,1804.0,28.78,2000.0,28.77,2900.0,28.76,2300.0,28.75,300.0,28.74,2000.0,0.0,0.0,0.0,0.0,0.0,0.0,0.0,0.0,0.0,0.0,28.82,100.0,28.83,1100.0,28.89,200.0,28.97,200.0,28.98,1600.0,0.0,0.0,0.0,0.0,0.0,0.0,0.0,0.0,0.0,0.0,26.93,30.98,77200.0,289730.0,0.0
2021-11-30 13:37:06,300557.SZ,28.14,28.18,29.12,28.18,28.83,604900.0,17469860.0,1807.0,28.8,100.0,28.79,100.0,28.78,2000.0,28.77,2900.0,28.76,2300.0,0.0,0.0,0.0,0.0,0.0,0.0,0.0,0.0,0.0,0.0,28.83,900.0,28.89,200.0,28.97,200.0,28.98,1600.0,28.99,1200.0,0.0,0.0,0.0,0.0,0.0,0.0,0.0,0.0,0.0,0.0,26.94,30.98,77400.0,289430.0,0.0
2021-11-30 13:37:24,300557.SZ,28.14,28.18,29.12,28.18,28.83,604900.0,17469860.0,1807.0,28.8,100.0,28.79,100.0,28.78,2000.0,28.77,2900.0,28.75,300.0,0.0,0.0,0.0,0.0,0.0,0.0,0.0,0.0,0.0,0.0,28.83,900.0,28.89,200.0,28.97,200.0,28.98,1600.0,28.99,1200.0,0.0,0.0,0.0,0.0,0.0,0.0,0.0,0.0,0.0,0.0,26.88,30.98,75100.0,289430.0,0.0
2021-11-30 13:37:33,300557.SZ,28.14,28.18,29.12,28.18,28.83,604900.0,17469860.0,1807.0,28.81,100.0,28.8,100.0,28.79,100.0,28.78,2000.0,28.77,2900.0,0.0,0.0,0.0,0.0,0.0,0.0,0.0,0.0,0.0,0.0,28.83,900.0,28.89,200.0,28.97,200.0,28.98,1600.0,28.99,1200.0,0.0,0.0,0.0,0.0,0.0,0.0,0.0,0.0,0.0,0.0,26.89,30.98,75200.0,289430.0,0.0
2021-11-30 13:37:36,300557.SZ,28.14,28.18,29.12,28.18,28.83,606000.0,17501574.0,1810.0,28.83,600.0,28.8,100.0,28.79,100.0,28.78,2000.0,28.77,2900.0,0.0,0.0,0.0,0.0,0.0,0.0,0.0,0.0,0.0,0.0,28.89,200.0,28.97,3900.0,28.98,1600.0,28.99,1200.0,29.0,6800.0,0.0,0.0,0.0,0.0,0.0,0.0,0.0,0.0,0.0,0.0,26.9,30.96,75700.0,292230.0,0.0
2021-11-30 13:37:39,300557.SZ,28.14,28.18,29.12,28.18,28.83,606600.0,17518872.0,1814.0,28.8,100.0,28.79,100.0,28.78,2000.0,28.77,2900.0,28.75,300.0,0.0,0.0,0.0,0.0,0.0,0.0,0.0,0.0,0.0,0.0,28.83,700.0,28.89,200.0,28.97,200.0,28.98,1600.0,28.99,1200.0,0.0,0.0,0.0,0.0,0.0,0.0,0.0,0.0,0.0,0.0,26.88,30.98,75100.0,289230.0,0.0
2021-11-30 13:37:42,300557.SZ,28.14,28.18,29.12,28.18,28.83,606600.0,17518872.0,1814.0,28.8,100.0,28.79,100.0,28.78,2000.0,28.77,2900.0,28.75,300.0,0.0,0.0,0.0,0.0,0.0,0.0,0.0,0.0,0.0,0.0,28.83,800.0,28.89,200.0,28.97,200.0,28.98,1600.0,28.99,1200.0,0.0,0.0,0.0,0.0,0.0,0.0,0.0,0.0,0.0,0.0,26.88,30.98,75100.0,289330.0,0.0
2021-11-30 13:37:51,300557.SZ,28.14,28.18,29.12,28.18,28.83,606600.0,17518872.0,1814.0,28.8,100.0,28.79,100.0,28.78,2000.0,28.77,2900.0,28.75,300.0,0.0,0.0,0.0,0.0,0.0,0.0,0.0,0.0,0.0,0.0,28.83,600.0,28.89,200.0,28.97,200.0,28.98,1600.0,28.99,1200.0,0.0,0.0,0.0,0.0,0.0,0.0,0.0,0.0,0.0,0.0,26.88,30.99,75100.0,289130.0,0.0
2021-11-30 13:38:06,300557.SZ,28.14,28.18,29.12,28.18,28.83,606600.0,17518872.0,1814.0,28.8,100.0,28.79,300.0,28.78,2000.0,28.77,2900.0,28.75,300.0,0.0,0.0,0.0,0.0,0.0,0.0,0.0,0.0,0.0,0.0,28.83,600.0,28.89,200.0,28.97,200.0,28.98,1600.0,28.99,1200.0,0.0,0.0,0.0,0.0,0.0,0.0,0.0,0.0,0.0,0.0,26.89,30.99,75300.0,289130.0,0.0
2021-11-30 13:38:09,300557.SZ,28.14,28.18,29.12,28.18,28.83,607000.0,17530404.0,1816.0,28.79,200.0,28.78,2000.0,28.77,2900.0,28.75,300.0,28.74,2000.0,0.0,0.0,0.0,0.0,0.0,0.0,0.0,0.0,0.0,0.0,28.83,200.0,28.89,200.0,28.96,4000.0,28.97,200.0,28.98,1600.0,0.0,0.0,0.0,0.0,0.0,0.0,0.0,0.0,0.0,0.0,26.88,31.08,75100.0,308530.0,0.0
2021-11-30 13:38:24,300557.SZ,28.14,28.18,29.12,28.18,28.83,607200.0,17536170.0,1818.0,28.83,200.0,28.79,200.0,28.78,2000.0,28.77,2900.0,28.75,300.0,0.0,0.0,0.0,0.0,0.0,0.0,0.0,0.0,0.0,0.0,28.88,700.0,28.89,200.0,28.97,200.0,28.98,1600.0,28.99,1200.0,0.0,0.0,0.0,0.0,0.0,0.0,0.0,0.0,0.0,0.0,26.89,31.1,75300.0,305030.0,0.0
2021-11-30 13:38:27,300557.SZ,28.14,28.18,29.12,28.18,28.83,607300.0,17539053.0,1819.0,28.83,100.0,28.79,200.0,28.78,2000.0,28.77,2900.0,28.75,300.0,0.0,0.0,0.0,0.0,0.0,0.0,0.0,0.0,0.0,0.0,28.88,700.0,28.89,200.0,28.97,200.0,28.98,1600.0,28.99,1200.0,0.0,0.0,0.0,0.0,0.0,0.0,0.0,0.0,0.0,0.0,26.89,31.1,75200.0,305030.0,0.0
2021-11-30 13:38:30,300557.SZ,28.14,28.18,29.12,28.18,28.83,607400.0,17541936.0,1820.0,28.79,200.0,28.78,2000.0,28.77,2900.0,28.75,300.0,28.74,2000.0,0.0,0.0,0.0,0.0,0.0,0.0,0.0,0.0,0.0,0.0,28.88,700.0,28.89,200.0,28.97,200.0,28.98,1600.0,28.99,1200.0,0.0,0.0,0.0,0.0,0.0,0.0,0.0,0.0,0.0,0.0,26.88,31.1,75100.0,305030.0,0.0
2021-11-30 13:38:36,300557.SZ,28.14,28.18,29.12,28.18,28.83,607400.0,17541936.0,1820.0,28.79,200.0,28.78,2000.0,28.77,2900.0,28.75,300.0,28.74,2000.0,0.0,0.0,0.0,0.0,0.0,0.0,0.0,0.0,0.0,0.0,28.89,200.0,28.97,3900.0,28.98,1600.0,28.99,1200.0,29.0,6800.0,0.0,0.0,0.0,0.0,0.0,0.0,0.0,0.0,0.0,0.0,26.88,31.08,75100.0,308030.0,0.0
2021-11-30 13:38:48,300557.SZ,28.14,28.18,29.12,28.18,28.83,607400.0,17541936.0,1820.0,28.79,200.0,28.78,2000.0,28.77,2900.0,28.75,300.0,28.74,2000.0,0.0,0.0,0.0,0.0,0.0,0.0,0.0,0.0,0.0,0.0,28.89,200.0,28.97,3900.0,28.98,1600.0,28.99,1200.0,29.0,6800.0,0.0,0.0,0.0,0.0,0.0,0.0,0.0,0.0,0.0,0.0,26.88,31.23,75100.0,326630.0,0.0
2021-11-30 13:39:03,300557.SZ,28.14,28.18,29.12,28.18,28.83,607400.0,17541936.0,1820.0,28.79,200.0,28.78,2000.0,28.77,2900.0,28.75,300.0,28.74,2000.0,0.0,0.0,0.0,0.0,0.0,0.0,0.0,0.0,0.0,0.0,28.89,200.0,28.97,200.0,28.98,1600.0,28.99,1200.0,29.0,6800.0,0.0,0.0,0.0,0.0,0.0,0.0,0.0,0.0,0.0,0.0,26.87,31.25,74600.0,322930.0,0.0
2021-11-30 13:39:12,300557.SZ,28.14,28.18,29.12,28.18,28.83,607400.0,17541936.0,1820.0,28.83,700.0,28.79,200.0,28.78,2000.0,28.77,2900.0,28.75,300.0,0.0,0.0,0.0,0.0,0.0,0.0,0.0,0.0,0.0,0.0,28.89,200.0,28.97,200.0,28.98,1600.0,28.99,1200.0,29.0,6800.0,0.0,0.0,0.0,0.0,0.0,0.0,0.0,0.0,0.0,0.0,26.89,31.25,75300.0,322930.0,0.0
2021-11-30 13:39:27,300557.SZ,28.14,28.18,29.12,28.18,28.83,607400.0,17541936.0,1820.0,28.83,700.0,28.79,200.0,28.78,2000.0,28.77,2900.0,28.75,300.0,0.0,0.0,0.0,0.0,0.0,0.0,0.0,0.0,0.0,0.0,28.88,200.0,28.89,200.0,28.97,200.0,28.98,1600.0,28.99,1200.0,0.0,0.0,0.0,0.0,0.0,0.0,0.0,0.0,0.0,0.0,26.89,31.25,75300.0,323130.0,0.0
2021-11-30 13:39:30,300557.SZ,28.14,28.18,29.12,28.18,28.83,607400.0,17541936.0,1820.0,28.83,1000.0,28.79,200.0,28.78,2000.0,28.77,2900.0,28.75,300.0,0.0,0.0,0.0,0.0,0.0,0.0,0.0,0.0,0.0,0.0,28.88,200.0,28.89,200.0,28.96,1100.0,28.97,200.0,28.98,1600.0,0.0,0.0,0.0,0.0,0.0,0.0,0.0,0.0,0.0,0.0,26.9,31.24,75600.0,324230.0,0.0
2021-11-30 13:39:36,300557.SZ,28.14,28.18,29.12,28.18,28.83,607400.0,17541936.0,1820.0,28.83,1000.0,28.79,200.0,28.78,2000.0,28.77,2900.0,28.75,300.0,0.0,0.0,0.0,0.0,0.0,0.0,0.0,0.0,0.0,0.0,28.88,500.0,28.89,200.0,28.97,200.0,28.98,1600.0,28.99,1200.0,0.0,0.0,0.0,0.0,0.0,0.0,0.0,0.0,0.0,0.0,26.9,31.25,75600.0,323430.0,0.0
2021-11-30 13:39:54,300557.SZ,28.14,28.18,29.12,28.18,28.88,607600.0,17547712.0,1821.0,28.83,1000.0,28.79,200.0,28.78,2000.0,28.77,2900.0,28.75,300.0,0.0,0.0,0.0,0.0,0.0,0.0,0.0,0.0,0.0,0.0,28.88,300.0,28.89,200.0,28.97,200.0,28.98,1600.0,28.99,1200.0,0.0,0.0,0.0,0.0,0.0,0.0,0.0,0.0,0.0,0.0,26.9,31.25,75600.0,323230.0,0.0
2021-11-30 13:40:00,300557.SZ,28.14,28.18,29.12,28.18,28.88,607600.0,17547712.0,1821.0,28.83,1000.0,28.79,200.0,28.78,2000.0,28.77,2900.0,28.75,300.0,0.0,0.0,0.0,0.0,0.0,0.0,0.0,0.0,0.0,0.0,28.88,300.0,28.89,200.0,28.97,200.0,28.98,1600.0,28.99,1200.0,0.0,0.0,0.0,0.0,0.0,0.0,0.0,0.0,0.0,0.0,26.9,31.24,75600.0,324630.0,0.0
2021-11-30 13:40:03,300557.SZ,28.14,28.18,29.12,28.18,28.88,607600.0,17547712.0,1821.0,28.84,400.0,28.83,1000.0,28.79,200.0,28.78,2000.0,28.77,2900.0,0.0,0.0,0.0,0.0,0.0,0.0,0.0,0.0,0.0,0.0,28.88,300.0,28.89,200.0,28.97,200.0,28.98,1600.0,28.99,1200.0,0.0,0.0,0.0,0.0,0.0,0.0,0.0,0.0,0.0,0.0,26.91,31.24,76000.0,324630.0,0.0
2021-11-30 13:40:12,300557.SZ,28.14,28.18,29.12,28.18,28.88,607600.0,17547712.0,1821.0,28.84,400.0,28.83,1000.0,28.79,200.0,28.78,2000.0,28.77,2900.0,0.0,0.0,0.0,0.0,0.0,0.0,0.0,0.0,0.0,0.0,28.87,100.0,28.88,400.0,28.89,200.0,28.97,200.0,28.98,1600.0,0.0,0.0,0.0,0.0,0.0,0.0,0.0,0.0,0.0,0.0,26.91,31.24,76000.0,324830.0,0.0
2021-11-30 13:40:15,300557.SZ,28.14,28.18,29.12,28.18,28.88,607600.0,17547712.0,1821.0,28.84,400.0,28.83,1000.0,28.79,200.0,28.78,2000.0,28.77,2900.0,0.0,0.0,0.0,0.0,0.0,0.0,0.0,0.0,0.0,0.0,28.87,200.0,28.88,300.0,28.89,200.0,28.97,200.0,28.98,1600.0,0.0,0.0,0.0,0.0,0.0,0.0,0.0,0.0,0.0,0.0,26.91,31.24,76000.0,324830.0,0.0
2021-11-30 13:40:18,300557.SZ,28.14,28.18,29.12,28.18,28.84,607900.0,17556364.0,1822.0,28.84,100.0,28.83,1000.0,28.79,200.0,28.78,2000.0,28.77,2900.0,0.0,0.0,0.0,0.0,0.0,0.0,0.0,0.0,0.0,0.0,28.87,200.0,28.88,300.0,28.89,200.0,28.97,200.0,28.98,1600.0,0.0,0.0,0.0,0.0,0.0,0.0,0.0,0.0,0.0,0.0,26.9,31.24,75700.0,324830.0,0.0
2021-11-30 13:40:33,300557.SZ,28.14,28.18,29.12,28.18,28.84,607900.0,17556364.0,1822.0,28.84,100.0,28.83,1000.0,28.79,200.0,28.78,2000.0,28.77,2900.0,0.0,0.0,0.0,0.0,0.0,0.0,0.0,0.0,0.0,0.0,28.87,200.0,28.88,300.0,28.89,200.0,28.97,200.0,28.98,1600.0,0.0,0.0,0.0,0.0,0.0,0.0,0.0,0.0,0.0,0.0,26.9,31.24,75600.0,324830.0,0.0
2021-11-30 13:41:06,300557.SZ,28.14,28.18,29.12,28.18,28.84,607900.0,17556364.0,1822.0,28.84,100.0,28.83,1000.0,28.79,200.0,28.78,2000.0,28.77,2900.0,0.0,0.0,0.0,0.0,0.0,0.0,0.0,0.0,0.0,0.0,28.87,600.0,28.88,300.0,28.89,200.0,28.97,200.0,28.98,1600.0,0.0,0.0,0.0,0.0,0.0,0.0,0.0,0.0,0.0,0.0,26.9,31.24,75600.0,325230.0,0.0
2021-11-30 13:41:09,300557.SZ,28.14,28.18,29.12,28.18,28.84,607900.0,17556364.0,1822.0,28.84,100.0,28.83,1000.0,28.79,200.0,28.78,2000.0,28.77,2900.0,0.0,0.0,0.0,0.0,0.0,0.0,0.0,0.0,0.0,0.0,28.87,300.0,28.88,300.0,28.89,200.0,28.97,200.0,28.98,1600.0,0.0,0.0,0.0,0.0,0.0,0.0,0.0,0.0,0.0,0.0,26.9,31.24,75600.0,324930.0,0.0
2021-11-30 13:41:12,300557.SZ,28.14,28.18,29.12,28.18,28.84,607900.0,17556364.0,1822.0,28.84,100.0,28.83,1000.0,28.79,200.0,28.78,2000.0,28.77,2900.0,0.0,0.0,0.0,0.0,0.0,0.0,0.0,0.0,0.0,0.0,28.87,700.0,28.88,300.0,28.89,200.0,28.97,200.0,28.98,1600.0,0.0,0.0,0.0,0.0,0.0,0.0,0.0,0.0,0.0,0.0,26.9,31.24,75600.0,325330.0,0.0
2021-11-30 13:41:15,300557.SZ,28.14,28.18,29.12,28.18,28.84,607900.0,17556364.0,1822.0,28.84,100.0,28.83,1000.0,28.79,200.0,28.78,2000.0,28.77,2900.0,0.0,0.0,0.0,0.0,0.0,0.0,0.0,0.0,0.0,0.0,28.87,800.0,28.88,300.0,28.89,200.0,28.97,200.0,28.98,1600.0,0.0,0.0,0.0,0.0,0.0,0.0,0.0,0.0,0.0,0.0,26.9,31.24,75600.0,325430.0,0.0
2021-11-30 13:41:21,300557.SZ,28.14,28.18,29.12,28.18,28.84,607900.0,17556364.0,1822.0,28.84,100.0,28.83,1000.0,28.79,200.0,28.78,2000.0,28.77,2900.0,0.0,0.0,0.0,0.0,0.0,0.0,0.0,0.0,0.0,0.0,28.87,800.0,28.88,300.0,28.89,200.0,28.97,200.0,28.98,1600.0,0.0,0.0,0.0,0.0,0.0,0.0,0.0,0.0,0.0,0.0,26.9,31.24,75600.0,325130.0,0.0
2021-11-30 13:41:30,300557.SZ,28.14,28.18,29.12,28.18,28.84,607900.0,17556364.0,1822.0,28.84,100.0,28.83,1000.0,28.79,200.0,28.78,2000.0,28.77,2900.0,0.0,0.0,0.0,0.0,0.0,0.0,0.0,0.0,0.0,0.0,28.87,800.0,28.88,300.0,28.89,200.0,28.97,200.0,28.98,1600.0,0.0,0.0,0.0,0.0,0.0,0.0,0.0,0.0,0.0,0.0,26.9,31.24,75600.0,325430.0,0.0
2021-11-30 13:41:39,300557.SZ,28.14,28.18,29.12,28.18,28.84,608000.0,17559248.0,1823.0,28.83,1000.0,28.79,200.0,28.78,2000.0,28.77,2900.0,28.75,300.0,0.0,0.0,0.0,0.0,0.0,0.0,0.0,0.0,0.0,0.0,28.86,200.0,28.87,700.0,28.88,300.0,28.89,200.0,28.97,200.0,0.0,0.0,0.0,0.0,0.0,0.0,0.0,0.0,0.0,0.0,26.9,31.23,75500.0,325530.0,0.0
2021-11-30 13:41:48,300557.SZ,28.14,28.18,29.12,28.18,28.84,608000.0,17559248.0,1823.0,28.83,1000.0,28.79,200.0,28.78,2000.0,28.77,2900.0,28.75,300.0,0.0,0.0,0.0,0.0,0.0,0.0,0.0,0.0,0.0,0.0,28.86,200.0,28.87,300.0,28.88,300.0,28.89,200.0,28.97,200.0,0.0,0.0,0.0,0.0,0.0,0.0,0.0,0.0,0.0,0.0,26.9,31.24,75500.0,325130.0,0.0
2021-11-30 13:41:51,300557.SZ,28.14,28.18,29.12,28.18,28.84,608000.0,17559248.0,1823.0,28.83,1000.0,28.79,200.0,28.78,2000.0,28.77,2900.0,28.75,300.0,0.0,0.0,0.0,0.0,0.0,0.0,0.0,0.0,0.0,0.0,28.86,600.0,28.87,300.0,28.88,300.0,28.89,200.0,28.97,200.0,0.0,0.0,0.0,0.0,0.0,0.0,0.0,0.0,0.0,0.0,26.9,31.23,75500.0,325730.0,0.0
2021-11-30 13:42:00,300557.SZ,28.14,28.18,29.12,28.18,28.83,608700.0,17579429.0,1826.0,28.83,300.0,28.79,200.0,28.78,2000.0,28.77,2900.0,28.75,300.0,0.0,0.0,0.0,0.0,0.0,0.0,0.0,0.0,0.0,0.0,28.85,100.0,28.86,600.0,28.87,300.0,28.88,300.0,28.89,200.0,0.0,0.0,0.0,0.0,0.0,0.0,0.0,0.0,0.0,0.0,26.88,31.23,74800.0,325830.0,0.0
2021-11-30 13:42:06,300557.SZ,28.14,28.18,29.12,28.18,28.83,608900.0,17585195.0,1827.0,28.83,100.0,28.79,200.0,28.78,2000.0,28.77,2900.0,28.75,300.0,0.0,0.0,0.0,0.0,0.0,0.0,0.0,0.0,0.0,0.0,28.85,100.0,28.86,600.0,28.87,300.0,28.88,300.0,28.89,200.0,0.0,0.0,0.0,0.0,0.0,0.0,0.0,0.0,0.0,0.0,26.87,31.23,74600.0,325830.0,0.0
2021-11-30 13:42:09,300557.SZ,28.14,28.18,29.12,28.18,28.83,609000.0,17588078.0,1828.0,28.79,200.0,28.78,2000.0,28.77,2900.0,28.75,300.0,28.74,2000.0,0.0,0.0,0.0,0.0,0.0,0.0,0.0,0.0,0.0,0.0,28.85,100.0,28.86,200.0,28.87,300.0,28.88,300.0,28.89,200.0,0.0,0.0,0.0,0.0,0.0,0.0,0.0,0.0,0.0,0.0,26.87,31.24,74500.0,325430.0,0.0
2021-11-30 13:42:12,300557.SZ,28.14,28.18,29.12,28.18,28.83,609000.0,17588078.0,1828.0,28.79,200.0,28.78,2000.0,28.77,2900.0,28.75,300.0,28.74,2000.0,0.0,0.0,0.0,0.0,0.0,0.0,0.0,0.0,0.0,0.0,28.85,500.0,28.86,200.0,28.87,300.0,28.88,300.0,28.89,200.0,0.0,0.0,0.0,0.0,0.0,0.0,0.0,0.0,0.0,0.0,26.87,31.23,74500.0,325830.0,0.0
2021-11-30 13:42:21,300557.SZ,28.14,28.18,29.12,28.18,28.83,609000.0,17588078.0,1828.0,28.79,200.0,28.78,2000.0,28.77,2900.0,28.75,300.0,28.74,2000.0,0.0,0.0,0.0,0.0,0.0,0.0,0.0,0.0,0.0,0.0,28.85,500.0,28.86,200.0,28.87,300.0,28.88,300.0,28.89,200.0,0.0,0.0,0.0,0.0,0.0,0.0,0.0,0.0,0.0,0.0,26.87,31.23,74500.0,325630.0,0.0
2021-11-30 13:42:24,300557.SZ,28.14,28.18,29.12,28.18,28.85,609200.0,17593842.0,1830.0,28.79,100.0,28.78,2000.0,28.77,2900.0,28.75,300.0,28.74,2000.0,0.0,0.0,0.0,0.0,0.0,0.0,0.0,0.0,0.0,0.0,28.85,400.0,28.86,200.0,28.87,300.0,28.88,300.0,28.89,200.0,0.0,0.0,0.0,0.0,0.0,0.0,0.0,0.0,0.0,0.0,26.87,31.23,74400.0,325530.0,0.0
2021-11-30 13:42:30,300557.SZ,28.14,28.18,29.12,28.18,28.85,609200.0,17593842.0,1830.0,28.79,100.0,28.78,2000.0,28.77,2900.0,28.75,300.0,28.74,2000.0,0.0,0.0,0.0,0.0,0.0,0.0,0.0,0.0,0.0,0.0,28.85,100.0,28.86,200.0,28.87,300.0,28.88,300.0,28.89,200.0,0.0,0.0,0.0,0.0,0.0,0.0,0.0,0.0,0.0,0.0,26.87,31.24,74400.0,325230.0,0.0
2021-11-30 13:42:33,300557.SZ,28.14,28.18,29.12,28.18,28.85,609200.0,17593842.0,1830.0,28.79,100.0,28.78,2000.0,28.77,2900.0,28.75,300.0,28.74,2000.0,0.0,0.0,0.0,0.0,0.0,0.0,0.0,0.0,0.0,0.0,28.85,500.0,28.86,200.0,28.87,300.0,28.88,300.0,28.89,200.0,0.0,0.0,0.0,0.0,0.0,0.0,0.0,0.0,0.0,0.0,26.87,31.23,74400.0,325630.0,0.0
2021-11-30 13:42:45,300557.SZ,28.14,28.18,29.12,28.18,28.85,609200.0,17593842.0,1830.0,28.79,100.0,28.77,2900.0,28.75,300.0,28.74,2000.0,28.72,300.0,0.0,0.0,0.0,0.0,0.0,0.0,0.0,0.0,0.0,0.0,28.85,500.0,28.86,200.0,28.87,300.0,28.88,300.0,28.89,200.0,0.0,0.0,0.0,0.0,0.0,0.0,0.0,0.0,0.0,0.0,26.81,31.23,72400.0,325630.0,0.0
2021-11-30 13:43:03,300557.SZ,28.14,28.18,29.12,28.18,28.85,609200.0,17593842.0,1830.0,28.79,100.0,28.77,2900.0,28.75,300.0,28.74,2000.0,28.72,300.0,0.0,0.0,0.0,0.0,0.0,0.0,0.0,0.0,0.0,0.0,28.85,500.0,28.86,200.0,28.87,300.0,28.88,300.0,28.89,200.0,0.0,0.0,0.0,0.0,0.0,0.0,0.0,0.0,0.0,0.0,26.81,31.23,72400.0,325830.0,0.0
2021-11-30 13:43:12,300557.SZ,28.14,28.18,29.12,28.18,28.85,609200.0,17593842.0,1830.0,28.79,100.0,28.77,2900.0,28.75,300.0,28.74,2000.0,28.72,300.0,0.0,0.0,0.0,0.0,0.0,0.0,0.0,0.0,0.0,0.0,28.8,300.0,28.85,500.0,28.86,200.0,28.87,300.0,28.88,300.0,0.0,0.0,0.0,0.0,0.0,0.0,0.0,0.0,0.0,0.0,26.81,31.23,72400.0,326130.0,0.0
2021-11-30 13:43:18,300557.SZ,28.14,28.18,29.12,28.18,28.85,609200.0,17593842.0,1830.0,28.79,100.0,28.77,2900.0,28.75,300.0,28.74,2000.0,28.72,300.0,0.0,0.0,0.0,0.0,0.0,0.0,0.0,0.0,0.0,0.0,28.8,300.0,28.85,500.0,28.86,200.0,28.87,200.0,28.88,300.0,0.0,0.0,0.0,0.0,0.0,0.0,0.0,0.0,0.0,0.0,26.81,31.23,72400.0,326030.0,0.0
2021-11-30 13:43:30,300557.SZ,28.14,28.18,29.12,28.18,28.85,609200.0,17593842.0,1830.0,28.79,100.0,28.77,2900.0,28.75,300.0,28.74,2000.0,28.72,300.0,0.0,0.0,0.0,0.0,0.0,0.0,0.0,0.0,0.0,0.0,28.8,300.0,28.85,100.0,28.86,200.0,28.87,200.0,28.88,300.0,0.0,0.0,0.0,0.0,0.0,0.0,0.0,0.0,0.0,0.0,26.81,31.23,72400.0,325630.0,0.0
2021-11-30 13:43:33,300557.SZ,28.14,28.18,29.12,28.18,28.85,609200.0,17593842.0,1830.0,28.79,100.0,28.77,2900.0,28.75,300.0,28.74,2000.0,28.72,300.0,0.0,0.0,0.0,0.0,0.0,0.0,0.0,0.0,0.0,0.0,28.8,700.0,28.85,100.0,28.86,200.0,28.87,200.0,28.88,300.0,0.0,0.0,0.0,0.0,0.0,0.0,0.0,0.0,0.0,0.0,26.81,31.23,72400.0,326030.0,0.0
2021-11-30 13:43:51,300557.SZ,28.14,28.18,29.12,28.18,28.85,609200.0,17593842.0,1830.0,28.79,100.0,28.77,2900.0,28.75,300.0,28.74,2000.0,28.72,300.0,0.0,0.0,0.0,0.0,0.0,0.0,0.0,0.0,0.0,0.0,28.8,300.0,28.85,100.0,28.86,200.0,28.87,200.0,28.88,300.0,0.0,0.0,0.0,0.0,0.0,0.0,0.0,0.0,0.0,0.0,26.81,31.23,72400.0,325630.0,0.0
2021-11-30 13:44:00,300557.SZ,28.14,28.18,29.12,28.18,28.85,609200.0,17593842.0,1830.0,28.79,100.0,28.77,2900.0,28.75,300.0,28.74,2000.0,28.72,300.0,0.0,0.0,0.0,0.0,0.0,0.0,0.0,0.0,0.0,0.0,28.8,300.0,28.85,700.0,28.86,200.0,28.87,200.0,28.88,300.0,0.0,0.0,0.0,0.0,0.0,0.0,0.0,0.0,0.0,0.0,26.81,31.23,72400.0,326230.0,0.0
2021-11-30 13:44:33,300557.SZ,28.14,28.18,29.12,28.18,28.85,609200.0,17593842.0,1830.0,28.79,100.0,28.77,2900.0,28.75,300.0,28.74,2000.0,28.72,300.0,0.0,0.0,0.0,0.0,0.0,0.0,0.0,0.0,0.0,0.0,28.8,300.0,28.85,900.0,28.86,200.0,28.87,200.0,28.88,300.0,0.0,0.0,0.0,0.0,0.0,0.0,0.0,0.0,0.0,0.0,26.81,31.23,72400.0,326430.0,0.0
2021-11-30 13:44:36,300557.SZ,28.14,28.18,29.12,28.18,28.8,609500.0,17602482.0,1832.0,28.79,100.0,28.77,2900.0,28.75,300.0,28.74,2000.0,28.72,300.0,0.0,0.0,0.0,0.0,0.0,0.0,0.0,0.0,0.0,0.0,28.85,900.0,28.86,200.0,28.87,200.0,28.88,300.0,28.89,200.0,0.0,0.0,0.0,0.0,0.0,0.0,0.0,0.0,0.0,0.0,26.81,31.23,72400.0,326130.0,0.0
2021-11-30 13:44:39,300557.SZ,28.14,28.18,29.12,28.18,28.79,609600.0,17605361.0,1833.0,28.77,2900.0,28.75,300.0,28.74,2000.0,28.72,300.0,28.71,100.0,0.0,0.0,0.0,0.0,0.0,0.0,0.0,0.0,0.0,0.0,28.85,900.0,28.86,200.0,28.87,200.0,28.88,300.0,28.89,200.0,0.0,0.0,0.0,0.0,0.0,0.0,0.0,0.0,0.0,0.0,26.81,31.23,72300.0,326130.0,0.0
2021-11-30 13:44:42,300557.SZ,28.14,28.18,29.12,28.18,28.79,609600.0,17605361.0,1833.0,28.78,100.0,28.77,2900.0,28.75,300.0,28.74,2000.0,28.72,300.0,0.0,0.0,0.0,0.0,0.0,0.0,0.0,0.0,0.0,0.0,28.85,700.0,28.86,200.0,28.87,200.0,28.88,300.0,28.89,200.0,0.0,0.0,0.0,0.0,0.0,0.0,0.0,0.0,0.0,0.0,26.81,31.23,72400.0,325930.0,0.0
2021-11-30 13:44:48,300557.SZ,28.14,28.18,29.12,28.18,28.79,609600.0,17605361.0,1833.0,28.78,100.0,28.77,2900.0,28.75,300.0,28.74,2000.0,28.72,300.0,0.0,0.0,0.0,0.0,0.0,0.0,0.0,0.0,0.0,0.0,28.85,800.0,28.86,200.0,28.87,200.0,28.88,300.0,28.89,200.0,0.0,0.0,0.0,0.0,0.0,0.0,0.0,0.0,0.0,0.0,26.81,31.23,72400.0,326030.0,0.0
2021-11-30 13:44:51,300557.SZ,28.14,28.18,29.12,28.18,28.79,609700.0,17608240.0,1834.0,28.78,100.0,28.77,2900.0,28.75,300.0,28.74,2000.0,28.72,300.0,0.0,0.0,0.0,0.0,0.0,0.0,0.0,0.0,0.0,0.0,28.79,100.0,28.85,800.0,28.86,200.0,28.87,200.0,28.88,300.0,0.0,0.0,0.0,0.0,0.0,0.0,0.0,0.0,0.0,0.0,26.81,31.23,72400.0,326130.0,0.0
2021-11-30 13:44:54,300557.SZ,28.14,28.18,29.12,28.18,28.79,609800.0,17611119.0,1835.0,28.79,100.0,28.77,2900.0,28.75,300.0,28.74,2000.0,28.72,300.0,0.0,0.0,0.0,0.0,0.0,0.0,0.0,0.0,0.0,0.0,28.85,800.0,28.86,200.0,28.87,200.0,28.88,300.0,28.89,200.0,0.0,0.0,0.0,0.0,0.0,0.0,0.0,0.0,0.0,0.0,26.81,31.23,72400.0,326030.0,0.0
2021-11-30 13:45:18,300557.SZ,28.14,28.18,29.12,28.18,28.79,609900.0,17613998.0,1836.0,28.77,2900.0,28.75,300.0,28.74,2000.0,28.72,300.0,28.71,100.0,0.0,0.0,0.0,0.0,0.0,0.0,0.0,0.0,0.0,0.0,28.85,800.0,28.86,200.0,28.87,200.0,28.88,300.0,28.89,200.0,0.0,0.0,0.0,0.0,0.0,0.0,0.0,0.0,0.0,0.0,26.83,31.23,72900.0,326030.0,0.0
2021-11-30 13:45:24,300557.SZ,28.14,28.18,29.12,28.18,28.79,609900.0,17613998.0,1836.0,28.77,2900.0,28.75,300.0,28.74,2000.0,28.72,300.0,28.71,100.0,0.0,0.0,0.0,0.0,0.0,0.0,0.0,0.0,0.0,0.0,28.85,800.0,28.86,200.0,28.87,200.0,28.88,300.0,28.89,200.0,0.0,0.0,0.0,0.0,0.0,0.0,0.0,0.0,0.0,0.0,26.83,31.23,73100.0,326030.0,0.0
2021-11-30 13:45:30,300557.SZ,28.14,28.18,29.12,28.18,28.77,610400.0,17628383.0,1837.0,28.77,2400.0,28.75,300.0,28.74,2000.0,28.72,300.0,28.71,100.0,0.0,0.0,0.0,0.0,0.0,0.0,0.0,0.0,0.0,0.0,28.85,900.0,28.86,200.0,28.87,200.0,28.88,300.0,28.89,200.0,0.0,0.0,0.0,0.0,0.0,0.0,0.0,0.0,0.0,0.0,26.81,31.23,72600.0,326130.0,0.0
2021-11-30 13:45:45,300557.SZ,28.14,28.18,29.12,28.18,28.77,610400.0,17628383.0,1837.0,28.78,200.0,28.77,2400.0,28.75,300.0,28.74,2000.0,28.72,300.0,0.0,0.0,0.0,0.0,0.0,0.0,0.0,0.0,0.0,0.0,28.85,900.0,28.86,200.0,28.87,200.0,28.88,300.0,28.89,200.0,0.0,0.0,0.0,0.0,0.0,0.0,0.0,0.0,0.0,0.0,26.82,31.23,72800.0,326130.0,0.0
2021-11-30 13:45:54,300557.SZ,28.14,28.18,29.12,28.18,28.77,610400.0,17628383.0,1837.0,28.78,200.0,28.77,2400.0,28.75,300.0,28.74,2000.0,28.72,300.0,0.0,0.0,0.0,0.0,0.0,0.0,0.0,0.0,0.0,0.0,28.85,900.0,28.86,200.0,28.87,200.0,28.88,300.0,28.89,200.0,0.0,0.0,0.0,0.0,0.0,0.0,0.0,0.0,0.0,0.0,26.88,31.23,75200.0,326130.0,0.0
2021-11-30 13:46:03,300557.SZ,28.14,28.18,29.12,28.18,28.77,610400.0,17628383.0,1837.0,28.78,300.0,28.77,2400.0,28.75,300.0,28.74,2000.0,28.72,300.0,0.0,0.0,0.0,0.0,0.0,0.0,0.0,0.0,0.0,0.0,28.85,900.0,28.86,200.0,28.87,200.0,28.88,300.0,28.89,200.0,0.0,0.0,0.0,0.0,0.0,0.0,0.0,0.0,0.0,0.0,26.88,31.23,75300.0,326130.0,0.0
2021-11-30 13:46:12,300557.SZ,28.14,28.18,29.12,28.18,28.77,610400.0,17628383.0,1837.0,28.78,300.0,28.77,2400.0,28.75,300.0,28.74,2000.0,28.72,300.0,0.0,0.0,0.0,0.0,0.0,0.0,0.0,0.0,0.0,0.0,28.85,800.0,28.86,200.0,28.87,200.0,28.88,300.0,28.89,200.0,0.0,0.0,0.0,0.0,0.0,0.0,0.0,0.0,0.0,0.0,26.88,31.23,75300.0,326030.0,0.0
2021-11-30 13:46:15,300557.SZ,28.14,28.18,29.12,28.18,28.77,610400.0,17628383.0,1837.0,28.78,300.0,28.77,2400.0,28.75,300.0,28.74,2000.0,28.72,300.0,0.0,0.0,0.0,0.0,0.0,0.0,0.0,0.0,0.0,0.0,28.85,900.0,28.86,200.0,28.87,100.0,28.88,300.0,28.89,200.0,0.0,0.0,0.0,0.0,0.0,0.0,0.0,0.0,0.0,0.0,26.88,31.23,75300.0,326030.0,0.0
2021-11-30 13:46:24,300557.SZ,28.14,28.18,29.12,28.18,28.77,610400.0,17628383.0,1837.0,28.78,300.0,28.77,3600.0,28.75,300.0,28.74,2000.0,28.72,300.0,0.0,0.0,0.0,0.0,0.0,0.0,0.0,0.0,0.0,0.0,28.85,900.0,28.86,200.0,28.87,100.0,28.88,300.0,28.89,200.0,0.0,0.0,0.0,0.0,0.0,0.0,0.0,0.0,0.0,0.0,26.91,31.24,76500.0,324430.0,0.0
2021-11-30 13:46:33,300557.SZ,28.14,28.18,29.12,28.18,28.77,610400.0,17628383.0,1837.0,28.79,100.0,28.78,1300.0,28.77,3600.0,28.75,300.0,28.74,2000.0,0.0,0.0,0.0,0.0,0.0,0.0,0.0,0.0,0.0,0.0,28.85,900.0,28.86,200.0,28.87,100.0,28.88,300.0,28.89,200.0,0.0,0.0,0.0,0.0,0.0,0.0,0.0,0.0,0.0,0.0,26.94,31.24,77600.0,324430.0,0.0
2021-11-30 13:47:09,300557.SZ,28.14,28.18,29.12,28.18,28.77,610400.0,17628383.0,1837.0,28.78,1300.0,28.77,3600.0,28.75,300.0,28.74,2000.0,28.72,300.0,0.0,0.0,0.0,0.0,0.0,0.0,0.0,0.0,0.0,0.0,28.84,200.0,28.85,900.0,28.86,200.0,28.87,100.0,28.88,300.0,0.0,0.0,0.0,0.0,0.0,0.0,0.0,0.0,0.0,0.0,26.92,31.24,76900.0,324630.0,0.0
2021-11-30 13:47:12,300557.SZ,28.14,28.18,29.12,28.18,28.77,610400.0,17628383.0,1837.0,28.78,1300.0,28.77,3600.0,28.75,300.0,28.74,2000.0,28.72,300.0,0.0,0.0,0.0,0.0,0.0,0.0,0.0,0.0,0.0,0.0,28.79,1600.0,28.84,200.0,28.85,300.0,28.86,1200.0,28.87,100.0,0.0,0.0,0.0,0.0,0.0,0.0,0.0,0.0,0.0,0.0,26.92,31.23,76900.0,326630.0,0.0
2021-11-30 13:47:15,300557.SZ,28.14,28.18,29.12,28.18,28.78,611400.0,17657164.0,1841.0,28.78,400.0,28.77,3600.0,28.75,300.0,28.74,2000.0,28.72,300.0,0.0,0.0,0.0,0.0,0.0,0.0,0.0,0.0,0.0,0.0,28.79,1500.0,28.84,200.0,28.85,300.0,28.86,1200.0,28.87,100.0,0.0,0.0,0.0,0.0,0.0,0.0,0.0,0.0,0.0,0.0,26.9,31.23,76000.0,326530.0,0.0
2021-11-30 13:47:18,300557.SZ,28.14,28.18,29.12,28.18,28.78,611800.0,17668676.0,1842.0,28.77,3600.0,28.75,300.0,28.74,2000.0,28.72,300.0,28.71,100.0,0.0,0.0,0.0,0.0,0.0,0.0,0.0,0.0,0.0,0.0,28.78,200.0,28.79,1500.0,28.84,200.0,28.85,200.0,28.86,1200.0,0.0,0.0,0.0,0.0,0.0,0.0,0.0,0.0,0.0,0.0,26.89,31.23,75600.0,326630.0,0.0
2021-11-30 13:47:21,300557.SZ,28.14,28.18,29.12,28.18,28.78,611900.0,17671554.0,1843.0,28.77,3700.0,28.75,300.0,28.74,2000.0,28.72,300.0,28.71,100.0,0.0,0.0,0.0,0.0,0.0,0.0,0.0,0.0,0.0,0.0,28.78,200.0,28.79,1500.0,28.84,200.0,28.85,200.0,28.86,1200.0,0.0,0.0,0.0,0.0,0.0,0.0,0.0,0.0,0.0,0.0,26.89,31.23,75700.0,326630.0,0.0
2021-11-30 13:47:39,300557.SZ,28.14,28.18,29.12,28.18,28.77,613000.0,17703201.0,1845.0,28.77,2600.0,28.75,300.0,28.74,2000.0,28.72,300.0,28.71,100.0,0.0,0.0,0.0,0.0,0.0,0.0,0.0,0.0,0.0,0.0,28.78,200.0,28.79,1500.0,28.84,200.0,28.85,200.0,28.86,1200.0,0.0,0.0,0.0,0.0,0.0,0.0,0.0,0.0,0.0,0.0,26.86,31.23,74600.0,326630.0,0.0
2021-11-30 13:47:48,300557.SZ,28.14,28.18,29.12,28.18,28.77,613000.0,17703201.0,1845.0,28.77,2600.0,28.75,300.0,28.74,2000.0,28.72,300.0,28.71,100.0,0.0,0.0,0.0,0.0,0.0,0.0,0.0,0.0,0.0,0.0,28.78,700.0,28.79,1500.0,28.84,200.0,28.85,200.0,28.86,1200.0,0.0,0.0,0.0,0.0,0.0,0.0,0.0,0.0,0.0,0.0,26.86,31.22,74600.0,327130.0,0.0
2021-11-30 13:47:51,300557.SZ,28.14,28.18,29.12,28.18,28.75,615900.0,17786628.0,1852.0,28.74,2000.0,28.72,300.0,28.71,100.0,28.7,1300.0,28.68,1900.0,0.0,0.0,0.0,0.0,0.0,0.0,0.0,0.0,0.0,0.0,28.77,3000.0,28.78,700.0,28.79,1500.0,28.84,200.0,28.85,100.0,0.0,0.0,0.0,0.0,0.0,0.0,0.0,0.0,0.0,0.0,26.79,31.2,71700.0,330030.0,0.0
2021-11-30 13:47:57,300557.SZ,28.14,28.18,29.12,28.18,28.75,616400.0,17801003.0,1853.0,28.74,2000.0,28.72,300.0,28.71,100.0,28.7,1300.0,28.68,1900.0,0.0,0.0,0.0,0.0,0.0,0.0,0.0,0.0,0.0,0.0,28.77,3000.0,28.78,200.0,28.79,1500.0,28.84,200.0,28.85,100.0,0.0,0.0,0.0,0.0,0.0,0.0,0.0,0.0,0.0,0.0,26.79,31.2,71700.0,329530.0,0.0
2021-11-30 13:48:00,300557.SZ,28.14,28.18,29.12,28.18,28.75,616400.0,17801003.0,1853.0,28.74,2000.0,28.72,300.0,28.71,100.0,28.7,1300.0,28.68,900.0,0.0,0.0,0.0,0.0,0.0,0.0,0.0,0.0,0.0,0.0,28.75,500.0,28.77,900.0,28.78,200.0,28.79,1500.0,28.84,200.0,0.0,0.0,0.0,0.0,0.0,0.0,0.0,0.0,0.0,0.0,26.76,31.22,70700.0,327930.0,0.0
2021-11-30 13:48:06,300557.SZ,28.14,28.18,29.12,28.18,28.72,618700.0,17867099.0,1855.0,28.71,100.0,28.7,300.0,28.68,900.0,28.65,100.0,28.63,500.0,0.0,0.0,0.0,0.0,0.0,0.0,0.0,0.0,0.0,0.0,28.74,3700.0,28.75,500.0,28.77,400.0,28.78,200.0,28.79,1500.0,0.0,0.0,0.0,0.0,0.0,0.0,0.0,0.0,0.0,0.0,26.66,31.19,67400.0,331130.0,0.0
2021-11-30 13:48:09,300557.SZ,28.14,28.18,29.12,28.18,28.72,618700.0,17867099.0,1855.0,28.71,100.0,28.7,300.0,28.68,900.0,28.65,100.0,28.63,500.0,0.0,0.0,0.0,0.0,0.0,0.0,0.0,0.0,0.0,0.0,28.74,3900.0,28.75,500.0,28.76,100.0,28.77,400.0,28.78,200.0,0.0,0.0,0.0,0.0,0.0,0.0,0.0,0.0,0.0,0.0,26.6,31.19,65300.0,331430.0,0.0
2021-11-30 13:48:12,300557.SZ,28.14,28.18,29.12,28.18,28.7,618900.0,17872840.0,1857.0,28.7,200.0,28.68,900.0,28.65,100.0,28.63,500.0,28.62,700.0,0.0,0.0,0.0,0.0,0.0,0.0,0.0,0.0,0.0,0.0,28.73,400.0,28.74,3900.0,28.75,500.0,28.77,400.0,28.78,200.0,0.0,0.0,0.0,0.0,0.0,0.0,0.0,0.0,0.0,0.0,26.59,31.19,65100.0,330530.0,0.0
2021-11-30 13:48:15,300557.SZ,28.14,28.18,29.12,28.18,28.7,618900.0,17872840.0,1857.0,28.7,200.0,28.68,900.0,28.65,100.0,28.63,500.0,28.62,700.0,0.0,0.0,0.0,0.0,0.0,0.0,0.0,0.0,0.0,0.0,28.71,100.0,28.73,400.0,28.74,3900.0,28.75,500.0,28.77,400.0,0.0,0.0,0.0,0.0,0.0,0.0,0.0,0.0,0.0,0.0,26.59,31.19,65100.0,330530.0,0.0
2021-11-30 13:48:18,300557.SZ,28.14,28.18,29.12,28.18,28.7,619100.0,17878580.0,1859.0,28.68,900.0,28.65,100.0,28.63,500.0,28.62,700.0,28.6,600.0,0.0,0.0,0.0,0.0,0.0,0.0,0.0,0.0,0.0,0.0,28.7,500.0,28.71,100.0,28.73,500.0,28.74,3900.0,28.77,400.0,0.0,0.0,0.0,0.0,0.0,0.0,0.0,0.0,0.0,0.0,26.66,31.19,67400.0,330630.0,0.0
2021-11-30 13:48:30,300557.SZ,28.14,28.18,29.12,28.18,28.7,619100.0,17878580.0,1859.0,28.68,900.0,28.65,100.0,28.63,500.0,28.62,700.0,28.6,600.0,0.0,0.0,0.0,0.0,0.0,0.0,0.0,0.0,0.0,0.0,28.7,500.0,28.73,500.0,28.74,3900.0,28.77,400.0,28.78,100.0,0.0,0.0,0.0,0.0,0.0,0.0,0.0,0.0,0.0,0.0,26.66,31.19,67400.0,330530.0,0.0
2021-11-30 13:48:33,300557.SZ,28.14,28.18,29.12,28.18,28.7,619200.0,17881450.0,1860.0,28.68,900.0,28.65,100.0,28.63,500.0,28.62,700.0,28.6,600.0,0.0,0.0,0.0,0.0,0.0,0.0,0.0,0.0,0.0,0.0,28.7,400.0,28.73,500.0,28.74,3900.0,28.77,400.0,28.78,100.0,0.0,0.0,0.0,0.0,0.0,0.0,0.0,0.0,0.0,0.0,26.66,31.2,67400.0,330430.0,0.0
2021-11-30 13:48:36,300557.SZ,28.14,28.18,29.12,28.18,28.7,619200.0,17881450.0,1860.0,28.68,900.0,28.65,100.0,28.63,500.0,28.62,700.0,28.6,600.0,0.0,0.0,0.0,0.0,0.0,0.0,0.0,0.0,0.0,0.0,28.7,800.0,28.73,500.0,28.74,3900.0,28.77,400.0,28.78,100.0,0.0,0.0,0.0,0.0,0.0,0.0,0.0,0.0,0.0,0.0,26.66,31.19,67400.0,330830.0,0.0
2021-11-30 13:48:39,300557.SZ,28.14,28.18,29.12,28.18,28.7,619200.0,17881450.0,1860.0,28.68,2900.0,28.65,100.0,28.63,500.0,28.62,700.0,28.6,600.0,0.0,0.0,0.0,0.0,0.0,0.0,0.0,0.0,0.0,0.0,28.7,800.0,28.73,600.0,28.74,3900.0,28.77,400.0,28.78,100.0,0.0,0.0,0.0,0.0,0.0,0.0,0.0,0.0,0.0,0.0,26.72,31.18,69400.0,332130.0,0.0
2021-11-30 13:48:42,300557.SZ,28.14,28.18,29.12,28.18,28.73,620100.0,17907283.0,1863.0,28.7,3600.0,28.68,2900.0,28.65,100.0,28.63,500.0,28.62,700.0,0.0,0.0,0.0,0.0,0.0,0.0,0.0,0.0,0.0,0.0,28.73,500.0,28.74,3900.0,28.77,400.0,28.78,100.0,28.79,1500.0,0.0,0.0,0.0,0.0,0.0,0.0,0.0,0.0,0.0,0.0,26.81,31.36,73000.0,306230.0,0.0
2021-11-30 13:48:48,300557.SZ,28.14,28.18,29.12,28.18,28.73,620100.0,17907283.0,1863.0,28.7,3600.0,28.68,2900.0,28.65,100.0,28.63,500.0,28.62,700.0,0.0,0.0,0.0,0.0,0.0,0.0,0.0,0.0,0.0,0.0,28.73,500.0,28.74,3900.0,28.77,400.0,28.78,100.0,28.79,1500.0,0.0,0.0,0.0,0.0,0.0,0.0,0.0,0.0,0.0,0.0,26.83,31.36,73500.0,306230.0,0.0
2021-11-30 13:48:57,300557.SZ,28.14,28.18,29.12,28.18,28.73,620100.0,17907283.0,1863.0,28.7,3600.0,28.68,2900.0,28.65,100.0,28.63,500.0,28.62,700.0,0.0,0.0,0.0,0.0,0.0,0.0,0.0,0.0,0.0,0.0,28.73,500.0,28.74,3900.0,28.77,400.0,28.78,100.0,28.79,1500.0,0.0,0.0,0.0,0.0,0.0,0.0,0.0,0.0,0.0,0.0,26.83,31.36,73500.0,306030.0,0.0
2021-11-30 13:49:00,300557.SZ,28.14,28.18,29.12,28.18,28.7,621000.0,17933119.0,1865.0,28.7,2900.0,28.68,2900.0,28.65,100.0,28.63,500.0,28.62,700.0,0.0,0.0,0.0,0.0,0.0,0.0,0.0,0.0,0.0,0.0,28.73,300.0,28.74,3900.0,28.77,400.0,28.78,100.0,28.79,1500.0,0.0,0.0,0.0,0.0,0.0,0.0,0.0,0.0,0.0,0.0,26.81,31.37,72800.0,305830.0,0.0
2021-11-30 13:49:21,300557.SZ,28.14,28.18,29.12,28.18,28.7,621200.0,17938859.0,1866.0,28.7,2700.0,28.68,2900.0,28.65,100.0,28.63,500.0,28.62,700.0,0.0,0.0,0.0,0.0,0.0,0.0,0.0,0.0,0.0,0.0,28.73,300.0,28.74,3900.0,28.77,400.0,28.78,100.0,28.79,1500.0,0.0,0.0,0.0,0.0,0.0,0.0,0.0,0.0,0.0,0.0,26.8,31.37,72600.0,305830.0,0.0
2021-11-30 13:49:27,300557.SZ,28.14,28.18,29.12,28.18,28.7,621300.0,17941729.0,1867.0,28.7,2600.0,28.68,2900.0,28.65,100.0,28.63,500.0,28.62,700.0,0.0,0.0,0.0,0.0,0.0,0.0,0.0,0.0,0.0,0.0,28.73,300.0,28.74,3900.0,28.77,400.0,28.78,100.0,28.79,1500.0,0.0,0.0,0.0,0.0,0.0,0.0,0.0,0.0,0.0,0.0,26.8,31.37,72500.0,305830.0,0.0
2021-11-30 13:49:30,300557.SZ,28.14,28.18,29.12,28.18,28.7,621300.0,17941729.0,1867.0,28.7,2600.0,28.68,2900.0,28.65,100.0,28.63,500.0,28.62,700.0,0.0,0.0,0.0,0.0,0.0,0.0,0.0,0.0,0.0,0.0,28.73,300.0,28.74,3900.0,28.77,400.0,28.78,100.0,28.79,1500.0,0.0,0.0,0.0,0.0,0.0,0.0,0.0,0.0,0.0,0.0,26.8,31.37,72500.0,305530.0,0.0
2021-11-30 13:49:33,300557.SZ,28.14,28.18,29.12,28.18,28.7,623400.0,18001999.0,1869.0,28.7,500.0,28.68,2900.0,28.65,100.0,28.63,500.0,28.62,700.0,0.0,0.0,0.0,0.0,0.0,0.0,0.0,0.0,0.0,0.0,28.73,900.0,28.74,3600.0,28.77,400.0,28.78,100.0,28.79,1500.0,0.0,0.0,0.0,0.0,0.0,0.0,0.0,0.0,0.0,0.0,26.74,31.37,70400.0,305530.0,0.0
2021-11-30 13:49:36,300557.SZ,28.14,28.18,29.12,28.18,28.7,623600.0,18007739.0,1871.0,28.7,300.0,28.68,2900.0,28.65,100.0,28.63,500.0,28.62,700.0,0.0,0.0,0.0,0.0,0.0,0.0,0.0,0.0,0.0,0.0,28.73,1200.0,28.74,3500.0,28.77,400.0,28.78,100.0,28.79,1500.0,0.0,0.0,0.0,0.0,0.0,0.0,0.0,0.0,0.0,0.0,26.74,31.37,70200.0,305730.0,0.0
2021-11-30 13:49:42,300557.SZ,28.14,28.18,29.12,28.18,28.7,623600.0,18007739.0,1871.0,28.7,300.0,28.68,2900.0,28.65,100.0,28.63,500.0,28.62,700.0,0.0,0.0,0.0,0.0,0.0,0.0,0.0,0.0,0.0,0.0,28.73,1300.0,28.74,3500.0,28.77,400.0,28.78,100.0,28.79,1500.0,0.0,0.0,0.0,0.0,0.0,0.0,0.0,0.0,0.0,0.0,26.74,31.36,70200.0,305830.0,0.0
2021-11-30 13:49:48,300557.SZ,28.14,28.18,29.12,28.18,28.7,623600.0,18007739.0,1871.0,28.7,300.0,28.68,2900.0,28.65,100.0,28.63,500.0,28.62,700.0,0.0,0.0,0.0,0.0,0.0,0.0,0.0,0.0,0.0,0.0,28.72,800.0,28.73,600.0,28.74,3500.0,28.77,400.0,28.78,100.0,0.0,0.0,0.0,0.0,0.0,0.0,0.0,0.0,0.0,0.0,26.74,31.36,70200.0,305830.0,0.0
2021-11-30 13:50:03,300557.SZ,28.14,28.18,29.12,28.18,28.7,623600.0,18007739.0,1871.0,28.7,300.0,28.69,500.0,28.68,2900.0,28.65,100.0,28.63,500.0,0.0,0.0,0.0,0.0,0.0,0.0,0.0,0.0,0.0,0.0,28.72,800.0,28.73,600.0,28.74,3500.0,28.77,400.0,28.78,100.0,0.0,0.0,0.0,0.0,0.0,0.0,0.0,0.0,0.0,0.0,26.75,31.36,70700.0,305830.0,0.0
2021-11-30 13:50:12,300557.SZ,28.14,28.18,29.12,28.18,28.7,623600.0,18007739.0,1871.0,28.7,300.0,28.69,500.0,28.68,2900.0,28.65,100.0,28.63,500.0,0.0,0.0,0.0,0.0,0.0,0.0,0.0,0.0,0.0,0.0,28.72,1100.0,28.73,600.0,28.74,3500.0,28.77,400.0,28.78,100.0,0.0,0.0,0.0,0.0,0.0,0.0,0.0,0.0,0.0,0.0,26.73,31.36,69700.0,306130.0,0.0
2021-11-30 13:50:21,300557.SZ,28.14,28.18,29.12,28.18,28.7,623600.0,18007739.0,1871.0,28.7,300.0,28.69,500.0,28.68,2900.0,28.65,100.0,28.63,500.0,0.0,0.0,0.0,0.0,0.0,0.0,0.0,0.0,0.0,0.0,28.72,1100.0,28.73,600.0,28.74,500.0,28.77,400.0,28.78,100.0,0.0,0.0,0.0,0.0,0.0,0.0,0.0,0.0,0.0,0.0,26.73,31.39,69700.0,303130.0,0.0
2021-11-30 13:50:24,300557.SZ,28.14,28.18,29.12,28.18,28.7,623900.0,18016349.0,1872.0,28.69,500.0,28.68,2900.0,28.65,100.0,28.63,500.0,28.62,700.0,0.0,0.0,0.0,0.0,0.0,0.0,0.0,0.0,0.0,0.0,28.72,1100.0,28.73,600.0,28.74,500.0,28.77,400.0,28.78,100.0,0.0,0.0,0.0,0.0,0.0,0.0,0.0,0.0,0.0,0.0,26.75,31.39,70400.0,302930.0,0.0
2021-11-30 13:50:39,300557.SZ,28.14,28.18,29.12,28.18,28.69,624400.0,18030694.0,1874.0,28.68,2900.0,28.65,100.0,28.63,500.0,28.62,700.0,28.61,500.0,0.0,0.0,0.0,0.0,0.0,0.0,0.0,0.0,0.0,0.0,28.72,1100.0,28.73,600.0,28.74,500.0,28.77,400.0,28.78,100.0,0.0,0.0,0.0,0.0,0.0,0.0,0.0,0.0,0.0,0.0,26.73,31.39,69900.0,303130.0,0.0
2021-11-30 13:50:57,300557.SZ,28.14,28.18,29.12,28.18,28.68,627400.0,18116734.0,1878.0,28.65,100.0,28.63,500.0,28.62,700.0,28.61,500.0,28.6,600.0,0.0,0.0,0.0,0.0,0.0,0.0,0.0,0.0,0.0,0.0,28.69,200.0,28.72,1100.0,28.73,600.0,28.74,500.0,28.77,400.0,0.0,0.0,0.0,0.0,0.0,0.0,0.0,0.0,0.0,0.0,26.65,31.39,67000.0,303330.0,0.0
2021-11-30 13:51:03,300557.SZ,28.14,28.18,29.12,28.18,28.68,627400.0,18116734.0,1878.0,28.65,100.0,28.63,500.0,28.62,700.0,28.61,500.0,28.6,600.0,0.0,0.0,0.0,0.0,0.0,0.0,0.0,0.0,0.0,0.0,28.69,200.0,28.72,1100.0,28.73,500.0,28.74,500.0,28.77,400.0,0.0,0.0,0.0,0.0,0.0,0.0,0.0,0.0,0.0,0.0,26.65,31.39,67000.0,303230.0,0.0
2021-11-30 13:51:06,300557.SZ,28.14,28.18,29.12,28.18,28.69,627600.0,18122472.0,1879.0,28.66,500.0,28.65,100.0,28.63,500.0,28.62,700.0,28.61,500.0,0.0,0.0,0.0,0.0,0.0,0.0,0.0,0.0,0.0,0.0,28.69,100.0,28.72,1100.0,28.73,500.0,28.74,500.0,28.77,400.0,0.0,0.0,0.0,0.0,0.0,0.0,0.0,0.0,0.0,0.0,26.66,31.39,67500.0,303130.0,0.0
2021-11-30 13:51:09,300557.SZ,28.14,28.18,29.12,28.18,28.69,627700.0,18125341.0,1880.0,28.67,100.0,28.66,600.0,28.65,100.0,28.63,500.0,28.62,700.0,0.0,0.0,0.0,0.0,0.0,0.0,0.0,0.0,0.0,0.0,28.73,400.0,28.74,400.0,28.77,400.0,28.78,100.0,28.79,1500.0,0.0,0.0,0.0,0.0,0.0,0.0,0.0,0.0,0.0,0.0,26.67,31.4,67700.0,301730.0,0.0
2021-11-30 13:51:12,300557.SZ,28.14,28.18,29.12,28.18,28.69,627700.0,18125341.0,1880.0,28.67,100.0,28.66,700.0,28.65,100.0,28.63,500.0,28.62,700.0,0.0,0.0,0.0,0.0,0.0,0.0,0.0,0.0,0.0,0.0,28.73,400.0,28.74,400.0,28.77,400.0,28.78,100.0,28.79,1500.0,0.0,0.0,0.0,0.0,0.0,0.0,0.0,0.0,0.0,0.0,26.67,31.4,67800.0,301730.0,0.0
2021-11-30 13:51:18,300557.SZ,28.14,28.18,29.12,28.18,28.69,627700.0,18125341.0,1880.0,28.67,100.0,28.66,700.0,28.65,300.0,28.63,500.0,28.62,700.0,0.0,0.0,0.0,0.0,0.0,0.0,0.0,0.0,0.0,0.0,28.73,400.0,28.74,400.0,28.77,400.0,28.78,100.0,28.79,1500.0,0.0,0.0,0.0,0.0,0.0,0.0,0.0,0.0,0.0,0.0,26.68,31.4,68000.0,301730.0,0.0
2021-11-30 13:51:27,300557.SZ,28.14,28.18,29.12,28.18,28.69,627700.0,18125341.0,1880.0,28.67,300.0,28.66,2500.0,28.65,300.0,28.63,500.0,28.62,700.0,0.0,0.0,0.0,0.0,0.0,0.0,0.0,0.0,0.0,0.0,28.73,400.0,28.74,400.0,28.77,400.0,28.78,100.0,28.79,1500.0,0.0,0.0,0.0,0.0,0.0,0.0,0.0,0.0,0.0,0.0,26.73,31.4,70000.0,301730.0,0.0
2021-11-30 13:51:36,300557.SZ,28.14,28.18,29.12,28.18,28.69,627700.0,18125341.0,1880.0,28.67,800.0,28.66,2500.0,28.65,300.0,28.63,500.0,28.62,700.0,0.0,0.0,0.0,0.0,0.0,0.0,0.0,0.0,0.0,0.0,28.73,400.0,28.74,400.0,28.77,400.0,28.78,100.0,28.79,1500.0,0.0,0.0,0.0,0.0,0.0,0.0,0.0,0.0,0.0,0.0,26.75,31.4,70500.0,301730.0,0.0
2021-11-30 13:51:39,300557.SZ,28.14,28.18,29.12,28.18,28.69,627700.0,18125341.0,1880.0,28.67,800.0,28.66,2500.0,28.65,100.0,28.63,500.0,28.62,700.0,0.0,0.0,0.0,0.0,0.0,0.0,0.0,0.0,0.0,0.0,28.73,400.0,28.74,400.0,28.77,400.0,28.78,100.0,28.79,1500.0,0.0,0.0,0.0,0.0,0.0,0.0,0.0,0.0,0.0,0.0,26.74,31.4,70300.0,301730.0,0.0
2021-11-30 13:51:54,300557.SZ,28.14,28.18,29.12,28.18,28.69,627700.0,18125341.0,1880.0,28.68,200.0,28.67,800.0,28.66,2500.0,28.65,100.0,28.63,500.0,0.0,0.0,0.0,0.0,0.0,0.0,0.0,0.0,0.0,0.0,28.73,400.0,28.74,400.0,28.77,400.0,28.78,100.0,28.79,1500.0,0.0,0.0,0.0,0.0,0.0,0.0,0.0,0.0,0.0,0.0,26.75,31.4,70500.0,301730.0,0.0
2021-11-30 13:52:12,300557.SZ,28.14,28.18,29.12,28.18,28.73,628000.0,18133960.0,1882.0,28.68,200.0,28.67,800.0,28.66,2500.0,28.65,100.0,28.63,500.0,0.0,0.0,0.0,0.0,0.0,0.0,0.0,0.0,0.0,0.0,28.73,100.0,28.74,200.0,28.77,400.0,28.78,100.0,28.79,1500.0,0.0,0.0,0.0,0.0,0.0,0.0,0.0,0.0,0.0,0.0,26.75,31.4,70500.0,301230.0,0.0
2021-11-30 13:52:27,300557.SZ,28.14,28.18,29.12,28.18,28.66,629200.0,18168364.0,1887.0,28.66,2300.0,28.65,100.0,28.63,500.0,28.62,700.0,28.61,500.0,0.0,0.0,0.0,0.0,0.0,0.0,0.0,0.0,0.0,0.0,28.73,100.0,28.74,200.0,28.77,400.0,28.78,100.0,28.79,1500.0,0.0,0.0,0.0,0.0,0.0,0.0,0.0,0.0,0.0,0.0,26.71,31.4,69300.0,301230.0,0.0
2021-11-30 13:52:30,300557.SZ,28.14,28.18,29.12,28.18,28.68,629300.0,18171232.0,1888.0,28.66,2600.0,28.65,100.0,28.63,500.0,28.62,700.0,28.61,500.0,0.0,0.0,0.0,0.0,0.0,0.0,0.0,0.0,0.0,0.0,28.73,100.0,28.74,200.0,28.77,400.0,28.78,100.0,28.79,1500.0,0.0,0.0,0.0,0.0,0.0,0.0,0.0,0.0,0.0,0.0,26.72,31.4,69600.0,301230.0,0.0
2021-11-30 13:53:00,300557.SZ,28.14,28.18,29.12,28.18,28.66,629600.0,18179830.0,1889.0,28.67,300.0,28.66,2300.0,28.65,100.0,28.63,500.0,28.62,700.0,0.0,0.0,0.0,0.0,0.0,0.0,0.0,0.0,0.0,0.0,28.73,100.0,28.74,200.0,28.77,400.0,28.78,100.0,28.79,1500.0,0.0,0.0,0.0,0.0,0.0,0.0,0.0,0.0,0.0,0.0,26.72,31.4,69600.0,301230.0,0.0
2021-11-30 13:53:03,300557.SZ,28.14,28.18,29.12,28.18,28.66,629600.0,18179830.0,1889.0,28.67,300.0,28.66,2300.0,28.65,100.0,28.63,500.0,28.62,700.0,0.0,0.0,0.0,0.0,0.0,0.0,0.0,0.0,0.0,0.0,28.73,100.0,28.74,200.0,28.77,400.0,28.79,1500.0,28.83,1200.0,0.0,0.0,0.0,0.0,0.0,0.0,0.0,0.0,0.0,0.0,26.72,31.41,69600.0,301130.0,0.0
2021-11-30 13:53:24,300557.SZ,28.14,28.18,29.12,28.18,28.67,629800.0,18185564.0,1891.0,28.67,100.0,28.66,2300.0,28.65,100.0,28.63,500.0,28.62,700.0,0.0,0.0,0.0,0.0,0.0,0.0,0.0,0.0,0.0,0.0,28.73,100.0,28.74,200.0,28.77,400.0,28.79,1500.0,28.83,1200.0,0.0,0.0,0.0,0.0,0.0,0.0,0.0,0.0,0.0,0.0,26.72,31.41,69400.0,301130.0,0.0
2021-11-30 13:53:30,300557.SZ,28.14,28.18,29.12,28.18,28.7,629900.0,18188434.0,1892.0,28.7,200.0,28.67,100.0,28.66,2300.0,28.65,100.0,28.63,500.0,0.0,0.0,0.0,0.0,0.0,0.0,0.0,0.0,0.0,0.0,28.73,100.0,28.74,200.0,28.77,400.0,28.79,1500.0,28.83,1200.0,0.0,0.0,0.0,0.0,0.0,0.0,0.0,0.0,0.0,0.0,26.72,31.41,69600.0,301130.0,0.0
2021-11-30 13:53:36,300557.SZ,28.14,28.18,29.12,28.18,28.7,629900.0,18188434.0,1892.0,28.7,200.0,28.67,400.0,28.66,2300.0,28.65,100.0,28.63,500.0,0.0,0.0,0.0,0.0,0.0,0.0,0.0,0.0,0.0,0.0,28.73,100.0,28.74,200.0,28.77,400.0,28.79,1500.0,28.83,1200.0,0.0,0.0,0.0,0.0,0.0,0.0,0.0,0.0,0.0,0.0,26.73,31.41,69900.0,301130.0,0.0
2021-11-30 13:53:51,300557.SZ,28.14,28.18,29.12,28.18,28.7,629900.0,18188434.0,1892.0,28.7,200.0,28.67,400.0,28.66,2300.0,28.65,100.0,28.63,500.0,0.0,0.0,0.0,0.0,0.0,0.0,0.0,0.0,0.0,0.0,28.73,100.0,28.74,200.0,28.77,400.0,28.79,1500.0,28.83,1200.0,0.0,0.0,0.0,0.0,0.0,0.0,0.0,0.0,0.0,0.0,26.74,31.41,70400.0,301130.0,0.0
2021-11-30 13:54:06,300557.SZ,28.14,28.18,29.12,28.18,28.7,630100.0,18194174.0,1893.0,28.67,400.0,28.66,2300.0,28.65,100.0,28.63,500.0,28.62,700.0,0.0,0.0,0.0,0.0,0.0,0.0,0.0,0.0,0.0,0.0,28.73,100.0,28.74,200.0,28.77,400.0,28.79,1500.0,28.83,1200.0,0.0,0.0,0.0,0.0,0.0,0.0,0.0,0.0,0.0,0.0,26.74,31.41,70200.0,301130.0,0.0
2021-11-30 13:54:30,300557.SZ,28.14,28.18,29.12,28.18,28.7,630100.0,18194174.0,1893.0,28.67,400.0,28.66,2300.0,28.65,100.0,28.63,500.0,28.62,700.0,0.0,0.0,0.0,0.0,0.0,0.0,0.0,0.0,0.0,0.0,28.73,100.0,28.74,200.0,28.77,400.0,28.79,1500.0,28.83,1200.0,0.0,0.0,0.0,0.0,0.0,0.0,0.0,0.0,0.0,0.0,26.74,31.41,70400.0,301130.0,0.0
2021-11-30 13:54:33,300557.SZ,28.14,28.18,29.12,28.18,28.7,630100.0,18194174.0,1893.0,28.67,400.0,28.66,2300.0,28.65,100.0,28.63,500.0,28.62,700.0,0.0,0.0,0.0,0.0,0.0,0.0,0.0,0.0,0.0,0.0,28.73,300.0,28.74,200.0,28.77,400.0,28.79,1500.0,28.83,1200.0,0.0,0.0,0.0,0.0,0.0,0.0,0.0,0.0,0.0,0.0,26.74,31.4,70400.0,301330.0,0.0
2021-11-30 13:54:36,300557.SZ,28.14,28.18,29.12,28.18,28.7,630100.0,18194174.0,1893.0,28.67,400.0,28.66,2300.0,28.65,100.0,28.63,500.0,28.62,700.0,0.0,0.0,0.0,0.0,0.0,0.0,0.0,0.0,0.0,0.0,28.72,100.0,28.73,300.0,28.74,200.0,28.77,400.0,28.79,1500.0,0.0,0.0,0.0,0.0,0.0,0.0,0.0,0.0,0.0,0.0,26.74,31.4,70400.0,301430.0,0.0
2021-11-30 13:54:45,300557.SZ,28.14,28.18,29.12,28.18,28.7,630100.0,18194174.0,1893.0,28.68,100.0,28.67,400.0,28.66,2300.0,28.65,100.0,28.63,500.0,0.0,0.0,0.0,0.0,0.0,0.0,0.0,0.0,0.0,0.0,28.72,100.0,28.73,100.0,28.74,200.0,28.77,400.0,28.79,1500.0,0.0,0.0,0.0,0.0,0.0,0.0,0.0,0.0,0.0,0.0,26.74,31.4,70500.0,301230.0,0.0
2021-11-30 13:54:51,300557.SZ,28.14,28.18,29.12,28.18,28.7,630100.0,18194174.0,1893.0,28.68,100.0,28.67,400.0,28.66,2300.0,28.65,100.0,28.63,500.0,0.0,0.0,0.0,0.0,0.0,0.0,0.0,0.0,0.0,0.0,28.7,200.0,28.72,100.0,28.73,100.0,28.74,200.0,28.77,400.0,0.0,0.0,0.0,0.0,0.0,0.0,0.0,0.0,0.0,0.0,26.75,31.4,70700.0,301430.0,0.0
2021-11-30 13:54:54,300557.SZ,28.14,28.18,29.12,28.18,28.7,630100.0,18194174.0,1893.0,28.68,600.0,28.67,400.0,28.66,2300.0,28.65,100.0,28.63,500.0,0.0,0.0,0.0,0.0,0.0,0.0,0.0,0.0,0.0,0.0,28.7,200.0,28.72,100.0,28.73,100.0,28.74,200.0,28.77,400.0,0.0,0.0,0.0,0.0,0.0,0.0,0.0,0.0,0.0,0.0,26.76,31.4,71200.0,301430.0,0.0
2021-11-30 13:55:06,300557.SZ,28.14,28.18,29.12,28.18,28.7,630100.0,18194174.0,1893.0,28.68,600.0,28.67,100.0,28.66,2300.0,28.65,100.0,28.63,500.0,0.0,0.0,0.0,0.0,0.0,0.0,0.0,0.0,0.0,0.0,28.72,100.0,28.73,100.0,28.74,200.0,28.77,400.0,28.79,1500.0,0.0,0.0,0.0,0.0,0.0,0.0,0.0,0.0,0.0,0.0,26.75,31.4,70900.0,301230.0,0.0
2021-11-30 13:55:09,300557.SZ,28.14,28.18,29.12,28.18,28.7,630200.0,18197044.0,1894.0,28.68,600.0,28.67,100.0,28.66,2300.0,28.65,100.0,28.63,500.0,0.0,0.0,0.0,0.0,0.0,0.0,0.0,0.0,0.0,0.0,28.7,100.0,28.72,100.0,28.73,100.0,28.74,200.0,28.77,400.0,0.0,0.0,0.0,0.0,0.0,0.0,0.0,0.0,0.0,0.0,26.75,31.4,70900.0,301330.0,0.0
2021-11-30 13:55:21,300557.SZ,28.14,28.18,29.12,28.18,28.7,630200.0,18197044.0,1894.0,28.68,600.0,28.67,100.0,28.66,2300.0,28.65,100.0,28.63,500.0,0.0,0.0,0.0,0.0,0.0,0.0,0.0,0.0,0.0,0.0,28.7,400.0,28.72,100.0,28.73,100.0,28.74,200.0,28.77,400.0,0.0,0.0,0.0,0.0,0.0,0.0,0.0,0.0,0.0,0.0,26.75,31.4,70900.0,301630.0,0.0
2021-11-30 13:55:27,300557.SZ,28.14,28.18,29.12,28.18,28.7,630200.0,18197044.0,1894.0,28.68,600.0,28.67,100.0,28.66,2300.0,28.65,100.0,28.63,500.0,0.0,0.0,0.0,0.0,0.0,0.0,0.0,0.0,0.0,0.0,28.7,300.0,28.72,100.0,28.73,100.0,28.74,200.0,28.77,400.0,0.0,0.0,0.0,0.0,0.0,0.0,0.0,0.0,0.0,0.0,26.75,31.4,70900.0,301530.0,0.0
2021-11-30 13:55:39,300557.SZ,28.14,28.18,29.12,28.18,28.7,630200.0,18197044.0,1894.0,28.68,600.0,28.67,100.0,28.66,2300.0,28.65,100.0,28.63,500.0,0.0,0.0,0.0,0.0,0.0,0.0,0.0,0.0,0.0,0.0,28.7,200.0,28.72,100.0,28.73,100.0,28.74,200.0,28.77,400.0,0.0,0.0,0.0,0.0,0.0,0.0,0.0,0.0,0.0,0.0,26.75,31.4,70900.0,301430.0,0.0
2021-11-30 13:55:42,300557.SZ,28.14,28.18,29.12,28.18,28.7,630200.0,18197044.0,1894.0,28.68,600.0,28.67,100.0,28.66,2300.0,28.65,100.0,28.63,500.0,0.0,0.0,0.0,0.0,0.0,0.0,0.0,0.0,0.0,0.0,28.72,100.0,28.73,100.0,28.74,200.0,28.77,400.0,28.79,1500.0,0.0,0.0,0.0,0.0,0.0,0.0,0.0,0.0,0.0,0.0,26.75,31.4,70900.0,301230.0,0.0
2021-11-30 13:55:45,300557.SZ,28.14,28.18,29.12,28.18,28.68,630400.0,18202780.0,1896.0,28.68,400.0,28.67,100.0,28.66,2300.0,28.65,100.0,28.63,500.0,0.0,0.0,0.0,0.0,0.0,0.0,0.0,0.0,0.0,0.0,28.7,100.0,28.72,100.0,28.73,100.0,28.74,200.0,28.77,400.0,0.0,0.0,0.0,0.0,0.0,0.0,0.0,0.0,0.0,0.0,26.75,31.4,70700.0,301330.0,0.0
2021-11-30 13:55:48,300557.SZ,28.14,28.18,29.12,28.18,28.68,630900.0,18217120.0,1900.0,28.67,200.0,28.66,2300.0,28.65,100.0,28.63,500.0,28.62,700.0,0.0,0.0,0.0,0.0,0.0,0.0,0.0,0.0,0.0,0.0,28.72,100.0,28.73,100.0,28.74,200.0,28.77,400.0,28.79,1500.0,0.0,0.0,0.0,0.0,0.0,0.0,0.0,0.0,0.0,0.0,26.74,31.4,70400.0,301230.0,0.0
2021-11-30 13:55:57,300557.SZ,28.14,28.18,29.12,28.18,28.68,630900.0,18217120.0,1900.0,28.67,200.0,28.66,2300.0,28.65,100.0,28.63,500.0,28.62,700.0,0.0,0.0,0.0,0.0,0.0,0.0,0.0,0.0,0.0,0.0,28.7,300.0,28.72,100.0,28.73,100.0,28.74,200.0,28.77,400.0,0.0,0.0,0.0,0.0,0.0,0.0,0.0,0.0,0.0,0.0,26.74,31.4,70400.0,301530.0,0.0
2021-11-30 13:56:03,300557.SZ,28.14,28.18,29.12,28.18,28.67,631100.0,18222854.0,1902.0,28.66,2300.0,28.65,100.0,28.63,500.0,28.62,700.0,28.61,500.0,0.0,0.0,0.0,0.0,0.0,0.0,0.0,0.0,0.0,0.0,28.7,400.0,28.72,100.0,28.73,100.0,28.74,200.0,28.77,400.0,0.0,0.0,0.0,0.0,0.0,0.0,0.0,0.0,0.0,0.0,26.73,31.4,70200.0,301630.0,0.0
2021-11-30 13:56:06,300557.SZ,28.14,28.18,29.12,28.18,28.67,631100.0,18222854.0,1902.0,28.66,2300.0,28.65,100.0,28.63,500.0,28.62,700.0,28.61,500.0,0.0,0.0,0.0,0.0,0.0,0.0,0.0,0.0,0.0,0.0,28.7,400.0,28.73,100.0,28.74,200.0,28.77,400.0,28.79,1500.0,0.0,0.0,0.0,0.0,0.0,0.0,0.0,0.0,0.0,0.0,26.73,31.4,70200.0,301530.0,0.0
2021-11-30 13:56:09,300557.SZ,28.14,28.18,29.12,28.18,28.67,631200.0,18225721.0,1903.0,28.67,100.0,28.66,2300.0,28.65,100.0,28.63,500.0,28.62,700.0,0.0,0.0,0.0,0.0,0.0,0.0,0.0,0.0,0.0,0.0,28.68,200.0,28.73,100.0,28.79,1500.0,28.83,1200.0,28.84,200.0,0.0,0.0,0.0,0.0,0.0,0.0,0.0,0.0,0.0,0.0,26.74,31.41,70300.0,300630.0,0.0
2021-11-30 13:56:12,300557.SZ,28.14,28.18,29.12,28.18,28.67,631300.0,18228588.0,1904.0,28.66,2300.0,28.65,100.0,28.63,500.0,28.62,700.0,28.61,500.0,0.0,0.0,0.0,0.0,0.0,0.0,0.0,0.0,0.0,0.0,28.67,200.0,28.68,200.0,28.73,100.0,28.79,1500.0,28.83,1200.0,0.0,0.0,0.0,0.0,0.0,0.0,0.0,0.0,0.0,0.0,26.73,31.41,70200.0,300830.0,0.0
2021-11-30 13:56:18,300557.SZ,28.14,28.18,29.12,28.18,28.67,631500.0,18234322.0,1906.0,28.67,100.0,28.66,2800.0,28.65,100.0,28.63,500.0,28.62,700.0,0.0,0.0,0.0,0.0,0.0,0.0,0.0,0.0,0.0,0.0,28.68,200.0,28.73,100.0,28.79,1500.0,28.83,1200.0,28.84,200.0,0.0,0.0,0.0,0.0,0.0,0.0,0.0,0.0,0.0,0.0,26.75,31.41,70800.0,300630.0,0.0
2021-11-30 13:56:21,300557.SZ,28.14,28.18,29.12,28.18,28.67,631500.0,18234322.0,1906.0,28.67,100.0,28.66,2800.0,28.65,100.0,28.63,500.0,28.62,700.0,0.0,0.0,0.0,0.0,0.0,0.0,0.0,0.0,0.0,0.0,28.73,100.0,28.79,1500.0,28.83,1200.0,28.84,200.0,28.86,1200.0,0.0,0.0,0.0,0.0,0.0,0.0,0.0,0.0,0.0,0.0,26.75,31.41,70800.0,300430.0,0.0
2021-11-30 13:56:24,300557.SZ,28.14,28.18,29.12,28.18,28.67,631700.0,18240056.0,1908.0,28.69,100.0,28.68,100.0,28.66,2800.0,28.65,100.0,28.63,500.0,0.0,0.0,0.0,0.0,0.0,0.0,0.0,0.0,0.0,0.0,28.73,100.0,28.79,1500.0,28.83,1200.0,28.84,200.0,28.86,1200.0,0.0,0.0,0.0,0.0,0.0,0.0,0.0,0.0,0.0,0.0,26.75,31.41,70900.0,300430.0,0.0
2021-11-30 13:56:30,300557.SZ,28.14,28.18,29.12,28.18,28.69,631800.0,18242925.0,1909.0,28.68,100.0,28.66,2800.0,28.65,100.0,28.63,500.0,28.62,700.0,0.0,0.0,0.0,0.0,0.0,0.0,0.0,0.0,0.0,0.0,28.73,100.0,28.79,1500.0,28.83,1200.0,28.84,200.0,28.86,1200.0,0.0,0.0,0.0,0.0,0.0,0.0,0.0,0.0,0.0,0.0,26.75,31.41,70800.0,300430.0,0.0
2021-11-30 13:56:39,300557.SZ,28.14,28.18,29.12,28.18,28.69,631800.0,18242925.0,1909.0,28.66,2800.0,28.65,100.0,28.63,500.0,28.62,700.0,28.61,500.0,0.0,0.0,0.0,0.0,0.0,0.0,0.0,0.0,0.0,0.0,28.73,100.0,28.79,1500.0,28.83,1200.0,28.84,200.0,28.86,1200.0,0.0,0.0,0.0,0.0,0.0,0.0,0.0,0.0,0.0,0.0,26.75,31.41,70700.0,300430.0,0.0
2021-11-30 13:56:42,300557.SZ,28.14,28.18,29.12,28.18,28.69,631800.0,18242925.0,1909.0,28.66,3000.0,28.65,100.0,28.63,500.0,28.62,700.0,28.61,500.0,0.0,0.0,0.0,0.0,0.0,0.0,0.0,0.0,0.0,0.0,28.73,100.0,28.79,1500.0,28.83,1200.0,28.84,200.0,28.86,1200.0,0.0,0.0,0.0,0.0,0.0,0.0,0.0,0.0,0.0,0.0,26.75,31.41,70900.0,300430.0,0.0
2021-11-30 13:56:54,300557.SZ,28.14,28.18,29.12,28.18,28.66,632400.0,18260121.0,1910.0,28.67,1200.0,28.66,2400.0,28.65,100.0,28.63,500.0,28.62,700.0,0.0,0.0,0.0,0.0,0.0,0.0,0.0,0.0,0.0,0.0,28.73,100.0,28.79,1500.0,28.83,1200.0,28.84,200.0,28.86,1200.0,0.0,0.0,0.0,0.0,0.0,0.0,0.0,0.0,0.0,0.0,26.77,31.41,71500.0,300430.0,0.0
2021-11-30 13:56:57,300557.SZ,28.14,28.18,29.12,28.18,28.66,632400.0,18260121.0,1910.0,28.67,1400.0,28.66,2100.0,28.65,100.0,28.63,500.0,28.62,700.0,0.0,0.0,0.0,0.0,0.0,0.0,0.0,0.0,0.0,0.0,28.73,200.0,28.79,1500.0,28.83,1200.0,28.84,200.0,28.86,1200.0,0.0,0.0,0.0,0.0,0.0,0.0,0.0,0.0,0.0,0.0,26.77,31.41,71400.0,300530.0,0.0
2021-11-30 13:57:00,300557.SZ,28.14,28.18,29.12,28.18,28.66,632400.0,18260121.0,1910.0,28.67,1700.0,28.66,2100.0,28.65,100.0,28.63,500.0,28.62,700.0,0.0,0.0,0.0,0.0,0.0,0.0,0.0,0.0,0.0,0.0,28.73,800.0,28.79,1500.0,28.83,1200.0,28.84,200.0,28.86,1200.0,0.0,0.0,0.0,0.0,0.0,0.0,0.0,0.0,0.0,0.0,26.77,31.41,71700.0,301130.0,0.0
2021-11-30 13:58:00,300557.SZ,28.14,28.18,29.12,28.18,28.66,632400.0,18260121.0,1910.0,28.67,1700.0,28.66,2100.0,28.65,100.0,28.63,500.0,28.62,700.0,0.0,0.0,0.0,0.0,0.0,0.0,0.0,0.0,0.0,0.0,28.73,800.0,28.79,1500.0,28.83,1200.0,28.84,200.0,28.86,1200.0,0.0,0.0,0.0,0.0,0.0,0.0,0.0,0.0,0.0,0.0,26.77,31.4,71700.0,301630.0,0.0
2021-11-30 13:58:06,300557.SZ,28.14,28.18,29.12,28.18,28.73,633100.0,18280232.0,1915.0,28.69,100.0,28.68,100.0,28.67,1700.0,28.66,2100.0,28.65,100.0,0.0,0.0,0.0,0.0,0.0,0.0,0.0,0.0,0.0,0.0,28.73,100.0,28.79,1500.0,28.83,1200.0,28.84,200.0,28.86,1200.0,0.0,0.0,0.0,0.0,0.0,0.0,0.0,0.0,0.0,0.0,26.78,31.41,71900.0,300930.0,0.0
2021-11-30 13:58:09,300557.SZ,28.14,28.18,29.12,28.18,28.73,633200.0,18283105.0,1916.0,28.7,100.0,28.69,400.0,28.68,100.0,28.67,1200.0,28.66,1900.0,0.0,0.0,0.0,0.0,0.0,0.0,0.0,0.0,0.0,0.0,28.79,1500.0,28.83,1200.0,28.84,200.0,28.86,1200.0,28.89,200.0,0.0,0.0,0.0,0.0,0.0,0.0,0.0,0.0,0.0,0.0,26.77,31.41,71600.0,300830.0,0.0
2021-11-30 13:58:12,300557.SZ,28.14,28.18,29.12,28.18,28.7,633400.0,18288845.0,1918.0,28.7,100.0,28.69,600.0,28.68,100.0,28.67,1200.0,28.66,1900.0,0.0,0.0,0.0,0.0,0.0,0.0,0.0,0.0,0.0,0.0,28.79,1500.0,28.83,1200.0,28.84,200.0,28.86,1200.0,28.89,200.0,0.0,0.0,0.0,0.0,0.0,0.0,0.0,0.0,0.0,0.0,26.78,31.41,71800.0,300830.0,0.0
2021-11-30 13:58:15,300557.SZ,28.14,28.18,29.12,28.18,28.7,634000.0,18306064.0,1924.0,28.69,500.0,28.68,100.0,28.67,1200.0,28.66,1900.0,28.65,100.0,0.0,0.0,0.0,0.0,0.0,0.0,0.0,0.0,0.0,0.0,28.7,300.0,28.79,1500.0,28.8,200.0,28.83,1200.0,28.84,200.0,0.0,0.0,0.0,0.0,0.0,0.0,0.0,0.0,0.0,0.0,26.77,31.4,71600.0,301330.0,0.0
2021-11-30 13:58:18,300557.SZ,28.14,28.18,29.12,28.18,28.7,634000.0,18306064.0,1924.0,28.69,500.0,28.68,100.0,28.67,1200.0,28.66,1900.0,28.65,100.0,0.0,0.0,0.0,0.0,0.0,0.0,0.0,0.0,0.0,0.0,28.7,300.0,28.79,1500.0,28.8,300.0,28.83,1200.0,28.84,200.0,0.0,0.0,0.0,0.0,0.0,0.0,0.0,0.0,0.0,0.0,26.77,31.4,71600.0,301430.0,0.0
2021-11-30 13:58:21,300557.SZ,28.14,28.18,29.12,28.18,28.7,634100.0,18308934.0,1925.0,28.69,500.0,28.68,100.0,28.67,1200.0,28.66,1900.0,28.65,100.0,0.0,0.0,0.0,0.0,0.0,0.0,0.0,0.0,0.0,0.0,28.7,200.0,28.79,1500.0,28.8,100.0,28.83,1200.0,28.84,200.0,0.0,0.0,0.0,0.0,0.0,0.0,0.0,0.0,0.0,0.0,26.77,31.41,71600.0,301130.0,0.0
2021-11-30 13:58:24,300557.SZ,28.14,28.18,29.12,28.18,28.7,634100.0,18308934.0,1925.0,28.69,500.0,28.68,100.0,28.67,1200.0,28.66,1900.0,28.65,100.0,0.0,0.0,0.0,0.0,0.0,0.0,0.0,0.0,0.0,0.0,28.7,200.0,28.79,1500.0,28.83,1200.0,28.84,200.0,28.86,1200.0,0.0,0.0,0.0,0.0,0.0,0.0,0.0,0.0,0.0,0.0,26.77,31.41,71600.0,301030.0,0.0
2021-11-30 13:58:27,300557.SZ,28.14,28.18,29.12,28.18,28.7,634200.0,18311804.0,1926.0,28.69,500.0,28.68,100.0,28.67,1200.0,28.66,1900.0,28.65,100.0,0.0,0.0,0.0,0.0,0.0,0.0,0.0,0.0,0.0,0.0,28.7,100.0,28.79,1500.0,28.83,1200.0,28.84,200.0,28.86,1200.0,0.0,0.0,0.0,0.0,0.0,0.0,0.0,0.0,0.0,0.0,26.77,31.41,71600.0,300930.0,0.0
2021-11-30 13:58:30,300557.SZ,28.14,28.18,29.12,28.18,28.7,634300.0,18314674.0,1927.0,28.7,400.0,28.69,500.0,28.68,100.0,28.67,1200.0,28.66,1900.0,0.0,0.0,0.0,0.0,0.0,0.0,0.0,0.0,0.0,0.0,28.79,1500.0,28.83,1200.0,28.84,200.0,28.86,1200.0,28.89,200.0,0.0,0.0,0.0,0.0,0.0,0.0,0.0,0.0,0.0,0.0,26.78,31.41,72000.0,300830.0,0.0
2021-11-30 13:58:33,300557.SZ,28.14,28.18,29.12,28.18,28.7,634500.0,18320414.0,1929.0,28.7,200.0,28.69,500.0,28.68,100.0,28.67,1200.0,28.66,1900.0,0.0,0.0,0.0,0.0,0.0,0.0,0.0,0.0,0.0,0.0,28.79,1500.0,28.83,1200.0,28.84,200.0,28.86,1200.0,28.89,200.0,0.0,0.0,0.0,0.0,0.0,0.0,0.0,0.0,0.0,0.0,26.78,31.41,71800.0,300830.0,0.0
2021-11-30 13:58:36,300557.SZ,28.14,28.18,29.12,28.18,28.7,634600.0,18323284.0,1930.0,28.7,100.0,28.69,500.0,28.68,100.0,28.67,1200.0,28.66,1900.0,0.0,0.0,0.0,0.0,0.0,0.0,0.0,0.0,0.0,0.0,28.79,1700.0,28.83,1200.0,28.84,200.0,28.86,1200.0,28.89,200.0,0.0,0.0,0.0,0.0,0.0,0.0,0.0,0.0,0.0,0.0,26.77,31.41,71700.0,301030.0,0.0
2021-11-30 13:58:39,300557.SZ,28.14,28.18,29.12,28.18,28.7,634700.0,18326154.0,1931.0,28.69,500.0,28.68,100.0,28.67,1200.0,28.66,1900.0,28.65,100.0,0.0,0.0,0.0,0.0,0.0,0.0,0.0,0.0,0.0,0.0,28.7,100.0,28.79,1800.0,28.83,1200.0,28.84,200.0,28.86,1200.0,0.0,0.0,0.0,0.0,0.0,0.0,0.0,0.0,0.0,0.0,26.77,31.4,71600.0,301230.0,0.0
2021-11-30 13:58:42,300557.SZ,28.14,28.18,29.12,28.18,28.7,634700.0,18326154.0,1931.0,28.69,500.0,28.68,100.0,28.67,1200.0,28.66,1900.0,28.65,100.0,0.0,0.0,0.0,0.0,0.0,0.0,0.0,0.0,0.0,0.0,28.7,100.0,28.79,1900.0,28.8,200.0,28.83,1200.0,28.84,200.0,0.0,0.0,0.0,0.0,0.0,0.0,0.0,0.0,0.0,0.0,26.77,31.4,71600.0,301530.0,0.0
2021-11-30 13:58:45,300557.SZ,28.14,28.18,29.12,28.18,28.7,634700.0,18326154.0,1931.0,28.69,500.0,28.68,100.0,28.67,1200.0,28.66,1900.0,28.65,100.0,0.0,0.0,0.0,0.0,0.0,0.0,0.0,0.0,0.0,0.0,28.7,100.0,28.79,1700.0,28.8,100.0,28.83,1200.0,28.84,200.0,0.0,0.0,0.0,0.0,0.0,0.0,0.0,0.0,0.0,0.0,26.77,31.41,71600.0,300730.0,0.0
2021-11-30 13:58:48,300557.SZ,28.14,28.18,29.12,28.18,28.7,634700.0,18326154.0,1931.0,28.69,500.0,28.68,100.0,28.67,1200.0,28.66,1900.0,28.65,100.0,0.0,0.0,0.0,0.0,0.0,0.0,0.0,0.0,0.0,0.0,28.7,100.0,28.79,1700.0,28.8,100.0,28.83,1200.0,28.84,200.0,0.0,0.0,0.0,0.0,0.0,0.0,0.0,0.0,0.0,0.0,26.82,31.41,73600.0,300730.0,0.0
2021-11-30 13:58:51,300557.SZ,28.14,28.18,29.12,28.18,28.7,634700.0,18326154.0,1931.0,28.69,500.0,28.68,100.0,28.67,1200.0,28.66,1900.0,28.65,100.0,0.0,0.0,0.0,0.0,0.0,0.0,0.0,0.0,0.0,0.0,28.7,100.0,28.79,1600.0,28.83,1200.0,28.84,200.0,28.86,1200.0,0.0,0.0,0.0,0.0,0.0,0.0,0.0,0.0,0.0,0.0,26.82,31.41,73600.0,300530.0,0.0
2021-11-30 13:58:54,300557.SZ,28.14,28.18,29.12,28.18,28.7,634700.0,18326154.0,1931.0,28.69,500.0,28.68,100.0,28.67,1200.0,28.66,1900.0,28.65,100.0,0.0,0.0,0.0,0.0,0.0,0.0,0.0,0.0,0.0,0.0,28.7,100.0,28.79,1500.0,28.83,1200.0,28.84,200.0,28.86,1200.0,0.0,0.0,0.0,0.0,0.0,0.0,0.0,0.0,0.0,0.0,26.82,31.41,73600.0,300430.0,0.0
2021-11-30 13:59:42,300557.SZ,28.14,28.18,29.12,28.18,28.7,634800.0,18329024.0,1932.0,28.73,200.0,28.7,300.0,28.69,500.0,28.68,100.0,28.67,1200.0,0.0,0.0,0.0,0.0,0.0,0.0,0.0,0.0,0.0,0.0,28.79,1500.0,28.83,1200.0,28.84,200.0,28.86,1200.0,28.89,200.0,0.0,0.0,0.0,0.0,0.0,0.0,0.0,0.0,0.0,0.0,26.83,31.41,74100.0,300330.0,0.0
2021-11-30 13:59:45,300557.SZ,28.14,28.18,29.12,28.18,28.73,635000.0,18334770.0,1934.0,28.7,300.0,28.69,500.0,28.68,100.0,28.67,1200.0,28.66,1900.0,0.0,0.0,0.0,0.0,0.0,0.0,0.0,0.0,0.0,0.0,28.73,100.0,28.79,1600.0,28.83,1200.0,28.84,200.0,28.86,1200.0,0.0,0.0,0.0,0.0,0.0,0.0,0.0,0.0,0.0,0.0,26.83,31.41,73900.0,300530.0,0.0
2021-11-30 13:59:48,300557.SZ,28.14,28.18,29.12,28.18,28.73,635000.0,18334770.0,1934.0,28.7,300.0,28.69,500.0,28.68,100.0,28.67,1200.0,28.66,1900.0,0.0,0.0,0.0,0.0,0.0,0.0,0.0,0.0,0.0,0.0,28.73,600.0,28.79,1600.0,28.8,200.0,28.83,1200.0,28.84,200.0,0.0,0.0,0.0,0.0,0.0,0.0,0.0,0.0,0.0,0.0,26.83,31.4,73900.0,301230.0,0.0
2021-11-30 13:59:51,300557.SZ,28.14,28.18,29.12,28.18,28.73,635000.0,18334770.0,1934.0,28.7,300.0,28.69,500.0,28.68,100.0,28.67,1200.0,28.66,1900.0,0.0,0.0,0.0,0.0,0.0,0.0,0.0,0.0,0.0,0.0,28.73,600.0,28.79,1600.0,28.8,300.0,28.83,1200.0,28.84,200.0,0.0,0.0,0.0,0.0,0.0,0.0,0.0,0.0,0.0,0.0,26.83,31.4,73900.0,301330.0,0.0
2021-11-30 13:59:54,300557.SZ,28.14,28.18,29.12,28.18,28.73,635000.0,18334770.0,1934.0,28.7,300.0,28.69,500.0,28.68,100.0,28.67,1200.0,28.66,1900.0,0.0,0.0,0.0,0.0,0.0,0.0,0.0,0.0,0.0,0.0,28.73,1000.0,28.79,1600.0,28.8,400.0,28.83,1200.0,28.84,200.0,0.0,0.0,0.0,0.0,0.0,0.0,0.0,0.0,0.0,0.0,26.83,31.4,73900.0,301830.0,0.0
2021-11-30 14:00:00,300557.SZ,28.14,28.18,29.12,28.18,28.73,635000.0,18334770.0,1934.0,28.7,300.0,28.69,500.0,28.68,100.0,28.67,1200.0,28.66,1900.0,0.0,0.0,0.0,0.0,0.0,0.0,0.0,0.0,0.0,0.0,28.73,900.0,28.79,1600.0,28.8,400.0,28.83,1200.0,28.84,200.0,0.0,0.0,0.0,0.0,0.0,0.0,0.0,0.0,0.0,0.0,26.83,31.4,73900.0,301730.0,0.0
2021-11-30 14:00:06,300557.SZ,28.14,28.18,29.12,28.18,28.73,635000.0,18334770.0,1934.0,28.7,300.0,28.69,500.0,28.68,100.0,28.67,1200.0,28.66,1900.0,0.0,0.0,0.0,0.0,0.0,0.0,0.0,0.0,0.0,0.0,28.73,900.0,28.79,1600.0,28.8,400.0,28.83,1200.0,28.84,200.0,0.0,0.0,0.0,0.0,0.0,0.0,0.0,0.0,0.0,0.0,26.83,31.4,73900.0,301930.0,0.0
2021-11-30 14:00:09,300557.SZ,28.14,28.18,29.12,28.18,28.73,635000.0,18334770.0,1934.0,28.7,300.0,28.69,500.0,28.68,100.0,28.67,1200.0,28.66,1900.0,0.0,0.0,0.0,0.0,0.0,0.0,0.0,0.0,0.0,0.0,28.72,100.0,28.73,900.0,28.79,1600.0,28.8,400.0,28.83,1200.0,0.0,0.0,0.0,0.0,0.0,0.0,0.0,0.0,0.0,0.0,26.83,31.4,73900.0,302030.0,0.0
2021-11-30 14:00:12,300557.SZ,28.14,28.18,29.12,28.18,28.73,635000.0,18334770.0,1934.0,28.7,300.0,28.69,500.0,28.68,100.0,28.67,1200.0,28.66,1900.0,0.0,0.0,0.0,0.0,0.0,0.0,0.0,0.0,0.0,0.0,28.72,100.0,28.73,600.0,28.79,1600.0,28.8,400.0,28.83,1200.0,0.0,0.0,0.0,0.0,0.0,0.0,0.0,0.0,0.0,0.0,26.83,31.4,73900.0,301730.0,0.0
2021-11-30 14:00:15,300557.SZ,28.14,28.18,29.12,28.18,28.73,635000.0,18334770.0,1934.0,28.7,300.0,28.69,500.0,28.68,100.0,28.67,1200.0,28.66,1900.0,0.0,0.0,0.0,0.0,0.0,0.0,0.0,0.0,0.0,0.0,28.72,100.0,28.73,400.0,28.79,1600.0,28.8,200.0,28.83,1200.0,0.0,0.0,0.0,0.0,0.0,0.0,0.0,0.0,0.0,0.0,26.83,31.4,73900.0,301330.0,0.0
2021-11-30 14:00:18,300557.SZ,28.14,28.18,29.12,28.18,28.73,635000.0,18334770.0,1934.0,28.7,300.0,28.69,500.0,28.68,100.0,28.67,1200.0,28.66,1900.0,0.0,0.0,0.0,0.0,0.0,0.0,0.0,0.0,0.0,0.0,28.72,300.0,28.73,400.0,28.79,1600.0,28.83,1200.0,28.84,200.0,0.0,0.0,0.0,0.0,0.0,0.0,0.0,0.0,0.0,0.0,26.83,31.41,73900.0,301130.0,0.0
2021-11-30 14:00:21,300557.SZ,28.14,28.18,29.12,28.18,28.67,636100.0,18366327.0,1942.0,28.67,1000.0,28.66,1900.0,28.65,100.0,28.63,500.0,28.62,700.0,0.0,0.0,0.0,0.0,0.0,0.0,0.0,0.0,0.0,0.0,28.7,200.0,28.72,600.0,28.73,400.0,28.79,1600.0,28.83,1200.0,0.0,0.0,0.0,0.0,0.0,0.0,0.0,0.0,0.0,0.0,26.8,31.4,72800.0,301630.0,0.0
2021-11-30 14:00:24,300557.SZ,28.14,28.18,29.12,28.18,28.67,636100.0,18366327.0,1942.0,28.67,1000.0,28.66,1900.0,28.65,100.0,28.63,500.0,28.62,700.0,0.0,0.0,0.0,0.0,0.0,0.0,0.0,0.0,0.0,0.0,28.68,500.0,28.7,200.0,28.72,600.0,28.73,400.0,28.79,1600.0,0.0,0.0,0.0,0.0,0.0,0.0,0.0,0.0,0.0,0.0,26.8,31.4,72800.0,302130.0,0.0
2021-11-30 14:00:27,300557.SZ,28.14,28.18,29.12,28.18,28.67,636800.0,18386396.0,1943.0,28.67,300.0,28.66,1900.0,28.65,100.0,28.63,500.0,28.62,700.0,0.0,0.0,0.0,0.0,0.0,0.0,0.0,0.0,0.0,0.0,28.68,500.0,28.7,200.0,28.72,400.0,28.73,400.0,28.79,1600.0,0.0,0.0,0.0,0.0,0.0,0.0,0.0,0.0,0.0,0.0,26.78,31.4,72100.0,301930.0,0.0
2021-11-30 14:00:30,300557.SZ,28.14,28.18,29.12,28.18,28.67,636800.0,18386396.0,1943.0,28.67,300.0,28.66,1900.0,28.65,100.0,28.63,500.0,28.62,700.0,0.0,0.0,0.0,0.0,0.0,0.0,0.0,0.0,0.0,0.0,28.68,800.0,28.7,200.0,28.72,300.0,28.73,400.0,28.79,1600.0,0.0,0.0,0.0,0.0,0.0,0.0,0.0,0.0,0.0,0.0,26.78,31.4,72100.0,302130.0,0.0
2021-11-30 14:01:12,300557.SZ,28.14,28.18,29.12,28.18,28.67,636800.0,18386396.0,1943.0,28.67,300.0,28.66,1900.0,28.65,100.0,28.63,500.0,28.62,700.0,0.0,0.0,0.0,0.0,0.0,0.0,0.0,0.0,0.0,0.0,28.68,800.0,28.7,200.0,28.73,400.0,28.79,1600.0,28.83,1200.0,0.0,0.0,0.0,0.0,0.0,0.0,0.0,0.0,0.0,0.0,26.78,31.4,72100.0,301830.0,0.0
2021-11-30 14:01:45,300557.SZ,28.14,28.18,29.12,28.18,28.67,636800.0,18386396.0,1943.0,28.67,400.0,28.66,1900.0,28.65,100.0,28.63,500.0,28.62,700.0,0.0,0.0,0.0,0.0,0.0,0.0,0.0,0.0,0.0,0.0,28.68,800.0,28.7,200.0,28.73,400.0,28.79,1500.0,28.83,1200.0,0.0,0.0,0.0,0.0,0.0,0.0,0.0,0.0,0.0,0.0,26.78,31.4,72200.0,301730.0,0.0
2021-11-30 14:01:57,300557.SZ,28.14,28.18,29.12,28.18,28.67,637100.0,18394997.0,1944.0,28.67,100.0,28.66,1900.0,28.65,100.0,28.63,500.0,28.62,700.0,0.0,0.0,0.0,0.0,0.0,0.0,0.0,0.0,0.0,0.0,28.68,800.0,28.7,200.0,28.73,400.0,28.79,1500.0,28.83,1200.0,0.0,0.0,0.0,0.0,0.0,0.0,0.0,0.0,0.0,0.0,26.78,31.4,71900.0,301730.0,0.0
2021-11-30 14:02:15,300557.SZ,28.14,28.18,29.12,28.18,28.67,637200.0,18397864.0,1945.0,28.66,1900.0,28.65,100.0,28.63,500.0,28.62,700.0,28.61,500.0,0.0,0.0,0.0,0.0,0.0,0.0,0.0,0.0,0.0,0.0,28.68,800.0,28.7,200.0,28.73,400.0,28.79,1500.0,28.83,1200.0,0.0,0.0,0.0,0.0,0.0,0.0,0.0,0.0,0.0,0.0,26.77,31.4,71800.0,301730.0,0.0
2021-11-30 14:02:18,300557.SZ,28.14,28.18,29.12,28.18,28.66,638000.0,18420792.0,1946.0,28.66,1100.0,28.65,100.0,28.63,500.0,28.62,700.0,28.61,500.0,0.0,0.0,0.0,0.0,0.0,0.0,0.0,0.0,0.0,0.0,28.68,800.0,28.7,200.0,28.73,400.0,28.79,1500.0,28.83,1200.0,0.0,0.0,0.0,0.0,0.0,0.0,0.0,0.0,0.0,0.0,26.75,31.4,71000.0,301730.0,0.0
2021-11-30 14:02:21,300557.SZ,28.14,28.18,29.12,28.18,28.66,638900.0,18446586.0,1949.0,28.66,200.0,28.65,100.0,28.63,500.0,28.62,700.0,28.61,500.0,0.0,0.0,0.0,0.0,0.0,0.0,0.0,0.0,0.0,0.0,28.68,1000.0,28.7,200.0,28.73,400.0,28.79,1500.0,28.83,1200.0,0.0,0.0,0.0,0.0,0.0,0.0,0.0,0.0,0.0,0.0,26.73,31.4,70100.0,301930.0,0.0
2021-11-30 14:02:24,300557.SZ,28.14,28.18,29.12,28.18,28.66,639000.0,18449452.0,1950.0,28.66,100.0,28.65,100.0,28.63,500.0,28.62,700.0,28.61,500.0,0.0,0.0,0.0,0.0,0.0,0.0,0.0,0.0,0.0,0.0,28.68,1000.0,28.7,200.0,28.73,400.0,28.79,1500.0,28.83,1200.0,0.0,0.0,0.0,0.0,0.0,0.0,0.0,0.0,0.0,0.0,26.72,31.4,70000.0,301930.0,0.0
2021-11-30 14:02:27,300557.SZ,28.14,28.18,29.12,28.18,28.66,639000.0,18449452.0,1950.0,28.66,100.0,28.65,100.0,28.63,500.0,28.62,700.0,28.61,500.0,0.0,0.0,0.0,0.0,0.0,0.0,0.0,0.0,0.0,0.0,28.67,100.0,28.68,800.0,28.7,200.0,28.73,400.0,28.79,1500.0,0.0,0.0,0.0,0.0,0.0,0.0,0.0,0.0,0.0,0.0,26.72,31.4,70000.0,301830.0,0.0
2021-11-30 14:02:33,300557.SZ,28.14,28.18,29.12,28.18,28.66,639100.0,18452318.0,1951.0,28.65,100.0,28.63,500.0,28.62,700.0,28.61,500.0,28.6,600.0,0.0,0.0,0.0,0.0,0.0,0.0,0.0,0.0,0.0,0.0,28.66,300.0,28.67,100.0,28.68,800.0,28.7,200.0,28.73,400.0,0.0,0.0,0.0,0.0,0.0,0.0,0.0,0.0,0.0,0.0,26.72,31.4,69900.0,302130.0,0.0
2021-11-30 14:02:36,300557.SZ,28.14,28.18,29.12,28.18,28.68,640100.0,18480991.0,1958.0,28.65,100.0,28.63,500.0,28.62,700.0,28.61,500.0,28.6,600.0,0.0,0.0,0.0,0.0,0.0,0.0,0.0,0.0,0.0,0.0,28.67,100.0,28.68,100.0,28.7,200.0,28.73,400.0,28.79,1500.0,0.0,0.0,0.0,0.0,0.0,0.0,0.0,0.0,0.0,0.0,26.72,31.41,69900.0,301130.0,0.0
2021-11-30 14:02:39,300557.SZ,28.14,28.18,29.12,28.18,28.67,640200.0,18483858.0,1959.0,28.67,100.0,28.65,100.0,28.63,500.0,28.62,700.0,28.61,500.0,0.0,0.0,0.0,0.0,0.0,0.0,0.0,0.0,0.0,0.0,28.68,100.0,28.7,200.0,28.73,400.0,28.79,1500.0,28.83,1200.0,0.0,0.0,0.0,0.0,0.0,0.0,0.0,0.0,0.0,0.0,26.72,31.41,70000.0,301030.0,0.0
2021-11-30 14:02:45,300557.SZ,28.14,28.18,29.12,28.18,28.67,640200.0,18483858.0,1959.0,28.67,100.0,28.65,100.0,28.64,300.0,28.63,500.0,28.62,700.0,0.0,0.0,0.0,0.0,0.0,0.0,0.0,0.0,0.0,0.0,28.68,100.0,28.7,200.0,28.73,400.0,28.78,200.0,28.79,1500.0,0.0,0.0,0.0,0.0,0.0,0.0,0.0,0.0,0.0,0.0,26.73,31.4,70300.0,301230.0,0.0
2021-11-30 14:02:54,300557.SZ,28.14,28.18,29.12,28.18,28.67,640200.0,18483858.0,1959.0,28.67,100.0,28.66,1000.0,28.65,100.0,28.64,300.0,28.63,500.0,0.0,0.0,0.0,0.0,0.0,0.0,0.0,0.0,0.0,0.0,28.68,100.0,28.7,200.0,28.73,400.0,28.78,200.0,28.79,1500.0,0.0,0.0,0.0,0.0,0.0,0.0,0.0,0.0,0.0,0.0,26.76,31.4,71300.0,301230.0,0.0
2021-11-30 14:03:06,300557.SZ,28.14,28.18,29.12,28.18,28.68,640300.0,18486726.0,1960.0,28.67,100.0,28.66,1000.0,28.65,100.0,28.64,300.0,28.63,500.0,0.0,0.0,0.0,0.0,0.0,0.0,0.0,0.0,0.0,0.0,28.7,200.0,28.73,400.0,28.78,200.0,28.79,1500.0,28.83,1200.0,0.0,0.0,0.0,0.0,0.0,0.0,0.0,0.0,0.0,0.0,26.76,31.41,71300.0,301130.0,0.0
2021-11-30 14:03:15,300557.SZ,28.14,28.18,29.12,28.18,28.68,640300.0,18486726.0,1960.0,28.67,100.0,28.66,1000.0,28.65,100.0,28.63,500.0,28.62,700.0,0.0,0.0,0.0,0.0,0.0,0.0,0.0,0.0,0.0,0.0,28.7,200.0,28.73,400.0,28.78,200.0,28.79,1500.0,28.83,1200.0,0.0,0.0,0.0,0.0,0.0,0.0,0.0,0.0,0.0,0.0,26.75,31.41,71000.0,301130.0,0.0
2021-11-30 14:03:18,300557.SZ,28.14,28.18,29.12,28.18,28.68,640300.0,18486726.0,1960.0,28.66,1000.0,28.65,100.0,28.63,500.0,28.62,700.0,28.61,500.0,0.0,0.0,0.0,0.0,0.0,0.0,0.0,0.0,0.0,0.0,28.7,200.0,28.73,400.0,28.78,200.0,28.79,1500.0,28.83,1200.0,0.0,0.0,0.0,0.0,0.0,0.0,0.0,0.0,0.0,0.0,26.75,31.41,70900.0,301130.0,0.0
2021-11-30 14:03:24,300557.SZ,28.14,28.18,29.12,28.18,28.68,640300.0,18486726.0,1960.0,28.66,1000.0,28.65,100.0,28.63,500.0,28.62,700.0,28.61,500.0,0.0,0.0,0.0,0.0,0.0,0.0,0.0,0.0,0.0,0.0,28.7,200.0,28.73,400.0,28.78,200.0,28.79,1500.0,28.83,1200.0,0.0,0.0,0.0,0.0,0.0,0.0,0.0,0.0,0.0,0.0,26.72,31.41,69900.0,301130.0,0.0
2021-11-30 14:03:33,300557.SZ,28.14,28.18,29.12,28.18,28.68,640300.0,18486726.0,1960.0,28.67,2100.0,28.66,1100.0,28.65,100.0,28.63,500.0,28.62,700.0,0.0,0.0,0.0,0.0,0.0,0.0,0.0,0.0,0.0,0.0,28.7,200.0,28.73,400.0,28.78,200.0,28.79,1500.0,28.83,1200.0,0.0,0.0,0.0,0.0,0.0,0.0,0.0,0.0,0.0,0.0,26.78,31.41,72100.0,301130.0,0.0
2021-11-30 14:03:36,300557.SZ,28.14,28.18,29.12,28.18,28.68,640300.0,18486726.0,1960.0,28.67,2100.0,28.66,1100.0,28.65,100.0,28.63,500.0,28.62,700.0,0.0,0.0,0.0,0.0,0.0,0.0,0.0,0.0,0.0,0.0,28.7,200.0,28.73,400.0,28.78,200.0,28.79,1500.0,28.83,1200.0,0.0,0.0,0.0,0.0,0.0,0.0,0.0,0.0,0.0,0.0,26.81,31.41,73100.0,301130.0,0.0
2021-11-30 14:04:00,300557.SZ,28.14,28.18,29.12,28.18,28.7,640600.0,18495332.0,1962.0,28.68,3700.0,28.67,2100.0,28.66,1100.0,28.65,100.0,28.63,500.0,0.0,0.0,0.0,0.0,0.0,0.0,0.0,0.0,0.0,0.0,28.7,100.0,28.73,400.0,28.78,200.0,28.79,1500.0,28.83,1200.0,0.0,0.0,0.0,0.0,0.0,0.0,0.0,0.0,0.0,0.0,26.9,31.41,76800.0,301030.0,0.0
2021-11-30 14:04:03,300557.SZ,28.14,28.18,29.12,28.18,28.7,640700.0,18498202.0,1963.0,28.68,3700.0,28.67,2100.0,28.66,1000.0,28.65,100.0,28.63,500.0,0.0,0.0,0.0,0.0,0.0,0.0,0.0,0.0,0.0,0.0,28.73,400.0,28.78,200.0,28.79,1500.0,28.83,1200.0,28.84,200.0,0.0,0.0,0.0,0.0,0.0,0.0,0.0,0.0,0.0,0.0,26.89,31.41,76700.0,300930.0,0.0
2021-11-30 14:04:06,300557.SZ,28.14,28.18,29.12,28.18,28.7,640700.0,18498202.0,1963.0,28.68,3700.0,28.67,2100.0,28.66,1000.0,28.65,100.0,28.63,500.0,0.0,0.0,0.0,0.0,0.0,0.0,0.0,0.0,0.0,0.0,28.72,300.0,28.73,400.0,28.78,200.0,28.79,1500.0,28.83,1200.0,0.0,0.0,0.0,0.0,0.0,0.0,0.0,0.0,0.0,0.0,26.89,31.4,76700.0,301230.0,0.0
2021-11-30 14:04:09,300557.SZ,28.14,28.18,29.12,28.18,28.7,640700.0,18498202.0,1963.0,28.68,3700.0,28.67,2100.0,28.66,1000.0,28.65,100.0,28.63,500.0,0.0,0.0,0.0,0.0,0.0,0.0,0.0,0.0,0.0,0.0,28.72,300.0,28.73,400.0,28.74,100.0,28.78,200.0,28.79,1500.0,0.0,0.0,0.0,0.0,0.0,0.0,0.0,0.0,0.0,0.0,26.89,31.4,76700.0,301330.0,0.0
2021-11-30 14:04:12,300557.SZ,28.14,28.18,29.12,28.18,28.7,640700.0,18498202.0,1963.0,28.69,100.0,28.68,3700.0,28.67,2100.0,28.66,1000.0,28.65,100.0,0.0,0.0,0.0,0.0,0.0,0.0,0.0,0.0,0.0,0.0,28.72,300.0,28.73,400.0,28.74,300.0,28.78,200.0,28.79,1500.0,0.0,0.0,0.0,0.0,0.0,0.0,0.0,0.0,0.0,0.0,26.9,31.4,76800.0,301530.0,0.0
2021-11-30 14:04:15,300557.SZ,28.14,28.18,29.12,28.18,28.7,640700.0,18498202.0,1963.0,28.7,200.0,28.69,100.0,28.68,3700.0,28.67,2100.0,28.66,1000.0,0.0,0.0,0.0,0.0,0.0,0.0,0.0,0.0,0.0,0.0,28.72,300.0,28.73,400.0,28.74,400.0,28.78,200.0,28.79,1500.0,0.0,0.0,0.0,0.0,0.0,0.0,0.0,0.0,0.0,0.0,26.9,31.4,77000.0,301630.0,0.0
2021-11-30 14:04:18,300557.SZ,28.14,28.18,29.12,28.18,28.7,640900.0,18503942.0,1964.0,28.69,100.0,28.68,3700.0,28.67,2100.0,28.66,1000.0,28.65,100.0,0.0,0.0,0.0,0.0,0.0,0.0,0.0,0.0,0.0,0.0,28.7,1800.0,28.72,400.0,28.73,400.0,28.74,500.0,28.78,200.0,0.0,0.0,0.0,0.0,0.0,0.0,0.0,0.0,0.0,0.0,26.9,31.38,76800.0,303630.0,0.0
2021-11-30 14:04:21,300557.SZ,28.14,28.18,29.12,28.18,28.7,640900.0,18503942.0,1964.0,28.69,100.0,28.68,3700.0,28.67,2100.0,28.66,1000.0,28.65,100.0,0.0,0.0,0.0,0.0,0.0,0.0,0.0,0.0,0.0,0.0,28.7,1800.0,28.72,300.0,28.73,400.0,28.74,500.0,28.78,200.0,0.0,0.0,0.0,0.0,0.0,0.0,0.0,0.0,0.0,0.0,26.9,31.38,76800.0,303530.0,0.0
2021-11-30 14:04:45,300557.SZ,28.14,28.18,29.12,28.18,28.7,640900.0,18503942.0,1964.0,28.69,700.0,28.67,2100.0,28.66,1000.0,28.65,100.0,28.63,500.0,0.0,0.0,0.0,0.0,0.0,0.0,0.0,0.0,0.0,0.0,28.7,1800.0,28.72,300.0,28.73,400.0,28.74,500.0,28.78,200.0,0.0,0.0,0.0,0.0,0.0,0.0,0.0,0.0,0.0,0.0,26.82,31.38,73700.0,303530.0,0.0
2021-11-30 14:04:48,300557.SZ,28.14,28.18,29.12,28.18,28.69,641500.0,18521156.0,1967.0,28.69,100.0,28.67,2100.0,28.66,1000.0,28.65,100.0,28.63,500.0,0.0,0.0,0.0,0.0,0.0,0.0,0.0,0.0,0.0,0.0,28.7,1800.0,28.72,300.0,28.73,400.0,28.74,500.0,28.78,200.0,0.0,0.0,0.0,0.0,0.0,0.0,0.0,0.0,0.0,0.0,26.81,31.38,73100.0,303530.0,0.0
2021-11-30 14:04:57,300557.SZ,28.14,28.18,29.12,28.18,28.67,641700.0,18526892.0,1969.0,28.67,2000.0,28.66,1000.0,28.65,100.0,28.63,500.0,28.62,700.0,0.0,0.0,0.0,0.0,0.0,0.0,0.0,0.0,0.0,0.0,28.69,300.0,28.7,1800.0,28.72,300.0,28.73,400.0,28.74,500.0,0.0,0.0,0.0,0.0,0.0,0.0,0.0,0.0,0.0,0.0,26.8,31.38,72900.0,303830.0,0.0
2021-11-30 14:05:00,300557.SZ,28.14,28.18,29.12,28.18,28.67,641700.0,18526892.0,1969.0,28.67,2000.0,28.66,1000.0,28.65,100.0,28.63,500.0,28.62,700.0,0.0,0.0,0.0,0.0,0.0,0.0,0.0,0.0,0.0,0.0,28.69,300.0,28.7,1900.0,28.72,300.0,28.73,400.0,28.74,500.0,0.0,0.0,0.0,0.0,0.0,0.0,0.0,0.0,0.0,0.0,26.8,31.38,72900.0,303930.0,0.0
2021-11-30 14:05:03,300557.SZ,28.14,28.18,29.12,28.18,28.7,643900.0,18590029.0,1972.0,28.67,2000.0,28.66,1000.0,28.65,100.0,28.63,500.0,28.62,700.0,0.0,0.0,0.0,0.0,0.0,0.0,0.0,0.0,0.0,0.0,28.72,300.0,28.73,400.0,28.74,500.0,28.78,200.0,28.79,1500.0,0.0,0.0,0.0,0.0,0.0,0.0,0.0,0.0,0.0,0.0,26.8,31.4,72900.0,301730.0,0.0
2021-11-30 14:05:12,300557.SZ,28.14,28.18,29.12,28.18,28.7,643900.0,18590029.0,1972.0,28.68,100.0,28.67,2000.0,28.66,1000.0,28.65,100.0,28.63,500.0,0.0,0.0,0.0,0.0,0.0,0.0,0.0,0.0,0.0,0.0,28.71,100.0,28.72,300.0,28.73,400.0,28.74,500.0,28.78,200.0,0.0,0.0,0.0,0.0,0.0,0.0,0.0,0.0,0.0,0.0,26.8,31.4,73000.0,301830.0,0.0
2021-11-30 14:05:15,300557.SZ,28.14,28.18,29.12,28.18,28.7,643900.0,18590029.0,1972.0,28.68,100.0,28.67,2000.0,28.66,1000.0,28.65,100.0,28.63,500.0,0.0,0.0,0.0,0.0,0.0,0.0,0.0,0.0,0.0,0.0,28.71,100.0,28.72,300.0,28.73,400.0,28.74,500.0,28.78,200.0,0.0,0.0,0.0,0.0,0.0,0.0,0.0,0.0,0.0,0.0,26.8,31.4,73000.0,302030.0,0.0
2021-11-30 14:05:36,300557.SZ,28.14,28.18,29.12,28.18,28.7,643900.0,18590029.0,1972.0,28.68,100.0,28.67,2000.0,28.66,1000.0,28.65,100.0,28.63,500.0,0.0,0.0,0.0,0.0,0.0,0.0,0.0,0.0,0.0,0.0,28.71,600.0,28.72,300.0,28.73,400.0,28.74,500.0,28.78,200.0,0.0,0.0,0.0,0.0,0.0,0.0,0.0,0.0,0.0,0.0,26.8,31.39,73000.0,302530.0,0.0
2021-11-30 14:05:39,300557.SZ,28.14,28.18,29.12,28.18,28.7,643900.0,18590029.0,1972.0,28.68,100.0,28.67,3000.0,28.66,1000.0,28.65,100.0,28.63,500.0,0.0,0.0,0.0,0.0,0.0,0.0,0.0,0.0,0.0,0.0,28.71,600.0,28.72,300.0,28.73,400.0,28.74,500.0,28.78,200.0,0.0,0.0,0.0,0.0,0.0,0.0,0.0,0.0,0.0,0.0,26.83,31.39,74000.0,302530.0,0.0
2021-11-30 14:05:42,300557.SZ,28.14,28.18,29.12,28.18,28.71,644000.0,18592900.0,1973.0,28.68,100.0,28.67,3000.0,28.66,1000.0,28.65,100.0,28.63,500.0,0.0,0.0,0.0,0.0,0.0,0.0,0.0,0.0,0.0,0.0,28.71,500.0,28.72,300.0,28.73,400.0,28.74,500.0,28.78,200.0,0.0,0.0,0.0,0.0,0.0,0.0,0.0,0.0,0.0,0.0,26.83,31.39,74000.0,302430.0,0.0
2021-11-30 14:05:51,300557.SZ,28.14,28.18,29.12,28.18,28.71,644000.0,18592900.0,1973.0,28.68,600.0,28.67,3000.0,28.66,1000.0,28.65,100.0,28.63,3500.0,0.0,0.0,0.0,0.0,0.0,0.0,0.0,0.0,0.0,0.0,28.71,500.0,28.72,300.0,28.73,400.0,28.74,500.0,28.78,200.0,0.0,0.0,0.0,0.0,0.0,0.0,0.0,0.0,0.0,0.0,26.91,31.39,77500.0,302430.0,0.0
2021-11-30 14:05:57,300557.SZ,28.14,28.18,29.12,28.18,28.71,644000.0,18592900.0,1973.0,28.68,2100.0,28.67,3000.0,28.66,1000.0,28.65,100.0,28.63,3500.0,0.0,0.0,0.0,0.0,0.0,0.0,0.0,0.0,0.0,0.0,28.71,500.0,28.72,300.0,28.73,400.0,28.74,500.0,28.78,200.0,0.0,0.0,0.0,0.0,0.0,0.0,0.0,0.0,0.0,0.0,26.94,31.39,79000.0,302430.0,0.0
2021-11-30 14:06:00,300557.SZ,28.14,28.18,29.12,28.18,28.71,644100.0,18595771.0,1974.0,28.68,2100.0,28.67,3000.0,28.66,1000.0,28.65,100.0,28.63,3500.0,0.0,0.0,0.0,0.0,0.0,0.0,0.0,0.0,0.0,0.0,28.71,400.0,28.72,300.0,28.73,400.0,28.74,500.0,28.78,200.0,0.0,0.0,0.0,0.0,0.0,0.0,0.0,0.0,0.0,0.0,26.94,31.4,79000.0,302330.0,0.0
2021-11-30 14:06:03,300557.SZ,28.14,28.18,29.12,28.18,28.71,644200.0,18598642.0,1975.0,28.68,2100.0,28.67,3000.0,28.66,1000.0,28.65,100.0,28.63,3500.0,0.0,0.0,0.0,0.0,0.0,0.0,0.0,0.0,0.0,0.0,28.71,300.0,28.72,300.0,28.73,400.0,28.74,500.0,28.78,200.0,0.0,0.0,0.0,0.0,0.0,0.0,0.0,0.0,0.0,0.0,26.94,31.4,79000.0,302230.0,0.0
2021-11-30 14:06:09,300557.SZ,28.14,28.18,29.12,28.18,28.71,644200.0,18598642.0,1975.0,28.68,2100.0,28.67,3000.0,28.66,1000.0,28.65,100.0,28.63,3500.0,0.0,0.0,0.0,0.0,0.0,0.0,0.0,0.0,0.0,0.0,28.7,200.0,28.71,300.0,28.72,300.0,28.73,400.0,28.74,500.0,0.0,0.0,0.0,0.0,0.0,0.0,0.0,0.0,0.0,0.0,26.94,31.39,79000.0,302430.0,0.0
2021-11-30 14:06:30,300557.SZ,28.14,28.18,29.12,28.18,28.71,644700.0,18612995.0,1978.0,28.7,800.0,28.68,2100.0,28.67,3000.0,28.66,1000.0,28.65,100.0,0.0,0.0,0.0,0.0,0.0,0.0,0.0,0.0,0.0,0.0,28.72,300.0,28.73,400.0,28.74,500.0,28.78,200.0,28.79,1500.0,0.0,0.0,0.0,0.0,0.0,0.0,0.0,0.0,0.0,0.0,26.96,31.4,79800.0,301930.0,0.0
2021-11-30 14:06:42,300557.SZ,28.14,28.18,29.12,28.18,28.71,644700.0,18612995.0,1978.0,28.7,1000.0,28.68,2100.0,28.67,3000.0,28.66,1000.0,28.65,100.0,0.0,0.0,0.0,0.0,0.0,0.0,0.0,0.0,0.0,0.0,28.72,300.0,28.73,400.0,28.74,500.0,28.78,200.0,28.79,1500.0,0.0,0.0,0.0,0.0,0.0,0.0,0.0,0.0,0.0,0.0,26.97,31.4,80000.0,301930.0,0.0
2021-11-30 14:07:00,300557.SZ,28.14,28.18,29.12,28.18,28.71,644700.0,18612995.0,1978.0,28.7,1000.0,28.68,2100.0,28.67,3000.0,28.66,1000.0,28.65,100.0,0.0,0.0,0.0,0.0,0.0,0.0,0.0,0.0,0.0,0.0,28.72,300.0,28.73,400.0,28.74,500.0,28.78,200.0,28.79,1500.0,0.0,0.0,0.0,0.0,0.0,0.0,0.0,0.0,0.0,0.0,26.96,31.4,79500.0,301930.0,0.0
2021-11-30 14:07:03,300557.SZ,28.14,28.18,29.12,28.18,28.71,644700.0,18612995.0,1978.0,28.7,1000.0,28.68,2100.0,28.67,3000.0,28.66,1000.0,28.65,100.0,0.0,0.0,0.0,0.0,0.0,0.0,0.0,0.0,0.0,0.0,28.72,300.0,28.73,400.0,28.74,500.0,28.78,200.0,28.79,1500.0,0.0,0.0,0.0,0.0,0.0,0.0,0.0,0.0,0.0,0.0,26.96,31.41,79500.0,300930.0,0.0
2021-11-30 14:07:06,300557.SZ,28.14,28.18,29.12,28.18,28.72,645000.0,18621611.0,1979.0,28.72,300.0,28.7,1000.0,28.68,2100.0,28.67,3000.0,28.66,1000.0,0.0,0.0,0.0,0.0,0.0,0.0,0.0,0.0,0.0,0.0,28.73,400.0,28.74,500.0,28.78,200.0,28.79,1500.0,28.83,1200.0,0.0,0.0,0.0,0.0,0.0,0.0,0.0,0.0,0.0,0.0,26.96,31.41,79800.0,300630.0,0.0
2021-11-30 14:07:09,300557.SZ,28.14,28.18,29.12,28.18,28.72,645000.0,18621611.0,1979.0,28.72,300.0,28.7,1000.0,28.68,2100.0,28.67,3000.0,28.66,1000.0,0.0,0.0,0.0,0.0,0.0,0.0,0.0,0.0,0.0,0.0,28.73,400.0,28.74,500.0,28.78,700.0,28.79,1500.0,28.83,1200.0,0.0,0.0,0.0,0.0,0.0,0.0,0.0,0.0,0.0,0.0,26.96,31.4,79800.0,301130.0,0.0
2021-11-30 14:07:12,300557.SZ,28.14,28.18,29.12,28.18,28.72,645000.0,18621611.0,1979.0,28.72,300.0,28.7,1000.0,28.68,2000.0,28.67,3000.0,28.66,1000.0,0.0,0.0,0.0,0.0,0.0,0.0,0.0,0.0,0.0,0.0,28.73,400.0,28.74,500.0,28.78,700.0,28.79,1500.0,28.83,1200.0,0.0,0.0,0.0,0.0,0.0,0.0,0.0,0.0,0.0,0.0,26.96,31.4,79700.0,301130.0,0.0
2021-11-30 14:07:18,300557.SZ,28.14,28.18,29.12,28.18,28.72,645000.0,18621611.0,1979.0,28.72,400.0,28.7,1000.0,28.68,2000.0,28.67,3000.0,28.66,1000.0,0.0,0.0,0.0,0.0,0.0,0.0,0.0,0.0,0.0,0.0,28.73,400.0,28.74,500.0,28.78,700.0,28.79,1500.0,28.83,1200.0,0.0,0.0,0.0,0.0,0.0,0.0,0.0,0.0,0.0,0.0,26.96,31.4,79800.0,301130.0,0.0
2021-11-30 14:07:21,300557.SZ,28.14,28.18,29.12,28.18,28.72,645000.0,18621611.0,1979.0,28.72,400.0,28.7,1000.0,28.68,500.0,28.67,3000.0,28.66,1000.0,0.0,0.0,0.0,0.0,0.0,0.0,0.0,0.0,0.0,0.0,28.73,400.0,28.74,500.0,28.78,700.0,28.79,1500.0,28.83,1200.0,0.0,0.0,0.0,0.0,0.0,0.0,0.0,0.0,0.0,0.0,26.93,31.4,78300.0,301130.0,0.0
2021-11-30 14:07:24,300557.SZ,28.14,28.18,29.12,28.18,28.72,645000.0,18621611.0,1979.0,28.72,400.0,28.7,1000.0,28.68,500.0,28.67,3000.0,28.66,1000.0,0.0,0.0,0.0,0.0,0.0,0.0,0.0,0.0,0.0,0.0,28.73,400.0,28.74,500.0,28.75,100.0,28.78,700.0,28.79,1500.0,0.0,0.0,0.0,0.0,0.0,0.0,0.0,0.0,0.0,0.0,26.93,31.4,78300.0,301230.0,0.0
2021-11-30 14:07:33,300557.SZ,28.14,28.18,29.12,28.18,28.74,645500.0,18635977.0,1981.0,28.73,100.0,28.72,400.0,28.7,1000.0,28.68,500.0,28.67,3000.0,0.0,0.0,0.0,0.0,0.0,0.0,0.0,0.0,0.0,0.0,28.74,400.0,28.75,100.0,28.78,700.0,28.79,1500.0,28.83,1200.0,0.0,0.0,0.0,0.0,0.0,0.0,0.0,0.0,0.0,0.0,26.93,31.41,78400.0,300730.0,0.0
2021-11-30 14:07:36,300557.SZ,28.14,28.18,29.12,28.18,28.74,645500.0,18635977.0,1981.0,28.73,100.0,28.72,400.0,28.7,1000.0,28.69,300.0,28.68,500.0,0.0,0.0,0.0,0.0,0.0,0.0,0.0,0.0,0.0,0.0,28.74,400.0,28.75,100.0,28.78,700.0,28.79,1500.0,28.83,1200.0,0.0,0.0,0.0,0.0,0.0,0.0,0.0,0.0,0.0,0.0,26.94,31.41,78700.0,300730.0,0.0
2021-11-30 14:07:45,300557.SZ,28.14,28.18,29.12,28.18,28.74,645500.0,18635977.0,1981.0,28.73,400.0,28.72,400.0,28.7,1000.0,28.69,300.0,28.68,500.0,0.0,0.0,0.0,0.0,0.0,0.0,0.0,0.0,0.0,0.0,28.74,400.0,28.75,100.0,28.78,700.0,28.79,1500.0,28.83,1200.0,0.0,0.0,0.0,0.0,0.0,0.0,0.0,0.0,0.0,0.0,26.94,31.41,79000.0,300730.0,0.0
2021-11-30 14:08:12,300557.SZ,28.14,28.18,29.12,28.18,28.73,645700.0,18641723.0,1983.0,28.73,200.0,28.72,400.0,28.7,1000.0,28.69,300.0,28.68,500.0,0.0,0.0,0.0,0.0,0.0,0.0,0.0,0.0,0.0,0.0,28.74,400.0,28.75,100.0,28.78,700.0,28.79,1500.0,28.83,1200.0,0.0,0.0,0.0,0.0,0.0,0.0,0.0,0.0,0.0,0.0,26.9,31.41,76800.0,300730.0,0.0
2021-11-30 14:08:15,300557.SZ,28.14,28.18,29.12,28.18,28.73,645800.0,18644596.0,1984.0,28.73,100.0,28.72,400.0,28.7,1000.0,28.69,300.0,28.68,500.0,0.0,0.0,0.0,0.0,0.0,0.0,0.0,0.0,0.0,0.0,28.74,1000.0,28.75,100.0,28.78,700.0,28.79,1500.0,28.83,1200.0,0.0,0.0,0.0,0.0,0.0,0.0,0.0,0.0,0.0,0.0,26.9,31.4,76700.0,301330.0,0.0
2021-11-30 14:08:18,300557.SZ,28.14,28.18,29.12,28.18,28.72,646300.0,18658957.0,1988.0,28.7,1000.0,28.69,300.0,28.68,500.0,28.67,3000.0,28.66,1000.0,0.0,0.0,0.0,0.0,0.0,0.0,0.0,0.0,0.0,0.0,28.72,100.0,28.73,800.0,28.74,1100.0,28.75,100.0,28.78,700.0,0.0,0.0,0.0,0.0,0.0,0.0,0.0,0.0,0.0,0.0,26.89,31.39,76200.0,302330.0,0.0
2021-11-30 14:08:21,300557.SZ,28.14,28.18,29.12,28.18,28.72,646300.0,18658957.0,1988.0,28.7,1000.0,28.69,300.0,28.68,500.0,28.67,3000.0,28.66,1000.0,0.0,0.0,0.0,0.0,0.0,0.0,0.0,0.0,0.0,0.0,28.72,100.0,28.73,600.0,28.74,1100.0,28.75,100.0,28.78,700.0,0.0,0.0,0.0,0.0,0.0,0.0,0.0,0.0,0.0,0.0,26.89,31.39,76200.0,302130.0,0.0
2021-11-30 14:08:24,300557.SZ,28.14,28.18,29.12,28.18,28.72,646300.0,18658957.0,1988.0,28.7,1000.0,28.69,300.0,28.68,500.0,28.67,3000.0,28.66,1000.0,0.0,0.0,0.0,0.0,0.0,0.0,0.0,0.0,0.0,0.0,28.72,300.0,28.73,600.0,28.74,1100.0,28.75,100.0,28.78,700.0,0.0,0.0,0.0,0.0,0.0,0.0,0.0,0.0,0.0,0.0,26.89,31.39,76200.0,302330.0,0.0
2021-11-30 14:08:27,300557.SZ,28.14,28.18,29.12,28.18,28.72,646300.0,18658957.0,1988.0,28.7,1000.0,28.69,300.0,28.68,500.0,28.67,3000.0,28.66,1000.0,0.0,0.0,0.0,0.0,0.0,0.0,0.0,0.0,0.0,0.0,28.72,300.0,28.73,600.0,28.74,1000.0,28.75,100.0,28.78,700.0,0.0,0.0,0.0,0.0,0.0,0.0,0.0,0.0,0.0,0.0,26.89,31.39,76200.0,302230.0,0.0
2021-11-30 14:08:30,300557.SZ,28.14,28.18,29.12,28.18,28.72,646300.0,18658957.0,1988.0,28.7,1000.0,28.69,300.0,28.68,500.0,28.67,3000.0,28.66,1000.0,0.0,0.0,0.0,0.0,0.0,0.0,0.0,0.0,0.0,0.0,28.71,500.0,28.72,300.0,28.73,600.0,28.74,1000.0,28.75,100.0,0.0,0.0,0.0,0.0,0.0,0.0,0.0,0.0,0.0,0.0,26.89,31.39,76200.0,302730.0,0.0
2021-11-30 14:08:33,300557.SZ,28.14,28.18,29.12,28.18,28.72,646300.0,18658957.0,1988.0,28.7,1000.0,28.69,300.0,28.68,500.0,28.67,3000.0,28.66,1000.0,0.0,0.0,0.0,0.0,0.0,0.0,0.0,0.0,0.0,0.0,28.71,500.0,28.72,100.0,28.73,300.0,28.74,1000.0,28.75,100.0,0.0,0.0,0.0,0.0,0.0,0.0,0.0,0.0,0.0,0.0,26.89,31.39,76200.0,302230.0,0.0
2021-11-30 14:08:36,300557.SZ,28.14,28.18,29.12,28.18,28.7,646600.0,18667567.0,1991.0,28.7,700.0,28.69,300.0,28.68,500.0,28.67,3000.0,28.66,1000.0,0.0,0.0,0.0,0.0,0.0,0.0,0.0,0.0,0.0,0.0,28.71,500.0,28.72,100.0,28.73,300.0,28.74,1000.0,28.75,100.0,0.0,0.0,0.0,0.0,0.0,0.0,0.0,0.0,0.0,0.0,26.88,31.39,75900.0,302230.0,0.0
2021-11-30 14:08:39,300557.SZ,28.14,28.18,29.12,28.18,28.7,646600.0,18667567.0,1991.0,28.7,700.0,28.69,300.0,28.68,500.0,28.67,2000.0,28.66,1000.0,0.0,0.0,0.0,0.0,0.0,0.0,0.0,0.0,0.0,0.0,28.71,500.0,28.72,100.0,28.73,300.0,28.74,1000.0,28.75,100.0,0.0,0.0,0.0,0.0,0.0,0.0,0.0,0.0,0.0,0.0,26.85,31.39,74900.0,302230.0,0.0
2021-11-30 14:08:51,300557.SZ,28.14,28.18,29.12,28.18,28.7,646600.0,18667567.0,1991.0,28.7,700.0,28.69,300.0,28.68,500.0,28.67,2000.0,28.66,1000.0,0.0,0.0,0.0,0.0,0.0,0.0,0.0,0.0,0.0,0.0,28.71,500.0,28.73,300.0,28.74,1000.0,28.75,100.0,28.78,700.0,0.0,0.0,0.0,0.0,0.0,0.0,0.0,0.0,0.0,0.0,26.85,31.39,74900.0,302130.0,0.0
2021-11-30 14:09:00,300557.SZ,28.14,28.18,29.12,28.18,28.7,646700.0,18670437.0,1992.0,28.7,600.0,28.68,500.0,28.67,2000.0,28.66,1000.0,28.65,100.0,0.0,0.0,0.0,0.0,0.0,0.0,0.0,0.0,0.0,0.0,28.71,500.0,28.73,300.0,28.74,1000.0,28.75,100.0,28.78,700.0,0.0,0.0,0.0,0.0,0.0,0.0,0.0,0.0,0.0,0.0,26.84,31.39,74500.0,302130.0,0.0
2021-11-30 14:09:03,300557.SZ,28.14,28.18,29.12,28.18,28.7,647700.0,18699142.0,1997.0,28.7,100.0,28.68,500.0,28.67,2000.0,28.66,1000.0,28.65,100.0,0.0,0.0,0.0,0.0,0.0,0.0,0.0,0.0,0.0,0.0,28.73,300.0,28.74,1000.0,28.75,100.0,28.78,700.0,28.79,1500.0,0.0,0.0,0.0,0.0,0.0,0.0,0.0,0.0,0.0,0.0,26.83,31.4,74000.0,301630.0,0.0
2021-11-30 14:09:06,300557.SZ,28.14,28.18,29.12,28.18,28.7,647800.0,18702012.0,1998.0,28.68,500.0,28.67,2000.0,28.66,1000.0,28.65,100.0,28.63,3500.0,0.0,0.0,0.0,0.0,0.0,0.0,0.0,0.0,0.0,0.0,28.7,100.0,28.73,300.0,28.74,1000.0,28.75,100.0,28.78,700.0,0.0,0.0,0.0,0.0,0.0,0.0,0.0,0.0,0.0,0.0,26.83,31.4,73900.0,301730.0,0.0
2021-11-30 14:09:15,300557.SZ,28.14,28.18,29.12,28.18,28.68,648000.0,18707748.0,1999.0,28.68,300.0,28.67,2000.0,28.66,1000.0,28.65,100.0,28.63,3500.0,0.0,0.0,0.0,0.0,0.0,0.0,0.0,0.0,0.0,0.0,28.7,1100.0,28.73,300.0,28.74,1000.0,28.75,100.0,28.78,700.0,0.0,0.0,0.0,0.0,0.0,0.0,0.0,0.0,0.0,0.0,26.82,31.39,73700.0,302730.0,0.0
2021-11-30 14:09:21,300557.SZ,28.14,28.18,29.12,28.18,28.68,648300.0,18716352.0,2000.0,28.67,2000.0,28.66,1000.0,28.65,100.0,28.63,3500.0,28.62,700.0,0.0,0.0,0.0,0.0,0.0,0.0,0.0,0.0,0.0,0.0,28.69,100.0,28.7,1100.0,28.73,300.0,28.74,1000.0,28.75,100.0,0.0,0.0,0.0,0.0,0.0,0.0,0.0,0.0,0.0,0.0,26.82,31.39,73400.0,302830.0,0.0
2021-11-30 14:09:24,300557.SZ,28.14,28.18,29.12,28.18,28.68,648500.0,18722088.0,2002.0,28.68,400.0,28.67,2000.0,28.66,1000.0,28.65,100.0,28.63,3500.0,0.0,0.0,0.0,0.0,0.0,0.0,0.0,0.0,0.0,0.0,28.69,100.0,28.7,1000.0,28.73,300.0,28.74,1000.0,28.75,100.0,0.0,0.0,0.0,0.0,0.0,0.0,0.0,0.0,0.0,0.0,26.83,31.39,73800.0,302730.0,0.0
2021-11-30 14:09:30,300557.SZ,28.14,28.18,29.12,28.18,28.68,648500.0,18722088.0,2002.0,28.68,400.0,28.67,2000.0,28.66,1000.0,28.65,100.0,28.63,3500.0,0.0,0.0,0.0,0.0,0.0,0.0,0.0,0.0,0.0,0.0,28.69,100.0,28.73,300.0,28.74,1000.0,28.75,100.0,28.78,700.0,0.0,0.0,0.0,0.0,0.0,0.0,0.0,0.0,0.0,0.0,26.83,31.4,73800.0,301730.0,0.0
2021-11-30 14:09:39,300557.SZ,28.14,28.18,29.12,28.18,28.67,649500.0,18750767.0,2005.0,28.67,1900.0,28.66,1000.0,28.65,100.0,28.63,3500.0,28.62,700.0,0.0,0.0,0.0,0.0,0.0,0.0,0.0,0.0,0.0,0.0,28.69,100.0,28.73,300.0,28.74,1000.0,28.75,100.0,28.78,700.0,0.0,0.0,0.0,0.0,0.0,0.0,0.0,0.0,0.0,0.0,26.81,31.4,73300.0,301730.0,0.0
2021-11-30 14:09:57,300557.SZ,28.14,28.18,29.12,28.18,28.67,649500.0,18750767.0,2005.0,28.67,1900.0,28.66,1000.0,28.65,100.0,28.63,3500.0,28.62,700.0,0.0,0.0,0.0,0.0,0.0,0.0,0.0,0.0,0.0,0.0,28.69,100.0,28.73,300.0,28.74,1000.0,28.75,100.0,28.78,700.0,0.0,0.0,0.0,0.0,0.0,0.0,0.0,0.0,0.0,0.0,26.81,31.4,73000.0,301730.0,0.0
2021-11-30 14:10:00,300557.SZ,28.14,28.18,29.12,28.18,28.69,649800.0,18759370.0,2008.0,28.67,1700.0,28.66,1000.0,28.65,100.0,28.63,3500.0,28.62,700.0,0.0,0.0,0.0,0.0,0.0,0.0,0.0,0.0,0.0,0.0,28.72,200.0,28.73,300.0,28.74,1000.0,28.75,100.0,28.78,700.0,0.0,0.0,0.0,0.0,0.0,0.0,0.0,0.0,0.0,0.0,26.81,31.4,72800.0,301830.0,0.0
2021-11-30 14:10:09,300557.SZ,28.14,28.18,29.12,28.18,28.69,649800.0,18759370.0,2008.0,28.67,1700.0,28.66,1000.0,28.65,100.0,28.63,3500.0,28.62,700.0,0.0,0.0,0.0,0.0,0.0,0.0,0.0,0.0,0.0,0.0,28.72,500.0,28.73,300.0,28.74,1000.0,28.75,100.0,28.78,700.0,0.0,0.0,0.0,0.0,0.0,0.0,0.0,0.0,0.0,0.0,26.81,31.39,72800.0,302130.0,0.0
2021-11-30 14:10:12,300557.SZ,28.14,28.18,29.12,28.18,28.69,649800.0,18759370.0,2008.0,28.67,1700.0,28.66,1000.0,28.65,100.0,28.63,3500.0,28.62,700.0,0.0,0.0,0.0,0.0,0.0,0.0,0.0,0.0,0.0,0.0,28.71,300.0,28.72,600.0,28.73,300.0,28.74,1000.0,28.75,100.0,0.0,0.0,0.0,0.0,0.0,0.0,0.0,0.0,0.0,0.0,26.81,31.39,72800.0,302530.0,0.0
2021-11-30 14:10:15,300557.SZ,28.14,28.18,29.12,28.18,28.67,650000.0,18765104.0,2010.0,28.67,1500.0,28.66,1000.0,28.65,100.0,28.63,3500.0,28.62,700.0,0.0,0.0,0.0,0.0,0.0,0.0,0.0,0.0,0.0,0.0,28.71,400.0,28.72,500.0,28.73,300.0,28.74,1000.0,28.75,100.0,0.0,0.0,0.0,0.0,0.0,0.0,0.0,0.0,0.0,0.0,26.8,31.39,72600.0,302530.0,0.0
2021-11-30 14:10:18,300557.SZ,28.14,28.18,29.12,28.18,28.67,650200.0,18770838.0,2011.0,28.67,1300.0,28.66,1000.0,28.65,100.0,28.63,3500.0,28.62,700.0,0.0,0.0,0.0,0.0,0.0,0.0,0.0,0.0,0.0,0.0,28.71,600.0,28.72,300.0,28.73,300.0,28.74,1000.0,28.75,100.0,0.0,0.0,0.0,0.0,0.0,0.0,0.0,0.0,0.0,0.0,26.8,31.39,72400.0,302530.0,0.0
2021-11-30 14:10:21,300557.SZ,28.14,28.18,29.12,28.18,28.67,650500.0,18779439.0,2012.0,28.67,1000.0,28.66,1000.0,28.65,100.0,28.63,3500.0,28.62,700.0,0.0,0.0,0.0,0.0,0.0,0.0,0.0,0.0,0.0,0.0,28.7,300.0,28.71,600.0,28.72,300.0,28.73,300.0,28.74,1000.0,0.0,0.0,0.0,0.0,0.0,0.0,0.0,0.0,0.0,0.0,26.79,31.39,72100.0,302830.0,0.0
2021-11-30 14:10:24,300557.SZ,28.14,28.18,29.12,28.18,28.67,651400.0,18805242.0,2019.0,28.67,100.0,28.66,1000.0,28.65,100.0,28.63,3500.0,28.62,700.0,0.0,0.0,0.0,0.0,0.0,0.0,0.0,0.0,0.0,0.0,28.7,600.0,28.71,600.0,28.73,300.0,28.74,1000.0,28.75,100.0,0.0,0.0,0.0,0.0,0.0,0.0,0.0,0.0,0.0,0.0,26.76,31.39,71200.0,302830.0,0.0
2021-11-30 14:10:27,300557.SZ,28.14,28.18,29.12,28.18,28.66,651600.0,18810975.0,2021.0,28.66,900.0,28.65,100.0,28.63,3500.0,28.62,700.0,28.6,600.0,0.0,0.0,0.0,0.0,0.0,0.0,0.0,0.0,0.0,0.0,28.67,100.0,28.69,400.0,28.7,300.0,28.71,300.0,28.73,300.0,0.0,0.0,0.0,0.0,0.0,0.0,0.0,0.0,0.0,0.0,26.76,31.39,71000.0,302730.0,0.0
2021-11-30 14:10:39,300557.SZ,28.14,28.18,29.12,28.18,28.66,651600.0,18810975.0,2021.0,28.66,900.0,28.65,100.0,28.63,3500.0,28.62,700.0,28.6,600.0,0.0,0.0,0.0,0.0,0.0,0.0,0.0,0.0,0.0,0.0,28.67,100.0,28.69,400.0,28.7,300.0,28.71,300.0,28.73,300.0,0.0,0.0,0.0,0.0,0.0,0.0,0.0,0.0,0.0,0.0,26.76,31.39,71000.0,302630.0,0.0
2021-11-30 14:10:42,300557.SZ,28.14,28.18,29.12,28.18,28.66,651600.0,18810975.0,2021.0,28.66,900.0,28.65,100.0,28.63,3500.0,28.62,700.0,28.6,600.0,0.0,0.0,0.0,0.0,0.0,0.0,0.0,0.0,0.0,0.0,28.67,100.0,28.69,300.0,28.7,300.0,28.71,300.0,28.73,300.0,0.0,0.0,0.0,0.0,0.0,0.0,0.0,0.0,0.0,0.0,26.76,31.39,71000.0,302530.0,0.0
2021-11-30 14:10:51,300557.SZ,28.14,28.18,29.12,28.18,28.67,651700.0,18813842.0,2022.0,28.66,900.0,28.65,100.0,28.63,3500.0,28.62,700.0,28.6,600.0,0.0,0.0,0.0,0.0,0.0,0.0,0.0,0.0,0.0,0.0,28.69,300.0,28.7,300.0,28.71,300.0,28.73,300.0,28.74,1000.0,0.0,0.0,0.0,0.0,0.0,0.0,0.0,0.0,0.0,0.0,26.76,31.39,71000.0,302430.0,0.0
2021-11-30 14:10:54,300557.SZ,28.14,28.18,29.12,28.18,28.67,651700.0,18813842.0,2022.0,28.66,1000.0,28.65,100.0,28.63,3500.0,28.62,700.0,28.6,600.0,0.0,0.0,0.0,0.0,0.0,0.0,0.0,0.0,0.0,0.0,28.69,300.0,28.7,300.0,28.71,300.0,28.73,300.0,28.74,1000.0,0.0,0.0,0.0,0.0,0.0,0.0,0.0,0.0,0.0,0.0,26.76,31.39,71100.0,302430.0,0.0
2021-11-30 14:11:12,300557.SZ,28.14,28.18,29.12,28.18,28.69,652000.0,18822449.0,2023.0,28.66,1000.0,28.65,100.0,28.63,3500.0,28.62,700.0,28.6,600.0,0.0,0.0,0.0,0.0,0.0,0.0,0.0,0.0,0.0,0.0,28.7,300.0,28.71,300.0,28.73,300.0,28.74,1000.0,28.78,700.0,0.0,0.0,0.0,0.0,0.0,0.0,0.0,0.0,0.0,0.0,26.76,31.39,71100.0,302130.0,0.0
2021-11-30 14:11:15,300557.SZ,28.14,28.18,29.12,28.18,28.69,652000.0,18822449.0,2023.0,28.66,1000.0,28.65,100.0,28.63,3500.0,28.62,700.0,28.6,600.0,0.0,0.0,0.0,0.0,0.0,0.0,0.0,0.0,0.0,0.0,28.7,300.0,28.71,300.0,28.73,300.0,28.74,1000.0,28.78,700.0,0.0,0.0,0.0,0.0,0.0,0.0,0.0,0.0,0.0,0.0,26.81,31.39,73100.0,302130.0,0.0
2021-11-30 14:11:18,300557.SZ,28.14,28.18,29.12,28.18,28.66,652200.0,18828181.0,2025.0,28.66,800.0,28.65,100.0,28.63,3500.0,28.62,700.0,28.6,600.0,0.0,0.0,0.0,0.0,0.0,0.0,0.0,0.0,0.0,0.0,28.7,300.0,28.71,300.0,28.73,300.0,28.74,1000.0,28.78,700.0,0.0,0.0,0.0,0.0,0.0,0.0,0.0,0.0,0.0,0.0,26.8,31.4,72900.0,301930.0,0.0
2021-11-30 14:11:27,300557.SZ,28.14,28.18,29.12,28.18,28.66,652500.0,18836779.0,2026.0,28.66,500.0,28.65,100.0,28.63,3500.0,28.62,700.0,28.6,600.0,0.0,0.0,0.0,0.0,0.0,0.0,0.0,0.0,0.0,0.0,28.69,100.0,28.7,300.0,28.71,300.0,28.73,300.0,28.74,1000.0,0.0,0.0,0.0,0.0,0.0,0.0,0.0,0.0,0.0,0.0,26.8,31.4,72600.0,302030.0,0.0
2021-11-30 14:11:33,300557.SZ,28.14,28.18,29.12,28.18,28.66,652900.0,18848254.0,2029.0,28.66,400.0,28.65,100.0,28.63,3500.0,28.62,700.0,28.6,600.0,0.0,0.0,0.0,0.0,0.0,0.0,0.0,0.0,0.0,0.0,28.7,100.0,28.71,300.0,28.73,300.0,28.74,1000.0,28.78,700.0,0.0,0.0,0.0,0.0,0.0,0.0,0.0,0.0,0.0,0.0,26.79,31.4,72500.0,301730.0,0.0
2021-11-30 14:11:42,300557.SZ,28.14,28.18,29.12,28.18,28.66,652900.0,18848254.0,2029.0,28.66,400.0,28.65,100.0,28.63,3500.0,28.62,700.0,28.6,600.0,0.0,0.0,0.0,0.0,0.0,0.0,0.0,0.0,0.0,0.0,28.7,100.0,28.71,300.0,28.72,400.0,28.73,300.0,28.74,1000.0,0.0,0.0,0.0,0.0,0.0,0.0,0.0,0.0,0.0,0.0,26.79,31.39,72500.0,302130.0,0.0
2021-11-30 14:11:45,300557.SZ,28.14,28.18,29.12,28.18,28.66,652900.0,18848254.0,2029.0,28.66,400.0,28.65,100.0,28.63,3500.0,28.62,700.0,28.6,600.0,0.0,0.0,0.0,0.0,0.0,0.0,0.0,0.0,0.0,0.0,28.7,100.0,28.71,300.0,28.72,400.0,28.73,300.0,28.74,1000.0,0.0,0.0,0.0,0.0,0.0,0.0,0.0,0.0,0.0,0.0,26.77,31.39,71500.0,302130.0,0.0
2021-11-30 14:11:57,300557.SZ,28.14,28.18,29.12,28.18,28.66,653000.0,18851120.0,2030.0,28.66,300.0,28.65,100.0,28.63,3000.0,28.62,700.0,28.6,600.0,0.0,0.0,0.0,0.0,0.0,0.0,0.0,0.0,0.0,0.0,28.69,100.0,28.7,100.0,28.71,300.0,28.72,400.0,28.73,300.0,0.0,0.0,0.0,0.0,0.0,0.0,0.0,0.0,0.0,0.0,26.72,31.39,69400.0,302230.0,0.0
2021-11-30 14:12:00,300557.SZ,28.14,28.18,29.12,28.18,28.66,653000.0,18851120.0,2030.0,28.67,500.0,28.66,300.0,28.65,100.0,28.63,3000.0,28.62,700.0,0.0,0.0,0.0,0.0,0.0,0.0,0.0,0.0,0.0,0.0,28.69,100.0,28.7,100.0,28.71,300.0,28.72,400.0,28.73,300.0,0.0,0.0,0.0,0.0,0.0,0.0,0.0,0.0,0.0,0.0,26.73,31.39,69900.0,302230.0,0.0
2021-11-30 14:12:03,300557.SZ,28.14,28.18,29.12,28.18,28.67,653300.0,18859721.0,2031.0,28.67,200.0,28.66,300.0,28.65,100.0,28.63,3000.0,28.62,700.0,0.0,0.0,0.0,0.0,0.0,0.0,0.0,0.0,0.0,0.0,28.69,100.0,28.7,100.0,28.71,300.0,28.72,400.0,28.73,300.0,0.0,0.0,0.0,0.0,0.0,0.0,0.0,0.0,0.0,0.0,26.72,31.39,69600.0,302230.0,0.0
2021-11-30 14:12:06,300557.SZ,28.14,28.18,29.12,28.18,28.67,653400.0,18862588.0,2032.0,28.67,100.0,28.66,300.0,28.65,100.0,28.63,3000.0,28.62,700.0,0.0,0.0,0.0,0.0,0.0,0.0,0.0,0.0,0.0,0.0,28.69,100.0,28.7,100.0,28.71,300.0,28.72,400.0,28.73,300.0,0.0,0.0,0.0,0.0,0.0,0.0,0.0,0.0,0.0,0.0,26.72,31.39,69500.0,302230.0,0.0
2021-11-30 14:12:15,300557.SZ,28.14,28.18,29.12,28.18,28.67,653500.0,18865455.0,2033.0,28.66,300.0,28.65,100.0,28.63,3000.0,28.62,700.0,28.6,600.0,0.0,0.0,0.0,0.0,0.0,0.0,0.0,0.0,0.0,0.0,28.69,100.0,28.7,100.0,28.71,300.0,28.72,400.0,28.73,300.0,0.0,0.0,0.0,0.0,0.0,0.0,0.0,0.0,0.0,0.0,26.72,31.39,69400.0,302230.0,0.0
2021-11-30 14:12:18,300557.SZ,28.14,28.18,29.12,28.18,28.66,653800.0,18874053.0,2035.0,28.65,200.0,28.63,3000.0,28.62,700.0,28.6,600.0,28.58,700.0,0.0,0.0,0.0,0.0,0.0,0.0,0.0,0.0,0.0,0.0,28.69,100.0,28.7,100.0,28.71,300.0,28.72,400.0,28.73,300.0,0.0,0.0,0.0,0.0,0.0,0.0,0.0,0.0,0.0,0.0,26.71,31.39,69200.0,302230.0,0.0
2021-11-30 14:12:21,300557.SZ,28.14,28.18,29.12,28.18,28.65,654000.0,18879783.0,2037.0,28.63,3000.0,28.62,700.0,28.6,600.0,28.58,700.0,28.55,100.0,0.0,0.0,0.0,0.0,0.0,0.0,0.0,0.0,0.0,0.0,28.65,100.0,28.69,100.0,28.7,100.0,28.71,300.0,28.72,400.0,0.0,0.0,0.0,0.0,0.0,0.0,0.0,0.0,0.0,0.0,26.7,31.39,69000.0,302330.0,0.0
2021-11-30 14:12:24,300557.SZ,28.14,28.18,29.12,28.18,28.65,654300.0,18888374.0,2039.0,28.63,2800.0,28.62,700.0,28.6,600.0,28.58,700.0,28.55,100.0,0.0,0.0,0.0,0.0,0.0,0.0,0.0,0.0,0.0,0.0,28.69,100.0,28.7,100.0,28.71,300.0,28.72,400.0,28.73,300.0,0.0,0.0,0.0,0.0,0.0,0.0,0.0,0.0,0.0,0.0,26.7,31.39,68800.0,302230.0,0.0
2021-11-30 14:12:27,300557.SZ,28.14,28.18,29.12,28.18,28.63,654500.0,18894100.0,2040.0,28.63,2700.0,28.62,700.0,28.6,600.0,28.58,700.0,28.55,100.0,0.0,0.0,0.0,0.0,0.0,0.0,0.0,0.0,0.0,0.0,28.69,100.0,28.7,100.0,28.71,300.0,28.72,400.0,28.73,300.0,0.0,0.0,0.0,0.0,0.0,0.0,0.0,0.0,0.0,0.0,26.7,31.39,68700.0,302130.0,0.0
2021-11-30 14:12:30,300557.SZ,28.14,28.18,29.12,28.18,28.63,654500.0,18894100.0,2040.0,28.63,2700.0,28.62,700.0,28.6,600.0,28.58,700.0,28.55,100.0,0.0,0.0,0.0,0.0,0.0,0.0,0.0,0.0,0.0,0.0,28.69,100.0,28.7,100.0,28.71,300.0,28.72,400.0,28.73,300.0,0.0,0.0,0.0,0.0,0.0,0.0,0.0,0.0,0.0,0.0,26.71,31.4,69200.0,301830.0,0.0
2021-11-30 14:12:33,300557.SZ,28.14,28.18,29.12,28.18,28.63,654500.0,18894100.0,2040.0,28.64,100.0,28.63,2700.0,28.62,700.0,28.6,600.0,28.58,700.0,0.0,0.0,0.0,0.0,0.0,0.0,0.0,0.0,0.0,0.0,28.69,100.0,28.7,100.0,28.71,300.0,28.72,400.0,28.73,300.0,0.0,0.0,0.0,0.0,0.0,0.0,0.0,0.0,0.0,0.0,26.71,31.4,69300.0,301830.0,0.0
2021-11-30 14:12:36,300557.SZ,28.14,28.18,29.12,28.18,28.63,654500.0,18894100.0,2040.0,28.64,100.0,28.63,2700.0,28.62,700.0,28.6,600.0,28.58,700.0,0.0,0.0,0.0,0.0,0.0,0.0,0.0,0.0,0.0,0.0,28.69,200.0,28.7,100.0,28.71,300.0,28.72,400.0,28.73,300.0,0.0,0.0,0.0,0.0,0.0,0.0,0.0,0.0,0.0,0.0,26.71,31.4,69300.0,301930.0,0.0
2021-11-30 14:12:39,300557.SZ,28.14,28.18,29.12,28.18,28.63,654500.0,18894100.0,2040.0,28.64,100.0,28.63,2700.0,28.62,700.0,28.6,600.0,28.58,700.0,0.0,0.0,0.0,0.0,0.0,0.0,0.0,0.0,0.0,0.0,28.66,100.0,28.69,100.0,28.7,100.0,28.71,300.0,28.72,400.0,0.0,0.0,0.0,0.0,0.0,0.0,0.0,0.0,0.0,0.0,26.71,31.4,69300.0,301930.0,0.0
2021-11-30 14:12:42,300557.SZ,28.14,28.18,29.12,28.18,28.63,654500.0,18894100.0,2040.0,28.64,100.0,28.63,2700.0,28.62,700.0,28.6,600.0,28.58,700.0,0.0,0.0,0.0,0.0,0.0,0.0,0.0,0.0,0.0,0.0,28.66,100.0,28.69,100.0,28.7,200.0,28.71,300.0,28.72,400.0,0.0,0.0,0.0,0.0,0.0,0.0,0.0,0.0,0.0,0.0,26.71,31.4,69300.0,302030.0,0.0
2021-11-30 14:12:45,300557.SZ,28.14,28.18,29.12,28.18,28.66,655100.0,18911282.0,2043.0,28.63,2300.0,28.62,700.0,28.6,600.0,28.58,700.0,28.55,100.0,0.0,0.0,0.0,0.0,0.0,0.0,0.0,0.0,0.0,0.0,28.69,100.0,28.7,200.0,28.71,300.0,28.72,400.0,28.73,300.0,0.0,0.0,0.0,0.0,0.0,0.0,0.0,0.0,0.0,0.0,26.7,31.4,68800.0,301930.0,0.0
2021-11-30 14:12:48,300557.SZ,28.14,28.18,29.12,28.18,28.66,655100.0,18911282.0,2043.0,28.63,2300.0,28.62,700.0,28.6,600.0,28.58,700.0,28.55,100.0,0.0,0.0,0.0,0.0,0.0,0.0,0.0,0.0,0.0,0.0,28.68,500.0,28.69,100.0,28.7,200.0,28.71,400.0,28.72,400.0,0.0,0.0,0.0,0.0,0.0,0.0,0.0,0.0,0.0,0.0,26.76,31.39,71300.0,302530.0,0.0
2021-11-30 14:13:00,300557.SZ,28.14,28.18,29.12,28.18,28.63,658000.0,18994315.0,2046.0,28.62,700.0,28.6,600.0,28.58,700.0,28.55,100.0,28.54,500.0,0.0,0.0,0.0,0.0,0.0,0.0,0.0,0.0,0.0,0.0,28.63,2100.0,28.68,500.0,28.69,100.0,28.7,200.0,28.71,400.0,0.0,0.0,0.0,0.0,0.0,0.0,0.0,0.0,0.0,0.0,26.7,31.37,69000.0,304630.0,0.0
2021-11-30 14:13:03,300557.SZ,28.14,28.18,29.12,28.18,28.63,658900.0,19020075.0,2048.0,28.6,600.0,28.58,700.0,28.55,100.0,28.54,500.0,28.53,500.0,0.0,0.0,0.0,0.0,0.0,0.0,0.0,0.0,0.0,0.0,28.63,1900.0,28.68,500.0,28.69,100.0,28.7,200.0,28.71,400.0,0.0,0.0,0.0,0.0,0.0,0.0,0.0,0.0,0.0,0.0,26.68,31.37,68300.0,304430.0,0.0
2021-11-30 14:13:06,300557.SZ,28.14,28.18,29.12,28.18,28.63,659000.0,19022938.0,2049.0,28.6,600.0,28.58,700.0,28.55,100.0,28.54,500.0,28.53,500.0,0.0,0.0,0.0,0.0,0.0,0.0,0.0,0.0,0.0,0.0,28.62,500.0,28.63,1900.0,28.68,500.0,28.69,100.0,28.7,200.0,0.0,0.0,0.0,0.0,0.0,0.0,0.0,0.0,0.0,0.0,26.68,31.37,68300.0,304930.0,0.0
2021-11-30 14:13:09,300557.SZ,28.14,28.18,29.12,28.18,28.62,659100.0,19025800.0,2050.0,28.6,600.0,28.58,700.0,28.55,100.0,28.54,500.0,28.53,500.0,0.0,0.0,0.0,0.0,0.0,0.0,0.0,0.0,0.0,0.0,28.62,400.0,28.63,1900.0,28.68,500.0,28.69,100.0,28.7,200.0,0.0,0.0,0.0,0.0,0.0,0.0,0.0,0.0,0.0,0.0,26.68,31.37,68300.0,304730.0,0.0
2021-11-30 14:13:15,300557.SZ,28.14,28.18,29.12,28.18,28.62,659100.0,19025800.0,2050.0,28.6,600.0,28.58,700.0,28.55,100.0,28.54,500.0,28.53,500.0,0.0,0.0,0.0,0.0,0.0,0.0,0.0,0.0,0.0,0.0,28.61,100.0,28.62,800.0,28.63,1800.0,28.68,500.0,28.69,100.0,0.0,0.0,0.0,0.0,0.0,0.0,0.0,0.0,0.0,0.0,26.68,31.37,68300.0,304730.0,0.0
2021-11-30 14:13:18,300557.SZ,28.14,28.18,29.12,28.18,28.63,661400.0,19091643.0,2053.0,28.63,2700.0,28.6,600.0,28.58,700.0,28.55,100.0,28.54,500.0,0.0,0.0,0.0,0.0,0.0,0.0,0.0,0.0,0.0,0.0,28.68,500.0,28.69,100.0,28.7,100.0,28.71,300.0,28.73,300.0,0.0,0.0,0.0,0.0,0.0,0.0,0.0,0.0,0.0,0.0,26.75,31.4,71000.0,301930.0,0.0
2021-11-30 14:13:21,300557.SZ,28.14,28.18,29.12,28.18,28.63,661900.0,19105958.0,2054.0,28.63,2200.0,28.6,1000.0,28.58,700.0,28.55,100.0,28.54,500.0,0.0,0.0,0.0,0.0,0.0,0.0,0.0,0.0,0.0,0.0,28.68,500.0,28.7,100.0,28.71,300.0,28.73,300.0,28.74,600.0,0.0,0.0,0.0,0.0,0.0,0.0,0.0,0.0,0.0,0.0,26.75,31.4,70900.0,301830.0,0.0
2021-11-30 14:13:27,300557.SZ,28.14,28.18,29.12,28.18,28.63,664000.0,19166081.0,2055.0,28.63,100.0,28.6,1000.0,28.58,700.0,28.55,100.0,28.54,500.0,0.0,0.0,0.0,0.0,0.0,0.0,0.0,0.0,0.0,0.0,28.68,700.0,28.69,200.0,28.7,100.0,28.71,300.0,28.73,300.0,0.0,0.0,0.0,0.0,0.0,0.0,0.0,0.0,0.0,0.0,26.69,31.39,68800.0,302230.0,0.0
2021-11-30 14:13:36,300557.SZ,28.14,28.18,29.12,28.18,28.63,664000.0,19166081.0,2055.0,28.63,100.0,28.61,3000.0,28.6,1000.0,28.58,700.0,28.55,100.0,0.0,0.0,0.0,0.0,0.0,0.0,0.0,0.0,0.0,0.0,28.68,700.0,28.69,200.0,28.7,100.0,28.71,300.0,28.73,300.0,0.0,0.0,0.0,0.0,0.0,0.0,0.0,0.0,0.0,0.0,26.77,31.39,71800.0,302230.0,0.0
2021-11-30 14:13:39,300557.SZ,28.14,28.18,29.12,28.18,28.63,664400.0,19177533.0,2059.0,28.61,3000.0,28.6,1000.0,28.58,700.0,28.55,100.0,28.54,500.0,0.0,0.0,0.0,0.0,0.0,0.0,0.0,0.0,0.0,0.0,28.63,600.0,28.68,700.0,28.69,200.0,28.7,100.0,28.71,300.0,0.0,0.0,0.0,0.0,0.0,0.0,0.0,0.0,0.0,0.0,26.77,31.39,71700.0,302830.0,0.0
2021-11-30 14:13:42,300557.SZ,28.14,28.18,29.12,28.18,28.63,664500.0,19180396.0,2060.0,28.61,3000.0,28.6,1000.0,28.58,700.0,28.55,100.0,28.54,500.0,0.0,0.0,0.0,0.0,0.0,0.0,0.0,0.0,0.0,0.0,28.63,500.0,28.68,700.0,28.69,200.0,28.7,100.0,28.71,300.0,0.0,0.0,0.0,0.0,0.0,0.0,0.0,0.0,0.0,0.0,26.77,31.39,71700.0,302730.0,0.0
2021-11-30 14:13:48,300557.SZ,28.14,28.18,29.12,28.18,28.63,664500.0,19180396.0,2060.0,28.62,300.0,28.61,3000.0,28.6,1000.0,28.58,700.0,28.55,100.0,0.0,0.0,0.0,0.0,0.0,0.0,0.0,0.0,0.0,0.0,28.63,500.0,28.68,700.0,28.69,200.0,28.7,100.0,28.71,300.0,0.0,0.0,0.0,0.0,0.0,0.0,0.0,0.0,0.0,0.0,26.78,31.39,72000.0,302730.0,0.0
2021-11-30 14:13:51,300557.SZ,28.14,28.18,29.12,28.18,28.63,664500.0,19180396.0,2060.0,28.62,600.0,28.61,3000.0,28.6,1000.0,28.58,700.0,28.55,100.0,0.0,0.0,0.0,0.0,0.0,0.0,0.0,0.0,0.0,0.0,28.63,500.0,28.68,700.0,28.69,200.0,28.7,100.0,28.71,300.0,0.0,0.0,0.0,0.0,0.0,0.0,0.0,0.0,0.0,0.0,26.79,31.39,72300.0,302730.0,0.0
2021-11-30 14:13:54,300557.SZ,28.14,28.18,29.12,28.18,28.63,664500.0,19180396.0,2060.0,28.62,600.0,28.61,3000.0,28.6,1000.0,28.58,700.0,28.55,200.0,0.0,0.0,0.0,0.0,0.0,0.0,0.0,0.0,0.0,0.0,28.63,500.0,28.68,700.0,28.69,200.0,28.7,100.0,28.71,300.0,0.0,0.0,0.0,0.0,0.0,0.0,0.0,0.0,0.0,0.0,26.79,31.39,72400.0,302730.0,0.0
2021-11-30 14:13:57,300557.SZ,28.14,28.18,29.12,28.18,28.63,665000.0,19194711.0,2061.0,28.63,1100.0,28.62,600.0,28.61,3000.0,28.6,1000.0,28.58,700.0,0.0,0.0,0.0,0.0,0.0,0.0,0.0,0.0,0.0,0.0,28.68,700.0,28.69,200.0,28.7,100.0,28.71,300.0,28.73,300.0,0.0,0.0,0.0,0.0,0.0,0.0,0.0,0.0,0.0,0.0,26.82,31.39,73500.0,302230.0,0.0
2021-11-30 14:14:03,300557.SZ,28.14,28.18,29.12,28.18,28.64,665200.0,19200439.0,2062.0,28.64,500.0,28.63,1700.0,28.62,600.0,28.61,3000.0,28.6,1000.0,0.0,0.0,0.0,0.0,0.0,0.0,0.0,0.0,0.0,0.0,28.68,700.0,28.69,200.0,28.7,100.0,28.71,300.0,28.73,300.0,0.0,0.0,0.0,0.0,0.0,0.0,0.0,0.0,0.0,0.0,26.84,31.39,74600.0,302230.0,0.0
2021-11-30 14:14:09,300557.SZ,28.14,28.18,29.12,28.18,28.64,665200.0,19200439.0,2062.0,28.64,500.0,28.63,1100.0,28.62,600.0,28.61,3000.0,28.6,1000.0,0.0,0.0,0.0,0.0,0.0,0.0,0.0,0.0,0.0,0.0,28.68,700.0,28.69,200.0,28.7,100.0,28.71,300.0,28.73,300.0,0.0,0.0,0.0,0.0,0.0,0.0,0.0,0.0,0.0,0.0,26.83,31.39,74000.0,302230.0,0.0
2021-11-30 14:14:12,300557.SZ,28.14,28.18,29.12,28.18,28.64,665200.0,19200439.0,2062.0,28.64,500.0,28.63,1100.0,28.62,600.0,28.61,3000.0,28.6,1000.0,0.0,0.0,0.0,0.0,0.0,0.0,0.0,0.0,0.0,0.0,28.68,600.0,28.69,200.0,28.7,100.0,28.71,300.0,28.73,300.0,0.0,0.0,0.0,0.0,0.0,0.0,0.0,0.0,0.0,0.0,26.83,31.39,74000.0,302130.0,0.0
2021-11-30 14:14:15,300557.SZ,28.14,28.18,29.12,28.18,28.64,665200.0,19200439.0,2062.0,28.64,500.0,28.63,1100.0,28.62,300.0,28.61,3000.0,28.6,1000.0,0.0,0.0,0.0,0.0,0.0,0.0,0.0,0.0,0.0,0.0,28.68,600.0,28.69,200.0,28.7,100.0,28.71,300.0,28.73,300.0,0.0,0.0,0.0,0.0,0.0,0.0,0.0,0.0,0.0,0.0,26.82,31.39,73700.0,302130.0,0.0
2021-11-30 14:14:18,300557.SZ,28.14,28.18,29.12,28.18,28.64,665200.0,19200439.0,2062.0,28.64,500.0,28.63,500.0,28.62,300.0,28.61,3000.0,28.6,1000.0,0.0,0.0,0.0,0.0,0.0,0.0,0.0,0.0,0.0,0.0,28.68,600.0,28.69,200.0,28.7,100.0,28.71,300.0,28.73,300.0,0.0,0.0,0.0,0.0,0.0,0.0,0.0,0.0,0.0,0.0,26.81,31.39,73100.0,302130.0,0.0
2021-11-30 14:14:21,300557.SZ,28.14,28.18,29.12,28.18,28.64,665200.0,19200439.0,2062.0,28.64,500.0,28.63,500.0,28.61,3000.0,28.6,1000.0,28.58,700.0,0.0,0.0,0.0,0.0,0.0,0.0,0.0,0.0,0.0,0.0,28.68,600.0,28.69,200.0,28.7,100.0,28.71,300.0,28.73,300.0,0.0,0.0,0.0,0.0,0.0,0.0,0.0,0.0,0.0,0.0,26.8,31.39,72800.0,302130.0,0.0
2021-11-30 14:14:30,300557.SZ,28.14,28.18,29.12,28.18,28.64,665200.0,19200439.0,2062.0,28.64,500.0,28.63,500.0,28.61,3000.0,28.6,1000.0,28.58,700.0,0.0,0.0,0.0,0.0,0.0,0.0,0.0,0.0,0.0,0.0,28.68,600.0,28.69,200.0,28.7,100.0,28.71,300.0,28.73,300.0,0.0,0.0,0.0,0.0,0.0,0.0,0.0,0.0,0.0,0.0,26.8,31.4,72800.0,301830.0,0.0
2021-11-30 14:14:33,300557.SZ,28.14,28.18,29.12,28.18,28.68,665800.0,19217647.0,2064.0,28.64,500.0,28.63,500.0,28.61,3000.0,28.6,1000.0,28.58,700.0,0.0,0.0,0.0,0.0,0.0,0.0,0.0,0.0,0.0,0.0,28.69,200.0,28.7,100.0,28.71,300.0,28.73,300.0,28.74,600.0,0.0,0.0,0.0,0.0,0.0,0.0,0.0,0.0,0.0,0.0,26.8,31.4,72800.0,301230.0,0.0
2021-11-30 14:14:36,300557.SZ,28.14,28.18,29.12,28.18,28.68,665800.0,19217647.0,2064.0,28.64,500.0,28.63,500.0,28.61,3000.0,28.6,1000.0,28.58,700.0,0.0,0.0,0.0,0.0,0.0,0.0,0.0,0.0,0.0,0.0,28.69,200.0,28.7,100.0,28.71,200.0,28.73,300.0,28.74,600.0,0.0,0.0,0.0,0.0,0.0,0.0,0.0,0.0,0.0,0.0,26.8,31.4,72800.0,301130.0,0.0
2021-11-30 14:14:45,300557.SZ,28.14,28.18,29.12,28.18,28.68,665800.0,19217647.0,2064.0,28.64,500.0,28.63,500.0,28.61,3000.0,28.6,1000.0,28.58,700.0,0.0,0.0,0.0,0.0,0.0,0.0,0.0,0.0,0.0,0.0,28.69,200.0,28.7,100.0,28.71,300.0,28.73,300.0,28.74,600.0,0.0,0.0,0.0,0.0,0.0,0.0,0.0,0.0,0.0,0.0,26.8,31.4,72800.0,301230.0,0.0
2021-11-30 14:14:54,300557.SZ,28.14,28.18,29.12,28.18,28.68,665800.0,19217647.0,2064.0,28.64,500.0,28.63,1000.0,28.61,3000.0,28.6,1000.0,28.58,700.0,0.0,0.0,0.0,0.0,0.0,0.0,0.0,0.0,0.0,0.0,28.69,200.0,28.7,100.0,28.71,300.0,28.73,300.0,28.74,600.0,0.0,0.0,0.0,0.0,0.0,0.0,0.0,0.0,0.0,0.0,26.79,31.4,72300.0,301230.0,0.0
2021-11-30 14:15:06,300557.SZ,28.14,28.18,29.12,28.18,28.64,666300.0,19231967.0,2065.0,28.63,1000.0,28.61,3000.0,28.6,1000.0,28.58,700.0,28.55,200.0,0.0,0.0,0.0,0.0,0.0,0.0,0.0,0.0,0.0,0.0,28.64,600.0,28.69,200.0,28.7,200.0,28.71,300.0,28.73,300.0,0.0,0.0,0.0,0.0,0.0,0.0,0.0,0.0,0.0,0.0,26.77,31.4,71800.0,301930.0,0.0
2021-11-30 14:15:12,300557.SZ,28.14,28.18,29.12,28.18,28.64,666300.0,19231967.0,2065.0,28.63,1000.0,28.61,3000.0,28.6,1000.0,28.58,700.0,28.55,200.0,0.0,0.0,0.0,0.0,0.0,0.0,0.0,0.0,0.0,0.0,28.64,700.0,28.69,200.0,28.7,200.0,28.71,300.0,28.73,300.0,0.0,0.0,0.0,0.0,0.0,0.0,0.0,0.0,0.0,0.0,26.8,31.39,72800.0,302030.0,0.0
2021-11-30 14:15:15,300557.SZ,28.14,28.18,29.12,28.18,28.64,666700.0,19243423.0,2067.0,28.63,1000.0,28.61,3000.0,28.6,1000.0,28.58,700.0,28.55,200.0,0.0,0.0,0.0,0.0,0.0,0.0,0.0,0.0,0.0,0.0,28.64,300.0,28.68,500.0,28.69,200.0,28.7,200.0,28.71,300.0,0.0,0.0,0.0,0.0,0.0,0.0,0.0,0.0,0.0,0.0,26.8,31.39,72800.0,302130.0,0.0
2021-11-30 14:15:18,300557.SZ,28.14,28.18,29.12,28.18,28.64,667000.0,19252015.0,2069.0,28.64,500.0,28.63,1000.0,28.61,3000.0,28.6,1000.0,28.58,700.0,0.0,0.0,0.0,0.0,0.0,0.0,0.0,0.0,0.0,0.0,28.68,500.0,28.69,200.0,28.7,200.0,28.71,300.0,28.73,300.0,0.0,0.0,0.0,0.0,0.0,0.0,0.0,0.0,0.0,0.0,26.81,31.4,73300.0,301830.0,0.0
2021-11-30 14:15:21,300557.SZ,28.14,28.18,29.12,28.18,28.64,667000.0,19252015.0,2069.0,28.64,1100.0,28.63,1000.0,28.61,3000.0,28.6,1000.0,28.58,700.0,0.0,0.0,0.0,0.0,0.0,0.0,0.0,0.0,0.0,0.0,28.68,500.0,28.69,200.0,28.7,200.0,28.71,300.0,28.73,300.0,0.0,0.0,0.0,0.0,0.0,0.0,0.0,0.0,0.0,0.0,26.83,31.4,73900.0,301830.0,0.0
2021-11-30 14:15:30,300557.SZ,28.14,28.18,29.12,28.18,28.64,667000.0,19252015.0,2069.0,28.64,600.0,28.63,1000.0,28.61,3000.0,28.6,1000.0,28.58,700.0,0.0,0.0,0.0,0.0,0.0,0.0,0.0,0.0,0.0,0.0,28.68,500.0,28.69,200.0,28.7,200.0,28.71,300.0,28.73,300.0,0.0,0.0,0.0,0.0,0.0,0.0,0.0,0.0,0.0,0.0,26.81,31.4,73400.0,301830.0,0.0
2021-11-30 14:15:33,300557.SZ,28.14,28.18,29.12,28.18,28.64,667000.0,19252015.0,2069.0,28.64,300.0,28.63,1000.0,28.61,3000.0,28.6,1000.0,28.58,700.0,0.0,0.0,0.0,0.0,0.0,0.0,0.0,0.0,0.0,0.0,28.68,500.0,28.69,200.0,28.7,200.0,28.71,300.0,28.73,300.0,0.0,0.0,0.0,0.0,0.0,0.0,0.0,0.0,0.0,0.0,26.81,31.4,73100.0,301830.0,0.0
2021-11-30 14:15:36,300557.SZ,28.14,28.18,29.12,28.18,28.64,667000.0,19252015.0,2069.0,28.64,400.0,28.63,1000.0,28.61,3000.0,28.6,1000.0,28.58,700.0,0.0,0.0,0.0,0.0,0.0,0.0,0.0,0.0,0.0,0.0,28.68,500.0,28.69,200.0,28.7,200.0,28.71,300.0,28.73,300.0,0.0,0.0,0.0,0.0,0.0,0.0,0.0,0.0,0.0,0.0,26.81,31.4,73200.0,301830.0,0.0
2021-11-30 14:16:03,300557.SZ,28.14,28.18,29.12,28.18,28.64,667000.0,19252015.0,2069.0,28.64,400.0,28.63,1000.0,28.61,3000.0,28.6,1000.0,28.58,700.0,0.0,0.0,0.0,0.0,0.0,0.0,0.0,0.0,0.0,0.0,28.68,500.0,28.69,200.0,28.7,100.0,28.71,300.0,28.73,300.0,0.0,0.0,0.0,0.0,0.0,0.0,0.0,0.0,0.0,0.0,26.81,31.4,73200.0,301730.0,0.0
2021-11-30 14:16:06,300557.SZ,28.14,28.18,29.12,28.18,28.68,667100.0,19254883.0,2070.0,28.65,100.0,28.64,400.0,28.63,1000.0,28.61,3000.0,28.6,1000.0,0.0,0.0,0.0,0.0,0.0,0.0,0.0,0.0,0.0,0.0,28.68,400.0,28.69,200.0,28.7,100.0,28.71,300.0,28.73,300.0,0.0,0.0,0.0,0.0,0.0,0.0,0.0,0.0,0.0,0.0,26.81,31.4,73300.0,301630.0,0.0
2021-11-30 14:16:12,300557.SZ,28.14,28.18,29.12,28.18,28.68,667100.0,19254883.0,2070.0,28.65,200.0,28.64,300.0,28.63,1000.0,28.61,3000.0,28.6,1000.0,0.0,0.0,0.0,0.0,0.0,0.0,0.0,0.0,0.0,0.0,28.68,400.0,28.69,200.0,28.71,100.0,28.73,300.0,28.74,600.0,0.0,0.0,0.0,0.0,0.0,0.0,0.0,0.0,0.0,0.0,26.81,31.4,73300.0,301330.0,0.0
2021-11-30 14:16:30,300557.SZ,28.14,28.18,29.12,28.18,28.68,667100.0,19254883.0,2070.0,28.65,200.0,28.64,900.0,28.63,1000.0,28.61,3000.0,28.6,1000.0,0.0,0.0,0.0,0.0,0.0,0.0,0.0,0.0,0.0,0.0,28.68,400.0,28.69,200.0,28.71,100.0,28.73,300.0,28.74,600.0,0.0,0.0,0.0,0.0,0.0,0.0,0.0,0.0,0.0,0.0,26.83,31.4,73900.0,301330.0,0.0
2021-11-30 14:16:54,300557.SZ,28.14,28.18,29.12,28.18,28.68,667100.0,19254883.0,2070.0,28.65,200.0,28.64,900.0,28.63,1000.0,28.61,3000.0,28.6,1000.0,0.0,0.0,0.0,0.0,0.0,0.0,0.0,0.0,0.0,0.0,28.68,400.0,28.69,100.0,28.71,100.0,28.73,300.0,28.74,600.0,0.0,0.0,0.0,0.0,0.0,0.0,0.0,0.0,0.0,0.0,26.83,31.4,73900.0,301230.0,0.0
2021-11-30 14:17:00,300557.SZ,28.14,28.18,29.12,28.18,28.68,667100.0,19254883.0,2070.0,28.65,200.0,28.64,900.0,28.63,1000.0,28.61,3000.0,28.6,1000.0,0.0,0.0,0.0,0.0,0.0,0.0,0.0,0.0,0.0,0.0,28.68,400.0,28.71,100.0,28.73,300.0,28.74,600.0,28.78,700.0,0.0,0.0,0.0,0.0,0.0,0.0,0.0,0.0,0.0,0.0,26.83,31.4,73900.0,301130.0,0.0
2021-11-30 14:17:09,300557.SZ,28.14,28.18,29.12,28.18,28.68,667100.0,19254883.0,2070.0,28.65,200.0,28.64,900.0,28.63,1000.0,28.61,3000.0,28.6,1000.0,0.0,0.0,0.0,0.0,0.0,0.0,0.0,0.0,0.0,0.0,28.68,400.0,28.71,100.0,28.73,300.0,28.74,600.0,28.78,700.0,0.0,0.0,0.0,0.0,0.0,0.0,0.0,0.0,0.0,0.0,26.81,31.4,73400.0,301130.0,0.0
2021-11-30 14:17:27,300557.SZ,28.14,28.18,29.12,28.18,28.68,667100.0,19254883.0,2070.0,28.65,100.0,28.64,900.0,28.63,1000.0,28.61,3000.0,28.6,1000.0,0.0,0.0,0.0,0.0,0.0,0.0,0.0,0.0,0.0,0.0,28.68,400.0,28.73,300.0,28.74,600.0,28.78,700.0,28.79,1500.0,0.0,0.0,0.0,0.0,0.0,0.0,0.0,0.0,0.0,0.0,26.81,31.4,73200.0,301030.0,0.0
2021-11-30 14:17:42,300557.SZ,28.14,28.18,29.12,28.18,28.65,667200.0,19257748.0,2071.0,28.64,900.0,28.63,1000.0,28.61,3000.0,28.6,1000.0,28.58,700.0,0.0,0.0,0.0,0.0,0.0,0.0,0.0,0.0,0.0,0.0,28.65,200.0,28.68,400.0,28.73,300.0,28.74,600.0,28.78,700.0,0.0,0.0,0.0,0.0,0.0,0.0,0.0,0.0,0.0,0.0,26.81,31.4,73100.0,301230.0,0.0
2021-11-30 14:17:54,300557.SZ,28.14,28.18,29.12,28.18,28.65,667200.0,19257748.0,2071.0,28.64,900.0,28.63,1000.0,28.61,3000.0,28.6,1000.0,28.58,700.0,0.0,0.0,0.0,0.0,0.0,0.0,0.0,0.0,0.0,0.0,28.65,300.0,28.68,400.0,28.73,300.0,28.74,600.0,28.78,700.0,0.0,0.0,0.0,0.0,0.0,0.0,0.0,0.0,0.0,0.0,26.81,31.4,73100.0,301330.0,0.0
2021-11-30 14:18:03,300557.SZ,28.14,28.18,29.12,28.18,28.65,667400.0,19263478.0,2073.0,28.64,900.0,28.63,1000.0,28.61,3000.0,28.6,1000.0,28.58,700.0,0.0,0.0,0.0,0.0,0.0,0.0,0.0,0.0,0.0,0.0,28.65,100.0,28.68,400.0,28.73,300.0,28.74,600.0,28.78,700.0,0.0,0.0,0.0,0.0,0.0,0.0,0.0,0.0,0.0,0.0,26.81,31.4,73100.0,301130.0,0.0
2021-11-30 14:18:06,300557.SZ,28.14,28.18,29.12,28.18,28.65,667400.0,19263478.0,2073.0,28.64,900.0,28.63,1000.0,28.61,3000.0,28.6,1000.0,28.58,700.0,0.0,0.0,0.0,0.0,0.0,0.0,0.0,0.0,0.0,0.0,28.65,100.0,28.68,400.0,28.73,300.0,28.74,600.0,28.78,700.0,0.0,0.0,0.0,0.0,0.0,0.0,0.0,0.0,0.0,0.0,26.81,31.4,73000.0,301130.0,0.0
2021-11-30 14:18:12,300557.SZ,28.14,28.18,29.12,28.18,28.65,667500.0,19266343.0,2074.0,28.65,100.0,28.64,900.0,28.63,1000.0,28.61,3000.0,28.6,1000.0,0.0,0.0,0.0,0.0,0.0,0.0,0.0,0.0,0.0,0.0,28.68,400.0,28.73,300.0,28.74,600.0,28.78,700.0,28.79,1500.0,0.0,0.0,0.0,0.0,0.0,0.0,0.0,0.0,0.0,0.0,26.81,31.4,73100.0,301030.0,0.0
2021-11-30 14:18:18,300557.SZ,28.14,28.18,29.12,28.18,28.65,667500.0,19266343.0,2074.0,28.65,100.0,28.64,900.0,28.63,1000.0,28.61,3000.0,28.6,1000.0,0.0,0.0,0.0,0.0,0.0,0.0,0.0,0.0,0.0,0.0,28.68,400.0,28.78,700.0,28.79,1500.0,28.83,1200.0,28.86,1200.0,0.0,0.0,0.0,0.0,0.0,0.0,0.0,0.0,0.0,0.0,26.81,31.41,73100.0,300130.0,0.0
2021-11-30 14:18:21,300557.SZ,28.14,28.18,29.12,28.18,28.65,667500.0,19266343.0,2074.0,28.65,100.0,28.64,900.0,28.63,1000.0,28.61,3000.0,28.6,1000.0,0.0,0.0,0.0,0.0,0.0,0.0,0.0,0.0,0.0,0.0,28.68,700.0,28.73,500.0,28.78,700.0,28.79,1500.0,28.83,1200.0,0.0,0.0,0.0,0.0,0.0,0.0,0.0,0.0,0.0,0.0,26.81,31.4,73100.0,300930.0,0.0
2021-11-30 14:18:24,300557.SZ,28.14,28.18,29.12,28.18,28.65,667500.0,19266343.0,2074.0,28.64,900.0,28.63,1000.0,28.61,3000.0,28.6,1000.0,28.58,700.0,0.0,0.0,0.0,0.0,0.0,0.0,0.0,0.0,0.0,0.0,28.68,700.0,28.73,500.0,28.78,700.0,28.79,1500.0,28.83,1200.0,0.0,0.0,0.0,0.0,0.0,0.0,0.0,0.0,0.0,0.0,26.81,31.4,73000.0,300930.0,0.0
2021-11-30 14:18:27,300557.SZ,28.14,28.18,29.12,28.18,28.65,667500.0,19266343.0,2074.0,28.65,100.0,28.64,900.0,28.63,1000.0,28.61,3000.0,28.6,1000.0,0.0,0.0,0.0,0.0,0.0,0.0,0.0,0.0,0.0,0.0,28.68,700.0,28.73,500.0,28.78,700.0,28.79,1500.0,28.83,1200.0,0.0,0.0,0.0,0.0,0.0,0.0,0.0,0.0,0.0,0.0,26.81,31.4,73100.0,300930.0,0.0
2021-11-30 14:18:33,300557.SZ,28.14,28.18,29.12,28.18,28.65,667500.0,19266343.0,2074.0,28.65,200.0,28.64,900.0,28.63,1000.0,28.61,3000.0,28.6,1000.0,0.0,0.0,0.0,0.0,0.0,0.0,0.0,0.0,0.0,0.0,28.68,700.0,28.73,500.0,28.78,700.0,28.79,1500.0,28.83,1200.0,0.0,0.0,0.0,0.0,0.0,0.0,0.0,0.0,0.0,0.0,26.81,31.4,73200.0,300930.0,0.0
2021-11-30 14:19:33,300557.SZ,28.14,28.18,29.12,28.18,28.65,667500.0,19266343.0,2074.0,28.65,200.0,28.64,900.0,28.63,1000.0,28.61,3000.0,28.6,1000.0,0.0,0.0,0.0,0.0,0.0,0.0,0.0,0.0,0.0,0.0,28.68,700.0,28.73,500.0,28.78,700.0,28.79,1500.0,28.83,1200.0,0.0,0.0,0.0,0.0,0.0,0.0,0.0,0.0,0.0,0.0,26.81,31.4,73200.0,300930.0,0.0
2021-11-30 14:20:12,300557.SZ,28.14,28.18,29.12,28.18,28.65,667500.0,19266343.0,2074.0,28.65,200.0,28.64,900.0,28.63,1000.0,28.61,3000.0,28.6,1000.0,0.0,0.0,0.0,0.0,0.0,0.0,0.0,0.0,0.0,0.0,28.68,700.0,28.73,500.0,28.78,700.0,28.79,1500.0,28.83,1200.0,0.0,0.0,0.0,0.0,0.0,0.0,0.0,0.0,0.0,0.0,26.81,31.38,73200.0,297930.0,0.0
2021-11-30 14:21:03,300557.SZ,28.14,28.18,29.12,28.18,28.65,667700.0,19272073.0,2076.0,28.64,900.0,28.63,1000.0,28.61,3000.0,28.6,1000.0,28.58,700.0,0.0,0.0,0.0,0.0,0.0,0.0,0.0,0.0,0.0,0.0,28.65,200.0,28.68,700.0,28.73,500.0,28.78,700.0,28.79,1500.0,0.0,0.0,0.0,0.0,0.0,0.0,0.0,0.0,0.0,0.0,26.81,31.38,73000.0,298130.0,0.0
2021-11-30 14:21:21,300557.SZ,28.14,28.18,29.12,28.18,28.65,667700.0,19272073.0,2076.0,28.64,900.0,28.63,1000.0,28.61,3000.0,28.6,1000.0,28.58,700.0,0.0,0.0,0.0,0.0,0.0,0.0,0.0,0.0,0.0,0.0,28.68,700.0,28.73,500.0,28.78,700.0,28.79,1500.0,28.83,1200.0,0.0,0.0,0.0,0.0,0.0,0.0,0.0,0.0,0.0,0.0,26.81,31.38,73000.0,297930.0,0.0
2021-11-30 14:21:27,300557.SZ,28.14,28.18,29.12,28.18,28.65,667700.0,19272073.0,2076.0,28.64,900.0,28.63,1000.0,28.61,3000.0,28.6,1000.0,28.58,700.0,0.0,0.0,0.0,0.0,0.0,0.0,0.0,0.0,0.0,0.0,28.65,200.0,28.68,700.0,28.73,500.0,28.78,700.0,28.79,1500.0,0.0,0.0,0.0,0.0,0.0,0.0,0.0,0.0,0.0,0.0,26.81,31.38,73000.0,298130.0,0.0
2021-11-30 14:21:48,300557.SZ,28.14,28.18,29.12,28.18,28.65,667900.0,19277803.0,2077.0,28.65,100.0,28.64,900.0,28.63,1000.0,28.61,3000.0,28.6,1000.0,0.0,0.0,0.0,0.0,0.0,0.0,0.0,0.0,0.0,0.0,28.68,700.0,28.73,500.0,28.78,700.0,28.79,1500.0,28.83,1200.0,0.0,0.0,0.0,0.0,0.0,0.0,0.0,0.0,0.0,0.0,26.81,31.38,73100.0,297930.0,0.0
2021-11-30 14:21:54,300557.SZ,28.14,28.18,29.12,28.18,28.64,668100.0,19283532.0,2079.0,28.64,800.0,28.63,1000.0,28.61,3000.0,28.6,1000.0,28.58,700.0,0.0,0.0,0.0,0.0,0.0,0.0,0.0,0.0,0.0,0.0,28.68,700.0,28.73,500.0,28.78,700.0,28.79,1500.0,28.83,1200.0,0.0,0.0,0.0,0.0,0.0,0.0,0.0,0.0,0.0,0.0,26.8,31.38,72900.0,297930.0,0.0
2021-11-30 14:22:06,300557.SZ,28.14,28.18,29.12,28.18,28.64,668100.0,19283532.0,2079.0,28.64,800.0,28.63,1000.0,28.61,3000.0,28.6,1000.0,28.58,700.0,0.0,0.0,0.0,0.0,0.0,0.0,0.0,0.0,0.0,0.0,28.67,100.0,28.68,700.0,28.73,500.0,28.78,700.0,28.79,1500.0,0.0,0.0,0.0,0.0,0.0,0.0,0.0,0.0,0.0,0.0,26.8,31.38,72900.0,298030.0,0.0
2021-11-30 14:22:15,300557.SZ,28.14,28.18,29.12,28.18,28.64,668100.0,19283532.0,2079.0,28.64,800.0,28.63,1000.0,28.61,3000.0,28.6,1000.0,28.58,700.0,0.0,0.0,0.0,0.0,0.0,0.0,0.0,0.0,0.0,0.0,28.66,100.0,28.67,100.0,28.68,700.0,28.73,500.0,28.78,700.0,0.0,0.0,0.0,0.0,0.0,0.0,0.0,0.0,0.0,0.0,26.8,31.38,72900.0,298130.0,0.0
2021-11-30 14:22:27,300557.SZ,28.14,28.18,29.12,28.18,28.64,668100.0,19283532.0,2079.0,28.64,800.0,28.63,1000.0,28.61,3000.0,28.6,1000.0,28.58,700.0,0.0,0.0,0.0,0.0,0.0,0.0,0.0,0.0,0.0,0.0,28.66,100.0,28.67,100.0,28.68,700.0,28.73,500.0,28.78,200.0,0.0,0.0,0.0,0.0,0.0,0.0,0.0,0.0,0.0,0.0,26.8,31.38,72900.0,297630.0,0.0
2021-11-30 14:22:42,300557.SZ,28.14,28.18,29.12,28.18,28.64,668200.0,19286396.0,2080.0,28.64,700.0,28.63,1000.0,28.61,3000.0,28.6,1000.0,28.58,700.0,0.0,0.0,0.0,0.0,0.0,0.0,0.0,0.0,0.0,0.0,28.66,100.0,28.67,100.0,28.68,700.0,28.73,500.0,28.78,200.0,0.0,0.0,0.0,0.0,0.0,0.0,0.0,0.0,0.0,0.0,26.8,31.38,72800.0,297630.0,0.0
2021-11-30 14:23:09,300557.SZ,28.14,28.18,29.12,28.18,28.64,668800.0,19303580.0,2082.0,28.64,100.0,28.63,1000.0,28.61,3000.0,28.6,1000.0,28.58,700.0,0.0,0.0,0.0,0.0,0.0,0.0,0.0,0.0,0.0,0.0,28.66,100.0,28.67,100.0,28.68,700.0,28.73,500.0,28.78,200.0,0.0,0.0,0.0,0.0,0.0,0.0,0.0,0.0,0.0,0.0,26.79,31.38,72200.0,297630.0,0.0
2021-11-30 14:23:18,300557.SZ,28.14,28.18,29.12,28.18,28.64,668800.0,19303580.0,2082.0,28.64,100.0,28.63,1000.0,28.61,3000.0,28.6,600.0,28.58,700.0,0.0,0.0,0.0,0.0,0.0,0.0,0.0,0.0,0.0,0.0,28.66,100.0,28.67,100.0,28.68,700.0,28.73,500.0,28.78,200.0,0.0,0.0,0.0,0.0,0.0,0.0,0.0,0.0,0.0,0.0,26.78,31.38,71800.0,297630.0,0.0
2021-11-30 14:23:51,300557.SZ,28.14,28.18,29.12,28.18,28.64,668800.0,19303580.0,2082.0,28.64,600.0,28.63,1000.0,28.61,3000.0,28.6,600.0,28.58,700.0,0.0,0.0,0.0,0.0,0.0,0.0,0.0,0.0,0.0,0.0,28.66,100.0,28.67,100.0,28.68,700.0,28.73,500.0,28.78,200.0,0.0,0.0,0.0,0.0,0.0,0.0,0.0,0.0,0.0,0.0,26.79,31.38,72300.0,297630.0,0.0
2021-11-30 14:23:57,300557.SZ,28.14,28.18,29.12,28.18,28.64,668800.0,19303580.0,2082.0,28.64,600.0,28.63,1200.0,28.61,3000.0,28.6,600.0,28.58,700.0,0.0,0.0,0.0,0.0,0.0,0.0,0.0,0.0,0.0,0.0,28.66,100.0,28.67,100.0,28.68,700.0,28.73,500.0,28.78,200.0,0.0,0.0,0.0,0.0,0.0,0.0,0.0,0.0,0.0,0.0,26.79,31.38,72500.0,297630.0,0.0
2021-11-30 14:24:00,300557.SZ,28.14,28.18,29.12,28.18,28.66,668900.0,19306446.0,2083.0,28.66,100.0,28.64,1100.0,28.63,1200.0,28.61,3000.0,28.6,600.0,0.0,0.0,0.0,0.0,0.0,0.0,0.0,0.0,0.0,0.0,28.67,100.0,28.68,700.0,28.73,500.0,28.78,200.0,28.79,1500.0,0.0,0.0,0.0,0.0,0.0,0.0,0.0,0.0,0.0,0.0,26.81,31.38,73100.0,297530.0,0.0
2021-11-30 14:24:03,300557.SZ,28.14,28.18,29.12,28.18,28.67,669000.0,19309313.0,2084.0,28.66,200.0,28.64,1100.0,28.63,1200.0,28.61,3000.0,28.6,600.0,0.0,0.0,0.0,0.0,0.0,0.0,0.0,0.0,0.0,0.0,28.68,700.0,28.73,500.0,28.78,200.0,28.79,1500.0,28.83,1200.0,0.0,0.0,0.0,0.0,0.0,0.0,0.0,0.0,0.0,0.0,26.81,31.39,73200.0,297430.0,0.0
2021-11-30 14:24:06,300557.SZ,28.14,28.18,29.12,28.18,28.67,669000.0,19309313.0,2084.0,28.67,100.0,28.66,200.0,28.64,1100.0,28.63,1200.0,28.61,3000.0,0.0,0.0,0.0,0.0,0.0,0.0,0.0,0.0,0.0,0.0,28.68,700.0,28.73,500.0,28.78,200.0,28.79,1500.0,28.83,1200.0,0.0,0.0,0.0,0.0,0.0,0.0,0.0,0.0,0.0,0.0,26.81,31.39,73300.0,297430.0,0.0
2021-11-30 14:24:09,300557.SZ,28.14,28.18,29.12,28.18,28.67,669800.0,19332256.0,2087.0,28.66,200.0,28.64,1100.0,28.63,1200.0,28.61,3000.0,28.6,600.0,0.0,0.0,0.0,0.0,0.0,0.0,0.0,0.0,0.0,0.0,28.73,500.0,28.78,200.0,28.79,1500.0,28.83,1200.0,28.86,1200.0,0.0,0.0,0.0,0.0,0.0,0.0,0.0,0.0,0.0,0.0,26.81,31.39,73200.0,296730.0,0.0
2021-11-30 14:24:15,300557.SZ,28.14,28.18,29.12,28.18,28.67,669800.0,19332256.0,2087.0,28.64,1100.0,28.63,1200.0,28.61,3000.0,28.6,600.0,28.58,700.0,0.0,0.0,0.0,0.0,0.0,0.0,0.0,0.0,0.0,0.0,28.73,500.0,28.78,200.0,28.79,1500.0,28.83,1200.0,28.86,1200.0,0.0,0.0,0.0,0.0,0.0,0.0,0.0,0.0,0.0,0.0,26.81,31.39,73000.0,296730.0,0.0
2021-11-30 14:24:18,300557.SZ,28.14,28.18,29.12,28.18,28.67,669800.0,19332256.0,2087.0,28.64,1100.0,28.63,1200.0,28.61,3000.0,28.6,600.0,28.58,700.0,0.0,0.0,0.0,0.0,0.0,0.0,0.0,0.0,0.0,0.0,28.73,500.0,28.74,100.0,28.78,200.0,28.79,1500.0,28.83,1200.0,0.0,0.0,0.0,0.0,0.0,0.0,0.0,0.0,0.0,0.0,26.81,31.39,73000.0,296830.0,0.0
2021-11-30 14:24:21,300557.SZ,28.14,28.18,29.12,28.18,28.67,669800.0,19332256.0,2087.0,28.64,1100.0,28.63,1200.0,28.61,3000.0,28.6,600.0,28.58,700.0,0.0,0.0,0.0,0.0,0.0,0.0,0.0,0.0,0.0,0.0,28.73,500.0,28.74,200.0,28.78,200.0,28.79,1500.0,28.83,1200.0,0.0,0.0,0.0,0.0,0.0,0.0,0.0,0.0,0.0,0.0,26.81,31.39,73000.0,296930.0,0.0
2021-11-30 14:24:24,300557.SZ,28.14,28.18,29.12,28.18,28.67,669800.0,19332256.0,2087.0,28.64,1100.0,28.63,1200.0,28.61,3000.0,28.6,600.0,28.58,700.0,0.0,0.0,0.0,0.0,0.0,0.0,0.0,0.0,0.0,0.0,28.73,500.0,28.74,300.0,28.75,400.0,28.78,200.0,28.79,1500.0,0.0,0.0,0.0,0.0,0.0,0.0,0.0,0.0,0.0,0.0,26.81,31.39,73000.0,297430.0,0.0
2021-11-30 14:24:30,300557.SZ,28.14,28.18,29.12,28.18,28.73,670300.0,19346621.0,2088.0,28.73,1500.0,28.64,1100.0,28.63,1200.0,28.61,3000.0,28.6,600.0,0.0,0.0,0.0,0.0,0.0,0.0,0.0,0.0,0.0,0.0,28.74,300.0,28.75,500.0,28.78,200.0,28.79,1500.0,28.83,1200.0,0.0,0.0,0.0,0.0,0.0,0.0,0.0,0.0,0.0,0.0,26.85,31.39,74500.0,297030.0,0.0
2021-11-30 14:24:33,300557.SZ,28.14,28.18,29.12,28.18,28.73,670400.0,19349494.0,2089.0,28.73,1400.0,28.64,1100.0,28.63,1200.0,28.61,3000.0,28.6,600.0,0.0,0.0,0.0,0.0,0.0,0.0,0.0,0.0,0.0,0.0,28.74,300.0,28.75,500.0,28.78,200.0,28.79,1500.0,28.83,1200.0,0.0,0.0,0.0,0.0,0.0,0.0,0.0,0.0,0.0,0.0,26.84,31.39,74400.0,297030.0,0.0
2021-11-30 14:24:36,300557.SZ,28.14,28.18,29.12,28.18,28.73,671800.0,19389716.0,2091.0,28.64,1100.0,28.63,1200.0,28.61,3000.0,28.6,600.0,28.58,700.0,0.0,0.0,0.0,0.0,0.0,0.0,0.0,0.0,0.0,0.0,28.7,200.0,28.72,700.0,28.73,1000.0,28.74,300.0,28.75,500.0,0.0,0.0,0.0,0.0,0.0,0.0,0.0,0.0,0.0,0.0,26.81,31.37,73000.0,298930.0,0.0
2021-11-30 14:24:39,300557.SZ,28.14,28.18,29.12,28.18,28.73,671800.0,19389716.0,2091.0,28.65,2000.0,28.64,1100.0,28.63,1200.0,28.61,3000.0,28.6,600.0,0.0,0.0,0.0,0.0,0.0,0.0,0.0,0.0,0.0,0.0,28.7,200.0,28.72,700.0,28.73,1000.0,28.74,300.0,28.75,500.0,0.0,0.0,0.0,0.0,0.0,0.0,0.0,0.0,0.0,0.0,26.86,31.37,75000.0,298930.0,0.0
2021-11-30 14:24:42,300557.SZ,28.14,28.18,29.12,28.18,28.65,671900.0,19392581.0,2092.0,28.65,1900.0,28.64,1100.0,28.63,1200.0,28.61,3000.0,28.6,600.0,0.0,0.0,0.0,0.0,0.0,0.0,0.0,0.0,0.0,0.0,28.7,200.0,28.72,500.0,28.73,1000.0,28.74,300.0,28.75,500.0,0.0,0.0,0.0,0.0,0.0,0.0,0.0,0.0,0.0,0.0,26.85,31.37,74900.0,298730.0,0.0
2021-11-30 14:24:45,300557.SZ,28.14,28.18,29.12,28.18,28.65,671900.0,19392581.0,2092.0,28.65,1900.0,28.64,1100.0,28.63,1200.0,28.61,3000.0,28.6,600.0,0.0,0.0,0.0,0.0,0.0,0.0,0.0,0.0,0.0,0.0,28.7,200.0,28.72,500.0,28.74,300.0,28.75,500.0,28.78,200.0,0.0,0.0,0.0,0.0,0.0,0.0,0.0,0.0,0.0,0.0,26.85,31.38,74900.0,297730.0,0.0
2021-11-30 14:24:48,300557.SZ,28.14,28.18,29.12,28.18,28.65,671900.0,19392581.0,2092.0,28.65,1900.0,28.64,1100.0,28.63,1200.0,28.61,3000.0,28.6,600.0,0.0,0.0,0.0,0.0,0.0,0.0,0.0,0.0,0.0,0.0,28.69,100.0,28.7,200.0,28.72,500.0,28.74,300.0,28.75,500.0,0.0,0.0,0.0,0.0,0.0,0.0,0.0,0.0,0.0,0.0,26.85,31.38,74900.0,297830.0,0.0
2021-11-30 14:24:57,300557.SZ,28.14,28.18,29.12,28.18,28.65,671900.0,19392581.0,2092.0,28.66,100.0,28.65,1900.0,28.64,1100.0,28.63,1200.0,28.61,3000.0,0.0,0.0,0.0,0.0,0.0,0.0,0.0,0.0,0.0,0.0,28.69,100.0,28.7,200.0,28.72,500.0,28.74,300.0,28.75,500.0,0.0,0.0,0.0,0.0,0.0,0.0,0.0,0.0,0.0,0.0,26.86,31.38,75000.0,297830.0,0.0
2021-11-30 14:25:09,300557.SZ,28.14,28.18,29.12,28.18,28.65,671900.0,19392581.0,2092.0,28.66,200.0,28.65,1900.0,28.64,1100.0,28.63,1200.0,28.61,3000.0,0.0,0.0,0.0,0.0,0.0,0.0,0.0,0.0,0.0,0.0,28.69,100.0,28.7,200.0,28.72,500.0,28.74,300.0,28.75,500.0,0.0,0.0,0.0,0.0,0.0,0.0,0.0,0.0,0.0,0.0,26.86,31.38,75100.0,297830.0,0.0
2021-11-30 14:25:27,300557.SZ,28.14,28.18,29.12,28.18,28.65,671900.0,19392581.0,2092.0,28.66,4700.0,28.65,1900.0,28.64,1100.0,28.63,1200.0,28.61,3000.0,0.0,0.0,0.0,0.0,0.0,0.0,0.0,0.0,0.0,0.0,28.69,100.0,28.7,200.0,28.72,500.0,28.74,300.0,28.75,500.0,0.0,0.0,0.0,0.0,0.0,0.0,0.0,0.0,0.0,0.0,26.96,31.38,79600.0,297830.0,0.0
2021-11-30 14:25:39,300557.SZ,28.14,28.18,29.12,28.18,28.72,672300.0,19404062.0,2096.0,28.66,4700.0,28.65,1900.0,28.64,1100.0,28.63,1200.0,28.61,3000.0,0.0,0.0,0.0,0.0,0.0,0.0,0.0,0.0,0.0,0.0,28.72,400.0,28.74,300.0,28.75,500.0,28.78,200.0,28.79,1500.0,0.0,0.0,0.0,0.0,0.0,0.0,0.0,0.0,0.0,0.0,26.96,31.39,79600.0,297430.0,0.0
2021-11-30 14:25:57,300557.SZ,28.14,28.18,29.12,28.18,28.72,672300.0,19404062.0,2096.0,28.66,4700.0,28.64,1100.0,28.63,1200.0,28.61,3000.0,28.6,600.0,0.0,0.0,0.0,0.0,0.0,0.0,0.0,0.0,0.0,0.0,28.72,400.0,28.74,300.0,28.75,500.0,28.78,200.0,28.79,1500.0,0.0,0.0,0.0,0.0,0.0,0.0,0.0,0.0,0.0,0.0,26.92,31.39,77700.0,297430.0,0.0
2021-11-30 14:26:03,300557.SZ,28.14,28.18,29.12,28.18,28.72,672300.0,19404062.0,2096.0,28.66,4700.0,28.64,1100.0,28.63,1200.0,28.61,3000.0,28.6,600.0,0.0,0.0,0.0,0.0,0.0,0.0,0.0,0.0,0.0,0.0,28.72,700.0,28.74,300.0,28.75,500.0,28.78,200.0,28.79,1500.0,0.0,0.0,0.0,0.0,0.0,0.0,0.0,0.0,0.0,0.0,26.92,31.38,77700.0,297730.0,0.0
2021-11-30 14:26:12,300557.SZ,28.14,28.18,29.12,28.18,28.66,672900.0,19421258.0,2100.0,28.66,4100.0,28.64,1100.0,28.63,1200.0,28.61,3000.0,28.6,600.0,0.0,0.0,0.0,0.0,0.0,0.0,0.0,0.0,0.0,0.0,28.72,700.0,28.74,300.0,28.75,500.0,28.78,200.0,28.79,1500.0,0.0,0.0,0.0,0.0,0.0,0.0,0.0,0.0,0.0,0.0,26.91,31.38,77100.0,297730.0,0.0
2021-11-30 14:26:18,300557.SZ,28.14,28.18,29.12,28.18,28.66,672900.0,19421258.0,2100.0,28.66,4100.0,28.64,1100.0,28.63,1200.0,28.61,3000.0,28.6,600.0,0.0,0.0,0.0,0.0,0.0,0.0,0.0,0.0,0.0,0.0,28.72,400.0,28.74,300.0,28.75,500.0,28.78,200.0,28.79,1500.0,0.0,0.0,0.0,0.0,0.0,0.0,0.0,0.0,0.0,0.0,26.91,31.39,77100.0,297430.0,0.0
2021-11-30 14:26:21,300557.SZ,28.14,28.18,29.12,28.18,28.66,673200.0,19429856.0,2101.0,28.66,3800.0,28.64,1100.0,28.63,1200.0,28.61,3000.0,28.6,600.0,0.0,0.0,0.0,0.0,0.0,0.0,0.0,0.0,0.0,0.0,28.72,400.0,28.74,300.0,28.75,500.0,28.78,200.0,28.79,1500.0,0.0,0.0,0.0,0.0,0.0,0.0,0.0,0.0,0.0,0.0,26.9,31.39,76800.0,297430.0,0.0
2021-11-30 14:26:36,300557.SZ,28.14,28.18,29.12,28.18,28.66,673200.0,19429856.0,2101.0,28.67,300.0,28.66,3800.0,28.64,1100.0,28.63,1200.0,28.61,3000.0,0.0,0.0,0.0,0.0,0.0,0.0,0.0,0.0,0.0,0.0,28.72,400.0,28.74,300.0,28.75,500.0,28.78,200.0,28.79,1500.0,0.0,0.0,0.0,0.0,0.0,0.0,0.0,0.0,0.0,0.0,26.91,31.39,77100.0,297430.0,0.0
2021-11-30 14:27:00,300557.SZ,28.14,28.18,29.12,28.18,28.66,673200.0,19429856.0,2101.0,28.67,300.0,28.66,3800.0,28.65,100.0,28.64,1100.0,28.63,1200.0,0.0,0.0,0.0,0.0,0.0,0.0,0.0,0.0,0.0,0.0,28.72,400.0,28.74,300.0,28.75,500.0,28.78,200.0,28.79,1500.0,0.0,0.0,0.0,0.0,0.0,0.0,0.0,0.0,0.0,0.0,26.91,31.39,77200.0,297430.0,0.0
2021-11-30 14:27:15,300557.SZ,28.14,28.18,29.12,28.18,28.66,673200.0,19429856.0,2101.0,28.67,1300.0,28.66,3800.0,28.65,100.0,28.64,1100.0,28.63,1200.0,0.0,0.0,0.0,0.0,0.0,0.0,0.0,0.0,0.0,0.0,28.72,400.0,28.74,300.0,28.75,500.0,28.78,200.0,28.79,1500.0,0.0,0.0,0.0,0.0,0.0,0.0,0.0,0.0,0.0,0.0,26.93,31.39,78200.0,297430.0,0.0
2021-11-30 14:27:36,300557.SZ,28.14,28.18,29.12,28.18,28.66,673200.0,19429856.0,2101.0,28.67,1300.0,28.66,3800.0,28.65,100.0,28.64,1100.0,28.63,1200.0,0.0,0.0,0.0,0.0,0.0,0.0,0.0,0.0,0.0,0.0,28.72,400.0,28.74,300.0,28.75,500.0,28.78,200.0,28.79,1500.0,0.0,0.0,0.0,0.0,0.0,0.0,0.0,0.0,0.0,0.0,26.94,31.39,78700.0,297430.0,0.0
2021-11-30 14:27:45,300557.SZ,28.14,28.18,29.12,28.18,28.67,674100.0,19455659.0,2103.0,28.67,400.0,28.66,3800.0,28.65,100.0,28.64,1100.0,28.63,1200.0,0.0,0.0,0.0,0.0,0.0,0.0,0.0,0.0,0.0,0.0,28.72,400.0,28.74,300.0,28.75,500.0,28.78,200.0,28.79,1500.0,0.0,0.0,0.0,0.0,0.0,0.0,0.0,0.0,0.0,0.0,26.92,31.39,77800.0,297430.0,0.0
2021-11-30 14:28:09,300557.SZ,28.14,28.18,29.12,28.18,28.67,674400.0,19464260.0,2104.0,28.67,100.0,28.66,3800.0,28.65,100.0,28.64,1100.0,28.63,1200.0,0.0,0.0,0.0,0.0,0.0,0.0,0.0,0.0,0.0,0.0,28.72,400.0,28.74,300.0,28.75,500.0,28.78,200.0,28.79,1500.0,0.0,0.0,0.0,0.0,0.0,0.0,0.0,0.0,0.0,0.0,26.91,31.39,77500.0,297430.0,0.0
2021-11-30 14:28:36,300557.SZ,28.14,28.18,29.12,28.18,28.72,674800.0,19475748.0,2106.0,28.67,100.0,28.66,3800.0,28.65,100.0,28.64,1100.0,28.63,1200.0,0.0,0.0,0.0,0.0,0.0,0.0,0.0,0.0,0.0,0.0,28.74,300.0,28.75,500.0,28.78,200.0,28.79,1500.0,28.83,1200.0,0.0,0.0,0.0,0.0,0.0,0.0,0.0,0.0,0.0,0.0,26.91,31.39,77500.0,297030.0,0.0
2021-11-30 14:28:54,300557.SZ,28.14,28.18,29.12,28.18,28.72,674800.0,19475748.0,2106.0,28.67,100.0,28.66,3800.0,28.65,100.0,28.64,1100.0,28.63,1200.0,0.0,0.0,0.0,0.0,0.0,0.0,0.0,0.0,0.0,0.0,28.74,300.0,28.75,600.0,28.78,200.0,28.79,1500.0,28.83,1200.0,0.0,0.0,0.0,0.0,0.0,0.0,0.0,0.0,0.0,0.0,26.91,31.39,77500.0,297130.0,0.0
2021-11-30 14:29:12,300557.SZ,28.14,28.18,29.12,28.18,28.72,674800.0,19475748.0,2106.0,28.67,100.0,28.66,3800.0,28.65,100.0,28.64,1100.0,28.63,1200.0,0.0,0.0,0.0,0.0,0.0,0.0,0.0,0.0,0.0,0.0,28.73,300.0,28.74,300.0,28.75,600.0,28.78,200.0,28.79,1500.0,0.0,0.0,0.0,0.0,0.0,0.0,0.0,0.0,0.0,0.0,26.91,31.39,77500.0,297430.0,0.0
2021-11-30 14:29:15,300557.SZ,28.14,28.18,29.12,28.18,28.72,674800.0,19475748.0,2106.0,28.67,100.0,28.66,3800.0,28.65,100.0,28.64,1100.0,28.63,1200.0,0.0,0.0,0.0,0.0,0.0,0.0,0.0,0.0,0.0,0.0,28.73,300.0,28.74,300.0,28.75,600.0,28.78,200.0,28.79,1500.0,0.0,0.0,0.0,0.0,0.0,0.0,0.0,0.0,0.0,0.0,26.91,31.39,77500.0,296430.0,0.0
2021-11-30 14:29:36,300557.SZ,28.14,28.18,29.12,28.18,28.72,674800.0,19475748.0,2106.0,28.67,100.0,28.66,3800.0,28.65,100.0,28.64,1100.0,28.63,1200.0,0.0,0.0,0.0,0.0,0.0,0.0,0.0,0.0,0.0,0.0,28.72,500.0,28.73,300.0,28.74,300.0,28.75,600.0,28.78,200.0,0.0,0.0,0.0,0.0,0.0,0.0,0.0,0.0,0.0,0.0,26.91,31.39,77500.0,296930.0,0.0
2021-11-30 14:29:45,300557.SZ,28.14,28.18,29.12,28.18,28.72,674800.0,19475748.0,2106.0,28.67,100.0,28.66,3800.0,28.65,100.0,28.64,600.0,28.63,1200.0,0.0,0.0,0.0,0.0,0.0,0.0,0.0,0.0,0.0,0.0,28.72,500.0,28.73,300.0,28.74,300.0,28.75,600.0,28.78,200.0,0.0,0.0,0.0,0.0,0.0,0.0,0.0,0.0,0.0,0.0,26.9,31.38,77000.0,297530.0,0.0
2021-11-30 14:29:48,300557.SZ,28.14,28.18,29.12,28.18,28.72,674800.0,19475748.0,2106.0,28.67,100.0,28.66,3800.0,28.65,100.0,28.64,600.0,28.63,1200.0,0.0,0.0,0.0,0.0,0.0,0.0,0.0,0.0,0.0,0.0,28.72,500.0,28.73,800.0,28.74,300.0,28.75,600.0,28.78,200.0,0.0,0.0,0.0,0.0,0.0,0.0,0.0,0.0,0.0,0.0,26.9,31.38,77000.0,298030.0,0.0
2021-11-30 14:29:51,300557.SZ,28.14,28.18,29.12,28.18,28.72,674800.0,19475748.0,2106.0,28.67,100.0,28.66,3800.0,28.65,100.0,28.64,600.0,28.63,1200.0,0.0,0.0,0.0,0.0,0.0,0.0,0.0,0.0,0.0,0.0,28.73,800.0,28.74,300.0,28.75,600.0,28.78,200.0,28.79,1500.0,0.0,0.0,0.0,0.0,0.0,0.0,0.0,0.0,0.0,0.0,26.9,31.38,77000.0,297530.0,0.0
2021-11-30 14:29:57,300557.SZ,28.14,28.18,29.12,28.18,28.67,674900.0,19478615.0,2107.0,28.66,3800.0,28.65,100.0,28.64,600.0,28.63,1200.0,28.61,3000.0,0.0,0.0,0.0,0.0,0.0,0.0,0.0,0.0,0.0,0.0,28.67,500.0,28.73,800.0,28.74,300.0,28.75,600.0,28.78,200.0,0.0,0.0,0.0,0.0,0.0,0.0,0.0,0.0,0.0,0.0,26.9,31.38,76900.0,298030.0,0.0
2021-11-30 14:30:00,300557.SZ,28.14,28.18,29.12,28.18,28.67,674900.0,19478615.0,2107.0,28.66,3800.0,28.65,100.0,28.64,600.0,28.63,1200.0,28.61,3000.0,0.0,0.0,0.0,0.0,0.0,0.0,0.0,0.0,0.0,0.0,28.67,400.0,28.73,800.0,28.74,300.0,28.75,600.0,28.78,200.0,0.0,0.0,0.0,0.0,0.0,0.0,0.0,0.0,0.0,0.0,26.9,31.38,76900.0,297930.0,0.0
2021-11-30 14:30:03,300557.SZ,28.14,28.18,29.12,28.18,28.67,675400.0,19492950.0,2109.0,28.67,200.0,28.66,3800.0,28.65,100.0,28.64,600.0,28.63,1200.0,0.0,0.0,0.0,0.0,0.0,0.0,0.0,0.0,0.0,0.0,28.73,800.0,28.74,300.0,28.75,200.0,28.78,200.0,28.79,1500.0,0.0,0.0,0.0,0.0,0.0,0.0,0.0,0.0,0.0,0.0,26.91,31.39,77100.0,297130.0,0.0
2021-11-30 14:30:06,300557.SZ,28.14,28.18,29.12,28.18,28.67,675400.0,19492950.0,2109.0,28.68,500.0,28.67,600.0,28.66,3800.0,28.65,100.0,28.64,600.0,0.0,0.0,0.0,0.0,0.0,0.0,0.0,0.0,0.0,0.0,28.73,800.0,28.74,300.0,28.75,100.0,28.78,200.0,28.79,1500.0,0.0,0.0,0.0,0.0,0.0,0.0,0.0,0.0,0.0,0.0,26.93,31.39,78000.0,297030.0,0.0
2021-11-30 14:30:09,300557.SZ,28.14,28.18,29.12,28.18,28.68,675500.0,19495818.0,2110.0,28.68,400.0,28.67,600.0,28.66,3800.0,28.65,100.0,28.64,600.0,0.0,0.0,0.0,0.0,0.0,0.0,0.0,0.0,0.0,0.0,28.73,800.0,28.74,300.0,28.78,200.0,28.79,1500.0,28.83,1200.0,0.0,0.0,0.0,0.0,0.0,0.0,0.0,0.0,0.0,0.0,26.92,31.39,77900.0,296930.0,0.0
2021-11-30 14:30:12,300557.SZ,28.14,28.18,29.12,28.18,28.68,675500.0,19495818.0,2110.0,28.68,400.0,28.67,600.0,28.66,3800.0,28.65,100.0,28.64,600.0,0.0,0.0,0.0,0.0,0.0,0.0,0.0,0.0,0.0,0.0,28.73,800.0,28.74,300.0,28.75,400.0,28.78,200.0,28.79,1500.0,0.0,0.0,0.0,0.0,0.0,0.0,0.0,0.0,0.0,0.0,26.92,31.38,77900.0,296830.0,0.0
2021-11-30 14:30:15,300557.SZ,28.14,28.18,29.12,28.18,28.68,675500.0,19495818.0,2110.0,28.68,400.0,28.67,400.0,28.66,3800.0,28.65,100.0,28.64,600.0,0.0,0.0,0.0,0.0,0.0,0.0,0.0,0.0,0.0,0.0,28.72,100.0,28.73,800.0,28.74,300.0,28.75,400.0,28.78,200.0,0.0,0.0,0.0,0.0,0.0,0.0,0.0,0.0,0.0,0.0,26.92,31.38,77700.0,296930.0,0.0
2021-11-30 14:30:18,300557.SZ,28.14,28.18,29.12,28.18,28.68,675500.0,19495818.0,2110.0,28.68,400.0,28.66,3800.0,28.65,100.0,28.64,600.0,28.63,1200.0,0.0,0.0,0.0,0.0,0.0,0.0,0.0,0.0,0.0,0.0,28.72,100.0,28.73,800.0,28.74,300.0,28.75,500.0,28.78,200.0,0.0,0.0,0.0,0.0,0.0,0.0,0.0,0.0,0.0,0.0,26.91,31.38,77300.0,297030.0,0.0
2021-11-30 14:30:21,300557.SZ,28.14,28.18,29.12,28.18,28.68,675600.0,19498686.0,2111.0,28.68,2900.0,28.66,3800.0,28.65,100.0,28.64,600.0,28.63,1200.0,0.0,0.0,0.0,0.0,0.0,0.0,0.0,0.0,0.0,0.0,28.72,100.0,28.73,800.0,28.74,300.0,28.75,500.0,28.78,200.0,0.0,0.0,0.0,0.0,0.0,0.0,0.0,0.0,0.0,0.0,26.97,31.38,79800.0,297030.0,0.0
2021-11-30 14:30:45,300557.SZ,28.14,28.18,29.12,28.18,28.68,675600.0,19498686.0,2111.0,28.68,2900.0,28.66,3800.0,28.65,100.0,28.64,600.0,28.63,1200.0,0.0,0.0,0.0,0.0,0.0,0.0,0.0,0.0,0.0,0.0,28.72,1400.0,28.73,800.0,28.74,300.0,28.75,500.0,28.78,200.0,0.0,0.0,0.0,0.0,0.0,0.0,0.0,0.0,0.0,0.0,26.97,31.37,79800.0,298330.0,0.0
2021-11-30 14:31:03,300557.SZ,28.14,28.18,29.12,28.18,28.72,676000.0,19510174.0,2113.0,28.68,2900.0,28.66,3800.0,28.65,100.0,28.64,600.0,28.63,1200.0,0.0,0.0,0.0,0.0,0.0,0.0,0.0,0.0,0.0,0.0,28.72,1000.0,28.73,800.0,28.74,300.0,28.75,500.0,28.78,200.0,0.0,0.0,0.0,0.0,0.0,0.0,0.0,0.0,0.0,0.0,26.97,31.37,79800.0,297930.0,0.0
2021-11-30 14:31:36,300557.SZ,28.14,28.18,29.12,28.18,28.68,678900.0,19593346.0,2115.0,28.66,3800.0,28.65,100.0,28.64,600.0,28.63,1200.0,28.61,3000.0,0.0,0.0,0.0,0.0,0.0,0.0,0.0,0.0,0.0,0.0,28.68,17100.0,28.72,1000.0,28.73,800.0,28.74,300.0,28.75,500.0,0.0,0.0,0.0,0.0,0.0,0.0,0.0,0.0,0.0,0.0,26.9,31.23,76900.0,315030.0,0.0
2021-11-30 14:31:42,300557.SZ,28.14,28.18,29.12,28.18,28.68,678900.0,19593346.0,2115.0,28.66,3800.0,28.65,100.0,28.64,600.0,28.63,1200.0,28.61,3000.0,0.0,0.0,0.0,0.0,0.0,0.0,0.0,0.0,0.0,0.0,28.67,100.0,28.68,17100.0,28.72,1000.0,28.73,800.0,28.74,300.0,0.0,0.0,0.0,0.0,0.0,0.0,0.0,0.0,0.0,0.0,26.9,31.23,76900.0,315130.0,0.0
2021-11-30 14:31:51,300557.SZ,28.14,28.18,29.12,28.18,28.68,679400.0,19607685.0,2117.0,28.66,3800.0,28.65,100.0,28.64,600.0,28.63,1200.0,28.61,3000.0,0.0,0.0,0.0,0.0,0.0,0.0,0.0,0.0,0.0,0.0,28.68,16700.0,28.72,1000.0,28.73,800.0,28.74,300.0,28.75,400.0,0.0,0.0,0.0,0.0,0.0,0.0,0.0,0.0,0.0,0.0,26.9,31.23,76900.0,314530.0,0.0
2021-11-30 14:31:54,300557.SZ,28.14,28.18,29.12,28.18,28.68,679400.0,19607685.0,2117.0,28.66,3800.0,28.65,100.0,28.64,600.0,28.63,1200.0,28.61,3000.0,0.0,0.0,0.0,0.0,0.0,0.0,0.0,0.0,0.0,0.0,28.68,16700.0,28.72,1000.0,28.73,800.0,28.74,300.0,28.78,200.0,0.0,0.0,0.0,0.0,0.0,0.0,0.0,0.0,0.0,0.0,26.9,31.23,76900.0,314130.0,0.0
2021-11-30 14:32:06,300557.SZ,28.14,28.18,29.12,28.18,28.68,691000.0,19940373.0,2119.0,28.66,3800.0,28.65,100.0,28.64,600.0,28.63,1200.0,28.61,3000.0,0.0,0.0,0.0,0.0,0.0,0.0,0.0,0.0,0.0,0.0,28.67,500.0,28.68,5100.0,28.72,1000.0,28.73,800.0,28.74,300.0,0.0,0.0,0.0,0.0,0.0,0.0,0.0,0.0,0.0,0.0,26.9,31.32,76900.0,301030.0,0.0
2021-11-30 14:32:09,300557.SZ,28.14,28.18,29.12,28.18,28.68,691000.0,19940373.0,2119.0,28.66,3800.0,28.65,100.0,28.64,600.0,28.63,1200.0,28.61,3000.0,0.0,0.0,0.0,0.0,0.0,0.0,0.0,0.0,0.0,0.0,28.67,500.0,28.68,5100.0,28.72,1000.0,28.73,800.0,28.74,300.0,0.0,0.0,0.0,0.0,0.0,0.0,0.0,0.0,0.0,0.0,26.9,31.31,76900.0,299030.0,0.0
2021-11-30 14:32:12,300557.SZ,28.14,28.18,29.12,28.18,28.67,691500.0,19954708.0,2120.0,28.67,600.0,28.66,3800.0,28.65,100.0,28.64,600.0,28.63,1200.0,0.0,0.0,0.0,0.0,0.0,0.0,0.0,0.0,0.0,0.0,28.68,5100.0,28.72,1000.0,28.73,800.0,28.74,300.0,28.78,200.0,0.0,0.0,0.0,0.0,0.0,0.0,0.0,0.0,0.0,0.0,26.91,31.31,77500.0,298530.0,0.0
2021-11-30 14:32:15,300557.SZ,28.14,28.18,29.12,28.18,28.68,696600.0,20100976.0,2122.0,28.67,600.0,28.66,3800.0,28.65,100.0,28.64,600.0,28.63,1200.0,0.0,0.0,0.0,0.0,0.0,0.0,0.0,0.0,0.0,0.0,28.72,1000.0,28.73,800.0,28.74,300.0,28.78,200.0,28.79,1500.0,0.0,0.0,0.0,0.0,0.0,0.0,0.0,0.0,0.0,0.0,26.91,31.36,77500.0,293430.0,0.0
2021-11-30 14:32:18,300557.SZ,28.14,28.18,29.12,28.18,28.68,696600.0,20100976.0,2122.0,28.68,800.0,28.67,600.0,28.66,3800.0,28.65,100.0,28.64,600.0,0.0,0.0,0.0,0.0,0.0,0.0,0.0,0.0,0.0,0.0,28.72,1000.0,28.73,500.0,28.74,300.0,28.78,200.0,28.79,1500.0,0.0,0.0,0.0,0.0,0.0,0.0,0.0,0.0,0.0,0.0,26.93,31.36,78300.0,293130.0,0.0
2021-11-30 14:32:24,300557.SZ,28.14,28.18,29.12,28.18,28.68,696600.0,20100976.0,2122.0,28.68,800.0,28.66,3800.0,28.65,100.0,28.64,600.0,28.63,1200.0,0.0,0.0,0.0,0.0,0.0,0.0,0.0,0.0,0.0,0.0,28.72,1000.0,28.73,500.0,28.74,300.0,28.78,200.0,28.79,1500.0,0.0,0.0,0.0,0.0,0.0,0.0,0.0,0.0,0.0,0.0,26.92,31.36,77700.0,293130.0,0.0
2021-11-30 14:32:27,300557.SZ,28.14,28.18,29.12,28.18,28.68,696600.0,20100976.0,2122.0,28.68,800.0,28.66,3800.0,28.65,100.0,28.64,600.0,28.63,1200.0,0.0,0.0,0.0,0.0,0.0,0.0,0.0,0.0,0.0,0.0,28.72,1000.0,28.73,500.0,28.74,600.0,28.78,200.0,28.79,1500.0,0.0,0.0,0.0,0.0,0.0,0.0,0.0,0.0,0.0,0.0,26.92,31.36,77100.0,293430.0,0.0
2021-11-30 14:32:36,300557.SZ,28.14,28.18,29.12,28.18,28.68,696600.0,20100976.0,2122.0,28.68,800.0,28.66,3800.0,28.65,100.0,28.64,600.0,28.63,1200.0,0.0,0.0,0.0,0.0,0.0,0.0,0.0,0.0,0.0,0.0,28.72,1000.0,28.73,500.0,28.74,700.0,28.78,200.0,28.79,1500.0,0.0,0.0,0.0,0.0,0.0,0.0,0.0,0.0,0.0,0.0,26.92,31.36,77100.0,293530.0,0.0
2021-11-30 14:32:54,300557.SZ,28.14,28.18,29.12,28.18,28.68,696600.0,20100976.0,2122.0,28.68,1200.0,28.66,3800.0,28.65,100.0,28.64,600.0,28.63,1200.0,0.0,0.0,0.0,0.0,0.0,0.0,0.0,0.0,0.0,0.0,28.72,1000.0,28.73,500.0,28.74,700.0,28.78,200.0,28.79,1500.0,0.0,0.0,0.0,0.0,0.0,0.0,0.0,0.0,0.0,0.0,26.93,31.36,77500.0,293530.0,0.0
2021-11-30 14:33:27,300557.SZ,28.14,28.18,29.12,28.18,28.68,696600.0,20100976.0,2122.0,28.69,100.0,28.68,1200.0,28.66,3800.0,28.65,100.0,28.64,600.0,0.0,0.0,0.0,0.0,0.0,0.0,0.0,0.0,0.0,0.0,28.72,1000.0,28.73,500.0,28.74,300.0,28.78,200.0,28.79,1500.0,0.0,0.0,0.0,0.0,0.0,0.0,0.0,0.0,0.0,0.0,26.93,31.36,77600.0,293130.0,0.0
2021-11-30 14:33:30,300557.SZ,28.14,28.18,29.12,28.18,28.68,696600.0,20100976.0,2122.0,28.69,100.0,28.68,1200.0,28.66,3800.0,28.65,100.0,28.64,600.0,0.0,0.0,0.0,0.0,0.0,0.0,0.0,0.0,0.0,0.0,28.72,1000.0,28.73,500.0,28.74,200.0,28.78,200.0,28.79,1500.0,0.0,0.0,0.0,0.0,0.0,0.0,0.0,0.0,0.0,0.0,26.93,31.36,77600.0,293030.0,0.0
2021-11-30 14:33:54,300557.SZ,28.14,28.18,29.12,28.18,28.72,696800.0,20106720.0,2123.0,28.69,100.0,28.68,1200.0,28.66,3800.0,28.65,100.0,28.64,600.0,0.0,0.0,0.0,0.0,0.0,0.0,0.0,0.0,0.0,0.0,28.72,800.0,28.73,500.0,28.74,200.0,28.78,200.0,28.79,1500.0,0.0,0.0,0.0,0.0,0.0,0.0,0.0,0.0,0.0,0.0,26.93,31.36,77600.0,292830.0,0.0
2021-11-30 14:34:03,300557.SZ,28.14,28.18,29.12,28.18,28.68,697200.0,20118193.0,2125.0,28.68,900.0,28.66,3800.0,28.65,100.0,28.64,600.0,28.63,1200.0,0.0,0.0,0.0,0.0,0.0,0.0,0.0,0.0,0.0,0.0,28.72,800.0,28.73,500.0,28.74,200.0,28.78,200.0,28.79,1500.0,0.0,0.0,0.0,0.0,0.0,0.0,0.0,0.0,0.0,0.0,26.92,31.36,77200.0,292830.0,0.0
2021-11-30 14:34:18,300557.SZ,28.14,28.18,29.12,28.18,28.68,697200.0,20118193.0,2125.0,28.68,900.0,28.66,3800.0,28.65,100.0,28.64,600.0,28.63,1200.0,0.0,0.0,0.0,0.0,0.0,0.0,0.0,0.0,0.0,0.0,28.71,100.0,28.72,800.0,28.73,500.0,28.74,200.0,28.78,200.0,0.0,0.0,0.0,0.0,0.0,0.0,0.0,0.0,0.0,0.0,26.92,31.36,77200.0,292930.0,0.0
2021-11-30 14:34:30,300557.SZ,28.14,28.18,29.12,28.18,28.68,697200.0,20118193.0,2125.0,28.69,100.0,28.68,900.0,28.66,3800.0,28.65,100.0,28.64,600.0,0.0,0.0,0.0,0.0,0.0,0.0,0.0,0.0,0.0,0.0,28.71,100.0,28.72,800.0,28.73,500.0,28.74,200.0,28.78,200.0,0.0,0.0,0.0,0.0,0.0,0.0,0.0,0.0,0.0,0.0,26.92,31.36,77300.0,292930.0,0.0
2021-11-30 14:34:57,300557.SZ,28.14,28.18,29.12,28.18,28.68,697200.0,20118193.0,2125.0,28.69,100.0,28.68,900.0,28.66,3800.0,28.65,100.0,28.64,100.0,0.0,0.0,0.0,0.0,0.0,0.0,0.0,0.0,0.0,0.0,28.71,100.0,28.72,800.0,28.73,500.0,28.74,200.0,28.78,200.0,0.0,0.0,0.0,0.0,0.0,0.0,0.0,0.0,0.0,0.0,26.91,31.36,76800.0,292930.0,0.0
2021-11-30 14:35:00,300557.SZ,28.14,28.18,29.12,28.18,28.68,697200.0,20118193.0,2125.0,28.69,100.0,28.68,900.0,28.66,3800.0,28.65,100.0,28.64,100.0,0.0,0.0,0.0,0.0,0.0,0.0,0.0,0.0,0.0,0.0,28.71,100.0,28.72,800.0,28.73,500.0,28.74,200.0,28.78,200.0,0.0,0.0,0.0,0.0,0.0,0.0,0.0,0.0,0.0,0.0,26.9,31.36,76300.0,292930.0,0.0
2021-11-30 14:36:00,300557.SZ,28.14,28.18,29.12,28.18,28.71,697300.0,20121064.0,2126.0,28.69,100.0,28.68,900.0,28.66,3900.0,28.65,100.0,28.64,100.0,0.0,0.0,0.0,0.0,0.0,0.0,0.0,0.0,0.0,0.0,28.72,800.0,28.73,500.0,28.74,200.0,28.78,200.0,28.79,1500.0,0.0,0.0,0.0,0.0,0.0,0.0,0.0,0.0,0.0,0.0,26.9,31.36,76400.0,292830.0,0.0
2021-11-30 14:36:03,300557.SZ,28.14,28.18,29.12,28.18,28.71,697300.0,20121064.0,2126.0,28.69,100.0,28.68,900.0,28.66,3900.0,28.65,100.0,28.64,100.0,0.0,0.0,0.0,0.0,0.0,0.0,0.0,0.0,0.0,0.0,28.72,800.0,28.73,500.0,28.74,200.0,28.78,200.0,28.79,1500.0,0.0,0.0,0.0,0.0,0.0,0.0,0.0,0.0,0.0,0.0,26.9,31.36,75900.0,292830.0,0.0
2021-11-30 14:36:18,300557.SZ,28.14,28.18,29.12,28.18,28.69,697400.0,20123933.0,2127.0,28.68,2900.0,28.66,3900.0,28.65,100.0,28.64,100.0,28.63,700.0,0.0,0.0,0.0,0.0,0.0,0.0,0.0,0.0,0.0,0.0,28.69,100.0,28.72,800.0,28.73,500.0,28.74,200.0,28.78,200.0,0.0,0.0,0.0,0.0,0.0,0.0,0.0,0.0,0.0,0.0,26.94,31.36,77800.0,292930.0,0.0
2021-11-30 14:36:24,300557.SZ,28.14,28.18,29.12,28.18,28.69,697500.0,20126802.0,2128.0,28.69,100.0,28.68,2900.0,28.66,3900.0,28.65,100.0,28.64,100.0,0.0,0.0,0.0,0.0,0.0,0.0,0.0,0.0,0.0,0.0,28.72,800.0,28.73,500.0,28.74,200.0,28.78,200.0,28.79,1500.0,0.0,0.0,0.0,0.0,0.0,0.0,0.0,0.0,0.0,0.0,26.94,31.36,77900.0,292830.0,0.0
2021-11-30 14:36:27,300557.SZ,28.14,28.18,29.12,28.18,28.69,697500.0,20126802.0,2128.0,28.69,200.0,28.68,2900.0,28.66,3900.0,28.65,100.0,28.64,100.0,0.0,0.0,0.0,0.0,0.0,0.0,0.0,0.0,0.0,0.0,28.72,800.0,28.73,500.0,28.74,200.0,28.78,200.0,28.79,1500.0,0.0,0.0,0.0,0.0,0.0,0.0,0.0,0.0,0.0,0.0,26.94,31.36,78000.0,292830.0,0.0
2021-11-30 14:36:30,300557.SZ,28.14,28.18,29.12,28.18,28.69,697500.0,20126802.0,2128.0,28.69,200.0,28.68,3400.0,28.66,3900.0,28.65,100.0,28.64,100.0,0.0,0.0,0.0,0.0,0.0,0.0,0.0,0.0,0.0,0.0,28.71,100.0,28.72,800.0,28.73,500.0,28.74,200.0,28.78,200.0,0.0,0.0,0.0,0.0,0.0,0.0,0.0,0.0,0.0,0.0,26.96,31.36,78500.0,292930.0,0.0
2021-11-30 14:36:33,300557.SZ,28.14,28.18,29.12,28.18,28.69,697500.0,20126802.0,2128.0,28.69,300.0,28.68,3400.0,28.66,3900.0,28.65,100.0,28.64,100.0,0.0,0.0,0.0,0.0,0.0,0.0,0.0,0.0,0.0,0.0,28.71,100.0,28.72,800.0,28.73,500.0,28.74,200.0,28.78,200.0,0.0,0.0,0.0,0.0,0.0,0.0,0.0,0.0,0.0,0.0,26.96,31.36,78600.0,292930.0,0.0
2021-11-30 14:36:39,300557.SZ,28.14,28.18,29.12,28.18,28.69,697500.0,20126802.0,2128.0,28.69,300.0,28.68,3400.0,28.66,3900.0,28.65,100.0,28.64,100.0,0.0,0.0,0.0,0.0,0.0,0.0,0.0,0.0,0.0,0.0,28.7,100.0,28.71,100.0,28.72,900.0,28.73,500.0,28.74,200.0,0.0,0.0,0.0,0.0,0.0,0.0,0.0,0.0,0.0,0.0,26.96,31.36,78600.0,293130.0,0.0
2021-11-30 14:36:45,300557.SZ,28.14,28.18,29.12,28.18,28.69,697600.0,20129671.0,2129.0,28.69,200.0,28.68,3400.0,28.66,3900.0,28.65,100.0,28.64,100.0,0.0,0.0,0.0,0.0,0.0,0.0,0.0,0.0,0.0,0.0,28.7,100.0,28.71,100.0,28.72,800.0,28.73,500.0,28.74,200.0,0.0,0.0,0.0,0.0,0.0,0.0,0.0,0.0,0.0,0.0,26.96,31.36,78500.0,293030.0,0.0
2021-11-30 14:37:03,300557.SZ,28.14,28.18,29.12,28.18,28.69,697600.0,20129671.0,2129.0,28.69,200.0,28.68,3400.0,28.66,3900.0,28.65,100.0,28.64,100.0,0.0,0.0,0.0,0.0,0.0,0.0,0.0,0.0,0.0,0.0,28.7,200.0,28.71,100.0,28.72,800.0,28.73,500.0,28.74,200.0,0.0,0.0,0.0,0.0,0.0,0.0,0.0,0.0,0.0,0.0,26.96,31.36,78500.0,293130.0,0.0
2021-11-30 14:37:09,300557.SZ,28.14,28.18,29.12,28.18,28.7,697800.0,20135411.0,2131.0,28.69,200.0,28.68,3400.0,28.66,3900.0,28.65,100.0,28.64,100.0,0.0,0.0,0.0,0.0,0.0,0.0,0.0,0.0,0.0,0.0,28.71,100.0,28.72,800.0,28.73,500.0,28.74,200.0,28.78,200.0,0.0,0.0,0.0,0.0,0.0,0.0,0.0,0.0,0.0,0.0,26.96,31.36,78500.0,292930.0,0.0
2021-11-30 14:37:18,300557.SZ,28.14,28.18,29.12,28.18,28.7,697800.0,20135411.0,2131.0,28.69,200.0,28.68,3400.0,28.66,3900.0,28.65,100.0,28.64,100.0,0.0,0.0,0.0,0.0,0.0,0.0,0.0,0.0,0.0,0.0,28.7,100.0,28.71,100.0,28.72,800.0,28.73,500.0,28.74,200.0,0.0,0.0,0.0,0.0,0.0,0.0,0.0,0.0,0.0,0.0,26.96,31.36,78500.0,293030.0,0.0
2021-11-30 14:37:27,300557.SZ,28.14,28.18,29.12,28.18,28.69,697900.0,20138280.0,2132.0,28.69,100.0,28.68,3400.0,28.66,3900.0,28.65,100.0,28.64,100.0,0.0,0.0,0.0,0.0,0.0,0.0,0.0,0.0,0.0,0.0,28.71,100.0,28.72,800.0,28.73,500.0,28.74,200.0,28.78,200.0,0.0,0.0,0.0,0.0,0.0,0.0,0.0,0.0,0.0,0.0,26.95,31.36,78400.0,292930.0,0.0
2021-11-30 14:37:30,300557.SZ,28.14,28.18,29.12,28.18,28.71,698000.0,20141151.0,2133.0,28.69,100.0,28.68,3400.0,28.66,3900.0,28.65,100.0,28.64,100.0,0.0,0.0,0.0,0.0,0.0,0.0,0.0,0.0,0.0,0.0,28.7,100.0,28.72,800.0,28.73,500.0,28.74,200.0,28.78,200.0,0.0,0.0,0.0,0.0,0.0,0.0,0.0,0.0,0.0,0.0,26.95,31.36,78400.0,292930.0,0.0
2021-11-30 14:37:48,300557.SZ,28.14,28.18,29.12,28.18,28.71,698000.0,20141151.0,2133.0,28.69,100.0,28.68,3400.0,28.66,3900.0,28.65,100.0,28.64,100.0,0.0,0.0,0.0,0.0,0.0,0.0,0.0,0.0,0.0,0.0,28.71,100.0,28.72,800.0,28.73,500.0,28.74,200.0,28.78,200.0,0.0,0.0,0.0,0.0,0.0,0.0,0.0,0.0,0.0,0.0,26.95,31.36,78400.0,292930.0,0.0
2021-11-30 14:37:51,300557.SZ,28.14,28.18,29.12,28.18,28.72,698600.0,20158382.0,2135.0,28.69,100.0,28.68,3400.0,28.66,3900.0,28.64,100.0,28.63,700.0,0.0,0.0,0.0,0.0,0.0,0.0,0.0,0.0,0.0,0.0,28.72,300.0,28.73,500.0,28.74,200.0,28.78,200.0,28.79,1500.0,0.0,0.0,0.0,0.0,0.0,0.0,0.0,0.0,0.0,0.0,26.95,31.37,78300.0,292330.0,0.0
2021-11-30 14:37:54,300557.SZ,28.14,28.18,29.12,28.18,28.72,698600.0,20158382.0,2135.0,28.69,100.0,28.68,3000.0,28.66,3900.0,28.64,100.0,28.63,700.0,0.0,0.0,0.0,0.0,0.0,0.0,0.0,0.0,0.0,0.0,28.72,300.0,28.73,500.0,28.74,200.0,28.78,200.0,28.79,1500.0,0.0,0.0,0.0,0.0,0.0,0.0,0.0,0.0,0.0,0.0,26.94,31.37,77900.0,292330.0,0.0
2021-11-30 14:38:27,300557.SZ,28.14,28.18,29.12,28.18,28.69,698700.0,20161251.0,2136.0,28.68,3000.0,28.66,3900.0,28.64,100.0,28.63,700.0,28.61,3000.0,0.0,0.0,0.0,0.0,0.0,0.0,0.0,0.0,0.0,0.0,28.72,300.0,28.73,500.0,28.74,200.0,28.78,200.0,28.79,1500.0,0.0,0.0,0.0,0.0,0.0,0.0,0.0,0.0,0.0,0.0,26.94,31.37,77800.0,292330.0,0.0
2021-11-30 14:38:39,300557.SZ,28.14,28.18,29.12,28.18,28.69,698700.0,20161251.0,2136.0,28.68,3000.0,28.66,3900.0,28.64,100.0,28.63,700.0,28.61,3000.0,0.0,0.0,0.0,0.0,0.0,0.0,0.0,0.0,0.0,0.0,28.71,100.0,28.72,300.0,28.73,500.0,28.74,200.0,28.78,200.0,0.0,0.0,0.0,0.0,0.0,0.0,0.0,0.0,0.0,0.0,26.94,31.37,77800.0,292430.0,0.0
2021-11-30 14:38:42,300557.SZ,28.14,28.18,29.12,28.18,28.69,698700.0,20161251.0,2136.0,28.68,3000.0,28.66,3900.0,28.64,100.0,28.63,700.0,28.61,3000.0,0.0,0.0,0.0,0.0,0.0,0.0,0.0,0.0,0.0,0.0,28.71,100.0,28.72,300.0,28.73,500.0,28.74,100.0,28.78,200.0,0.0,0.0,0.0,0.0,0.0,0.0,0.0,0.0,0.0,0.0,26.94,31.37,77800.0,292330.0,0.0
2021-11-30 14:39:03,300557.SZ,28.14,28.18,29.12,28.18,28.69,698700.0,20161251.0,2136.0,28.68,3000.0,28.66,4100.0,28.64,100.0,28.63,700.0,28.61,3000.0,0.0,0.0,0.0,0.0,0.0,0.0,0.0,0.0,0.0,0.0,28.71,100.0,28.72,300.0,28.73,500.0,28.74,100.0,28.78,200.0,0.0,0.0,0.0,0.0,0.0,0.0,0.0,0.0,0.0,0.0,26.94,31.37,78000.0,292330.0,0.0
2021-11-30 14:39:15,300557.SZ,28.14,28.18,29.12,28.18,28.69,698700.0,20161251.0,2136.0,28.68,3000.0,28.66,4100.0,28.64,100.0,28.63,700.0,28.61,3000.0,0.0,0.0,0.0,0.0,0.0,0.0,0.0,0.0,0.0,0.0,28.71,100.0,28.72,300.0,28.73,500.0,28.74,100.0,28.78,200.0,0.0,0.0,0.0,0.0,0.0,0.0,0.0,0.0,0.0,0.0,26.94,31.37,77600.0,292330.0,0.0
2021-11-30 14:39:18,300557.SZ,28.14,28.18,29.12,28.18,28.69,698700.0,20161251.0,2136.0,28.69,500.0,28.68,3500.0,28.66,4100.0,28.64,100.0,28.63,700.0,0.0,0.0,0.0,0.0,0.0,0.0,0.0,0.0,0.0,0.0,28.71,100.0,28.72,300.0,28.73,500.0,28.74,100.0,28.78,200.0,0.0,0.0,0.0,0.0,0.0,0.0,0.0,0.0,0.0,0.0,26.96,31.37,78600.0,292330.0,0.0
2021-11-30 14:39:27,300557.SZ,28.14,28.18,29.12,28.18,28.72,698900.0,20166994.0,2138.0,28.69,500.0,28.68,3500.0,28.66,4100.0,28.64,100.0,28.63,700.0,0.0,0.0,0.0,0.0,0.0,0.0,0.0,0.0,0.0,0.0,28.72,200.0,28.73,500.0,28.74,100.0,28.78,200.0,28.79,1500.0,0.0,0.0,0.0,0.0,0.0,0.0,0.0,0.0,0.0,0.0,26.96,31.37,78600.0,292130.0,0.0
2021-11-30 14:39:54,300557.SZ,28.14,28.18,29.12,28.18,28.72,699200.0,20175610.0,2140.0,28.69,500.0,28.68,3500.0,28.66,4100.0,28.64,100.0,28.63,700.0,0.0,0.0,0.0,0.0,0.0,0.0,0.0,0.0,0.0,0.0,28.72,400.0,28.73,500.0,28.74,100.0,28.78,200.0,28.79,1500.0,0.0,0.0,0.0,0.0,0.0,0.0,0.0,0.0,0.0,0.0,26.96,31.37,78600.0,292330.0,0.0
2021-11-30 14:39:57,300557.SZ,28.14,28.18,29.12,28.18,28.72,699200.0,20175610.0,2140.0,28.69,500.0,28.68,3500.0,28.66,4100.0,28.64,100.0,28.63,700.0,0.0,0.0,0.0,0.0,0.0,0.0,0.0,0.0,0.0,0.0,28.72,400.0,28.73,500.0,28.74,100.0,28.79,1500.0,28.83,1200.0,0.0,0.0,0.0,0.0,0.0,0.0,0.0,0.0,0.0,0.0,26.96,31.37,78600.0,292130.0,0.0
2021-11-30 14:40:00,300557.SZ,28.14,28.18,29.12,28.18,28.72,699600.0,20187098.0,2141.0,28.72,600.0,28.69,500.0,28.68,3500.0,28.66,4100.0,28.64,100.0,0.0,0.0,0.0,0.0,0.0,0.0,0.0,0.0,0.0,0.0,28.73,500.0,28.74,100.0,28.79,1500.0,28.83,1200.0,28.86,200.0,0.0,0.0,0.0,0.0,0.0,0.0,0.0,0.0,0.0,0.0,26.97,31.37,79200.0,291730.0,0.0
2021-11-30 14:40:03,300557.SZ,28.14,28.18,29.12,28.18,28.72,700000.0,20198586.0,2142.0,28.72,200.0,28.69,1500.0,28.68,3500.0,28.66,4100.0,28.64,100.0,0.0,0.0,0.0,0.0,0.0,0.0,0.0,0.0,0.0,0.0,28.73,500.0,28.74,100.0,28.79,1500.0,28.83,1200.0,28.86,200.0,0.0,0.0,0.0,0.0,0.0,0.0,0.0,0.0,0.0,0.0,26.98,31.37,79800.0,291730.0,0.0
2021-11-30 14:40:06,300557.SZ,28.14,28.18,29.12,28.18,28.72,700200.0,20204330.0,2143.0,28.69,1500.0,28.68,3500.0,28.66,4100.0,28.64,100.0,28.63,700.0,0.0,0.0,0.0,0.0,0.0,0.0,0.0,0.0,0.0,0.0,28.73,800.0,28.74,100.0,28.79,1500.0,28.83,1200.0,28.86,200.0,0.0,0.0,0.0,0.0,0.0,0.0,0.0,0.0,0.0,0.0,26.98,31.37,79600.0,292030.0,0.0
2021-11-30 14:40:24,300557.SZ,28.14,28.18,29.12,28.18,28.72,700200.0,20204330.0,2143.0,28.69,2200.0,28.68,3500.0,28.66,4100.0,28.64,100.0,28.63,700.0,0.0,0.0,0.0,0.0,0.0,0.0,0.0,0.0,0.0,0.0,28.73,800.0,28.74,100.0,28.79,1500.0,28.83,1200.0,28.86,200.0,0.0,0.0,0.0,0.0,0.0,0.0,0.0,0.0,0.0,0.0,27.0,31.37,80300.0,292030.0,0.0
2021-11-30 14:40:27,300557.SZ,28.14,28.18,29.12,28.18,28.73,700300.0,20207203.0,2144.0,28.69,2200.0,28.68,3500.0,28.66,4100.0,28.64,100.0,28.63,700.0,0.0,0.0,0.0,0.0,0.0,0.0,0.0,0.0,0.0,0.0,28.73,700.0,28.74,100.0,28.79,1500.0,28.83,1200.0,28.86,200.0,0.0,0.0,0.0,0.0,0.0,0.0,0.0,0.0,0.0,0.0,27.0,31.37,80300.0,291930.0,0.0
2021-11-30 14:41:00,300557.SZ,28.14,28.18,29.12,28.18,28.73,700300.0,20207203.0,2144.0,28.7,100.0,28.69,2200.0,28.68,3500.0,28.66,4100.0,28.64,100.0,0.0,0.0,0.0,0.0,0.0,0.0,0.0,0.0,0.0,0.0,28.73,300.0,28.74,100.0,28.79,1500.0,28.83,1200.0,28.86,200.0,0.0,0.0,0.0,0.0,0.0,0.0,0.0,0.0,0.0,0.0,27.0,31.38,80400.0,291530.0,0.0
2021-11-30 14:41:15,300557.SZ,28.14,28.18,29.12,28.18,28.73,700400.0,20210076.0,2145.0,28.7,800.0,28.69,2200.0,28.68,3500.0,28.66,4100.0,28.64,100.0,0.0,0.0,0.0,0.0,0.0,0.0,0.0,0.0,0.0,0.0,28.73,200.0,28.74,100.0,28.79,1500.0,28.83,1200.0,28.86,200.0,0.0,0.0,0.0,0.0,0.0,0.0,0.0,0.0,0.0,0.0,27.01,31.38,81100.0,291430.0,0.0
2021-11-30 14:41:21,300557.SZ,28.14,28.18,29.12,28.18,28.73,700400.0,20210076.0,2145.0,28.72,200.0,28.7,700.0,28.69,2200.0,28.68,3500.0,28.66,4100.0,0.0,0.0,0.0,0.0,0.0,0.0,0.0,0.0,0.0,0.0,28.73,200.0,28.74,100.0,28.79,1500.0,28.83,1200.0,28.86,200.0,0.0,0.0,0.0,0.0,0.0,0.0,0.0,0.0,0.0,0.0,27.01,31.38,81200.0,291030.0,0.0
2021-11-30 14:41:24,300557.SZ,28.14,28.18,29.12,28.18,28.73,700500.0,20212949.0,2146.0,28.72,200.0,28.7,700.0,28.69,2200.0,28.68,3500.0,28.66,4100.0,0.0,0.0,0.0,0.0,0.0,0.0,0.0,0.0,0.0,0.0,28.73,100.0,28.74,100.0,28.79,1500.0,28.83,1200.0,28.86,200.0,0.0,0.0,0.0,0.0,0.0,0.0,0.0,0.0,0.0,0.0,27.01,31.38,81200.0,290930.0,0.0
2021-11-30 14:41:30,300557.SZ,28.14,28.18,29.12,28.18,28.73,700500.0,20212949.0,2146.0,28.72,200.0,28.71,600.0,28.7,700.0,28.69,2200.0,28.68,3500.0,0.0,0.0,0.0,0.0,0.0,0.0,0.0,0.0,0.0,0.0,28.73,100.0,28.74,100.0,28.79,1500.0,28.83,1200.0,28.86,200.0,0.0,0.0,0.0,0.0,0.0,0.0,0.0,0.0,0.0,0.0,27.03,31.38,81800.0,290930.0,0.0
2021-11-30 14:41:33,300557.SZ,28.14,28.18,29.12,28.18,28.73,700500.0,20212949.0,2146.0,28.72,200.0,28.71,600.0,28.7,1700.0,28.69,2200.0,28.68,3500.0,0.0,0.0,0.0,0.0,0.0,0.0,0.0,0.0,0.0,0.0,28.73,100.0,28.74,100.0,28.79,1500.0,28.83,1200.0,28.86,200.0,0.0,0.0,0.0,0.0,0.0,0.0,0.0,0.0,0.0,0.0,27.05,31.38,82800.0,290930.0,0.0
2021-11-30 14:41:36,300557.SZ,28.14,28.18,29.12,28.18,28.73,700500.0,20212949.0,2146.0,28.72,200.0,28.71,600.0,28.7,1700.0,28.69,2200.0,28.68,3500.0,0.0,0.0,0.0,0.0,0.0,0.0,0.0,0.0,0.0,0.0,28.73,300.0,28.74,100.0,28.79,1500.0,28.83,1200.0,28.86,200.0,0.0,0.0,0.0,0.0,0.0,0.0,0.0,0.0,0.0,0.0,27.05,31.38,82800.0,291130.0,0.0
2021-11-30 14:41:39,300557.SZ,28.14,28.18,29.12,28.18,28.74,700900.0,20224442.0,2149.0,28.73,100.0,28.72,200.0,28.71,600.0,28.7,1700.0,28.69,2200.0,0.0,0.0,0.0,0.0,0.0,0.0,0.0,0.0,0.0,0.0,28.79,1500.0,28.83,1200.0,28.86,200.0,28.89,200.0,28.97,200.0,0.0,0.0,0.0,0.0,0.0,0.0,0.0,0.0,0.0,0.0,27.05,31.38,82900.0,290730.0,0.0
2021-11-30 14:41:48,300557.SZ,28.14,28.18,29.12,28.18,28.74,700900.0,20224442.0,2149.0,28.73,100.0,28.72,200.0,28.71,600.0,28.7,1700.0,28.69,2200.0,0.0,0.0,0.0,0.0,0.0,0.0,0.0,0.0,0.0,0.0,28.79,1900.0,28.83,1200.0,28.86,200.0,28.89,200.0,28.97,200.0,0.0,0.0,0.0,0.0,0.0,0.0,0.0,0.0,0.0,0.0,27.05,31.38,82900.0,291130.0,0.0
2021-11-30 14:41:51,300557.SZ,28.14,28.18,29.12,28.18,28.73,701000.0,20227315.0,2150.0,28.72,200.0,28.71,600.0,28.7,1700.0,28.69,2200.0,28.68,3500.0,0.0,0.0,0.0,0.0,0.0,0.0,0.0,0.0,0.0,0.0,28.79,2000.0,28.83,1200.0,28.86,200.0,28.89,200.0,28.97,200.0,0.0,0.0,0.0,0.0,0.0,0.0,0.0,0.0,0.0,0.0,27.05,31.38,82800.0,291230.0,0.0
2021-11-30 14:41:54,300557.SZ,28.14,28.18,29.12,28.18,28.73,701000.0,20227315.0,2150.0,28.72,200.0,28.71,600.0,28.7,1700.0,28.69,2200.0,28.68,3500.0,0.0,0.0,0.0,0.0,0.0,0.0,0.0,0.0,0.0,0.0,28.79,2000.0,28.8,100.0,28.83,1200.0,28.86,200.0,28.89,200.0,0.0,0.0,0.0,0.0,0.0,0.0,0.0,0.0,0.0,0.0,27.05,31.38,82800.0,291330.0,0.0
2021-11-30 14:42:00,300557.SZ,28.14,28.18,29.12,28.18,28.73,701000.0,20227315.0,2150.0,28.72,200.0,28.71,600.0,28.7,1700.0,28.69,2200.0,28.68,3000.0,0.0,0.0,0.0,0.0,0.0,0.0,0.0,0.0,0.0,0.0,28.79,2000.0,28.8,100.0,28.83,1200.0,28.86,200.0,28.89,200.0,0.0,0.0,0.0,0.0,0.0,0.0,0.0,0.0,0.0,0.0,27.03,31.38,82100.0,291330.0,0.0
2021-11-30 14:42:03,300557.SZ,28.14,28.18,29.12,28.18,28.73,701000.0,20227315.0,2150.0,28.72,200.0,28.71,600.0,28.7,1700.0,28.69,2200.0,28.68,3000.0,0.0,0.0,0.0,0.0,0.0,0.0,0.0,0.0,0.0,0.0,28.78,100.0,28.79,2000.0,28.8,100.0,28.83,1200.0,28.86,200.0,0.0,0.0,0.0,0.0,0.0,0.0,0.0,0.0,0.0,0.0,27.03,31.38,82100.0,291430.0,0.0
2021-11-30 14:42:12,300557.SZ,28.14,28.18,29.12,28.18,28.73,701000.0,20227315.0,2150.0,28.72,700.0,28.71,600.0,28.7,1700.0,28.69,2200.0,28.68,3000.0,0.0,0.0,0.0,0.0,0.0,0.0,0.0,0.0,0.0,0.0,28.78,100.0,28.79,2000.0,28.8,100.0,28.83,1200.0,28.86,200.0,0.0,0.0,0.0,0.0,0.0,0.0,0.0,0.0,0.0,0.0,27.04,31.38,82600.0,291430.0,0.0
2021-11-30 14:42:24,300557.SZ,28.14,28.18,29.12,28.18,28.73,701000.0,20227315.0,2150.0,28.72,700.0,28.71,600.0,28.7,1700.0,28.69,2200.0,28.68,3000.0,0.0,0.0,0.0,0.0,0.0,0.0,0.0,0.0,0.0,0.0,28.78,200.0,28.79,2000.0,28.8,100.0,28.83,1200.0,28.86,200.0,0.0,0.0,0.0,0.0,0.0,0.0,0.0,0.0,0.0,0.0,27.04,31.37,82600.0,291730.0,0.0
2021-11-30 14:42:27,300557.SZ,28.14,28.18,29.12,28.18,28.73,701000.0,20227315.0,2150.0,28.72,700.0,28.71,600.0,28.7,1700.0,28.69,2200.0,28.68,3000.0,0.0,0.0,0.0,0.0,0.0,0.0,0.0,0.0,0.0,0.0,28.78,200.0,28.79,2000.0,28.8,100.0,28.83,1200.0,28.86,200.0,0.0,0.0,0.0,0.0,0.0,0.0,0.0,0.0,0.0,0.0,27.04,31.37,82400.0,291730.0,0.0
2021-11-30 14:42:39,300557.SZ,28.14,28.18,29.12,28.18,28.73,701000.0,20227315.0,2150.0,28.73,100.0,28.72,700.0,28.71,600.0,28.7,1700.0,28.69,2200.0,0.0,0.0,0.0,0.0,0.0,0.0,0.0,0.0,0.0,0.0,28.78,200.0,28.79,2000.0,28.8,100.0,28.83,1200.0,28.86,200.0,0.0,0.0,0.0,0.0,0.0,0.0,0.0,0.0,0.0,0.0,27.04,31.37,82500.0,291730.0,0.0
2021-11-30 14:43:24,300557.SZ,28.14,28.18,29.12,28.18,28.73,701000.0,20227315.0,2150.0,28.73,100.0,28.72,700.0,28.71,600.0,28.7,1700.0,28.69,2200.0,0.0,0.0,0.0,0.0,0.0,0.0,0.0,0.0,0.0,0.0,28.78,400.0,28.79,2000.0,28.8,100.0,28.83,1200.0,28.86,200.0,0.0,0.0,0.0,0.0,0.0,0.0,0.0,0.0,0.0,0.0,27.04,31.37,82500.0,291930.0,0.0
2021-11-30 14:43:33,300557.SZ,28.14,28.18,29.12,28.18,28.73,701000.0,20227315.0,2150.0,28.73,100.0,28.72,700.0,28.71,600.0,28.7,1700.0,28.69,2200.0,0.0,0.0,0.0,0.0,0.0,0.0,0.0,0.0,0.0,0.0,28.78,200.0,28.79,2000.0,28.8,100.0,28.83,1200.0,28.86,200.0,0.0,0.0,0.0,0.0,0.0,0.0,0.0,0.0,0.0,0.0,27.04,31.37,82500.0,291730.0,0.0
2021-11-30 14:43:39,300557.SZ,28.14,28.18,29.12,28.18,28.73,701100.0,20230188.0,2151.0,28.72,700.0,28.71,600.0,28.7,1700.0,28.69,2200.0,28.68,3000.0,0.0,0.0,0.0,0.0,0.0,0.0,0.0,0.0,0.0,0.0,28.73,100.0,28.78,200.0,28.79,2000.0,28.8,100.0,28.83,1200.0,0.0,0.0,0.0,0.0,0.0,0.0,0.0,0.0,0.0,0.0,27.04,31.37,82400.0,291830.0,0.0
2021-11-30 14:43:45,300557.SZ,28.14,28.18,29.12,28.18,28.72,702100.0,20258908.0,2154.0,28.71,600.0,28.7,1700.0,28.69,2200.0,28.68,3000.0,28.66,4100.0,0.0,0.0,0.0,0.0,0.0,0.0,0.0,0.0,0.0,0.0,28.73,100.0,28.78,200.0,28.79,2000.0,28.8,100.0,28.83,1200.0,0.0,0.0,0.0,0.0,0.0,0.0,0.0,0.0,0.0,0.0,27.03,31.37,81700.0,291830.0,0.0
2021-11-30 14:43:51,300557.SZ,28.14,28.18,29.12,28.18,28.73,702300.0,20264654.0,2156.0,28.73,100.0,28.71,600.0,28.7,1700.0,28.69,2200.0,28.68,3000.0,0.0,0.0,0.0,0.0,0.0,0.0,0.0,0.0,0.0,0.0,28.78,600.0,28.79,2000.0,28.8,100.0,28.83,1200.0,28.86,200.0,0.0,0.0,0.0,0.0,0.0,0.0,0.0,0.0,0.0,0.0,27.03,31.37,81800.0,292130.0,0.0
2021-11-30 14:43:54,300557.SZ,28.14,28.18,29.12,28.18,28.73,702400.0,20267527.0,2157.0,28.71,600.0,28.7,1700.0,28.69,2200.0,28.68,3000.0,28.66,4100.0,0.0,0.0,0.0,0.0,0.0,0.0,0.0,0.0,0.0,0.0,28.78,600.0,28.79,2000.0,28.8,100.0,28.83,1200.0,28.86,200.0,0.0,0.0,0.0,0.0,0.0,0.0,0.0,0.0,0.0,0.0,27.03,31.37,81700.0,292130.0,0.0
2021-11-30 14:44:00,300557.SZ,28.14,28.18,29.12,28.18,28.73,702400.0,20267527.0,2157.0,28.71,600.0,28.7,1700.0,28.69,2200.0,28.68,3000.0,28.66,4100.0,0.0,0.0,0.0,0.0,0.0,0.0,0.0,0.0,0.0,0.0,28.73,100.0,28.78,600.0,28.79,2000.0,28.8,100.0,28.83,1200.0,0.0,0.0,0.0,0.0,0.0,0.0,0.0,0.0,0.0,0.0,27.03,31.37,81700.0,292230.0,0.0
2021-11-30 14:44:12,300557.SZ,28.14,28.18,29.12,28.18,28.73,702400.0,20267527.0,2157.0,28.71,600.0,28.7,1700.0,28.69,2200.0,28.68,3000.0,28.66,4100.0,0.0,0.0,0.0,0.0,0.0,0.0,0.0,0.0,0.0,0.0,28.78,600.0,28.79,2000.0,28.8,100.0,28.83,1200.0,28.86,200.0,0.0,0.0,0.0,0.0,0.0,0.0,0.0,0.0,0.0,0.0,27.03,31.37,81700.0,292130.0,0.0
2021-11-30 14:44:15,300557.SZ,28.14,28.18,29.12,28.18,28.73,702400.0,20267527.0,2157.0,28.73,200.0,28.71,600.0,28.7,1700.0,28.69,2200.0,28.68,3000.0,0.0,0.0,0.0,0.0,0.0,0.0,0.0,0.0,0.0,0.0,28.78,600.0,28.79,2000.0,28.8,100.0,28.83,1200.0,28.86,200.0,0.0,0.0,0.0,0.0,0.0,0.0,0.0,0.0,0.0,0.0,27.03,31.37,81900.0,292130.0,0.0
2021-11-30 14:44:18,300557.SZ,28.14,28.18,29.12,28.18,28.71,703000.0,20284757.0,2159.0,28.71,200.0,28.7,1700.0,28.69,2200.0,28.68,3000.0,28.66,4100.0,0.0,0.0,0.0,0.0,0.0,0.0,0.0,0.0,0.0,0.0,28.78,600.0,28.79,2000.0,28.8,100.0,28.83,1200.0,28.86,200.0,0.0,0.0,0.0,0.0,0.0,0.0,0.0,0.0,0.0,0.0,27.02,31.37,81300.0,292130.0,0.0
2021-11-30 14:44:21,300557.SZ,28.14,28.18,29.12,28.18,28.71,703000.0,20284757.0,2159.0,28.71,200.0,28.7,1700.0,28.69,2200.0,28.68,3000.0,28.66,4100.0,0.0,0.0,0.0,0.0,0.0,0.0,0.0,0.0,0.0,0.0,28.73,100.0,28.78,600.0,28.79,2000.0,28.8,100.0,28.83,1200.0,0.0,0.0,0.0,0.0,0.0,0.0,0.0,0.0,0.0,0.0,27.02,31.37,81300.0,292230.0,0.0
2021-11-30 14:44:30,300557.SZ,28.14,28.18,29.12,28.18,28.71,703000.0,20284757.0,2159.0,28.71,200.0,28.7,1700.0,28.69,2200.0,28.68,3000.0,28.66,4100.0,0.0,0.0,0.0,0.0,0.0,0.0,0.0,0.0,0.0,0.0,28.72,100.0,28.73,100.0,28.78,600.0,28.79,2000.0,28.8,100.0,0.0,0.0,0.0,0.0,0.0,0.0,0.0,0.0,0.0,0.0,27.02,31.37,81300.0,292330.0,0.0
2021-11-30 14:44:33,300557.SZ,28.14,28.18,29.12,28.18,28.71,703000.0,20284757.0,2159.0,28.71,200.0,28.7,1700.0,28.69,2200.0,28.68,3000.0,28.66,4100.0,0.0,0.0,0.0,0.0,0.0,0.0,0.0,0.0,0.0,0.0,28.72,100.0,28.78,600.0,28.79,2000.0,28.8,100.0,28.83,1200.0,0.0,0.0,0.0,0.0,0.0,0.0,0.0,0.0,0.0,0.0,27.02,31.37,81300.0,292230.0,0.0
2021-11-30 14:44:36,300557.SZ,28.14,28.18,29.12,28.18,28.71,703100.0,20287628.0,2160.0,28.71,100.0,28.7,1700.0,28.69,2200.0,28.68,3000.0,28.66,4100.0,0.0,0.0,0.0,0.0,0.0,0.0,0.0,0.0,0.0,0.0,28.72,200.0,28.78,500.0,28.79,2000.0,28.8,100.0,28.83,1200.0,0.0,0.0,0.0,0.0,0.0,0.0,0.0,0.0,0.0,0.0,27.02,31.37,81200.0,292230.0,0.0
2021-11-30 14:44:45,300557.SZ,28.14,28.18,29.12,28.18,28.71,703100.0,20287628.0,2160.0,28.71,100.0,28.7,1700.0,28.69,2200.0,28.68,3000.0,28.66,4100.0,0.0,0.0,0.0,0.0,0.0,0.0,0.0,0.0,0.0,0.0,28.72,200.0,28.78,500.0,28.79,2000.0,28.83,1200.0,28.86,200.0,0.0,0.0,0.0,0.0,0.0,0.0,0.0,0.0,0.0,0.0,27.02,31.37,81200.0,291930.0,0.0
2021-11-30 14:44:48,300557.SZ,28.14,28.18,29.12,28.18,28.71,703100.0,20287628.0,2160.0,28.71,100.0,28.7,1700.0,28.69,2200.0,28.68,3000.0,28.66,4100.0,0.0,0.0,0.0,0.0,0.0,0.0,0.0,0.0,0.0,0.0,28.72,200.0,28.78,500.0,28.79,2000.0,28.83,1200.0,28.86,200.0,0.0,0.0,0.0,0.0,0.0,0.0,0.0,0.0,0.0,0.0,27.01,31.37,80800.0,291930.0,0.0
2021-11-30 14:44:51,300557.SZ,28.14,28.18,29.12,28.18,28.7,703900.0,20310589.0,2162.0,28.7,1000.0,28.69,2200.0,28.68,3000.0,28.66,4100.0,28.64,100.0,0.0,0.0,0.0,0.0,0.0,0.0,0.0,0.0,0.0,0.0,28.72,200.0,28.78,500.0,28.79,2000.0,28.83,1200.0,28.86,200.0,0.0,0.0,0.0,0.0,0.0,0.0,0.0,0.0,0.0,0.0,26.99,31.37,80000.0,291930.0,0.0
2021-11-30 14:44:54,300557.SZ,28.14,28.18,29.12,28.18,28.72,704000.0,20313461.0,2163.0,28.7,1000.0,28.69,2200.0,28.68,3000.0,28.66,4100.0,28.64,100.0,0.0,0.0,0.0,0.0,0.0,0.0,0.0,0.0,0.0,0.0,28.72,100.0,28.78,500.0,28.79,2000.0,28.83,1200.0,28.86,200.0,0.0,0.0,0.0,0.0,0.0,0.0,0.0,0.0,0.0,0.0,26.99,31.37,79600.0,291830.0,0.0
2021-11-30 14:45:03,300557.SZ,28.14,28.18,29.12,28.18,28.72,704000.0,20313461.0,2163.0,28.7,1000.0,28.69,2200.0,28.68,3000.0,28.66,4100.0,28.64,100.0,0.0,0.0,0.0,0.0,0.0,0.0,0.0,0.0,0.0,0.0,28.72,100.0,28.78,500.0,28.79,2000.0,28.83,1200.0,28.86,200.0,0.0,0.0,0.0,0.0,0.0,0.0,0.0,0.0,0.0,0.0,26.98,31.37,79400.0,291830.0,0.0
2021-11-30 14:45:06,300557.SZ,28.14,28.18,29.12,28.18,28.72,704000.0,20313461.0,2163.0,28.71,1900.0,28.7,1000.0,28.69,2200.0,28.68,3000.0,28.66,4100.0,0.0,0.0,0.0,0.0,0.0,0.0,0.0,0.0,0.0,0.0,28.72,100.0,28.78,500.0,28.79,2000.0,28.83,1200.0,28.86,200.0,0.0,0.0,0.0,0.0,0.0,0.0,0.0,0.0,0.0,0.0,27.02,31.37,81300.0,291830.0,0.0
2021-11-30 14:45:09,300557.SZ,28.14,28.18,29.12,28.18,28.72,704100.0,20316333.0,2164.0,28.72,100.0,28.71,1900.0,28.7,1000.0,28.69,2200.0,28.68,3000.0,0.0,0.0,0.0,0.0,0.0,0.0,0.0,0.0,0.0,0.0,28.78,500.0,28.79,2000.0,28.83,1200.0,28.86,200.0,28.89,200.0,0.0,0.0,0.0,0.0,0.0,0.0,0.0,0.0,0.0,0.0,27.03,31.37,81400.0,291730.0,0.0
2021-11-30 14:45:12,300557.SZ,28.14,28.18,29.12,28.18,28.72,704100.0,20316333.0,2164.0,28.74,300.0,28.72,200.0,28.71,1900.0,28.7,1000.0,28.69,2200.0,0.0,0.0,0.0,0.0,0.0,0.0,0.0,0.0,0.0,0.0,28.78,500.0,28.79,2000.0,28.83,1200.0,28.86,200.0,28.89,200.0,0.0,0.0,0.0,0.0,0.0,0.0,0.0,0.0,0.0,0.0,27.03,31.37,81800.0,291730.0,0.0
2021-11-30 14:45:15,300557.SZ,28.14,28.18,29.12,28.18,28.7,706900.0,20396728.0,2170.0,28.7,600.0,28.69,2200.0,28.68,3000.0,28.66,4100.0,28.64,100.0,0.0,0.0,0.0,0.0,0.0,0.0,0.0,0.0,0.0,0.0,28.78,500.0,28.79,2000.0,28.83,1200.0,28.86,200.0,28.89,200.0,0.0,0.0,0.0,0.0,0.0,0.0,0.0,0.0,0.0,0.0,26.97,31.37,79000.0,291730.0,0.0
2021-11-30 14:45:21,300557.SZ,28.14,28.18,29.12,28.18,28.7,706900.0,20396728.0,2170.0,28.7,600.0,28.69,2200.0,28.68,4000.0,28.66,3900.0,28.64,100.0,0.0,0.0,0.0,0.0,0.0,0.0,0.0,0.0,0.0,0.0,28.78,500.0,28.79,2000.0,28.83,1200.0,28.86,200.0,28.89,200.0,0.0,0.0,0.0,0.0,0.0,0.0,0.0,0.0,0.0,0.0,26.99,31.37,79800.0,291730.0,0.0
2021-11-30 14:45:24,300557.SZ,28.14,28.18,29.12,28.18,28.7,706900.0,20396728.0,2170.0,28.71,500.0,28.7,600.0,28.69,2200.0,28.68,4000.0,28.66,3900.0,0.0,0.0,0.0,0.0,0.0,0.0,0.0,0.0,0.0,0.0,28.78,500.0,28.79,2000.0,28.83,1200.0,28.86,200.0,28.89,200.0,0.0,0.0,0.0,0.0,0.0,0.0,0.0,0.0,0.0,0.0,27.0,31.37,80300.0,291730.0,0.0
2021-11-30 14:45:54,300557.SZ,28.14,28.18,29.12,28.18,28.71,707300.0,20408212.0,2171.0,28.71,100.0,28.7,600.0,28.69,2200.0,28.68,4000.0,28.66,3900.0,0.0,0.0,0.0,0.0,0.0,0.0,0.0,0.0,0.0,0.0,28.78,500.0,28.79,2000.0,28.83,1200.0,28.86,200.0,28.89,200.0,0.0,0.0,0.0,0.0,0.0,0.0,0.0,0.0,0.0,0.0,26.99,31.37,79900.0,291730.0,0.0
2021-11-30 14:45:57,300557.SZ,28.14,28.18,29.12,28.18,28.71,707400.0,20411083.0,2172.0,28.7,1000.0,28.69,2200.0,28.68,4000.0,28.66,3900.0,28.64,100.0,0.0,0.0,0.0,0.0,0.0,0.0,0.0,0.0,0.0,0.0,28.78,500.0,28.79,2000.0,28.8,100.0,28.83,1200.0,28.86,200.0,0.0,0.0,0.0,0.0,0.0,0.0,0.0,0.0,0.0,0.0,27.0,31.37,80200.0,292030.0,0.0
2021-11-30 14:46:09,300557.SZ,28.14,28.18,29.12,28.18,28.71,707400.0,20411083.0,2172.0,28.7,1000.0,28.69,2200.0,28.68,4000.0,28.66,3900.0,28.64,100.0,0.0,0.0,0.0,0.0,0.0,0.0,0.0,0.0,0.0,0.0,28.72,500.0,28.78,500.0,28.79,2000.0,28.8,100.0,28.83,1200.0,0.0,0.0,0.0,0.0,0.0,0.0,0.0,0.0,0.0,0.0,27.0,31.37,80200.0,292530.0,0.0
2021-11-30 14:46:12,300557.SZ,28.14,28.18,29.12,28.18,28.71,707400.0,20411083.0,2172.0,28.7,1000.0,28.69,2200.0,28.68,4000.0,28.66,3900.0,28.64,100.0,0.0,0.0,0.0,0.0,0.0,0.0,0.0,0.0,0.0,0.0,28.72,500.0,28.78,500.0,28.79,2000.0,28.8,100.0,28.83,1200.0,0.0,0.0,0.0,0.0,0.0,0.0,0.0,0.0,0.0,0.0,27.0,31.35,80200.0,294930.0,0.0
2021-11-30 14:46:15,300557.SZ,28.14,28.18,29.12,28.18,28.72,707900.0,20425443.0,2174.0,28.72,200.0,28.7,1000.0,28.69,2200.0,28.68,4000.0,28.66,3900.0,0.0,0.0,0.0,0.0,0.0,0.0,0.0,0.0,0.0,0.0,28.78,500.0,28.79,2000.0,28.8,100.0,28.83,1200.0,28.86,200.0,0.0,0.0,0.0,0.0,0.0,0.0,0.0,0.0,0.0,0.0,27.0,31.35,80400.0,294630.0,0.0
2021-11-30 14:46:21,300557.SZ,28.14,28.18,29.12,28.18,28.72,707900.0,20425443.0,2174.0,28.72,500.0,28.7,1000.0,28.69,2200.0,28.68,4000.0,28.66,3900.0,0.0,0.0,0.0,0.0,0.0,0.0,0.0,0.0,0.0,0.0,28.78,500.0,28.79,2000.0,28.83,1200.0,28.86,200.0,28.89,200.0,0.0,0.0,0.0,0.0,0.0,0.0,0.0,0.0,0.0,0.0,27.01,31.36,80700.0,294530.0,0.0
2021-11-30 14:46:30,300557.SZ,28.14,28.18,29.12,28.18,28.72,707900.0,20425443.0,2174.0,28.72,500.0,28.7,1000.0,28.69,2200.0,28.68,4000.0,28.66,3900.0,0.0,0.0,0.0,0.0,0.0,0.0,0.0,0.0,0.0,0.0,28.78,500.0,28.79,2000.0,28.8,100.0,28.83,1200.0,28.86,200.0,0.0,0.0,0.0,0.0,0.0,0.0,0.0,0.0,0.0,0.0,27.01,31.35,80700.0,294630.0,0.0
2021-11-30 14:46:33,300557.SZ,28.14,28.18,29.12,28.18,28.72,707900.0,20425443.0,2174.0,28.72,500.0,28.7,1000.0,28.69,2200.0,28.68,4000.0,28.66,3900.0,0.0,0.0,0.0,0.0,0.0,0.0,0.0,0.0,0.0,0.0,28.78,500.0,28.79,2000.0,28.8,100.0,28.83,1200.0,28.86,200.0,0.0,0.0,0.0,0.0,0.0,0.0,0.0,0.0,0.0,0.0,27.01,31.35,80700.0,294830.0,0.0
2021-11-30 14:46:39,300557.SZ,28.14,28.18,29.12,28.18,28.78,708000.0,20428321.0,2175.0,28.72,500.0,28.7,1000.0,28.69,2200.0,28.68,4000.0,28.66,3900.0,0.0,0.0,0.0,0.0,0.0,0.0,0.0,0.0,0.0,0.0,28.78,400.0,28.79,2000.0,28.8,100.0,28.83,1200.0,28.86,200.0,0.0,0.0,0.0,0.0,0.0,0.0,0.0,0.0,0.0,0.0,27.01,31.35,80700.0,294730.0,0.0
2021-11-30 14:46:48,300557.SZ,28.14,28.18,29.12,28.18,28.78,708000.0,20428321.0,2175.0,28.72,900.0,28.7,1000.0,28.69,2200.0,28.68,4000.0,28.66,3900.0,0.0,0.0,0.0,0.0,0.0,0.0,0.0,0.0,0.0,0.0,28.78,400.0,28.79,2000.0,28.8,100.0,28.83,1200.0,28.86,200.0,0.0,0.0,0.0,0.0,0.0,0.0,0.0,0.0,0.0,0.0,27.02,31.35,81100.0,294730.0,0.0
2021-11-30 14:46:54,300557.SZ,28.14,28.18,29.12,28.18,28.78,708000.0,20428321.0,2175.0,28.72,900.0,28.7,1000.0,28.69,2200.0,28.68,4000.0,28.66,3900.0,0.0,0.0,0.0,0.0,0.0,0.0,0.0,0.0,0.0,0.0,28.78,700.0,28.79,2000.0,28.8,100.0,28.83,1200.0,28.86,200.0,0.0,0.0,0.0,0.0,0.0,0.0,0.0,0.0,0.0,0.0,27.02,31.35,81100.0,295030.0,0.0
2021-11-30 14:47:36,300557.SZ,28.14,28.18,29.12,28.18,28.78,708000.0,20428321.0,2175.0,28.72,900.0,28.7,1000.0,28.69,2200.0,28.68,2000.0,28.66,3900.0,0.0,0.0,0.0,0.0,0.0,0.0,0.0,0.0,0.0,0.0,28.78,700.0,28.79,2000.0,28.8,100.0,28.83,1200.0,28.86,200.0,0.0,0.0,0.0,0.0,0.0,0.0,0.0,0.0,0.0,0.0,26.98,31.35,79100.0,295030.0,0.0
2021-11-30 14:47:42,300557.SZ,28.14,28.18,29.12,28.18,28.78,708000.0,20428321.0,2175.0,28.72,900.0,28.7,1000.0,28.69,2200.0,28.68,2000.0,28.66,3900.0,0.0,0.0,0.0,0.0,0.0,0.0,0.0,0.0,0.0,0.0,28.78,1700.0,28.79,2000.0,28.8,100.0,28.83,1200.0,28.86,200.0,0.0,0.0,0.0,0.0,0.0,0.0,0.0,0.0,0.0,0.0,26.98,31.34,79100.0,296030.0,0.0
2021-11-30 14:47:48,300557.SZ,28.14,28.18,29.12,28.18,28.78,708000.0,20428321.0,2175.0,28.72,900.0,28.7,1000.0,28.69,2200.0,28.68,2000.0,28.66,3900.0,0.0,0.0,0.0,0.0,0.0,0.0,0.0,0.0,0.0,0.0,28.78,1700.0,28.79,2000.0,28.8,100.0,28.83,1200.0,28.86,200.0,0.0,0.0,0.0,0.0,0.0,0.0,0.0,0.0,0.0,0.0,26.98,31.34,79300.0,296030.0,0.0
2021-11-30 14:47:51,300557.SZ,28.14,28.18,29.12,28.18,28.78,708000.0,20428321.0,2175.0,28.72,900.0,28.7,1000.0,28.69,2200.0,28.68,2000.0,28.66,3900.0,0.0,0.0,0.0,0.0,0.0,0.0,0.0,0.0,0.0,0.0,28.78,1700.0,28.79,2000.0,28.8,100.0,28.83,1200.0,28.86,200.0,0.0,0.0,0.0,0.0,0.0,0.0,0.0,0.0,0.0,0.0,26.98,31.34,79300.0,296230.0,0.0
2021-11-30 14:47:57,300557.SZ,28.14,28.18,29.12,28.18,28.78,708000.0,20428321.0,2175.0,28.72,900.0,28.7,1000.0,28.69,2200.0,28.68,2000.0,28.66,3900.0,0.0,0.0,0.0,0.0,0.0,0.0,0.0,0.0,0.0,0.0,28.78,1700.0,28.79,2000.0,28.8,100.0,28.83,1200.0,28.86,200.0,0.0,0.0,0.0,0.0,0.0,0.0,0.0,0.0,0.0,0.0,26.98,31.34,79300.0,296330.0,0.0
2021-11-30 14:48:03,300557.SZ,28.14,28.18,29.12,28.18,28.78,708000.0,20428321.0,2175.0,28.72,900.0,28.7,1000.0,28.69,2200.0,28.68,2000.0,28.66,3900.0,0.0,0.0,0.0,0.0,0.0,0.0,0.0,0.0,0.0,0.0,28.78,1700.0,28.79,2000.0,28.8,100.0,28.83,1200.0,28.86,200.0,0.0,0.0,0.0,0.0,0.0,0.0,0.0,0.0,0.0,0.0,26.98,31.34,79300.0,296130.0,0.0
2021-11-30 14:48:06,300557.SZ,28.14,28.18,29.12,28.18,28.78,708000.0,20428321.0,2175.0,28.72,900.0,28.7,1000.0,28.69,2200.0,28.68,2000.0,28.66,3900.0,0.0,0.0,0.0,0.0,0.0,0.0,0.0,0.0,0.0,0.0,28.78,2300.0,28.79,2000.0,28.8,100.0,28.83,1200.0,28.86,200.0,0.0,0.0,0.0,0.0,0.0,0.0,0.0,0.0,0.0,0.0,26.96,31.34,78300.0,296730.0,0.0
2021-11-30 14:48:12,300557.SZ,28.14,28.18,29.12,28.18,28.78,708000.0,20428321.0,2175.0,28.72,900.0,28.7,1000.0,28.69,2200.0,28.68,2000.0,28.66,3900.0,0.0,0.0,0.0,0.0,0.0,0.0,0.0,0.0,0.0,0.0,28.78,2300.0,28.79,2000.0,28.8,100.0,28.81,500.0,28.83,1200.0,0.0,0.0,0.0,0.0,0.0,0.0,0.0,0.0,0.0,0.0,26.96,31.33,78300.0,297430.0,0.0
2021-11-30 14:48:18,300557.SZ,28.14,28.18,29.12,28.18,28.78,708000.0,20428321.0,2175.0,28.72,900.0,28.7,1000.0,28.69,2200.0,28.68,2000.0,28.66,3900.0,0.0,0.0,0.0,0.0,0.0,0.0,0.0,0.0,0.0,0.0,28.78,2300.0,28.79,2000.0,28.8,100.0,28.81,500.0,28.83,1200.0,0.0,0.0,0.0,0.0,0.0,0.0,0.0,0.0,0.0,0.0,26.98,31.33,79300.0,297430.0,0.0
2021-11-30 14:48:21,300557.SZ,28.14,28.18,29.12,28.18,28.78,708000.0,20428321.0,2175.0,28.72,900.0,28.7,1000.0,28.69,2200.0,28.68,2000.0,28.66,3900.0,0.0,0.0,0.0,0.0,0.0,0.0,0.0,0.0,0.0,0.0,28.78,1700.0,28.79,2000.0,28.8,100.0,28.81,500.0,28.83,1200.0,0.0,0.0,0.0,0.0,0.0,0.0,0.0,0.0,0.0,0.0,26.98,31.34,79300.0,296830.0,0.0
2021-11-30 14:48:24,300557.SZ,28.14,28.18,29.12,28.18,28.78,708000.0,20428321.0,2175.0,28.72,900.0,28.7,1000.0,28.69,2200.0,28.68,2000.0,28.66,3900.0,0.0,0.0,0.0,0.0,0.0,0.0,0.0,0.0,0.0,0.0,28.78,2300.0,28.79,2000.0,28.8,100.0,28.81,500.0,28.83,1200.0,0.0,0.0,0.0,0.0,0.0,0.0,0.0,0.0,0.0,0.0,26.98,31.33,79300.0,297230.0,0.0
2021-11-30 14:48:27,300557.SZ,28.14,28.18,29.12,28.18,28.78,708000.0,20428321.0,2175.0,28.72,900.0,28.7,1000.0,28.69,2200.0,28.68,2000.0,28.66,3900.0,0.0,0.0,0.0,0.0,0.0,0.0,0.0,0.0,0.0,0.0,28.78,4600.0,28.79,2000.0,28.8,100.0,28.81,500.0,28.83,1200.0,0.0,0.0,0.0,0.0,0.0,0.0,0.0,0.0,0.0,0.0,26.98,31.31,79300.0,299530.0,0.0
2021-11-30 14:48:33,300557.SZ,28.14,28.18,29.12,28.18,28.78,708000.0,20428321.0,2175.0,28.72,900.0,28.7,1000.0,28.69,2200.0,28.68,2000.0,28.66,3900.0,0.0,0.0,0.0,0.0,0.0,0.0,0.0,0.0,0.0,0.0,28.78,5100.0,28.79,2000.0,28.8,100.0,28.81,500.0,28.83,1200.0,0.0,0.0,0.0,0.0,0.0,0.0,0.0,0.0,0.0,0.0,26.98,31.31,79300.0,300030.0,0.0
2021-11-30 14:48:36,300557.SZ,28.14,28.18,29.12,28.18,28.78,708600.0,20445589.0,2177.0,28.72,900.0,28.7,1000.0,28.69,2200.0,28.68,2000.0,28.66,3900.0,0.0,0.0,0.0,0.0,0.0,0.0,0.0,0.0,0.0,0.0,28.78,3900.0,28.79,2000.0,28.8,100.0,28.81,500.0,28.83,1200.0,0.0,0.0,0.0,0.0,0.0,0.0,0.0,0.0,0.0,0.0,26.98,31.32,79200.0,298830.0,0.0
2021-11-30 14:48:39,300557.SZ,28.14,28.18,29.12,28.18,28.78,708600.0,20445589.0,2177.0,28.72,900.0,28.7,1000.0,28.69,2200.0,28.68,2000.0,28.66,3900.0,0.0,0.0,0.0,0.0,0.0,0.0,0.0,0.0,0.0,0.0,28.78,4500.0,28.79,2000.0,28.8,100.0,28.81,500.0,28.83,1200.0,0.0,0.0,0.0,0.0,0.0,0.0,0.0,0.0,0.0,0.0,26.98,31.31,79200.0,299430.0,0.0
2021-11-30 14:48:51,300557.SZ,28.14,28.18,29.12,28.18,28.78,708600.0,20445589.0,2177.0,28.72,900.0,28.7,1000.0,28.69,2200.0,28.68,2000.0,28.66,3900.0,0.0,0.0,0.0,0.0,0.0,0.0,0.0,0.0,0.0,0.0,28.78,4500.0,28.79,2000.0,28.8,100.0,28.81,500.0,28.83,1200.0,0.0,0.0,0.0,0.0,0.0,0.0,0.0,0.0,0.0,0.0,26.98,31.31,79200.0,299630.0,0.0
2021-11-30 14:48:54,300557.SZ,28.14,28.18,29.12,28.18,28.78,708600.0,20445589.0,2177.0,28.72,900.0,28.7,1000.0,28.69,2200.0,28.68,2000.0,28.66,3900.0,0.0,0.0,0.0,0.0,0.0,0.0,0.0,0.0,0.0,0.0,28.78,3900.0,28.79,2000.0,28.8,100.0,28.81,500.0,28.83,1200.0,0.0,0.0,0.0,0.0,0.0,0.0,0.0,0.0,0.0,0.0,26.98,31.32,79200.0,299030.0,0.0
2021-11-30 14:48:57,300557.SZ,28.14,28.18,29.12,28.18,28.72,708700.0,20448461.0,2178.0,28.72,800.0,28.7,1000.0,28.69,2200.0,28.68,2000.0,28.66,3900.0,0.0,0.0,0.0,0.0,0.0,0.0,0.0,0.0,0.0,0.0,28.78,4500.0,28.79,2000.0,28.8,100.0,28.81,500.0,28.83,1200.0,0.0,0.0,0.0,0.0,0.0,0.0,0.0,0.0,0.0,0.0,26.98,31.31,79100.0,299630.0,0.0
2021-11-30 14:49:00,300557.SZ,28.14,28.18,29.12,28.18,28.72,708700.0,20448461.0,2178.0,28.72,800.0,28.7,1000.0,28.69,2200.0,28.68,2000.0,28.66,3900.0,0.0,0.0,0.0,0.0,0.0,0.0,0.0,0.0,0.0,0.0,28.78,4500.0,28.79,2100.0,28.8,100.0,28.81,500.0,28.83,1200.0,0.0,0.0,0.0,0.0,0.0,0.0,0.0,0.0,0.0,0.0,26.98,31.31,79100.0,299730.0,0.0
2021-11-30 14:49:06,300557.SZ,28.14,28.18,29.12,28.18,28.72,708700.0,20448461.0,2178.0,28.72,800.0,28.7,1000.0,28.69,2200.0,28.68,2000.0,28.66,3900.0,0.0,0.0,0.0,0.0,0.0,0.0,0.0,0.0,0.0,0.0,28.78,4500.0,28.79,2000.0,28.8,100.0,28.81,500.0,28.83,1200.0,0.0,0.0,0.0,0.0,0.0,0.0,0.0,0.0,0.0,0.0,26.98,31.31,79100.0,299630.0,0.0
2021-11-30 14:49:09,300557.SZ,28.14,28.18,29.12,28.18,28.72,708700.0,20448461.0,2178.0,28.72,800.0,28.7,1000.0,28.69,2200.0,28.68,2000.0,28.66,3900.0,0.0,0.0,0.0,0.0,0.0,0.0,0.0,0.0,0.0,0.0,28.77,100.0,28.78,4500.0,28.79,2000.0,28.8,100.0,28.81,500.0,0.0,0.0,0.0,0.0,0.0,0.0,0.0,0.0,0.0,0.0,26.98,31.31,79100.0,299730.0,0.0
2021-11-30 14:49:12,300557.SZ,28.14,28.18,29.12,28.18,28.72,708700.0,20448461.0,2178.0,28.72,800.0,28.7,1000.0,28.69,2200.0,28.68,2000.0,28.66,3900.0,0.0,0.0,0.0,0.0,0.0,0.0,0.0,0.0,0.0,0.0,28.77,700.0,28.78,3900.0,28.79,2000.0,28.8,100.0,28.81,500.0,0.0,0.0,0.0,0.0,0.0,0.0,0.0,0.0,0.0,0.0,26.98,31.31,79100.0,299730.0,0.0
2021-11-30 14:49:15,300557.SZ,28.14,28.18,29.12,28.18,28.78,709800.0,20480112.0,2182.0,28.72,800.0,28.7,1000.0,28.69,2200.0,28.68,2000.0,28.66,3900.0,0.0,0.0,0.0,0.0,0.0,0.0,0.0,0.0,0.0,0.0,28.78,3500.0,28.79,2000.0,28.8,100.0,28.81,500.0,28.83,1200.0,0.0,0.0,0.0,0.0,0.0,0.0,0.0,0.0,0.0,0.0,26.98,31.32,79100.0,298630.0,0.0
2021-11-30 14:49:18,300557.SZ,28.14,28.18,29.12,28.18,28.78,709800.0,20480112.0,2182.0,28.72,1100.0,28.7,1000.0,28.69,2200.0,28.68,2000.0,28.66,3900.0,0.0,0.0,0.0,0.0,0.0,0.0,0.0,0.0,0.0,0.0,28.78,3500.0,28.79,2000.0,28.8,100.0,28.81,500.0,28.83,1200.0,0.0,0.0,0.0,0.0,0.0,0.0,0.0,0.0,0.0,0.0,26.99,31.32,79400.0,298630.0,0.0
2021-11-30 14:49:24,300557.SZ,28.14,28.18,29.12,28.18,28.78,709800.0,20480112.0,2182.0,28.72,1100.0,28.7,1000.0,28.69,2200.0,28.68,2000.0,28.66,3900.0,0.0,0.0,0.0,0.0,0.0,0.0,0.0,0.0,0.0,0.0,28.78,4000.0,28.79,2000.0,28.8,100.0,28.81,500.0,28.83,1200.0,0.0,0.0,0.0,0.0,0.0,0.0,0.0,0.0,0.0,0.0,26.99,31.32,79400.0,299130.0,0.0
2021-11-30 14:49:27,300557.SZ,28.14,28.18,29.12,28.18,28.78,709800.0,20480112.0,2182.0,28.72,1100.0,28.7,1000.0,28.69,2200.0,28.68,2000.0,28.66,3900.0,0.0,0.0,0.0,0.0,0.0,0.0,0.0,0.0,0.0,0.0,28.78,4000.0,28.79,2000.0,28.8,100.0,28.81,500.0,28.83,1200.0,0.0,0.0,0.0,0.0,0.0,0.0,0.0,0.0,0.0,0.0,26.99,31.31,79400.0,298130.0,0.0
2021-11-30 14:49:39,300557.SZ,28.14,28.18,29.12,28.18,28.78,709900.0,20482990.0,2183.0,28.72,1100.0,28.7,1000.0,28.69,2200.0,28.68,2000.0,28.66,3900.0,0.0,0.0,0.0,0.0,0.0,0.0,0.0,0.0,0.0,0.0,28.78,3900.0,28.79,2000.0,28.8,100.0,28.81,500.0,28.83,1200.0,0.0,0.0,0.0,0.0,0.0,0.0,0.0,0.0,0.0,0.0,26.99,31.31,79400.0,298030.0,0.0
2021-11-30 14:49:54,300557.SZ,28.14,28.18,29.12,28.18,28.78,709900.0,20482990.0,2183.0,28.73,100.0,28.72,1100.0,28.7,1000.0,28.69,2200.0,28.68,2000.0,0.0,0.0,0.0,0.0,0.0,0.0,0.0,0.0,0.0,0.0,28.78,3900.0,28.79,2000.0,28.8,100.0,28.81,500.0,28.83,1200.0,0.0,0.0,0.0,0.0,0.0,0.0,0.0,0.0,0.0,0.0,26.99,31.31,79500.0,298030.0,0.0
2021-11-30 14:49:57,300557.SZ,28.14,28.18,29.12,28.18,28.78,709900.0,20482990.0,2183.0,28.73,200.0,28.72,1100.0,28.7,1000.0,28.69,2200.0,28.68,2000.0,0.0,0.0,0.0,0.0,0.0,0.0,0.0,0.0,0.0,0.0,28.78,3900.0,28.79,2000.0,28.8,100.0,28.81,500.0,28.83,1200.0,0.0,0.0,0.0,0.0,0.0,0.0,0.0,0.0,0.0,0.0,26.99,31.31,79600.0,298030.0,0.0
2021-11-30 14:50:12,300557.SZ,28.14,28.18,29.12,28.18,28.78,709900.0,20482990.0,2183.0,28.73,200.0,28.72,1100.0,28.7,1000.0,28.69,2200.0,28.68,2000.0,0.0,0.0,0.0,0.0,0.0,0.0,0.0,0.0,0.0,0.0,28.78,3900.0,28.79,2000.0,28.8,100.0,28.81,500.0,28.83,1200.0,0.0,0.0,0.0,0.0,0.0,0.0,0.0,0.0,0.0,0.0,27.02,31.31,80900.0,298030.0,0.0
2021-11-30 14:50:15,300557.SZ,28.14,28.18,29.12,28.18,28.78,709900.0,20482990.0,2183.0,28.73,200.0,28.72,1100.0,28.7,1000.0,28.69,2200.0,28.68,2000.0,0.0,0.0,0.0,0.0,0.0,0.0,0.0,0.0,0.0,0.0,28.78,3900.0,28.79,2000.0,28.8,100.0,28.81,500.0,28.83,1200.0,0.0,0.0,0.0,0.0,0.0,0.0,0.0,0.0,0.0,0.0,27.02,31.3,80900.0,299430.0,0.0
2021-11-30 14:50:18,300557.SZ,28.14,28.18,29.12,28.18,28.78,709900.0,20482990.0,2183.0,28.73,200.0,28.72,800.0,28.7,1000.0,28.69,2200.0,28.68,2000.0,0.0,0.0,0.0,0.0,0.0,0.0,0.0,0.0,0.0,0.0,28.78,3900.0,28.79,2000.0,28.8,100.0,28.81,500.0,28.83,1200.0,0.0,0.0,0.0,0.0,0.0,0.0,0.0,0.0,0.0,0.0,27.01,31.3,80600.0,299430.0,0.0
2021-11-30 14:50:24,300557.SZ,28.14,28.18,29.12,28.18,28.73,710100.0,20488736.0,2185.0,28.72,800.0,28.7,1000.0,28.69,2200.0,28.68,2000.0,28.66,3900.0,0.0,0.0,0.0,0.0,0.0,0.0,0.0,0.0,0.0,0.0,28.78,4100.0,28.79,2100.0,28.8,100.0,28.81,500.0,28.83,1200.0,0.0,0.0,0.0,0.0,0.0,0.0,0.0,0.0,0.0,0.0,27.03,31.3,81800.0,299730.0,0.0
2021-11-30 14:50:30,300557.SZ,28.14,28.18,29.12,28.18,28.78,710400.0,20497370.0,2186.0,28.72,800.0,28.7,1000.0,28.69,2200.0,28.68,2000.0,28.66,3900.0,0.0,0.0,0.0,0.0,0.0,0.0,0.0,0.0,0.0,0.0,28.78,3800.0,28.79,2100.0,28.8,100.0,28.81,500.0,28.83,1200.0,0.0,0.0,0.0,0.0,0.0,0.0,0.0,0.0,0.0,0.0,27.03,31.3,81800.0,299430.0,0.0
2021-11-30 14:50:33,300557.SZ,28.14,28.18,29.12,28.18,28.78,710400.0,20497370.0,2186.0,28.72,800.0,28.7,1000.0,28.69,2200.0,28.68,2000.0,28.66,3900.0,0.0,0.0,0.0,0.0,0.0,0.0,0.0,0.0,0.0,0.0,28.78,3800.0,28.79,2000.0,28.8,100.0,28.81,500.0,28.83,1200.0,0.0,0.0,0.0,0.0,0.0,0.0,0.0,0.0,0.0,0.0,27.03,31.3,81800.0,299330.0,0.0
2021-11-30 14:51:24,300557.SZ,28.14,28.18,29.12,28.18,28.78,710400.0,20497370.0,2186.0,28.72,800.0,28.7,1000.0,28.69,2200.0,28.68,2000.0,28.66,3900.0,0.0,0.0,0.0,0.0,0.0,0.0,0.0,0.0,0.0,0.0,28.78,3800.0,28.79,2000.0,28.8,100.0,28.81,500.0,28.83,1200.0,0.0,0.0,0.0,0.0,0.0,0.0,0.0,0.0,0.0,0.0,27.03,31.3,81200.0,299330.0,0.0
2021-11-30 14:51:27,300557.SZ,28.14,28.18,29.12,28.18,28.78,710400.0,20497370.0,2186.0,28.72,800.0,28.7,1000.0,28.69,2200.0,28.68,2000.0,28.66,3900.0,0.0,0.0,0.0,0.0,0.0,0.0,0.0,0.0,0.0,0.0,28.78,3800.0,28.79,2000.0,28.8,100.0,28.81,500.0,28.83,1200.0,0.0,0.0,0.0,0.0,0.0,0.0,0.0,0.0,0.0,0.0,27.02,31.3,80700.0,299330.0,0.0
2021-11-30 14:51:33,300557.SZ,28.14,28.18,29.12,28.18,28.78,710400.0,20497370.0,2186.0,28.72,800.0,28.7,1000.0,28.69,2200.0,28.68,2000.0,28.66,3900.0,0.0,0.0,0.0,0.0,0.0,0.0,0.0,0.0,0.0,0.0,28.78,3800.0,28.79,2000.0,28.8,100.0,28.81,500.0,28.83,1200.0,0.0,0.0,0.0,0.0,0.0,0.0,0.0,0.0,0.0,0.0,27.02,31.3,80500.0,299330.0,0.0
2021-11-30 14:51:39,300557.SZ,28.14,28.18,29.12,28.18,28.78,710900.0,20511760.0,2188.0,28.72,800.0,28.7,1000.0,28.69,2200.0,28.68,2000.0,28.66,3900.0,0.0,0.0,0.0,0.0,0.0,0.0,0.0,0.0,0.0,0.0,28.78,3300.0,28.79,2000.0,28.8,100.0,28.81,500.0,28.83,1200.0,0.0,0.0,0.0,0.0,0.0,0.0,0.0,0.0,0.0,0.0,27.02,31.3,80500.0,298830.0,0.0
2021-11-30 14:51:42,300557.SZ,28.14,28.18,29.12,28.18,28.78,710900.0,20511760.0,2188.0,28.72,800.0,28.7,1000.0,28.69,2200.0,28.68,2000.0,28.66,3900.0,0.0,0.0,0.0,0.0,0.0,0.0,0.0,0.0,0.0,0.0,28.77,1600.0,28.78,3300.0,28.79,2000.0,28.8,100.0,28.81,500.0,0.0,0.0,0.0,0.0,0.0,0.0,0.0,0.0,0.0,0.0,27.02,31.29,80500.0,300430.0,0.0
2021-11-30 14:51:45,300557.SZ,28.14,28.18,29.12,28.18,28.77,711000.0,20514637.0,2189.0,28.72,800.0,28.7,1000.0,28.69,2200.0,28.68,2000.0,28.66,3900.0,0.0,0.0,0.0,0.0,0.0,0.0,0.0,0.0,0.0,0.0,28.77,1500.0,28.78,3300.0,28.79,2000.0,28.8,100.0,28.81,500.0,0.0,0.0,0.0,0.0,0.0,0.0,0.0,0.0,0.0,0.0,27.02,31.29,80500.0,300330.0,0.0
2021-11-30 14:51:51,300557.SZ,28.14,28.18,29.12,28.18,28.77,711200.0,20520391.0,2190.0,28.72,800.0,28.7,1000.0,28.69,2200.0,28.68,2000.0,28.66,3900.0,0.0,0.0,0.0,0.0,0.0,0.0,0.0,0.0,0.0,0.0,28.77,1300.0,28.78,3300.0,28.79,2000.0,28.8,100.0,28.81,500.0,0.0,0.0,0.0,0.0,0.0,0.0,0.0,0.0,0.0,0.0,27.02,31.29,80500.0,300130.0,0.0
2021-11-30 14:52:00,300557.SZ,28.14,28.18,29.12,28.18,28.77,711200.0,20520391.0,2190.0,28.72,800.0,28.7,1000.0,28.69,2200.0,28.68,2000.0,28.66,3900.0,0.0,0.0,0.0,0.0,0.0,0.0,0.0,0.0,0.0,0.0,28.76,100.0,28.77,1300.0,28.78,3300.0,28.79,2000.0,28.8,100.0,0.0,0.0,0.0,0.0,0.0,0.0,0.0,0.0,0.0,0.0,27.02,31.29,80500.0,300230.0,0.0
2021-11-30 14:52:15,300557.SZ,28.14,28.18,29.12,28.18,28.72,711300.0,20523263.0,2191.0,28.72,700.0,28.7,1000.0,28.69,2200.0,28.68,2000.0,28.66,3900.0,0.0,0.0,0.0,0.0,0.0,0.0,0.0,0.0,0.0,0.0,28.76,100.0,28.77,1300.0,28.78,3300.0,28.79,2000.0,28.8,100.0,0.0,0.0,0.0,0.0,0.0,0.0,0.0,0.0,0.0,0.0,27.02,31.29,80400.0,300230.0,0.0
2021-11-30 14:52:21,300557.SZ,28.14,28.18,29.12,28.18,28.76,711400.0,20526139.0,2192.0,28.72,700.0,28.7,1000.0,28.69,2200.0,28.68,2000.0,28.66,3900.0,0.0,0.0,0.0,0.0,0.0,0.0,0.0,0.0,0.0,0.0,28.77,1300.0,28.78,3300.0,28.79,2000.0,28.8,100.0,28.81,500.0,0.0,0.0,0.0,0.0,0.0,0.0,0.0,0.0,0.0,0.0,27.02,31.29,80400.0,300130.0,0.0
2021-11-30 14:52:24,300557.SZ,28.14,28.18,29.12,28.18,28.76,711400.0,20526139.0,2192.0,28.76,600.0,28.72,700.0,28.7,1000.0,28.69,2200.0,28.68,2000.0,0.0,0.0,0.0,0.0,0.0,0.0,0.0,0.0,0.0,0.0,28.77,1300.0,28.78,3300.0,28.79,2000.0,28.8,100.0,28.81,500.0,0.0,0.0,0.0,0.0,0.0,0.0,0.0,0.0,0.0,0.0,27.03,31.29,81000.0,300130.0,0.0
2021-11-30 14:52:27,300557.SZ,28.14,28.18,29.12,28.18,28.76,711800.0,20537644.0,2194.0,28.76,300.0,28.72,700.0,28.7,1000.0,28.69,2200.0,28.68,2000.0,0.0,0.0,0.0,0.0,0.0,0.0,0.0,0.0,0.0,0.0,28.77,1200.0,28.78,3300.0,28.79,2000.0,28.8,100.0,28.81,500.0,0.0,0.0,0.0,0.0,0.0,0.0,0.0,0.0,0.0,0.0,27.02,31.29,80700.0,300030.0,0.0
2021-11-30 14:52:30,300557.SZ,28.14,28.18,29.12,28.18,28.76,711900.0,20540520.0,2195.0,28.76,200.0,28.72,700.0,28.7,1000.0,28.69,2200.0,28.68,2000.0,0.0,0.0,0.0,0.0,0.0,0.0,0.0,0.0,0.0,0.0,28.77,1200.0,28.78,3300.0,28.79,2000.0,28.8,100.0,28.81,500.0,0.0,0.0,0.0,0.0,0.0,0.0,0.0,0.0,0.0,0.0,27.02,31.29,80600.0,300030.0,0.0
2021-11-30 14:52:33,300557.SZ,28.14,28.18,29.12,28.18,28.77,712000.0,20543397.0,2196.0,28.76,200.0,28.72,700.0,28.7,1000.0,28.69,2200.0,28.68,2000.0,0.0,0.0,0.0,0.0,0.0,0.0,0.0,0.0,0.0,0.0,28.77,1200.0,28.78,3300.0,28.79,2000.0,28.8,100.0,28.81,500.0,0.0,0.0,0.0,0.0,0.0,0.0,0.0,0.0,0.0,0.0,27.02,31.29,80600.0,300030.0,0.0
2021-11-30 14:52:36,300557.SZ,28.14,28.18,29.12,28.18,28.77,712000.0,20543397.0,2196.0,28.76,200.0,28.72,700.0,28.7,1000.0,28.69,2200.0,28.68,2000.0,0.0,0.0,0.0,0.0,0.0,0.0,0.0,0.0,0.0,0.0,28.77,1300.0,28.78,3300.0,28.79,2000.0,28.8,100.0,28.81,500.0,0.0,0.0,0.0,0.0,0.0,0.0,0.0,0.0,0.0,0.0,27.02,31.29,80100.0,300130.0,0.0
2021-11-30 14:52:39,300557.SZ,28.14,28.18,29.12,28.18,28.77,712000.0,20543397.0,2196.0,28.76,400.0,28.72,700.0,28.7,1000.0,28.69,2200.0,28.68,2000.0,0.0,0.0,0.0,0.0,0.0,0.0,0.0,0.0,0.0,0.0,28.77,1400.0,28.78,3300.0,28.79,2000.0,28.8,100.0,28.81,500.0,0.0,0.0,0.0,0.0,0.0,0.0,0.0,0.0,0.0,0.0,27.02,31.29,79100.0,300230.0,0.0
2021-11-30 14:52:42,300557.SZ,28.14,28.18,29.12,28.18,28.77,712000.0,20543397.0,2196.0,28.76,400.0,28.72,700.0,28.7,1000.0,28.69,2200.0,28.68,2000.0,0.0,0.0,0.0,0.0,0.0,0.0,0.0,0.0,0.0,0.0,28.77,1500.0,28.78,3300.0,28.79,2000.0,28.8,100.0,28.81,500.0,0.0,0.0,0.0,0.0,0.0,0.0,0.0,0.0,0.0,0.0,27.02,31.29,79100.0,300330.0,0.0
2021-11-30 14:52:45,300557.SZ,28.14,28.18,29.12,28.18,28.77,712000.0,20543397.0,2196.0,28.76,400.0,28.72,700.0,28.7,1000.0,28.69,2200.0,28.68,2000.0,0.0,0.0,0.0,0.0,0.0,0.0,0.0,0.0,0.0,0.0,28.77,1600.0,28.78,3300.0,28.79,2000.0,28.8,100.0,28.81,500.0,0.0,0.0,0.0,0.0,0.0,0.0,0.0,0.0,0.0,0.0,27.02,31.29,79100.0,300430.0,0.0
2021-11-30 14:52:54,300557.SZ,28.14,28.18,29.12,28.18,28.76,712100.0,20546273.0,2197.0,28.76,300.0,28.72,700.0,28.7,1000.0,28.69,2200.0,28.68,2000.0,0.0,0.0,0.0,0.0,0.0,0.0,0.0,0.0,0.0,0.0,28.77,1600.0,28.78,3300.0,28.79,2000.0,28.8,100.0,28.81,500.0,0.0,0.0,0.0,0.0,0.0,0.0,0.0,0.0,0.0,0.0,27.02,31.29,79000.0,300430.0,0.0
2021-11-30 14:53:12,300557.SZ,28.14,28.18,29.12,28.18,28.76,712200.0,20549149.0,2198.0,28.76,200.0,28.72,700.0,28.7,1000.0,28.69,2200.0,28.68,2000.0,0.0,0.0,0.0,0.0,0.0,0.0,0.0,0.0,0.0,0.0,28.77,1600.0,28.78,3300.0,28.79,2000.0,28.8,100.0,28.81,500.0,0.0,0.0,0.0,0.0,0.0,0.0,0.0,0.0,0.0,0.0,27.01,31.29,78900.0,300430.0,0.0
2021-11-30 14:53:15,300557.SZ,28.14,28.18,29.12,28.18,28.76,712400.0,20554901.0,2199.0,28.72,700.0,28.7,1000.0,28.69,2200.0,28.68,2000.0,28.66,3900.0,0.0,0.0,0.0,0.0,0.0,0.0,0.0,0.0,0.0,0.0,28.76,200.0,28.77,1600.0,28.78,3300.0,28.79,2000.0,28.8,100.0,0.0,0.0,0.0,0.0,0.0,0.0,0.0,0.0,0.0,0.0,27.01,31.29,78700.0,300630.0,0.0
2021-11-30 14:53:18,300557.SZ,28.14,28.18,29.12,28.18,28.76,712400.0,20554901.0,2199.0,28.72,700.0,28.7,1000.0,28.69,2200.0,28.68,2000.0,28.66,3900.0,0.0,0.0,0.0,0.0,0.0,0.0,0.0,0.0,0.0,0.0,28.74,100.0,28.76,200.0,28.77,1600.0,28.78,3300.0,28.79,2000.0,0.0,0.0,0.0,0.0,0.0,0.0,0.0,0.0,0.0,0.0,27.01,31.29,78700.0,300730.0,0.0
2021-11-30 14:53:21,300557.SZ,28.14,28.18,29.12,28.18,28.72,712600.0,20560647.0,2201.0,28.72,600.0,28.7,1000.0,28.69,2200.0,28.68,2000.0,28.66,3900.0,0.0,0.0,0.0,0.0,0.0,0.0,0.0,0.0,0.0,0.0,28.76,200.0,28.77,1500.0,28.78,3300.0,28.79,2000.0,28.8,100.0,0.0,0.0,0.0,0.0,0.0,0.0,0.0,0.0,0.0,0.0,27.01,31.29,78600.0,300530.0,0.0
2021-11-30 14:53:24,300557.SZ,28.14,28.18,29.12,28.18,28.72,712600.0,20560647.0,2201.0,28.72,600.0,28.7,1000.0,28.69,2200.0,28.68,2000.0,28.66,3900.0,0.0,0.0,0.0,0.0,0.0,0.0,0.0,0.0,0.0,0.0,28.73,100.0,28.75,100.0,28.76,200.0,28.77,1300.0,28.78,3300.0,0.0,0.0,0.0,0.0,0.0,0.0,0.0,0.0,0.0,0.0,27.01,31.29,78600.0,300530.0,0.0
2021-11-30 14:53:27,300557.SZ,28.14,28.18,29.12,28.18,28.73,712800.0,20566392.0,2203.0,28.72,500.0,28.7,1000.0,28.69,2200.0,28.68,2000.0,28.66,3900.0,0.0,0.0,0.0,0.0,0.0,0.0,0.0,0.0,0.0,0.0,28.75,100.0,28.76,200.0,28.77,1200.0,28.78,3300.0,28.79,2000.0,0.0,0.0,0.0,0.0,0.0,0.0,0.0,0.0,0.0,0.0,27.01,31.29,78500.0,300330.0,0.0
2021-11-30 14:53:30,300557.SZ,28.14,28.18,29.12,28.18,28.73,712900.0,20569265.0,2204.0,28.72,500.0,28.7,1000.0,28.69,2200.0,28.68,2000.0,28.66,3900.0,0.0,0.0,0.0,0.0,0.0,0.0,0.0,0.0,0.0,0.0,28.75,200.0,28.76,200.0,28.77,1200.0,28.78,3300.0,28.79,2000.0,0.0,0.0,0.0,0.0,0.0,0.0,0.0,0.0,0.0,0.0,27.01,31.29,78500.0,300430.0,0.0
2021-11-30 14:53:33,300557.SZ,28.14,28.18,29.12,28.18,28.75,713000.0,20572140.0,2205.0,28.72,500.0,28.7,1000.0,28.69,2200.0,28.68,2000.0,28.66,3900.0,0.0,0.0,0.0,0.0,0.0,0.0,0.0,0.0,0.0,0.0,28.75,100.0,28.76,200.0,28.77,1100.0,28.78,3300.0,28.79,2000.0,0.0,0.0,0.0,0.0,0.0,0.0,0.0,0.0,0.0,0.0,27.01,31.29,78500.0,300230.0,0.0
2021-11-30 14:53:36,300557.SZ,28.14,28.18,29.12,28.18,28.72,713200.0,20577884.0,2207.0,28.72,300.0,28.7,1000.0,28.69,2200.0,28.68,2000.0,28.66,3900.0,0.0,0.0,0.0,0.0,0.0,0.0,0.0,0.0,0.0,0.0,28.75,100.0,28.76,200.0,28.77,1100.0,28.78,3300.0,28.79,2000.0,0.0,0.0,0.0,0.0,0.0,0.0,0.0,0.0,0.0,0.0,27.0,31.29,78300.0,300230.0,0.0
2021-11-30 14:53:39,300557.SZ,28.14,28.18,29.12,28.18,28.75,713300.0,20580759.0,2208.0,28.72,300.0,28.7,1000.0,28.69,2200.0,28.68,2000.0,28.66,3900.0,0.0,0.0,0.0,0.0,0.0,0.0,0.0,0.0,0.0,0.0,28.76,200.0,28.77,1100.0,28.78,3300.0,28.79,2000.0,28.8,100.0,0.0,0.0,0.0,0.0,0.0,0.0,0.0,0.0,0.0,0.0,27.0,31.29,78300.0,300130.0,0.0
2021-11-30 14:53:42,300557.SZ,28.14,28.18,29.12,28.18,28.75,713300.0,20580759.0,2208.0,28.72,300.0,28.7,1000.0,28.69,2200.0,28.68,2000.0,28.66,3900.0,0.0,0.0,0.0,0.0,0.0,0.0,0.0,0.0,0.0,0.0,28.74,300.0,28.77,1100.0,28.78,3300.0,28.79,2000.0,28.8,100.0,0.0,0.0,0.0,0.0,0.0,0.0,0.0,0.0,0.0,0.0,27.0,31.29,78300.0,300230.0,0.0
2021-11-30 14:53:45,300557.SZ,28.14,28.18,29.12,28.18,28.74,713400.0,20583633.0,2209.0,28.72,300.0,28.7,1000.0,28.69,2200.0,28.68,2000.0,28.66,3900.0,0.0,0.0,0.0,0.0,0.0,0.0,0.0,0.0,0.0,0.0,28.74,200.0,28.75,200.0,28.77,1100.0,28.78,3300.0,28.79,2000.0,0.0,0.0,0.0,0.0,0.0,0.0,0.0,0.0,0.0,0.0,27.0,31.29,78300.0,300330.0,0.0
2021-11-30 14:53:48,300557.SZ,28.14,28.18,29.12,28.18,28.74,713400.0,20583633.0,2209.0,28.72,300.0,28.7,1000.0,28.69,2200.0,28.68,2000.0,28.66,3900.0,0.0,0.0,0.0,0.0,0.0,0.0,0.0,0.0,0.0,0.0,28.74,200.0,28.75,400.0,28.77,1100.0,28.78,3300.0,28.79,2000.0,0.0,0.0,0.0,0.0,0.0,0.0,0.0,0.0,0.0,0.0,27.0,31.29,78300.0,300530.0,0.0
2021-11-30 14:54:03,300557.SZ,28.14,28.18,29.12,28.18,28.72,713600.0,20589377.0,2210.0,28.72,100.0,28.7,1000.0,28.69,2200.0,28.68,2000.0,28.66,3900.0,0.0,0.0,0.0,0.0,0.0,0.0,0.0,0.0,0.0,0.0,28.74,200.0,28.75,400.0,28.77,1100.0,28.78,3300.0,28.79,2000.0,0.0,0.0,0.0,0.0,0.0,0.0,0.0,0.0,0.0,0.0,27.0,31.29,78100.0,300530.0,0.0
2021-11-30 14:54:15,300557.SZ,28.14,28.18,29.12,28.18,28.72,713600.0,20589377.0,2210.0,28.72,100.0,28.7,1000.0,28.69,2200.0,28.68,2000.0,28.66,3900.0,0.0,0.0,0.0,0.0,0.0,0.0,0.0,0.0,0.0,0.0,28.73,100.0,28.74,200.0,28.75,300.0,28.77,1100.0,28.78,3300.0,0.0,0.0,0.0,0.0,0.0,0.0,0.0,0.0,0.0,0.0,27.0,31.29,78100.0,300530.0,0.0
2021-11-30 14:54:18,300557.SZ,28.14,28.18,29.12,28.18,28.74,713800.0,20595124.0,2212.0,28.72,100.0,28.7,1000.0,28.69,2200.0,28.68,2000.0,28.66,3900.0,0.0,0.0,0.0,0.0,0.0,0.0,0.0,0.0,0.0,0.0,28.74,100.0,28.75,300.0,28.77,1100.0,28.78,3300.0,28.79,2000.0,0.0,0.0,0.0,0.0,0.0,0.0,0.0,0.0,0.0,0.0,27.0,31.3,78100.0,299730.0,0.0
2021-11-30 14:54:21,300557.SZ,28.14,28.18,29.12,28.18,28.74,713800.0,20595124.0,2212.0,28.72,100.0,28.7,1000.0,28.69,2200.0,28.68,2000.0,28.66,3900.0,0.0,0.0,0.0,0.0,0.0,0.0,0.0,0.0,0.0,0.0,28.73,100.0,28.74,100.0,28.75,200.0,28.77,1100.0,28.78,3300.0,0.0,0.0,0.0,0.0,0.0,0.0,0.0,0.0,0.0,0.0,27.0,31.3,78100.0,299730.0,0.0
2021-11-30 14:54:24,300557.SZ,28.14,28.18,29.12,28.18,28.72,714000.0,20600869.0,2214.0,28.7,1000.0,28.69,2200.0,28.68,2000.0,28.66,3900.0,28.64,1300.0,0.0,0.0,0.0,0.0,0.0,0.0,0.0,0.0,0.0,0.0,28.72,300.0,28.74,100.0,28.77,1100.0,28.78,3300.0,28.79,2000.0,0.0,0.0,0.0,0.0,0.0,0.0,0.0,0.0,0.0,0.0,26.99,31.3,78000.0,299730.0,0.0
2021-11-30 14:54:27,300557.SZ,28.14,28.18,29.12,28.18,28.72,714000.0,20600869.0,2214.0,28.7,1000.0,28.69,2200.0,28.68,2000.0,28.66,3900.0,28.64,1300.0,0.0,0.0,0.0,0.0,0.0,0.0,0.0,0.0,0.0,0.0,28.72,300.0,28.73,100.0,28.77,1100.0,28.78,3300.0,28.79,2000.0,0.0,0.0,0.0,0.0,0.0,0.0,0.0,0.0,0.0,0.0,26.99,31.3,78000.0,299730.0,0.0
2021-11-30 14:54:30,300557.SZ,28.14,28.18,29.12,28.18,28.73,714400.0,20612358.0,2216.0,28.7,1000.0,28.69,2200.0,28.68,2000.0,28.66,3900.0,28.64,1300.0,0.0,0.0,0.0,0.0,0.0,0.0,0.0,0.0,0.0,0.0,28.71,200.0,28.77,1100.0,28.78,3300.0,28.79,2000.0,28.8,100.0,0.0,0.0,0.0,0.0,0.0,0.0,0.0,0.0,0.0,0.0,26.99,31.3,78000.0,299530.0,0.0
2021-11-30 14:54:33,300557.SZ,28.14,28.18,29.12,28.18,28.73,714700.0,20620973.0,2219.0,28.7,1000.0,28.69,2200.0,28.68,2000.0,28.66,3900.0,28.64,1300.0,0.0,0.0,0.0,0.0,0.0,0.0,0.0,0.0,0.0,0.0,28.77,1100.0,28.78,3300.0,28.79,2000.0,28.8,100.0,28.81,500.0,0.0,0.0,0.0,0.0,0.0,0.0,0.0,0.0,0.0,0.0,26.99,31.29,78000.0,300730.0,0.0
2021-11-30 14:54:36,300557.SZ,28.14,28.18,29.12,28.18,28.71,714800.0,20623844.0,2220.0,28.7,1000.0,28.69,2200.0,28.68,2000.0,28.66,3900.0,28.64,1300.0,0.0,0.0,0.0,0.0,0.0,0.0,0.0,0.0,0.0,0.0,28.71,100.0,28.77,1100.0,28.78,3300.0,28.79,1900.0,28.81,500.0,0.0,0.0,0.0,0.0,0.0,0.0,0.0,0.0,0.0,0.0,26.99,31.29,78000.0,300630.0,0.0
2021-11-30 14:54:39,300557.SZ,28.14,28.18,29.12,28.18,28.71,714800.0,20623844.0,2220.0,28.7,1000.0,28.69,2200.0,28.68,2000.0,28.66,3900.0,28.64,1300.0,0.0,0.0,0.0,0.0,0.0,0.0,0.0,0.0,0.0,0.0,28.71,100.0,28.76,300.0,28.77,1100.0,28.78,3300.0,28.79,1900.0,0.0,0.0,0.0,0.0,0.0,0.0,0.0,0.0,0.0,0.0,26.99,31.29,78000.0,300930.0,0.0
2021-11-30 14:54:42,300557.SZ,28.14,28.18,29.12,28.18,28.71,714900.0,20626715.0,2221.0,28.7,1000.0,28.69,2200.0,28.68,2000.0,28.66,3900.0,28.64,1300.0,0.0,0.0,0.0,0.0,0.0,0.0,0.0,0.0,0.0,0.0,28.71,100.0,28.76,300.0,28.77,1100.0,28.78,3300.0,28.79,1600.0,0.0,0.0,0.0,0.0,0.0,0.0,0.0,0.0,0.0,0.0,26.99,31.29,78000.0,300630.0,0.0
2021-11-30 14:54:45,300557.SZ,28.14,28.18,29.12,28.18,28.71,714900.0,20626715.0,2221.0,28.7,1000.0,28.69,2200.0,28.68,2000.0,28.66,3900.0,28.64,1300.0,0.0,0.0,0.0,0.0,0.0,0.0,0.0,0.0,0.0,0.0,28.71,100.0,28.76,300.0,28.77,1100.0,28.78,3300.0,28.79,1500.0,0.0,0.0,0.0,0.0,0.0,0.0,0.0,0.0,0.0,0.0,26.99,31.29,77400.0,300530.0,0.0
2021-11-30 14:54:48,300557.SZ,28.14,28.18,29.12,28.18,28.71,714900.0,20626715.0,2221.0,28.7,1000.0,28.69,2200.0,28.68,2000.0,28.66,3900.0,28.64,1300.0,0.0,0.0,0.0,0.0,0.0,0.0,0.0,0.0,0.0,0.0,28.71,100.0,28.76,300.0,28.77,1100.0,28.78,3300.0,28.79,1500.0,0.0,0.0,0.0,0.0,0.0,0.0,0.0,0.0,0.0,0.0,26.96,31.29,75400.0,300530.0,0.0
2021-11-30 14:54:54,300557.SZ,28.14,28.18,29.12,28.18,28.71,714900.0,20626715.0,2221.0,28.7,1000.0,28.69,2200.0,28.68,2200.0,28.66,3900.0,28.64,1300.0,0.0,0.0,0.0,0.0,0.0,0.0,0.0,0.0,0.0,0.0,28.71,200.0,28.76,300.0,28.77,1100.0,28.78,3300.0,28.79,1500.0,0.0,0.0,0.0,0.0,0.0,0.0,0.0,0.0,0.0,0.0,26.96,31.29,75600.0,300630.0,0.0
2021-11-30 14:54:57,300557.SZ,28.14,28.18,29.12,28.18,28.71,715000.0,20629586.0,2222.0,28.7,1000.0,28.69,2200.0,28.68,2200.0,28.66,3900.0,28.64,1300.0,0.0,0.0,0.0,0.0,0.0,0.0,0.0,0.0,0.0,0.0,28.71,100.0,28.76,300.0,28.77,1100.0,28.78,3300.0,28.79,1500.0,0.0,0.0,0.0,0.0,0.0,0.0,0.0,0.0,0.0,0.0,26.96,31.29,75600.0,300530.0,0.0
2021-11-30 14:55:00,300557.SZ,28.14,28.18,29.12,28.18,28.71,715000.0,20629586.0,2222.0,28.7,1000.0,28.69,2200.0,28.68,2200.0,28.66,3900.0,28.64,1300.0,0.0,0.0,0.0,0.0,0.0,0.0,0.0,0.0,0.0,0.0,28.71,200.0,28.76,200.0,28.77,1100.0,28.78,3300.0,28.79,1500.0,0.0,0.0,0.0,0.0,0.0,0.0,0.0,0.0,0.0,0.0,26.96,31.29,75600.0,300530.0,0.0
2021-11-30 14:55:03,300557.SZ,28.14,28.18,29.12,28.18,28.71,715000.0,20629586.0,2222.0,28.7,1000.0,28.69,2200.0,28.68,2200.0,28.66,3900.0,28.64,1300.0,0.0,0.0,0.0,0.0,0.0,0.0,0.0,0.0,0.0,0.0,28.71,200.0,28.76,200.0,28.77,1100.0,28.78,3300.0,28.79,1500.0,0.0,0.0,0.0,0.0,0.0,0.0,0.0,0.0,0.0,0.0,26.96,31.29,75600.0,300930.0,0.0
2021-11-30 14:55:12,300557.SZ,28.14,28.18,29.12,28.18,28.71,715100.0,20632457.0,2223.0,28.7,1000.0,28.69,2200.0,28.68,2200.0,28.66,3900.0,28.64,1300.0,0.0,0.0,0.0,0.0,0.0,0.0,0.0,0.0,0.0,0.0,28.71,100.0,28.76,200.0,28.77,1100.0,28.78,3300.0,28.79,1500.0,0.0,0.0,0.0,0.0,0.0,0.0,0.0,0.0,0.0,0.0,26.96,31.29,75600.0,300830.0,0.0
2021-11-30 14:55:15,300557.SZ,28.14,28.18,29.12,28.18,28.71,715200.0,20635328.0,2224.0,28.71,200.0,28.7,1000.0,28.69,2200.0,28.68,2200.0,28.66,3900.0,0.0,0.0,0.0,0.0,0.0,0.0,0.0,0.0,0.0,0.0,28.76,200.0,28.77,1100.0,28.78,3300.0,28.79,1500.0,28.81,500.0,0.0,0.0,0.0,0.0,0.0,0.0,0.0,0.0,0.0,0.0,26.96,31.29,75800.0,300730.0,0.0
2021-11-30 14:55:18,300557.SZ,28.14,28.18,29.12,28.18,28.71,715400.0,20641070.0,2226.0,28.7,1000.0,28.69,2200.0,28.68,2200.0,28.66,3900.0,28.64,1300.0,0.0,0.0,0.0,0.0,0.0,0.0,0.0,0.0,0.0,0.0,28.76,100.0,28.77,1100.0,28.78,3300.0,28.79,1500.0,28.81,500.0,0.0,0.0,0.0,0.0,0.0,0.0,0.0,0.0,0.0,0.0,26.96,31.29,75600.0,300630.0,0.0
2021-11-30 14:55:21,300557.SZ,28.14,28.18,29.12,28.18,28.71,715400.0,20641070.0,2226.0,28.7,1000.0,28.69,2200.0,28.68,2200.0,28.66,3900.0,28.64,1300.0,0.0,0.0,0.0,0.0,0.0,0.0,0.0,0.0,0.0,0.0,28.71,100.0,28.75,100.0,28.76,100.0,28.77,1100.0,28.78,3300.0,0.0,0.0,0.0,0.0,0.0,0.0,0.0,0.0,0.0,0.0,26.96,31.29,75600.0,300630.0,0.0
2021-11-30 14:55:24,300557.SZ,28.14,28.18,29.12,28.18,28.71,715500.0,20643941.0,2227.0,28.71,100.0,28.7,1000.0,28.69,2200.0,28.68,2200.0,28.66,3900.0,0.0,0.0,0.0,0.0,0.0,0.0,0.0,0.0,0.0,0.0,28.75,200.0,28.76,200.0,28.77,1100.0,28.78,3400.0,28.79,1500.0,0.0,0.0,0.0,0.0,0.0,0.0,0.0,0.0,0.0,0.0,26.96,31.29,75700.0,300830.0,0.0
2021-11-30 14:55:27,300557.SZ,28.14,28.18,29.12,28.18,28.69,717300.0,20695595.0,2232.0,28.69,1500.0,28.68,2200.0,28.66,3900.0,28.64,1300.0,28.63,500.0,0.0,0.0,0.0,0.0,0.0,0.0,0.0,0.0,0.0,0.0,28.75,200.0,28.76,100.0,28.77,1100.0,28.78,3400.0,28.79,1500.0,0.0,0.0,0.0,0.0,0.0,0.0,0.0,0.0,0.0,0.0,26.92,31.29,73900.0,300730.0,0.0
2021-11-30 14:55:30,300557.SZ,28.14,28.18,29.12,28.18,28.71,717400.0,20698466.0,2233.0,28.69,1500.0,28.68,2200.0,28.66,3900.0,28.64,1300.0,28.63,500.0,0.0,0.0,0.0,0.0,0.0,0.0,0.0,0.0,0.0,0.0,28.75,100.0,28.76,100.0,28.77,1100.0,28.78,3400.0,28.79,1500.0,0.0,0.0,0.0,0.0,0.0,0.0,0.0,0.0,0.0,0.0,26.92,31.29,73900.0,300630.0,0.0
2021-11-30 14:55:33,300557.SZ,28.14,28.18,29.12,28.18,28.69,717900.0,20712826.0,2238.0,28.69,1400.0,28.68,2200.0,28.66,3900.0,28.64,1300.0,28.63,500.0,0.0,0.0,0.0,0.0,0.0,0.0,0.0,0.0,0.0,0.0,28.77,1100.0,28.78,3400.0,28.79,1500.0,28.81,500.0,28.83,1200.0,0.0,0.0,0.0,0.0,0.0,0.0,0.0,0.0,0.0,0.0,26.92,31.29,73800.0,300430.0,0.0
2021-11-30 14:55:36,300557.SZ,28.14,28.18,29.12,28.18,28.69,717900.0,20712826.0,2238.0,28.69,1400.0,28.68,2200.0,28.66,3900.0,28.64,1300.0,28.63,500.0,0.0,0.0,0.0,0.0,0.0,0.0,0.0,0.0,0.0,0.0,28.74,300.0,28.77,1100.0,28.78,3400.0,28.79,1500.0,28.81,500.0,0.0,0.0,0.0,0.0,0.0,0.0,0.0,0.0,0.0,0.0,26.92,31.29,73800.0,300730.0,0.0
2021-11-30 14:55:39,300557.SZ,28.14,28.18,29.12,28.18,28.69,718200.0,20721433.0,2239.0,28.69,1100.0,28.68,2200.0,28.66,3900.0,28.64,1300.0,28.63,500.0,0.0,0.0,0.0,0.0,0.0,0.0,0.0,0.0,0.0,0.0,28.74,400.0,28.77,1100.0,28.78,3400.0,28.79,1500.0,28.81,500.0,0.0,0.0,0.0,0.0,0.0,0.0,0.0,0.0,0.0,0.0,26.91,31.29,73500.0,300830.0,0.0
2021-11-30 14:55:48,300557.SZ,28.14,28.18,29.12,28.18,28.69,718200.0,20721433.0,2239.0,28.69,1100.0,28.68,2200.0,28.66,3900.0,28.64,1300.0,28.63,500.0,0.0,0.0,0.0,0.0,0.0,0.0,0.0,0.0,0.0,0.0,28.74,400.0,28.77,1100.0,28.78,3400.0,28.79,1500.0,28.81,500.0,0.0,0.0,0.0,0.0,0.0,0.0,0.0,0.0,0.0,0.0,26.91,31.29,73500.0,300630.0,0.0
2021-11-30 14:55:51,300557.SZ,28.14,28.18,29.12,28.18,28.69,718200.0,20721433.0,2239.0,28.7,100.0,28.69,1100.0,28.68,2400.0,28.66,3900.0,28.64,1300.0,0.0,0.0,0.0,0.0,0.0,0.0,0.0,0.0,0.0,0.0,28.74,400.0,28.77,1100.0,28.78,3400.0,28.79,1500.0,28.81,500.0,0.0,0.0,0.0,0.0,0.0,0.0,0.0,0.0,0.0,0.0,26.92,31.29,73800.0,300630.0,0.0
2021-11-30 14:55:57,300557.SZ,28.14,28.18,29.12,28.18,28.7,718300.0,20724303.0,2240.0,28.69,1100.0,28.68,2400.0,28.66,3900.0,28.64,1300.0,28.63,500.0,0.0,0.0,0.0,0.0,0.0,0.0,0.0,0.0,0.0,0.0,28.74,400.0,28.75,2300.0,28.77,1100.0,28.78,3400.0,28.79,1500.0,0.0,0.0,0.0,0.0,0.0,0.0,0.0,0.0,0.0,0.0,26.92,31.27,73700.0,302930.0,0.0
2021-11-30 14:56:00,300557.SZ,28.14,28.18,29.12,28.18,28.69,718400.0,20727172.0,2241.0,28.69,1000.0,28.68,2400.0,28.66,3900.0,28.64,1300.0,28.63,500.0,0.0,0.0,0.0,0.0,0.0,0.0,0.0,0.0,0.0,0.0,28.74,400.0,28.75,2300.0,28.77,1100.0,28.78,3400.0,28.79,1500.0,0.0,0.0,0.0,0.0,0.0,0.0,0.0,0.0,0.0,0.0,26.91,31.27,73600.0,302930.0,0.0
2021-11-30 14:56:03,300557.SZ,28.14,28.18,29.12,28.18,28.69,718600.0,20732910.0,2243.0,28.69,800.0,28.68,2400.0,28.66,3900.0,28.64,1300.0,28.63,500.0,0.0,0.0,0.0,0.0,0.0,0.0,0.0,0.0,0.0,0.0,28.74,2800.0,28.75,2300.0,28.77,1100.0,28.78,3200.0,28.79,1500.0,0.0,0.0,0.0,0.0,0.0,0.0,0.0,0.0,0.0,0.0,26.91,31.25,73400.0,305130.0,0.0
2021-11-30 14:56:06,300557.SZ,28.14,28.18,29.12,28.18,28.69,718700.0,20735779.0,2244.0,28.69,700.0,28.68,2400.0,28.66,3900.0,28.64,1300.0,28.63,500.0,0.0,0.0,0.0,0.0,0.0,0.0,0.0,0.0,0.0,0.0,28.74,2800.0,28.75,2300.0,28.77,1100.0,28.78,3200.0,28.79,1500.0,0.0,0.0,0.0,0.0,0.0,0.0,0.0,0.0,0.0,0.0,26.91,31.25,73300.0,305130.0,0.0
2021-11-30 14:56:09,300557.SZ,28.14,28.18,29.12,28.18,28.69,718900.0,20741517.0,2245.0,28.69,500.0,28.68,2400.0,28.66,3900.0,28.64,1300.0,28.63,500.0,0.0,0.0,0.0,0.0,0.0,0.0,0.0,0.0,0.0,0.0,28.73,100.0,28.74,2600.0,28.75,2300.0,28.77,1100.0,28.78,3200.0,0.0,0.0,0.0,0.0,0.0,0.0,0.0,0.0,0.0,0.0,26.9,31.25,73100.0,305030.0,0.0
2021-11-30 14:56:12,300557.SZ,28.14,28.18,29.12,28.18,28.69,718900.0,20741517.0,2245.0,28.7,100.0,28.69,500.0,28.68,2400.0,28.66,3900.0,28.64,1300.0,0.0,0.0,0.0,0.0,0.0,0.0,0.0,0.0,0.0,0.0,28.73,300.0,28.74,2500.0,28.75,2300.0,28.77,1100.0,28.78,3200.0,0.0,0.0,0.0,0.0,0.0,0.0,0.0,0.0,0.0,0.0,26.9,31.25,72400.0,305130.0,0.0
2021-11-30 14:56:15,300557.SZ,28.14,28.18,29.12,28.18,28.7,719000.0,20744387.0,2246.0,28.69,500.0,28.68,2400.0,28.66,3900.0,28.64,1300.0,28.63,500.0,0.0,0.0,0.0,0.0,0.0,0.0,0.0,0.0,0.0,0.0,28.73,200.0,28.74,2500.0,28.75,2300.0,28.77,1100.0,28.78,3200.0,0.0,0.0,0.0,0.0,0.0,0.0,0.0,0.0,0.0,0.0,26.9,31.25,72300.0,305030.0,0.0
2021-11-30 14:56:21,300557.SZ,28.14,28.18,29.12,28.18,28.7,719000.0,20744387.0,2246.0,28.69,500.0,28.68,2200.0,28.66,3900.0,28.64,1300.0,28.63,500.0,0.0,0.0,0.0,0.0,0.0,0.0,0.0,0.0,0.0,0.0,28.73,200.0,28.74,2500.0,28.75,2300.0,28.77,1100.0,28.78,3200.0,0.0,0.0,0.0,0.0,0.0,0.0,0.0,0.0,0.0,0.0,26.89,31.25,72100.0,305030.0,0.0
2021-11-30 14:56:24,300557.SZ,28.14,28.18,29.12,28.18,28.7,719000.0,20744387.0,2246.0,28.7,2000.0,28.69,500.0,28.68,2200.0,28.66,3900.0,28.64,1300.0,0.0,0.0,0.0,0.0,0.0,0.0,0.0,0.0,0.0,0.0,28.73,200.0,28.74,2500.0,28.75,2300.0,28.77,1100.0,28.78,3200.0,0.0,0.0,0.0,0.0,0.0,0.0,0.0,0.0,0.0,0.0,27.05,31.25,79100.0,305030.0,0.0
2021-11-30 14:56:30,300557.SZ,28.14,28.18,29.12,28.18,28.7,719000.0,20744387.0,2246.0,28.7,2200.0,28.69,500.0,28.68,2200.0,28.66,3900.0,28.64,1300.0,0.0,0.0,0.0,0.0,0.0,0.0,0.0,0.0,0.0,0.0,28.73,200.0,28.74,2500.0,28.75,2300.0,28.77,1100.0,28.78,3200.0,0.0,0.0,0.0,0.0,0.0,0.0,0.0,0.0,0.0,0.0,27.05,31.25,79300.0,305030.0,0.0
2021-11-30 14:56:33,300557.SZ,28.14,28.18,29.12,28.18,28.7,719500.0,20758737.0,2247.0,28.7,1700.0,28.69,1500.0,28.68,2200.0,28.66,3900.0,28.64,1300.0,0.0,0.0,0.0,0.0,0.0,0.0,0.0,0.0,0.0,0.0,28.73,200.0,28.74,2500.0,28.75,2300.0,28.77,1100.0,28.78,2700.0,0.0,0.0,0.0,0.0,0.0,0.0,0.0,0.0,0.0,0.0,27.06,31.26,79800.0,304530.0,0.0
2021-11-30 14:56:39,300557.SZ,28.14,28.18,29.12,28.18,28.75,724600.0,20905330.0,2252.0,28.75,100.0,28.7,1600.0,28.69,1500.0,28.68,2200.0,28.66,3900.0,0.0,0.0,0.0,0.0,0.0,0.0,0.0,0.0,0.0,0.0,28.77,1100.0,28.78,2700.0,28.79,1500.0,28.81,500.0,28.83,1200.0,0.0,0.0,0.0,0.0,0.0,0.0,0.0,0.0,0.0,0.0,27.06,31.3,79800.0,299530.0,0.0
2021-11-30 14:56:42,300557.SZ,28.14,28.18,29.12,28.18,28.75,724700.0,20908205.0,2253.0,28.71,800.0,28.7,1600.0,28.69,1500.0,28.68,2200.0,28.66,3900.0,0.0,0.0,0.0,0.0,0.0,0.0,0.0,0.0,0.0,0.0,28.73,100.0,28.77,1100.0,28.78,2700.0,28.79,1500.0,28.81,500.0,0.0,0.0,0.0,0.0,0.0,0.0,0.0,0.0,0.0,0.0,27.08,31.31,80500.0,297630.0,0.0
2021-11-30 14:56:45,300557.SZ,28.14,28.18,29.12,28.18,28.75,724700.0,20908205.0,2253.0,28.71,800.0,28.7,1600.0,28.69,1500.0,28.68,2200.0,28.66,3900.0,0.0,0.0,0.0,0.0,0.0,0.0,0.0,0.0,0.0,0.0,28.73,200.0,28.77,1100.0,28.78,2700.0,28.79,1500.0,28.81,500.0,0.0,0.0,0.0,0.0,0.0,0.0,0.0,0.0,0.0,0.0,27.08,31.31,80500.0,297730.0,0.0
2021-11-30 14:56:48,300557.SZ,28.14,28.18,29.12,28.18,28.71,724900.0,20913947.0,2254.0,28.71,600.0,28.7,1600.0,28.69,1500.0,28.68,2200.0,28.66,3900.0,0.0,0.0,0.0,0.0,0.0,0.0,0.0,0.0,0.0,0.0,28.77,1200.0,28.78,3100.0,28.79,1500.0,28.81,500.0,28.83,1200.0,0.0,0.0,0.0,0.0,0.0,0.0,0.0,0.0,0.0,0.0,27.07,31.31,80300.0,298030.0,0.0
2021-11-30 14:56:51,300557.SZ,28.14,28.18,29.12,28.18,28.71,724900.0,20913947.0,2254.0,28.71,600.0,28.7,1600.0,28.69,1500.0,28.68,2200.0,28.66,3900.0,0.0,0.0,0.0,0.0,0.0,0.0,0.0,0.0,0.0,0.0,28.75,200.0,28.77,1200.0,28.78,3100.0,28.79,1500.0,28.81,500.0,0.0,0.0,0.0,0.0,0.0,0.0,0.0,0.0,0.0,0.0,27.07,31.31,80300.0,298230.0,0.0
2021-11-30 14:56:57,300557.SZ,28.14,28.18,29.12,28.18,28.71,724900.0,20913947.0,2254.0,28.71,600.0,28.7,1600.0,28.69,1500.0,28.68,2200.0,28.66,3900.0,0.0,0.0,0.0,0.0,0.0,0.0,0.0,0.0,0.0,0.0,28.75,200.0,28.76,500.0,28.77,1200.0,28.78,3100.0,28.79,1500.0,0.0,0.0,0.0,0.0,0.0,0.0,0.0,0.0,0.0,0.0,27.07,31.3,80300.0,298530.0,0.0
2021-11-30 14:57:03,300557.SZ,28.14,28.18,29.12,28.18,28.71,724900.0,20913947.0,2254.0,0.0,0.0,0.0,0.0,0.0,0.0,0.0,0.0,0.0,0.0,0.0,0.0,0.0,0.0,0.0,0.0,0.0,0.0,0.0,0.0,0.0,0.0,0.0,0.0,0.0,0.0,0.0,0.0,0.0,0.0,0.0,0.0,0.0,0.0,0.0,0.0,0.0,0.0,0.0,0.0,0.0,0.0,0.0,0.0,0.0
2021-11-30 14:57:57,300557.SZ,28.14,28.18,29.12,28.18,28.71,724900.0,20913947.0,2254.0,28.72,300.0,0.0,700.0,0.0,0.0,0.0,0.0,0.0,0.0,0.0,0.0,0.0,0.0,0.0,0.0,0.0,0.0,0.0,0.0,28.72,300.0,0.0,0.0,0.0,0.0,0.0,0.0,0.0,0.0,0.0,0.0,0.0,0.0,0.0,0.0,0.0,0.0,0.0,0.0,0.0,0.0,0.0,0.0,0.0
2021-11-30 14:58:06,300557.SZ,28.14,28.18,29.12,28.18,28.71,724900.0,20913947.0,2254.0,28.72,300.0,0.0,800.0,0.0,0.0,0.0,0.0,0.0,0.0,0.0,0.0,0.0,0.0,0.0,0.0,0.0,0.0,0.0,0.0,28.72,300.0,0.0,0.0,0.0,0.0,0.0,0.0,0.0,0.0,0.0,0.0,0.0,0.0,0.0,0.0,0.0,0.0,0.0,0.0,0.0,0.0,0.0,0.0,0.0
2021-11-30 14:58:15,300557.SZ,28.14,28.18,29.12,28.18,28.71,724900.0,20913947.0,2254.0,28.73,300.0,0.0,100.0,0.0,0.0,0.0,0.0,0.0,0.0,0.0,0.0,0.0,0.0,0.0,0.0,0.0,0.0,0.0,0.0,28.73,300.0,0.0,0.0,0.0,0.0,0.0,0.0,0.0,0.0,0.0,0.0,0.0,0.0,0.0,0.0,0.0,0.0,0.0,0.0,0.0,0.0,0.0,0.0,0.0
2021-11-30 14:58:33,300557.SZ,28.14,28.18,29.12,28.18,28.71,724900.0,20913947.0,2254.0,28.69,4900.0,0.0,200.0,0.0,0.0,0.0,0.0,0.0,0.0,0.0,0.0,0.0,0.0,0.0,0.0,0.0,0.0,0.0,0.0,28.69,4900.0,0.0,0.0,0.0,0.0,0.0,0.0,0.0,0.0,0.0,0.0,0.0,0.0,0.0,0.0,0.0,0.0,0.0,0.0,0.0,0.0,0.0,0.0,0.0
2021-11-30 14:58:42,300557.SZ,28.14,28.18,29.12,28.18,28.71,724900.0,20913947.0,2254.0,28.69,4900.0,0.0,900.0,0.0,0.0,0.0,0.0,0.0,0.0,0.0,0.0,0.0,0.0,0.0,0.0,0.0,0.0,0.0,0.0,28.69,4900.0,0.0,0.0,0.0,0.0,0.0,0.0,0.0,0.0,0.0,0.0,0.0,0.0,0.0,0.0,0.0,0.0,0.0,0.0,0.0,0.0,0.0,0.0,0.0
2021-11-30 14:58:51,300557.SZ,28.14,28.18,29.12,28.18,28.71,724900.0,20913947.0,2254.0,28.69,4900.0,0.0,1300.0,0.0,0.0,0.0,0.0,0.0,0.0,0.0,0.0,0.0,0.0,0.0,0.0,0.0,0.0,0.0,0.0,28.69,4900.0,0.0,0.0,0.0,0.0,0.0,0.0,0.0,0.0,0.0,0.0,0.0,0.0,0.0,0.0,0.0,0.0,0.0,0.0,0.0,0.0,0.0,0.0,0.0
2021-11-30 14:59:00,300557.SZ,28.14,28.18,29.12,28.18,28.71,724900.0,20913947.0,2254.0,28.7,5000.0,0.0,200.0,0.0,0.0,0.0,0.0,0.0,0.0,0.0,0.0,0.0,0.0,0.0,0.0,0.0,0.0,0.0,0.0,28.7,5000.0,0.0,0.0,0.0,0.0,0.0,0.0,0.0,0.0,0.0,0.0,0.0,0.0,0.0,0.0,0.0,0.0,0.0,0.0,0.0,0.0,0.0,0.0,0.0
2021-11-30 14:59:09,300557.SZ,28.14,28.18,29.12,28.18,28.71,724900.0,20913947.0,2254.0,28.69,6700.0,0.0,0.0,0.0,0.0,0.0,0.0,0.0,0.0,0.0,0.0,0.0,0.0,0.0,0.0,0.0,0.0,0.0,0.0,28.69,6700.0,0.0,200.0,0.0,0.0,0.0,0.0,0.0,0.0,0.0,0.0,0.0,0.0,0.0,0.0,0.0,0.0,0.0,0.0,0.0,0.0,0.0,0.0,0.0
2021-11-30 14:59:54,300557.SZ,28.14,28.18,29.12,28.18,28.71,724900.0,20913947.0,2254.0,28.69,6700.0,0.0,0.0,0.0,0.0,0.0,0.0,0.0,0.0,0.0,0.0,0.0,0.0,0.0,0.0,0.0,0.0,0.0,0.0,28.69,6700.0,0.0,900.0,0.0,0.0,0.0,0.0,0.0,0.0,0.0,0.0,0.0,0.0,0.0,0.0,0.0,0.0,0.0,0.0,0.0,0.0,0.0,0.0,0.0
2021-11-30 15:00:03,300557.SZ,28.14,28.18,29.12,28.18,28.7,732600.0,21134937.0,2275.0,28.7,1400.0,28.69,1500.0,28.68,2200.0,28.66,3900.0,28.64,1300.0,0.0,0.0,0.0,0.0,0.0,0.0,0.0,0.0,0.0,0.0,28.71,300.0,28.75,700.0,28.76,500.0,28.77,1200.0,28.78,3100.0,0.0,0.0,0.0,0.0,0.0,0.0,0.0,0.0,0.0,0.0,27.06,31.3,79500.0,299330.0,0.0
2021-11-30 15:01:03,300557.SZ,28.14,28.18,29.12,28.18,28.7,732600.0,21134937.0,2275.0,28.7,1400.0,28.69,1500.0,28.68,2200.0,28.66,3900.0,28.64,1300.0,0.0,0.0,0.0,0.0,0.0,0.0,0.0,0.0,0.0,0.0,28.71,300.0,28.75,700.0,28.76,500.0,28.77,1200.0,28.78,3100.0,0.0,0.0,0.0,0.0,0.0,0.0,0.0,0.0,0.0,0.0,27.06,31.3,79500.0,299330.0,0.0
2021-11-30 15:02:03,300557.SZ,28.14,28.18,29.12,28.18,28.7,732600.0,21134937.0,2275.0,28.7,1400.0,28.69,1500.0,28.68,2200.0,28.66,3900.0,28.64,1300.0,0.0,0.0,0.0,0.0,0.0,0.0,0.0,0.0,0.0,0.0,28.71,300.0,28.75,700.0,28.76,500.0,28.77,1200.0,28.78,3100.0,0.0,0.0,0.0,0.0,0.0,0.0,0.0,0.0,0.0,0.0,27.06,31.3,79500.0,299330.0,0.0
2021-11-30 15:03:03,300557.SZ,28.14,28.18,29.12,28.18,28.7,732600.0,21134937.0,2275.0,28.7,1400.0,28.69,1500.0,28.68,2200.0,28.66,3900.0,28.64,1300.0,0.0,0.0,0.0,0.0,0.0,0.0,0.0,0.0,0.0,0.0,28.71,300.0,28.75,700.0,28.76,500.0,28.77,1200.0,28.78,3100.0,0.0,0.0,0.0,0.0,0.0,0.0,0.0,0.0,0.0,0.0,27.06,31.3,79500.0,299330.0,0.0
2021-11-30 15:04:03,300557.SZ,28.14,28.18,29.12,28.18,28.7,732600.0,21134937.0,2275.0,28.7,1400.0,28.69,1500.0,28.68,2200.0,28.66,3900.0,28.64,1300.0,0.0,0.0,0.0,0.0,0.0,0.0,0.0,0.0,0.0,0.0,28.71,300.0,28.75,700.0,28.76,500.0,28.77,1200.0,28.78,3100.0,0.0,0.0,0.0,0.0,0.0,0.0,0.0,0.0,0.0,0.0,27.06,31.3,79500.0,299330.0,0.0
2021-11-30 15:05:03,300557.SZ,28.14,28.18,29.12,28.18,28.7,732600.0,21134937.0,2275.0,28.7,1400.0,28.69,1500.0,28.68,2200.0,28.66,3900.0,28.64,1300.0,0.0,0.0,0.0,0.0,0.0,0.0,0.0,0.0,0.0,0.0,28.71,300.0,28.75,700.0,28.76,500.0,28.77,1200.0,28.78,3100.0,0.0,0.0,0.0,0.0,0.0,0.0,0.0,0.0,0.0,0.0,27.06,31.3,79500.0,299330.0,0.0
2021-11-30 15:06:03,300557.SZ,28.14,28.18,29.12,28.18,28.7,732600.0,21134937.0,2275.0,28.7,1400.0,28.69,1500.0,28.68,2200.0,28.66,3900.0,28.64,1300.0,0.0,0.0,0.0,0.0,0.0,0.0,0.0,0.0,0.0,0.0,28.71,300.0,28.75,700.0,28.76,500.0,28.77,1200.0,28.78,3100.0,0.0,0.0,0.0,0.0,0.0,0.0,0.0,0.0,0.0,0.0,27.06,31.3,79500.0,299330.0,0.0
2021-11-30 15:07:03,300557.SZ,28.14,28.18,29.12,28.18,28.7,732600.0,21134937.0,2275.0,28.7,1400.0,28.69,1500.0,28.68,2200.0,28.66,3900.0,28.64,1300.0,0.0,0.0,0.0,0.0,0.0,0.0,0.0,0.0,0.0,0.0,28.71,300.0,28.75,700.0,28.76,500.0,28.77,1200.0,28.78,3100.0,0.0,0.0,0.0,0.0,0.0,0.0,0.0,0.0,0.0,0.0,27.06,31.3,79500.0,299330.0,0.0
2021-11-30 15:08:03,300557.SZ,28.14,28.18,29.12,28.18,28.7,732600.0,21134937.0,2275.0,28.7,1400.0,28.69,1500.0,28.68,2200.0,28.66,3900.0,28.64,1300.0,0.0,0.0,0.0,0.0,0.0,0.0,0.0,0.0,0.0,0.0,28.71,300.0,28.75,700.0,28.76,500.0,28.77,1200.0,28.78,3100.0,0.0,0.0,0.0,0.0,0.0,0.0,0.0,0.0,0.0,0.0,27.06,31.3,79500.0,299330.0,0.0
2021-11-30 15:09:03,300557.SZ,28.14,28.18,29.12,28.18,28.7,732600.0,21134937.0,2275.0,28.7,1400.0,28.69,1500.0,28.68,2200.0,28.66,3900.0,28.64,1300.0,0.0,0.0,0.0,0.0,0.0,0.0,0.0,0.0,0.0,0.0,28.71,300.0,28.75,700.0,28.76,500.0,28.77,1200.0,28.78,3100.0,0.0,0.0,0.0,0.0,0.0,0.0,0.0,0.0,0.0,0.0,27.06,31.3,79500.0,299330.0,0.0
2021-11-30 15:10:03,300557.SZ,28.14,28.18,29.12,28.18,28.7,732600.0,21134937.0,2275.0,28.7,1400.0,28.69,1500.0,28.68,2200.0,28.66,3900.0,28.64,1300.0,0.0,0.0,0.0,0.0,0.0,0.0,0.0,0.0,0.0,0.0,28.71,300.0,28.75,700.0,28.76,500.0,28.77,1200.0,28.78,3100.0,0.0,0.0,0.0,0.0,0.0,0.0,0.0,0.0,0.0,0.0,27.06,31.3,79500.0,299330.0,0.0
2021-11-30 15:11:03,300557.SZ,28.14,28.18,29.12,28.18,28.7,732600.0,21134937.0,2275.0,28.7,1400.0,28.69,1500.0,28.68,2200.0,28.66,3900.0,28.64,1300.0,0.0,0.0,0.0,0.0,0.0,0.0,0.0,0.0,0.0,0.0,28.71,300.0,28.75,700.0,28.76,500.0,28.77,1200.0,28.78,3100.0,0.0,0.0,0.0,0.0,0.0,0.0,0.0,0.0,0.0,0.0,27.06,31.3,79500.0,299330.0,0.0
2021-11-30 15:12:03,300557.SZ,28.14,28.18,29.12,28.18,28.7,732600.0,21134937.0,2275.0,28.7,1400.0,28.69,1500.0,28.68,2200.0,28.66,3900.0,28.64,1300.0,0.0,0.0,0.0,0.0,0.0,0.0,0.0,0.0,0.0,0.0,28.71,300.0,28.75,700.0,28.76,500.0,28.77,1200.0,28.78,3100.0,0.0,0.0,0.0,0.0,0.0,0.0,0.0,0.0,0.0,0.0,27.06,31.3,79500.0,299330.0,0.0
2021-11-30 15:13:03,300557.SZ,28.14,28.18,29.12,28.18,28.7,732600.0,21134937.0,2275.0,28.7,1400.0,28.69,1500.0,28.68,2200.0,28.66,3900.0,28.64,1300.0,0.0,0.0,0.0,0.0,0.0,0.0,0.0,0.0,0.0,0.0,28.71,300.0,28.75,700.0,28.76,500.0,28.77,1200.0,28.78,3100.0,0.0,0.0,0.0,0.0,0.0,0.0,0.0,0.0,0.0,0.0,27.06,31.3,79500.0,299330.0,0.0
2021-11-30 15:14:03,300557.SZ,28.14,28.18,29.12,28.18,28.7,732600.0,21134937.0,2275.0,28.7,1400.0,28.69,1500.0,28.68,2200.0,28.66,3900.0,28.64,1300.0,0.0,0.0,0.0,0.0,0.0,0.0,0.0,0.0,0.0,0.0,28.71,300.0,28.75,700.0,28.76,500.0,28.77,1200.0,28.78,3100.0,0.0,0.0,0.0,0.0,0.0,0.0,0.0,0.0,0.0,0.0,27.06,31.3,79500.0,299330.0,0.0
2021-11-30 15:15:03,300557.SZ,28.14,28.18,29.12,28.18,28.7,732600.0,21134937.0,2275.0,28.7,1400.0,28.69,1500.0,28.68,2200.0,28.66,3900.0,28.64,1300.0,0.0,0.0,0.0,0.0,0.0,0.0,0.0,0.0,0.0,0.0,28.71,300.0,28.75,700.0,28.76,500.0,28.77,1200.0,28.78,3100.0,0.0,0.0,0.0,0.0,0.0,0.0,0.0,0.0,0.0,0.0,27.06,31.3,79500.0,299330.0,0.0
2021-11-30 15:16:03,300557.SZ,28.14,28.18,29.12,28.18,28.7,732600.0,21134937.0,2275.0,28.7,1400.0,28.69,1500.0,28.68,2200.0,28.66,3900.0,28.64,1300.0,0.0,0.0,0.0,0.0,0.0,0.0,0.0,0.0,0.0,0.0,28.71,300.0,28.75,700.0,28.76,500.0,28.77,1200.0,28.78,3100.0,0.0,0.0,0.0,0.0,0.0,0.0,0.0,0.0,0.0,0.0,27.06,31.3,79500.0,299330.0,0.0
2021-11-30 15:17:03,300557.SZ,28.14,28.18,29.12,28.18,28.7,732600.0,21134937.0,2275.0,28.7,1400.0,28.69,1500.0,28.68,2200.0,28.66,3900.0,28.64,1300.0,0.0,0.0,0.0,0.0,0.0,0.0,0.0,0.0,0.0,0.0,28.71,300.0,28.75,700.0,28.76,500.0,28.77,1200.0,28.78,3100.0,0.0,0.0,0.0,0.0,0.0,0.0,0.0,0.0,0.0,0.0,27.06,31.3,79500.0,299330.0,0.0
2021-11-30 15:18:03,300557.SZ,28.14,28.18,29.12,28.18,28.7,732600.0,21134937.0,2275.0,28.7,1400.0,28.69,1500.0,28.68,2200.0,28.66,3900.0,28.64,1300.0,0.0,0.0,0.0,0.0,0.0,0.0,0.0,0.0,0.0,0.0,28.71,300.0,28.75,700.0,28.76,500.0,28.77,1200.0,28.78,3100.0,0.0,0.0,0.0,0.0,0.0,0.0,0.0,0.0,0.0,0.0,27.06,31.3,79500.0,299330.0,0.0
2021-11-30 15:19:03,300557.SZ,28.14,28.18,29.12,28.18,28.7,732600.0,21134937.0,2275.0,28.7,1400.0,28.69,1500.0,28.68,2200.0,28.66,3900.0,28.64,1300.0,0.0,0.0,0.0,0.0,0.0,0.0,0.0,0.0,0.0,0.0,28.71,300.0,28.75,700.0,28.76,500.0,28.77,1200.0,28.78,3100.0,0.0,0.0,0.0,0.0,0.0,0.0,0.0,0.0,0.0,0.0,27.06,31.3,79500.0,299330.0,0.0
2021-11-30 15:20:03,300557.SZ,28.14,28.18,29.12,28.18,28.7,732600.0,21134937.0,2275.0,28.7,1400.0,28.69,1500.0,28.68,2200.0,28.66,3900.0,28.64,1300.0,0.0,0.0,0.0,0.0,0.0,0.0,0.0,0.0,0.0,0.0,28.71,300.0,28.75,700.0,28.76,500.0,28.77,1200.0,28.78,3100.0,0.0,0.0,0.0,0.0,0.0,0.0,0.0,0.0,0.0,0.0,27.06,31.3,79500.0,299330.0,0.0
2021-11-30 15:21:03,300557.SZ,28.14,28.18,29.12,28.18,28.7,732600.0,21134937.0,2275.0,28.7,1400.0,28.69,1500.0,28.68,2200.0,28.66,3900.0,28.64,1300.0,0.0,0.0,0.0,0.0,0.0,0.0,0.0,0.0,0.0,0.0,28.71,300.0,28.75,700.0,28.76,500.0,28.77,1200.0,28.78,3100.0,0.0,0.0,0.0,0.0,0.0,0.0,0.0,0.0,0.0,0.0,27.06,31.3,79500.0,299330.0,0.0
2021-11-30 15:22:03,300557.SZ,28.14,28.18,29.12,28.18,28.7,732600.0,21134937.0,2275.0,28.7,1400.0,28.69,1500.0,28.68,2200.0,28.66,3900.0,28.64,1300.0,0.0,0.0,0.0,0.0,0.0,0.0,0.0,0.0,0.0,0.0,28.71,300.0,28.75,700.0,28.76,500.0,28.77,1200.0,28.78,3100.0,0.0,0.0,0.0,0.0,0.0,0.0,0.0,0.0,0.0,0.0,27.06,31.3,79500.0,299330.0,0.0
2021-11-30 15:23:03,300557.SZ,28.14,28.18,29.12,28.18,28.7,732600.0,21134937.0,2275.0,28.7,1400.0,28.69,1500.0,28.68,2200.0,28.66,3900.0,28.64,1300.0,0.0,0.0,0.0,0.0,0.0,0.0,0.0,0.0,0.0,0.0,28.71,300.0,28.75,700.0,28.76,500.0,28.77,1200.0,28.78,3100.0,0.0,0.0,0.0,0.0,0.0,0.0,0.0,0.0,0.0,0.0,27.06,31.3,79500.0,299330.0,0.0
2021-11-30 15:24:03,300557.SZ,28.14,28.18,29.12,28.18,28.7,732600.0,21134937.0,2275.0,28.7,1400.0,28.69,1500.0,28.68,2200.0,28.66,3900.0,28.64,1300.0,0.0,0.0,0.0,0.0,0.0,0.0,0.0,0.0,0.0,0.0,28.71,300.0,28.75,700.0,28.76,500.0,28.77,1200.0,28.78,3100.0,0.0,0.0,0.0,0.0,0.0,0.0,0.0,0.0,0.0,0.0,27.06,31.3,79500.0,299330.0,0.0
2021-11-30 15:25:03,300557.SZ,28.14,28.18,29.12,28.18,28.7,732600.0,21134937.0,2275.0,28.7,1400.0,28.69,1500.0,28.68,2200.0,28.66,3900.0,28.64,1300.0,0.0,0.0,0.0,0.0,0.0,0.0,0.0,0.0,0.0,0.0,28.71,300.0,28.75,700.0,28.76,500.0,28.77,1200.0,28.78,3100.0,0.0,0.0,0.0,0.0,0.0,0.0,0.0,0.0,0.0,0.0,27.06,31.3,79500.0,299330.0,0.0
2021-11-30 15:26:03,300557.SZ,28.14,28.18,29.12,28.18,28.7,732600.0,21134937.0,2275.0,28.7,1400.0,28.69,1500.0,28.68,2200.0,28.66,3900.0,28.64,1300.0,0.0,0.0,0.0,0.0,0.0,0.0,0.0,0.0,0.0,0.0,28.71,300.0,28.75,700.0,28.76,500.0,28.77,1200.0,28.78,3100.0,0.0,0.0,0.0,0.0,0.0,0.0,0.0,0.0,0.0,0.0,27.06,31.3,79500.0,299330.0,0.0
2021-11-30 15:27:03,300557.SZ,28.14,28.18,29.12,28.18,28.7,732600.0,21134937.0,2275.0,28.7,1400.0,28.69,1500.0,28.68,2200.0,28.66,3900.0,28.64,1300.0,0.0,0.0,0.0,0.0,0.0,0.0,0.0,0.0,0.0,0.0,28.71,300.0,28.75,700.0,28.76,500.0,28.77,1200.0,28.78,3100.0,0.0,0.0,0.0,0.0,0.0,0.0,0.0,0.0,0.0,0.0,27.06,31.3,79500.0,299330.0,0.0
2021-11-30 15:28:03,300557.SZ,28.14,28.18,29.12,28.18,28.7,732600.0,21134937.0,2275.0,28.7,1400.0,28.69,1500.0,28.68,2200.0,28.66,3900.0,28.64,1300.0,0.0,0.0,0.0,0.0,0.0,0.0,0.0,0.0,0.0,0.0,28.71,300.0,28.75,700.0,28.76,500.0,28.77,1200.0,28.78,3100.0,0.0,0.0,0.0,0.0,0.0,0.0,0.0,0.0,0.0,0.0,27.06,31.3,79500.0,299330.0,0.0
2021-11-30 15:29:03,300557.SZ,28.14,28.18,29.12,28.18,28.7,732600.0,21134937.0,2275.0,28.7,1400.0,28.69,1500.0,28.68,2200.0,28.66,3900.0,28.64,1300.0,0.0,0.0,0.0,0.0,0.0,0.0,0.0,0.0,0.0,0.0,28.71,300.0,28.75,700.0,28.76,500.0,28.77,1200.0,28.78,3100.0,0.0,0.0,0.0,0.0,0.0,0.0,0.0,0.0,0.0,0.0,27.06,31.3,79500.0,299330.0,0.0
2021-11-30 15:30:03,300557.SZ,28.14,28.18,29.12,28.18,28.7,732600.0,21134937.0,2275.0,28.7,1400.0,28.69,1500.0,28.68,2200.0,28.66,3900.0,28.64,1300.0,0.0,0.0,0.0,0.0,0.0,0.0,0.0,0.0,0.0,0.0,28.71,300.0,28.75,700.0,28.76,500.0,28.77,1200.0,28.78,3100.0,0.0,0.0,0.0,0.0,0.0,0.0,0.0,0.0,0.0,0.0,27.06,31.3,79500.0,299330.0,0.0
2021-11-30 15:31:03,300557.SZ,28.14,28.18,29.12,28.18,28.7,732600.0,21134937.0,2275.0,28.7,1400.0,28.69,1500.0,28.68,2200.0,28.66,3900.0,28.64,1300.0,0.0,0.0,0.0,0.0,0.0,0.0,0.0,0.0,0.0,0.0,28.71,300.0,28.75,700.0,28.76,500.0,28.77,1200.0,28.78,3100.0,0.0,0.0,0.0,0.0,0.0,0.0,0.0,0.0,0.0,0.0,27.06,31.3,79500.0,299330.0,0.0
2021-11-30 15:32:03,300557.SZ,28.14,28.18,29.12,28.18,28.7,732600.0,21134937.0,2275.0,28.7,1400.0,28.69,1500.0,28.68,2200.0,28.66,3900.0,28.64,1300.0,0.0,0.0,0.0,0.0,0.0,0.0,0.0,0.0,0.0,0.0,28.71,300.0,28.75,700.0,28.76,500.0,28.77,1200.0,28.78,3100.0,0.0,0.0,0.0,0.0,0.0,0.0,0.0,0.0,0.0,0.0,27.06,31.3,79500.0,299330.0,0.0
2021-11-30 15:33:03,300557.SZ,28.14,28.18,29.12,28.18,28.7,732600.0,21134937.0,2275.0,28.7,1400.0,28.69,1500.0,28.68,2200.0,28.66,3900.0,28.64,1300.0,0.0,0.0,0.0,0.0,0.0,0.0,0.0,0.0,0.0,0.0,28.71,300.0,28.75,700.0,28.76,500.0,28.77,1200.0,28.78,3100.0,0.0,0.0,0.0,0.0,0.0,0.0,0.0,0.0,0.0,0.0,27.06,31.3,79500.0,299330.0,0.0
2021-11-30 15:34:03,300557.SZ,28.14,28.18,29.12,28.18,28.7,732600.0,21134937.0,2275.0,28.7,1400.0,28.69,1500.0,28.68,2200.0,28.66,3900.0,28.64,1300.0,0.0,0.0,0.0,0.0,0.0,0.0,0.0,0.0,0.0,0.0,28.71,300.0,28.75,700.0,28.76,500.0,28.77,1200.0,28.78,3100.0,0.0,0.0,0.0,0.0,0.0,0.0,0.0,0.0,0.0,0.0,27.06,31.3,79500.0,299330.0,0.0
