datetime,sym,price,size,bidorderid,askorderid,tradeid,exectype,tradebsflag,channelno,bizindex
2021-11-30 09:15:17.750,300557.SZ,0.0,100.0,197972,0,201923,2,0,2014,-9223372036854775808
2021-11-30 09:16:52.080,300557.SZ,0.0,30000.0,0,218913,222636,2,0,2014,-9223372036854775808
2021-11-30 09:18:04.430,300557.SZ,0.0,400.0,121706,0,242162,2,0,2014,-9223372036854775808
2021-11-30 09:19:48.760,300557.SZ,0.0,16400.0,0,142354,271254,2,0,2014,-9223372036854775808
2021-11-30 09:30:00.110,300557.SZ,0.0,900.0,219871,0,479886,2,0,2014,-9223372036854775808
2021-11-30 09:30:00.160,300557.SZ,0.0,1700.0,351013,0,490981,2,0,2014,-9223372036854775808
2021-11-30 09:30:02.170,300557.SZ,28.18,100.0,650525,538880,650526,1,0,2014,-9223372036854775808
2021-11-30 09:30:02.170,300557.SZ,28.18,100.0,650530,538880,650531,1,0,2014,-9223372036854775808
2021-11-30 09:30:02.170,300557.SZ,28.18,100.0,650547,538880,650548,1,0,2014,-9223372036854775808
2021-11-30 09:30:03.560,300557.SZ,28.18,100.0,712016,538880,712017,1,0,2014,-9223372036854775808
2021-11-30 09:30:03.560,300557.SZ,28.18,100.0,712030,538880,712031,1,0,2014,-9223372036854775808
2021-11-30 09:30:03.560,300557.SZ,28.2,100.0,712032,515850,712033,1,0,2014,-9223372036854775808
2021-11-30 09:30:04.560,300557.SZ,28.2,200.0,759933,515850,759934,1,0,2014,-9223372036854775808
2021-11-30 09:30:05.210,300557.SZ,28.2,100.0,781354,515850,781355,1,0,2014,-9223372036854775808
2021-11-30 09:30:07.540,300557.SZ,28.19,100.0,845970,845204,845971,1,0,2014,-9223372036854775808
2021-11-30 09:30:07.600,300557.SZ,28.19,200.0,848345,845204,848346,1,0,2014,-9223372036854775808
2021-11-30 09:30:07.600,300557.SZ,28.19,100.0,848347,845204,848348,1,0,2014,-9223372036854775808
2021-11-30 09:30:08.140,300557.SZ,28.19,100.0,858639,845210,858640,1,0,2014,-9223372036854775808
2021-11-30 09:30:10.530,300557.SZ,28.19,100.0,902840,845210,902841,1,0,2014,-9223372036854775808
2021-11-30 09:30:10.540,300557.SZ,28.19,100.0,902953,845210,902954,1,0,2014,-9223372036854775808
2021-11-30 09:30:10.560,300557.SZ,0.0,100.0,758403,0,903306,2,0,2014,-9223372036854775808
2021-11-30 09:30:10.590,300557.SZ,28.19,100.0,903683,845210,903684,1,0,2014,-9223372036854775808
2021-11-30 09:30:10.740,300557.SZ,28.19,300.0,907022,845513,907023,1,0,2014,-9223372036854775808
2021-11-30 09:30:12.240,300557.SZ,0.0,400.0,0,845519,922513,2,0,2014,-9223372036854775808
2021-11-30 09:30:12.240,300557.SZ,28.18,100.0,762395,922515,922516,1,0,2014,-9223372036854775808
2021-11-30 09:30:12.610,300557.SZ,0.0,400.0,0,845515,926295,2,0,2014,-9223372036854775808
2021-11-30 09:30:12.610,300557.SZ,0.0,400.0,0,845523,926297,2,0,2014,-9223372036854775808
2021-11-30 09:30:12.610,300557.SZ,0.0,100.0,0,845513,926334,2,0,2014,-9223372036854775808
2021-11-30 09:30:12.610,300557.SZ,0.0,400.0,0,845520,926336,2,0,2014,-9223372036854775808
2021-11-30 09:30:12.610,300557.SZ,0.0,400.0,0,845526,926339,2,0,2014,-9223372036854775808
2021-11-30 09:30:12.610,300557.SZ,0.0,100.0,0,922517,926340,2,0,2014,-9223372036854775808
2021-11-30 09:30:12.610,300557.SZ,0.0,400.0,0,845527,926346,2,0,2014,-9223372036854775808
2021-11-30 09:30:12.610,300557.SZ,0.0,400.0,0,845535,926350,2,0,2014,-9223372036854775808
2021-11-30 09:30:13.510,300557.SZ,28.18,100.0,947015,923752,947016,1,0,2014,-9223372036854775808
2021-11-30 09:30:13.520,300557.SZ,28.18,100.0,947535,923753,947536,1,0,2014,-9223372036854775808
2021-11-30 09:30:13.540,300557.SZ,28.18,100.0,947818,926337,947819,1,0,2014,-9223372036854775808
2021-11-30 09:30:13.540,300557.SZ,28.18,100.0,947818,926338,947820,1,0,2014,-9223372036854775808
2021-11-30 09:30:13.600,300557.SZ,28.2,200.0,949635,515850,949636,1,0,2014,-9223372036854775808
2021-11-30 09:30:13.820,300557.SZ,0.0,400.0,776237,0,952649,2,0,2014,-9223372036854775808
2021-11-30 09:30:16.770,300557.SZ,28.2,100.0,1005489,515850,1005490,1,0,2014,-9223372036854775808
2021-11-30 09:30:16.780,300557.SZ,28.2,100.0,1005546,515850,1005547,1,0,2014,-9223372036854775808
2021-11-30 09:30:16.870,300557.SZ,28.2,100.0,1006675,515850,1006676,1,0,2014,-9223372036854775808
2021-11-30 09:30:16.970,300557.SZ,28.2,100.0,1007827,515850,1007828,1,0,2014,-9223372036854775808
2021-11-30 09:30:17.470,300557.SZ,0.0,100.0,1007827,0,1016519,2,0,2014,-9223372036854775808
2021-11-30 09:30:17.480,300557.SZ,28.21,100.0,1016598,301074,1016599,1,0,2014,-9223372036854775808
2021-11-30 09:30:18.300,300557.SZ,28.21,100.0,1028368,301074,1028369,1,0,2014,-9223372036854775808
2021-11-30 09:30:18.300,300557.SZ,28.21,100.0,1028370,301074,1028371,1,0,2014,-9223372036854775808
2021-11-30 09:30:18.300,300557.SZ,28.21,100.0,1028372,301074,1028373,1,0,2014,-9223372036854775808
2021-11-30 09:30:18.300,300557.SZ,28.21,100.0,1028374,301074,1028375,1,0,2014,-9223372036854775808
2021-11-30 09:30:18.330,300557.SZ,28.21,100.0,1028870,301074,1028871,1,0,2014,-9223372036854775808
2021-11-30 09:30:18.340,300557.SZ,28.21,500.0,1028919,301074,1028920,1,0,2014,-9223372036854775808
2021-11-30 09:30:18.830,300557.SZ,0.0,100.0,1028919,0,1035820,2,0,2014,-9223372036854775808
2021-11-30 09:30:19.450,300557.SZ,0.0,100.0,998840,0,1051161,2,0,2014,-9223372036854775808
2021-11-30 09:30:19.450,300557.SZ,0.0,100.0,998820,0,1051167,2,0,2014,-9223372036854775808
2021-11-30 09:30:19.450,300557.SZ,0.0,100.0,998845,0,1051187,2,0,2014,-9223372036854775808
2021-11-30 09:30:19.450,300557.SZ,0.0,100.0,998844,0,1051194,2,0,2014,-9223372036854775808
2021-11-30 09:30:19.460,300557.SZ,28.22,100.0,1051314,138936,1051315,1,0,2014,-9223372036854775808
2021-11-30 09:30:19.480,300557.SZ,28.22,100.0,1051740,138936,1051741,1,0,2014,-9223372036854775808
2021-11-30 09:30:19.550,300557.SZ,28.22,100.0,1053001,138936,1053002,1,0,2014,-9223372036854775808
2021-11-30 09:30:21.740,300557.SZ,0.0,500.0,775618,0,1082166,2,0,2014,-9223372036854775808
2021-11-30 09:30:22.070,300557.SZ,28.22,100.0,1089296,138936,1089297,1,0,2014,-9223372036854775808
2021-11-30 09:30:22.090,300557.SZ,28.22,200.0,1089710,138936,1089711,1,0,2014,-9223372036854775808
2021-11-30 09:30:22.090,300557.SZ,28.22,200.0,1089809,138936,1089810,1,0,2014,-9223372036854775808
2021-11-30 09:30:22.110,300557.SZ,0.0,200.0,1089809,0,1090212,2,0,2014,-9223372036854775808
2021-11-30 09:30:22.430,300557.SZ,0.0,100.0,1050895,0,1096563,2,0,2014,-9223372036854775808
2021-11-30 09:30:22.440,300557.SZ,0.0,100.0,1051155,0,1096872,2,0,2014,-9223372036854775808
2021-11-30 09:30:22.470,300557.SZ,28.24,100.0,1097760,27507,1097761,1,0,2014,-9223372036854775808
2021-11-30 09:30:23.550,300557.SZ,28.22,100.0,1096783,1110849,1110850,1,0,2014,-9223372036854775808
2021-11-30 09:30:23.550,300557.SZ,28.22,100.0,1096985,1110849,1110851,1,0,2014,-9223372036854775808
2021-11-30 09:30:23.550,300557.SZ,28.22,100.0,1096992,1110849,1110852,1,0,2014,-9223372036854775808
2021-11-30 09:30:23.550,300557.SZ,28.22,100.0,1096993,1110849,1110853,1,0,2014,-9223372036854775808
2021-11-30 09:30:23.550,300557.SZ,28.22,100.0,1097197,1110849,1110854,1,0,2014,-9223372036854775808
2021-11-30 09:30:23.550,300557.SZ,28.22,100.0,1097198,1110849,1110855,1,0,2014,-9223372036854775808
2021-11-30 09:30:25.000,300557.SZ,0.0,500.0,683672,0,1127662,2,0,2014,-9223372036854775808
2021-11-30 09:30:25.430,300557.SZ,28.24,100.0,1136890,27507,1136891,1,0,2014,-9223372036854775808
2021-11-30 09:30:25.450,300557.SZ,0.0,100.0,1051141,0,1137152,2,0,2014,-9223372036854775808
2021-11-30 09:30:25.450,300557.SZ,0.0,100.0,1051181,0,1137154,2,0,2014,-9223372036854775808
2021-11-30 09:30:25.450,300557.SZ,0.0,100.0,1051165,0,1137155,2,0,2014,-9223372036854775808
2021-11-30 09:30:25.450,300557.SZ,0.0,100.0,1051191,0,1137156,2,0,2014,-9223372036854775808
2021-11-30 09:30:28.450,300557.SZ,0.0,100.0,1097199,0,1176766,2,0,2014,-9223372036854775808
2021-11-30 09:30:28.460,300557.SZ,0.0,100.0,1137163,0,1176933,2,0,2014,-9223372036854775808
2021-11-30 09:30:28.480,300557.SZ,28.3,100.0,1177377,516771,1177378,1,0,2014,-9223372036854775808
2021-11-30 09:30:31.480,300557.SZ,28.3,100.0,1219448,516771,1219449,1,0,2014,-9223372036854775808
2021-11-30 09:30:31.480,300557.SZ,28.3,100.0,1219456,516771,1219457,1,0,2014,-9223372036854775808
2021-11-30 09:30:31.490,300557.SZ,0.0,100.0,1199048,0,1219656,2,0,2014,-9223372036854775808
2021-11-30 09:30:34.270,300557.SZ,0.0,200.0,1088787,0,1256961,2,0,2014,-9223372036854775808
2021-11-30 09:30:34.460,300557.SZ,28.3,100.0,1260289,516771,1260290,1,0,2014,-9223372036854775808
2021-11-30 09:30:38.680,300557.SZ,28.3,200.0,1311493,516771,1311494,1,0,2014,-9223372036854775808
2021-11-30 09:30:38.680,300557.SZ,28.36,100.0,477686,1230422,1311495,1,0,2014,-9223372036854775808
2021-11-30 09:30:38.690,300557.SZ,0.0,100.0,1219700,0,1311529,2,0,2014,-9223372036854775808
2021-11-30 09:30:38.700,300557.SZ,0.0,100.0,1311583,0,1311616,2,0,2014,-9223372036854775808
2021-11-30 09:30:41.910,300557.SZ,28.33,900.0,1311493,1348382,1348383,1,0,2014,-9223372036854775808
2021-11-30 09:30:41.910,300557.SZ,28.33,100.0,1311636,1348382,1348384,1,0,2014,-9223372036854775808
2021-11-30 09:30:41.920,300557.SZ,28.28,100.0,1348539,1348382,1348540,1,0,2014,-9223372036854775808
2021-11-30 09:30:42.010,300557.SZ,28.28,100.0,1349144,1348382,1349145,1,0,2014,-9223372036854775808
2021-11-30 09:30:46.470,300557.SZ,28.29,100.0,1349808,1397871,1397872,1,0,2014,-9223372036854775808
2021-11-30 09:30:46.470,300557.SZ,28.29,100.0,1397102,1397871,1397873,1,0,2014,-9223372036854775808
2021-11-30 09:30:46.470,300557.SZ,28.28,100.0,1349144,1397871,1397874,1,0,2014,-9223372036854775808
2021-11-30 09:30:46.490,300557.SZ,28.27,100.0,1398151,1397871,1398152,1,0,2014,-9223372036854775808
2021-11-30 09:31:03.780,300557.SZ,28.29,300.0,1572610,1415136,1572611,1,0,2014,-9223372036854775808
2021-11-30 09:31:03.790,300557.SZ,0.0,1000.0,619043,0,1572719,2,0,2014,-9223372036854775808
2021-11-30 09:31:04.070,300557.SZ,28.35,300.0,1576996,1398889,1576997,1,0,2014,-9223372036854775808
2021-11-30 09:31:04.170,300557.SZ,28.36,100.0,1578946,1230422,1578947,1,0,2014,-9223372036854775808
2021-11-30 09:31:07.460,300557.SZ,28.36,100.0,1620902,1230422,1620903,1,0,2014,-9223372036854775808
2021-11-30 09:31:07.580,300557.SZ,0.0,300.0,860253,0,1622511,2,0,2014,-9223372036854775808
2021-11-30 09:31:10.670,300557.SZ,0.0,1100.0,0,708961,1659570,2,0,2014,-9223372036854775808
2021-11-30 09:31:12.750,300557.SZ,0.0,100.0,1380602,0,1679566,2,0,2014,-9223372036854775808
2021-11-30 09:31:13.690,300557.SZ,28.36,200.0,1692769,1230422,1692770,1,0,2014,-9223372036854775808
2021-11-30 09:31:13.690,300557.SZ,28.36,100.0,1692769,1685540,1692771,1,0,2014,-9223372036854775808
2021-11-30 09:31:13.730,300557.SZ,28.36,300.0,1693025,1685540,1693026,1,0,2014,-9223372036854775808
2021-11-30 09:31:20.020,300557.SZ,0.0,200.0,519966,0,1760966,2,0,2014,-9223372036854775808
2021-11-30 09:31:22.150,300557.SZ,28.36,100.0,1699248,1782957,1782958,1,0,2014,-9223372036854775808
2021-11-30 09:31:22.530,300557.SZ,28.36,100.0,1788043,1782957,1788044,1,0,2014,-9223372036854775808
2021-11-30 09:31:29.190,300557.SZ,0.0,100.0,0,1835824,1853343,2,0,2014,-9223372036854775808
2021-11-30 09:31:30.620,300557.SZ,0.0,100.0,1202509,0,1864591,2,0,2014,-9223372036854775808
2021-11-30 09:31:30.740,300557.SZ,28.32,100.0,1576998,1865924,1865925,1,0,2014,-9223372036854775808
2021-11-30 09:31:32.150,300557.SZ,28.36,200.0,1880948,1782957,1880949,1,0,2014,-9223372036854775808
2021-11-30 09:31:32.260,300557.SZ,28.36,700.0,1882151,1782957,1882152,1,0,2014,-9223372036854775808
2021-11-30 09:31:35.460,300557.SZ,28.35,100.0,1912585,1909897,1912586,1,0,2014,-9223372036854775808
2021-11-30 09:31:37.000,300557.SZ,0.0,1300.0,1572610,0,1925315,2,0,2014,-9223372036854775808
2021-11-30 09:31:37.430,300557.SZ,28.37,100.0,1931078,766586,1931079,1,0,2014,-9223372036854775808
2021-11-30 09:31:38.030,300557.SZ,28.37,100.0,1936060,766586,1936061,1,0,2014,-9223372036854775808
2021-11-30 09:31:38.140,300557.SZ,28.38,400.0,1937181,108756,1937182,1,0,2014,-9223372036854775808
2021-11-30 09:31:38.140,300557.SZ,28.38,1000.0,1937181,340427,1937183,1,0,2014,-9223372036854775808
2021-11-30 09:31:38.160,300557.SZ,28.39,1100.0,1937363,254873,1937364,1,0,2014,-9223372036854775808
2021-11-30 09:31:40.800,300557.SZ,0.0,300.0,233083,0,1962628,2,0,2014,-9223372036854775808
2021-11-30 09:31:41.790,300557.SZ,0.0,400.0,785551,0,1970957,2,0,2014,-9223372036854775808
2021-11-30 09:31:41.880,300557.SZ,0.0,1400.0,1937376,0,1971513,2,0,2014,-9223372036854775808
2021-11-30 09:31:42.010,300557.SZ,28.41,100.0,1961245,1972382,1972383,1,0,2014,-9223372036854775808
2021-11-30 09:31:42.010,300557.SZ,28.41,100.0,1961247,1972382,1972384,1,0,2014,-9223372036854775808
2021-11-30 09:31:42.010,300557.SZ,28.4,100.0,1959761,1972382,1972385,1,0,2014,-9223372036854775808
2021-11-30 09:31:42.110,300557.SZ,28.48,700.0,1973746,403482,1973747,1,0,2014,-9223372036854775808
2021-11-30 09:31:42.110,300557.SZ,0.0,400.0,1937391,0,1973773,2,0,2014,-9223372036854775808
2021-11-30 09:31:42.290,300557.SZ,28.49,500.0,1975311,1065049,1975312,1,0,2014,-9223372036854775808
2021-11-30 09:31:42.290,300557.SZ,28.49,300.0,1975311,1835942,1975313,1,0,2014,-9223372036854775808
2021-11-30 09:31:43.330,300557.SZ,0.0,400.0,1256668,0,1986906,2,0,2014,-9223372036854775808
2021-11-30 09:31:43.460,300557.SZ,0.0,100.0,1959361,0,1988742,2,0,2014,-9223372036854775808
2021-11-30 09:31:43.460,300557.SZ,0.0,100.0,1959388,0,1988743,2,0,2014,-9223372036854775808
2021-11-30 09:31:43.460,300557.SZ,0.0,100.0,1959393,0,1988744,2,0,2014,-9223372036854775808
2021-11-30 09:31:43.460,300557.SZ,0.0,100.0,1959391,0,1988750,2,0,2014,-9223372036854775808
2021-11-30 09:31:44.300,300557.SZ,0.0,200.0,1880146,0,1996574,2,0,2014,-9223372036854775808
2021-11-30 09:31:46.390,300557.SZ,0.0,100.0,1972484,0,2015129,2,0,2014,-9223372036854775808
2021-11-30 09:31:46.390,300557.SZ,0.0,100.0,1972493,0,2015130,2,0,2014,-9223372036854775808
2021-11-30 09:31:46.390,300557.SZ,0.0,100.0,1972514,0,2015169,2,0,2014,-9223372036854775808
2021-11-30 09:31:46.390,300557.SZ,28.5,100.0,2015170,102403,2015171,1,0,2014,-9223372036854775808
2021-11-30 09:31:46.500,300557.SZ,28.5,200.0,2016265,102403,2016266,1,0,2014,-9223372036854775808
2021-11-30 09:31:46.500,300557.SZ,28.5,300.0,2016265,105926,2016267,1,0,2014,-9223372036854775808
2021-11-30 09:31:49.460,300557.SZ,0.0,100.0,998756,0,2040790,2,0,2014,-9223372036854775808
2021-11-30 09:31:51.210,300557.SZ,28.52,200.0,2020881,2054573,2054574,1,0,2014,-9223372036854775808
2021-11-30 09:31:51.210,300557.SZ,28.5,100.0,2040821,2054573,2054575,1,0,2014,-9223372036854775808
2021-11-30 09:31:51.210,300557.SZ,28.49,200.0,2015058,2054573,2054576,1,0,2014,-9223372036854775808
2021-11-30 09:31:52.440,300557.SZ,0.0,100.0,1051016,0,2066003,2,0,2014,-9223372036854775808
2021-11-30 09:31:52.440,300557.SZ,0.0,100.0,1988507,0,2066012,2,0,2014,-9223372036854775808
2021-11-30 09:31:52.450,300557.SZ,0.0,100.0,1051160,0,2066052,2,0,2014,-9223372036854775808
2021-11-30 09:31:52.450,300557.SZ,28.56,100.0,2066067,108758,2066068,1,0,2014,-9223372036854775808
2021-11-30 09:31:52.640,300557.SZ,28.49,300.0,2015058,2067724,2067725,1,0,2014,-9223372036854775808
2021-11-30 09:31:52.640,300557.SZ,28.49,100.0,2040782,2067724,2067726,1,0,2014,-9223372036854775808
2021-11-30 09:31:52.640,300557.SZ,28.49,100.0,2041042,2067724,2067727,1,0,2014,-9223372036854775808
2021-11-30 09:31:53.750,300557.SZ,28.49,100.0,2041858,2075891,2075892,1,0,2014,-9223372036854775808
2021-11-30 09:31:53.920,300557.SZ,28.48,300.0,2076841,2075966,2076842,1,0,2014,-9223372036854775808
2021-11-30 09:31:54.070,300557.SZ,28.49,100.0,2077965,2075891,2077966,1,0,2014,-9223372036854775808
2021-11-30 09:31:55.520,300557.SZ,0.0,600.0,1959761,0,2090859,2,0,2014,-9223372036854775808
2021-11-30 09:31:57.220,300557.SZ,0.0,700.0,1974778,0,2103126,2,0,2014,-9223372036854775808
2021-11-30 09:31:58.420,300557.SZ,0.0,500.0,1988384,0,2113521,2,0,2014,-9223372036854775808
2021-11-30 09:31:58.470,300557.SZ,0.0,700.0,1931330,0,2114065,2,0,2014,-9223372036854775808
2021-11-30 09:31:58.490,300557.SZ,0.0,700.0,1931474,0,2114255,2,0,2014,-9223372036854775808
2021-11-30 09:31:58.500,300557.SZ,0.0,400.0,1931502,0,2114282,2,0,2014,-9223372036854775808
2021-11-30 09:31:58.570,300557.SZ,0.0,200.0,1933774,0,2114954,2,0,2014,-9223372036854775808
2021-11-30 09:31:59.730,300557.SZ,28.56,300.0,2122658,108758,2122659,1,0,2014,-9223372036854775808
2021-11-30 09:31:59.730,300557.SZ,28.66,700.0,2122658,94624,2122660,1,0,2014,-9223372036854775808
2021-11-30 09:31:59.730,300557.SZ,28.67,200.0,2122658,2122676,2122677,1,0,2014,-9223372036854775808
2021-11-30 09:32:00.240,300557.SZ,0.0,200.0,0,2122783,2128150,2,0,2014,-9223372036854775808
2021-11-30 09:32:00.620,300557.SZ,0.0,100.0,1864648,0,2131745,2,0,2014,-9223372036854775808
2021-11-30 09:32:01.580,300557.SZ,0.0,400.0,1961960,0,2144300,2,0,2014,-9223372036854775808
2021-11-30 09:32:04.440,300557.SZ,28.66,100.0,2174057,2122750,2174058,1,0,2014,-9223372036854775808
2021-11-30 09:32:04.520,300557.SZ,0.0,200.0,2140610,0,2175215,2,0,2014,-9223372036854775808
2021-11-30 09:32:04.520,300557.SZ,0.0,100.0,1989349,0,2175231,2,0,2014,-9223372036854775808
2021-11-30 09:32:08.680,300557.SZ,0.0,100.0,1960403,0,2219294,2,0,2014,-9223372036854775808
2021-11-30 09:32:08.680,300557.SZ,0.0,100.0,1960563,0,2219330,2,0,2014,-9223372036854775808
2021-11-30 09:32:08.750,300557.SZ,0.0,200.0,2152391,0,2219795,2,0,2014,-9223372036854775808
2021-11-30 09:32:08.850,300557.SZ,0.0,200.0,2132399,0,2220450,2,0,2014,-9223372036854775808
2021-11-30 09:32:08.860,300557.SZ,0.0,100.0,2080994,0,2220498,2,0,2014,-9223372036854775808
2021-11-30 09:32:08.860,300557.SZ,0.0,100.0,1981995,0,2220509,2,0,2014,-9223372036854775808
2021-11-30 09:32:08.860,300557.SZ,0.0,100.0,2080995,0,2220511,2,0,2014,-9223372036854775808
2021-11-30 09:32:08.860,300557.SZ,0.0,200.0,2132862,0,2220512,2,0,2014,-9223372036854775808
2021-11-30 09:32:08.860,300557.SZ,0.0,100.0,2076298,0,2220513,2,0,2014,-9223372036854775808
2021-11-30 09:32:08.930,300557.SZ,0.0,200.0,2152592,0,2221068,2,0,2014,-9223372036854775808
2021-11-30 09:32:08.950,300557.SZ,0.0,200.0,2132708,0,2221230,2,0,2014,-9223372036854775808
2021-11-30 09:32:08.950,300557.SZ,0.0,200.0,2076520,0,2221236,2,0,2014,-9223372036854775808
2021-11-30 09:32:08.960,300557.SZ,0.0,200.0,2081111,0,2221345,2,0,2014,-9223372036854775808
2021-11-30 09:32:08.960,300557.SZ,0.0,100.0,1960564,0,2221367,2,0,2014,-9223372036854775808
2021-11-30 09:32:08.960,300557.SZ,0.0,200.0,2132369,0,2221373,2,0,2014,-9223372036854775808
2021-11-30 09:32:08.960,300557.SZ,0.0,200.0,2080936,0,2221374,2,0,2014,-9223372036854775808
2021-11-30 09:32:08.980,300557.SZ,0.0,100.0,1938352,0,2221461,2,0,2014,-9223372036854775808
2021-11-30 09:32:08.980,300557.SZ,0.0,100.0,1960423,0,2221499,2,0,2014,-9223372036854775808
2021-11-30 09:32:08.990,300557.SZ,0.0,200.0,1982319,0,2221556,2,0,2014,-9223372036854775808
2021-11-30 09:32:09.020,300557.SZ,0.0,100.0,1937098,0,2221941,2,0,2014,-9223372036854775808
2021-11-30 09:32:09.040,300557.SZ,0.0,200.0,2077608,0,2222146,2,0,2014,-9223372036854775808
2021-11-30 09:32:11.920,300557.SZ,28.52,500.0,2152362,2250748,2250749,1,0,2014,-9223372036854775808
2021-11-30 09:32:11.920,300557.SZ,0.0,200.0,0,2122679,2250762,2,0,2014,-9223372036854775808
2021-11-30 09:32:11.920,300557.SZ,0.0,200.0,0,2122682,2250763,2,0,2014,-9223372036854775808
2021-11-30 09:32:11.920,300557.SZ,0.0,200.0,0,2122687,2250764,2,0,2014,-9223372036854775808
2021-11-30 09:32:11.920,300557.SZ,0.0,200.0,0,2122683,2250765,2,0,2014,-9223372036854775808
2021-11-30 09:32:11.920,300557.SZ,0.0,200.0,0,2122678,2250766,2,0,2014,-9223372036854775808
2021-11-30 09:32:11.920,300557.SZ,0.0,200.0,0,2122686,2250767,2,0,2014,-9223372036854775808
2021-11-30 09:32:11.920,300557.SZ,0.0,200.0,0,2122688,2250768,2,0,2014,-9223372036854775808
2021-11-30 09:32:11.920,300557.SZ,0.0,200.0,0,2122691,2250770,2,0,2014,-9223372036854775808
2021-11-30 09:32:11.920,300557.SZ,0.0,200.0,0,2122690,2250772,2,0,2014,-9223372036854775808
2021-11-30 09:32:11.920,300557.SZ,0.0,200.0,0,2122680,2250773,2,0,2014,-9223372036854775808
2021-11-30 09:32:11.920,300557.SZ,0.0,100.0,0,2122681,2250778,2,0,2014,-9223372036854775808
2021-11-30 09:32:13.010,300557.SZ,0.0,200.0,2152764,0,2260876,2,0,2014,-9223372036854775808
2021-11-30 09:32:13.440,300557.SZ,0.0,200.0,484711,0,2266599,2,0,2014,-9223372036854775808
2021-11-30 09:32:13.490,300557.SZ,0.0,200.0,2135588,0,2267156,2,0,2014,-9223372036854775808
2021-11-30 09:32:13.770,300557.SZ,0.0,200.0,2131983,0,2269541,2,0,2014,-9223372036854775808
2021-11-30 09:32:13.870,300557.SZ,0.0,100.0,1996047,0,2270130,2,0,2014,-9223372036854775808
2021-11-30 09:32:14.510,300557.SZ,0.0,700.0,122402,0,2275640,2,0,2014,-9223372036854775808
2021-11-30 09:32:16.130,300557.SZ,0.0,200.0,2187033,0,2289322,2,0,2014,-9223372036854775808
2021-11-30 09:32:19.500,300557.SZ,0.0,200.0,2175067,0,2318793,2,0,2014,-9223372036854775808
2021-11-30 09:32:21.710,300557.SZ,28.62,200.0,2334359,2289129,2334360,1,0,2014,-9223372036854775808
2021-11-30 09:32:22.100,300557.SZ,28.62,900.0,2337889,2289129,2337890,1,0,2014,-9223372036854775808
2021-11-30 09:32:27.120,300557.SZ,0.0,100.0,0,2289129,2375014,2,0,2014,-9223372036854775808
2021-11-30 09:32:27.120,300557.SZ,0.0,1000.0,0,2269594,2375016,2,0,2014,-9223372036854775808
2021-11-30 09:32:28.010,300557.SZ,0.0,2700.0,2303032,0,2380756,2,0,2014,-9223372036854775808
2021-11-30 09:32:28.300,300557.SZ,0.0,600.0,0,2262613,2383704,2,0,2014,-9223372036854775808
2021-11-30 09:32:30.620,300557.SZ,0.0,100.0,2131795,0,2400554,2,0,2014,-9223372036854775808
2021-11-30 09:32:30.630,300557.SZ,28.6,100.0,2400581,2348472,2400582,1,0,2014,-9223372036854775808
2021-11-30 09:32:31.160,300557.SZ,0.0,1600.0,0,2288707,2405288,2,0,2014,-9223372036854775808
2021-11-30 09:32:31.630,300557.SZ,28.56,200.0,2374675,2410223,2410224,1,0,2014,-9223372036854775808
2021-11-30 09:32:31.630,300557.SZ,28.52,100.0,2152362,2410223,2410225,1,0,2014,-9223372036854775808
2021-11-30 09:32:31.860,300557.SZ,28.52,100.0,2411810,2410223,2411811,1,0,2014,-9223372036854775808
2021-11-30 09:32:32.000,300557.SZ,0.0,300.0,0,2138770,2412816,2,0,2014,-9223372036854775808
2021-11-30 09:32:32.090,300557.SZ,28.52,100.0,2413644,2410223,2413645,1,0,2014,-9223372036854775808
2021-11-30 09:32:32.100,300557.SZ,28.52,200.0,2413688,2410223,2413689,1,0,2014,-9223372036854775808
2021-11-30 09:32:32.210,300557.SZ,28.52,100.0,2414449,2410223,2414450,1,0,2014,-9223372036854775808
2021-11-30 09:32:32.350,300557.SZ,28.52,100.0,2415407,2410223,2415408,1,0,2014,-9223372036854775808
2021-11-30 09:32:32.470,300557.SZ,28.52,400.0,2416012,2410223,2416013,1,0,2014,-9223372036854775808
2021-11-30 09:32:32.560,300557.SZ,28.52,100.0,2416618,2410223,2416619,1,0,2014,-9223372036854775808
2021-11-30 09:32:32.950,300557.SZ,28.52,100.0,2418686,2410223,2418687,1,0,2014,-9223372036854775808
2021-11-30 09:32:33.000,300557.SZ,28.52,200.0,2418968,2410223,2418969,1,0,2014,-9223372036854775808
2021-11-30 09:32:33.030,300557.SZ,28.51,100.0,2151808,2419281,2419282,1,0,2014,-9223372036854775808
2021-11-30 09:32:35.570,300557.SZ,28.52,400.0,2438778,2410223,2438779,1,0,2014,-9223372036854775808
2021-11-30 09:32:37.420,300557.SZ,28.52,100.0,2453821,2410223,2453822,1,0,2014,-9223372036854775808
2021-11-30 09:32:37.450,300557.SZ,28.52,100.0,2454086,2410223,2454087,1,0,2014,-9223372036854775808
2021-11-30 09:32:37.630,300557.SZ,28.51,200.0,2151808,2455696,2455697,1,0,2014,-9223372036854775808
2021-11-30 09:32:37.700,300557.SZ,28.51,400.0,2151808,2456381,2456382,1,0,2014,-9223372036854775808
2021-11-30 09:32:38.140,300557.SZ,0.0,800.0,0,2107516,2459435,2,0,2014,-9223372036854775808
2021-11-30 09:32:39.500,300557.SZ,28.52,300.0,2468376,2410223,2468377,1,0,2014,-9223372036854775808
2021-11-30 09:32:44.570,300557.SZ,28.58,500.0,2508161,2502378,2508162,1,0,2014,-9223372036854775808
2021-11-30 09:32:44.570,300557.SZ,28.59,300.0,2508161,2468846,2508163,1,0,2014,-9223372036854775808
2021-11-30 09:32:46.540,300557.SZ,28.59,100.0,2524551,2468846,2524552,1,0,2014,-9223372036854775808
2021-11-30 09:32:49.470,300557.SZ,28.59,100.0,2545496,2468846,2545497,1,0,2014,-9223372036854775808
2021-11-30 09:32:52.430,300557.SZ,28.59,100.0,2568163,2468846,2568164,1,0,2014,-9223372036854775808
2021-11-30 09:32:54.070,300557.SZ,0.0,500.0,0,2122750,2579208,2,0,2014,-9223372036854775808
2021-11-30 09:32:54.590,300557.SZ,0.0,1800.0,0,2282655,2582662,2,0,2014,-9223372036854775808
2021-11-30 09:32:58.460,300557.SZ,28.6,100.0,2613172,2400896,2613173,1,0,2014,-9223372036854775808
2021-11-30 09:32:58.460,300557.SZ,28.6,100.0,2613178,2400896,2613179,1,0,2014,-9223372036854775808
2021-11-30 09:32:58.460,300557.SZ,28.6,100.0,2613185,2400896,2613186,1,0,2014,-9223372036854775808
2021-11-30 09:32:58.460,300557.SZ,28.6,200.0,2613197,2400896,2613198,1,0,2014,-9223372036854775808
2021-11-30 09:32:58.460,300557.SZ,28.6,200.0,2613197,2417599,2613199,1,0,2014,-9223372036854775808
2021-11-30 09:32:58.460,300557.SZ,0.0,1200.0,2454150,0,2613200,2,0,2014,-9223372036854775808
2021-11-30 09:32:58.480,300557.SZ,0.0,100.0,2454377,0,2613508,2,0,2014,-9223372036854775808
2021-11-30 09:32:58.630,300557.SZ,28.61,100.0,2615206,2413774,2615207,1,0,2014,-9223372036854775808
2021-11-30 09:32:58.780,300557.SZ,28.61,100.0,2616194,2413774,2616195,1,0,2014,-9223372036854775808
2021-11-30 09:32:58.780,300557.SZ,28.61,100.0,2616197,2413774,2616198,1,0,2014,-9223372036854775808
2021-11-30 09:32:58.990,300557.SZ,28.61,200.0,2617529,2413774,2617530,1,0,2014,-9223372036854775808
2021-11-30 09:32:58.990,300557.SZ,28.61,200.0,2617529,2536997,2617531,1,0,2014,-9223372036854775808
2021-11-30 09:32:58.990,300557.SZ,28.61,100.0,2617529,2537053,2617532,1,0,2014,-9223372036854775808
2021-11-30 09:32:59.130,300557.SZ,28.62,100.0,2618515,2418443,2618516,1,0,2014,-9223372036854775808
2021-11-30 09:32:59.170,300557.SZ,0.0,400.0,1937113,0,2618871,2,0,2014,-9223372036854775808
2021-11-30 09:32:59.170,300557.SZ,28.62,1000.0,2618875,2418443,2618876,1,0,2014,-9223372036854775808
2021-11-30 09:32:59.170,300557.SZ,0.0,300.0,1576998,0,2618877,2,0,2014,-9223372036854775808
2021-11-30 09:32:59.180,300557.SZ,28.62,400.0,2618925,2418443,2618926,1,0,2014,-9223372036854775808
2021-11-30 09:32:59.180,300557.SZ,28.62,300.0,2618938,2418443,2618939,1,0,2014,-9223372036854775808
2021-11-30 09:32:59.230,300557.SZ,28.62,1300.0,2619265,2418443,2619266,1,0,2014,-9223372036854775808
2021-11-30 09:32:59.250,300557.SZ,28.62,2700.0,2619394,2418443,2619395,1,0,2014,-9223372036854775808
2021-11-30 09:32:59.250,300557.SZ,28.62,100.0,2619439,2418443,2619440,1,0,2014,-9223372036854775808
2021-11-30 09:32:59.250,300557.SZ,28.62,2000.0,2619442,2418443,2619443,1,0,2014,-9223372036854775808
2021-11-30 09:32:59.390,300557.SZ,0.0,200.0,2619905,0,2620364,2,0,2014,-9223372036854775808
2021-11-30 09:32:59.390,300557.SZ,0.0,200.0,2614857,0,2620365,2,0,2014,-9223372036854775808
2021-11-30 09:32:59.390,300557.SZ,0.0,200.0,2502346,0,2620366,2,0,2014,-9223372036854775808
2021-11-30 09:32:59.390,300557.SZ,0.0,200.0,2455195,0,2620367,2,0,2014,-9223372036854775808
2021-11-30 09:32:59.400,300557.SZ,28.64,100.0,2620389,2487361,2620390,1,0,2014,-9223372036854775808
2021-11-30 09:32:59.400,300557.SZ,0.0,100.0,2619442,0,2620409,2,0,2014,-9223372036854775808
2021-11-30 09:32:59.750,300557.SZ,28.65,100.0,2622330,2309601,2622331,1,0,2014,-9223372036854775808
2021-11-30 09:32:59.880,300557.SZ,28.65,100.0,2623121,2309601,2623122,1,0,2014,-9223372036854775808
2021-11-30 09:32:59.940,300557.SZ,28.65,100.0,2623444,2309601,2623445,1,0,2014,-9223372036854775808
2021-11-30 09:32:59.940,300557.SZ,28.65,100.0,2623444,2415673,2623446,1,0,2014,-9223372036854775808
2021-11-30 09:33:00.070,300557.SZ,28.65,300.0,2625593,2415673,2625594,1,0,2014,-9223372036854775808
2021-11-30 09:33:00.330,300557.SZ,28.66,1400.0,2629372,2265900,2629373,1,0,2014,-9223372036854775808
2021-11-30 09:33:00.340,300557.SZ,28.66,600.0,2629473,2265900,2629474,1,0,2014,-9223372036854775808
2021-11-30 09:33:00.340,300557.SZ,28.66,200.0,2629473,2377796,2629475,1,0,2014,-9223372036854775808
2021-11-30 09:33:00.430,300557.SZ,28.69,100.0,2630225,2186112,2630226,1,0,2014,-9223372036854775808
2021-11-30 09:33:01.430,300557.SZ,28.65,100.0,2625931,2642833,2642834,1,0,2014,-9223372036854775808
2021-11-30 09:33:01.430,300557.SZ,28.65,100.0,2625934,2642833,2642835,1,0,2014,-9223372036854775808
2021-11-30 09:33:01.430,300557.SZ,28.65,100.0,2626009,2642833,2642836,1,0,2014,-9223372036854775808
2021-11-30 09:33:01.430,300557.SZ,28.65,100.0,2626013,2642833,2642837,1,0,2014,-9223372036854775808
2021-11-30 09:33:03.730,300557.SZ,0.0,100.0,2626768,0,2664783,2,0,2014,-9223372036854775808
2021-11-30 09:33:03.730,300557.SZ,0.0,100.0,2626775,0,2664792,2,0,2014,-9223372036854775808
2021-11-30 09:33:03.730,300557.SZ,0.0,200.0,2626528,0,2664799,2,0,2014,-9223372036854775808
2021-11-30 09:33:03.730,300557.SZ,0.0,100.0,2626529,0,2664803,2,0,2014,-9223372036854775808
2021-11-30 09:33:03.730,300557.SZ,0.0,100.0,2626530,0,2664805,2,0,2014,-9223372036854775808
2021-11-30 09:33:04.430,300557.SZ,28.69,100.0,2674859,2186112,2674860,1,0,2014,-9223372036854775808
2021-11-30 09:33:04.500,300557.SZ,0.0,100.0,2643467,0,2675729,2,0,2014,-9223372036854775808
2021-11-30 09:33:04.510,300557.SZ,28.69,100.0,2675873,2186112,2675874,1,0,2014,-9223372036854775808
2021-11-30 09:33:04.510,300557.SZ,28.69,400.0,2675873,2268718,2675875,1,0,2014,-9223372036854775808
2021-11-30 09:33:04.510,300557.SZ,28.69,200.0,2675873,2328691,2675876,1,0,2014,-9223372036854775808
2021-11-30 09:33:04.710,300557.SZ,28.7,100.0,2678007,48574,2678008,1,0,2014,-9223372036854775808
2021-11-30 09:33:05.140,300557.SZ,28.69,100.0,2675873,2683810,2683811,1,0,2014,-9223372036854775808
2021-11-30 09:33:05.140,300557.SZ,28.69,900.0,2676948,2683810,2683812,1,0,2014,-9223372036854775808
2021-11-30 09:33:05.510,300557.SZ,28.7,100.0,2687442,48574,2687443,1,0,2014,-9223372036854775808
2021-11-30 09:33:05.580,300557.SZ,28.7,400.0,2688080,102404,2688081,1,0,2014,-9223372036854775808
2021-11-30 09:33:05.580,300557.SZ,28.7,300.0,2688080,105927,2688082,1,0,2014,-9223372036854775808
2021-11-30 09:33:05.580,300557.SZ,28.7,200.0,2688080,124166,2688083,1,0,2014,-9223372036854775808
2021-11-30 09:33:05.580,300557.SZ,28.7,1000.0,2688080,2207910,2688084,1,0,2014,-9223372036854775808
2021-11-30 09:33:05.580,300557.SZ,28.7,100.0,2688080,2296223,2688085,1,0,2014,-9223372036854775808
2021-11-30 09:33:06.710,300557.SZ,28.7,100.0,2688080,2699600,2699601,1,0,2014,-9223372036854775808
2021-11-30 09:33:06.780,300557.SZ,28.78,400.0,2700184,108759,2700185,1,0,2014,-9223372036854775808
2021-11-30 09:33:07.500,300557.SZ,0.0,100.0,2523852,0,2710043,2,0,2014,-9223372036854775808
2021-11-30 09:33:07.560,300557.SZ,0.0,200.0,2676068,0,2710962,2,0,2014,-9223372036854775808
2021-11-30 09:33:07.560,300557.SZ,0.0,200.0,2643821,0,2710963,2,0,2014,-9223372036854775808
2021-11-30 09:33:07.560,300557.SZ,0.0,200.0,2625361,0,2710964,2,0,2014,-9223372036854775808
2021-11-30 09:33:10.470,300557.SZ,0.0,100.0,2709738,0,2743196,2,0,2014,-9223372036854775808
2021-11-30 09:33:10.500,300557.SZ,0.0,200.0,2546541,0,2743677,2,0,2014,-9223372036854775808
2021-11-30 09:33:10.500,300557.SZ,28.78,100.0,2743678,2596577,2743679,1,0,2014,-9223372036854775808
2021-11-30 09:33:10.580,300557.SZ,0.0,400.0,2548386,0,2744745,2,0,2014,-9223372036854775808
2021-11-30 09:33:10.600,300557.SZ,28.78,200.0,2744960,2596577,2744961,1,0,2014,-9223372036854775808
2021-11-30 09:33:12.260,300557.SZ,0.0,100.0,2699002,0,2760649,2,0,2014,-9223372036854775808
2021-11-30 09:33:12.260,300557.SZ,0.0,100.0,1959359,0,2760651,2,0,2014,-9223372036854775808
2021-11-30 09:33:13.500,300557.SZ,0.0,600.0,2568666,0,2774228,2,0,2014,-9223372036854775808
2021-11-30 09:33:13.510,300557.SZ,0.0,100.0,2568688,0,2774261,2,0,2014,-9223372036854775808
2021-11-30 09:33:13.840,300557.SZ,0.0,700.0,2570563,0,2777326,2,0,2014,-9223372036854775808
2021-11-30 09:33:13.850,300557.SZ,0.0,100.0,2501719,0,2777427,2,0,2014,-9223372036854775808
2021-11-30 09:33:14.820,300557.SZ,0.0,1400.0,2622895,0,2785193,2,0,2014,-9223372036854775808
2021-11-30 09:33:16.250,300557.SZ,28.71,300.0,2745481,2799333,2799334,1,0,2014,-9223372036854775808
2021-11-30 09:33:16.250,300557.SZ,28.78,100.0,2799361,2596577,2799362,1,0,2014,-9223372036854775808
2021-11-30 09:33:16.480,300557.SZ,0.0,100.0,2591349,0,2802273,2,0,2014,-9223372036854775808
2021-11-30 09:33:16.510,300557.SZ,0.0,1000.0,2591487,0,2802714,2,0,2014,-9223372036854775808
2021-11-30 09:33:16.510,300557.SZ,0.0,200.0,2591553,0,2802771,2,0,2014,-9223372036854775808
2021-11-30 09:33:16.510,300557.SZ,28.78,500.0,2802774,2596577,2802775,1,0,2014,-9223372036854775808
2021-11-30 09:33:16.520,300557.SZ,0.0,1500.0,2644213,0,2802835,2,0,2014,-9223372036854775808
2021-11-30 09:33:16.750,300557.SZ,0.0,100.0,2593739,0,2804935,2,0,2014,-9223372036854775808
2021-11-30 09:33:17.520,300557.SZ,0.0,3000.0,23701,0,2811214,2,0,2014,-9223372036854775808
2021-11-30 09:33:17.690,300557.SZ,28.78,400.0,2812253,2596577,2812254,1,0,2014,-9223372036854775808
2021-11-30 09:33:18.670,300557.SZ,28.78,700.0,2819980,2596577,2819981,1,0,2014,-9223372036854775808
2021-11-30 09:33:18.900,300557.SZ,0.0,200.0,2744726,0,2821837,2,0,2014,-9223372036854775808
2021-11-30 09:33:18.920,300557.SZ,0.0,800.0,2745606,0,2821999,2,0,2014,-9223372036854775808
2021-11-30 09:33:18.920,300557.SZ,0.0,400.0,2744686,0,2822007,2,0,2014,-9223372036854775808
2021-11-30 09:33:18.920,300557.SZ,0.0,300.0,2745573,0,2822009,2,0,2014,-9223372036854775808
2021-11-30 09:33:18.920,300557.SZ,0.0,500.0,2744732,0,2822015,2,0,2014,-9223372036854775808
2021-11-30 09:33:18.930,300557.SZ,0.0,200.0,2745481,0,2822199,2,0,2014,-9223372036854775808
2021-11-30 09:33:19.420,300557.SZ,0.0,100.0,2742793,0,2827749,2,0,2014,-9223372036854775808
2021-11-30 09:33:19.460,300557.SZ,0.0,2300.0,2151808,0,2828168,2,0,2014,-9223372036854775808
2021-11-30 09:33:19.470,300557.SZ,0.0,1700.0,2613197,0,2828259,2,0,2014,-9223372036854775808
2021-11-30 09:33:19.520,300557.SZ,0.0,400.0,2613450,0,2828893,2,0,2014,-9223372036854775808
2021-11-30 09:33:19.530,300557.SZ,0.0,400.0,2613509,0,2828941,2,0,2014,-9223372036854775808
2021-11-30 09:33:19.630,300557.SZ,0.0,600.0,2616159,0,2830172,2,0,2014,-9223372036854775808
2021-11-30 09:33:20.520,300557.SZ,0.0,100.0,2688080,0,2836660,2,0,2014,-9223372036854775808
2021-11-30 09:33:22.470,300557.SZ,0.0,300.0,2643702,0,2852871,2,0,2014,-9223372036854775808
2021-11-30 09:33:22.580,300557.SZ,0.0,200.0,2664722,0,2854007,2,0,2014,-9223372036854775808
2021-11-30 09:33:23.220,300557.SZ,28.78,100.0,2827795,2859029,2859030,1,0,2014,-9223372036854775808
2021-11-30 09:33:24.120,300557.SZ,0.0,2000.0,23841,0,2865488,2,0,2014,-9223372036854775808
2021-11-30 09:33:25.530,300557.SZ,0.0,500.0,2676948,0,2877334,2,0,2014,-9223372036854775808
2021-11-30 09:33:26.460,300557.SZ,28.78,100.0,2852895,2884190,2884191,1,0,2014,-9223372036854775808
2021-11-30 09:33:26.460,300557.SZ,28.78,200.0,2877082,2884190,2884192,1,0,2014,-9223372036854775808
2021-11-30 09:33:26.460,300557.SZ,0.0,300.0,2820001,0,2884210,2,0,2014,-9223372036854775808
2021-11-30 09:33:27.390,300557.SZ,28.78,200.0,2877082,2890330,2890331,1,0,2014,-9223372036854775808
2021-11-30 09:33:28.320,300557.SZ,28.72,400.0,2821997,2898317,2898318,1,0,2014,-9223372036854775808
2021-11-30 09:33:28.440,300557.SZ,0.0,100.0,2090280,0,2899879,2,0,2014,-9223372036854775808
2021-11-30 09:33:28.510,300557.SZ,0.0,200.0,2710374,0,2900467,2,0,2014,-9223372036854775808
2021-11-30 09:33:28.510,300557.SZ,0.0,500.0,2710459,0,2900535,2,0,2014,-9223372036854775808
2021-11-30 09:33:31.070,300557.SZ,0.0,1000.0,499626,0,2919578,2,0,2014,-9223372036854775808
2021-11-30 09:33:31.470,300557.SZ,28.78,100.0,2923727,2890330,2923728,1,0,2014,-9223372036854775808
2021-11-30 09:33:31.470,300557.SZ,0.0,200.0,2802203,0,2923777,2,0,2014,-9223372036854775808
2021-11-30 09:33:31.470,300557.SZ,0.0,200.0,2743259,0,2923778,2,0,2014,-9223372036854775808
2021-11-30 09:33:31.470,300557.SZ,0.0,100.0,2643611,0,2923781,2,0,2014,-9223372036854775808
2021-11-30 09:33:31.470,300557.SZ,0.0,200.0,2675843,0,2923786,2,0,2014,-9223372036854775808
2021-11-30 09:33:31.470,300557.SZ,0.0,200.0,2174836,0,2923797,2,0,2014,-9223372036854775808
2021-11-30 09:33:31.470,300557.SZ,0.0,100.0,2643607,0,2923800,2,0,2014,-9223372036854775808
2021-11-30 09:33:31.470,300557.SZ,0.0,100.0,2709881,0,2923801,2,0,2014,-9223372036854775808
2021-11-30 09:33:31.470,300557.SZ,0.0,100.0,2709882,0,2923802,2,0,2014,-9223372036854775808
2021-11-30 09:33:31.520,300557.SZ,0.0,200.0,2802769,0,2924302,2,0,2014,-9223372036854775808
2021-11-30 09:33:31.520,300557.SZ,0.0,200.0,2743297,0,2924304,2,0,2014,-9223372036854775808
2021-11-30 09:33:31.520,300557.SZ,0.0,100.0,2710965,0,2924305,2,0,2014,-9223372036854775808
2021-11-30 09:33:33.320,300557.SZ,0.0,1400.0,531687,0,2937687,2,0,2014,-9223372036854775808
2021-11-30 09:33:34.390,300557.SZ,28.72,500.0,2821997,2946393,2946394,1,0,2014,-9223372036854775808
2021-11-30 09:33:34.390,300557.SZ,28.72,100.0,2821998,2946393,2946395,1,0,2014,-9223372036854775808
2021-11-30 09:33:34.390,300557.SZ,28.72,100.0,2822004,2946393,2946396,1,0,2014,-9223372036854775808
2021-11-30 09:33:34.390,300557.SZ,28.72,100.0,2923798,2946393,2946397,1,0,2014,-9223372036854775808
2021-11-30 09:33:34.390,300557.SZ,28.72,200.0,2924307,2946393,2946398,1,0,2014,-9223372036854775808
2021-11-30 09:33:34.390,300557.SZ,28.72,400.0,2924320,2946393,2946399,1,0,2014,-9223372036854775808
2021-11-30 09:33:34.390,300557.SZ,28.72,200.0,2924987,2946393,2946400,1,0,2014,-9223372036854775808
2021-11-30 09:33:34.390,300557.SZ,28.72,100.0,2931246,2946393,2946401,1,0,2014,-9223372036854775808
2021-11-30 09:33:34.390,300557.SZ,28.72,100.0,2931251,2946393,2946402,1,0,2014,-9223372036854775808
2021-11-30 09:33:35.220,300557.SZ,28.72,100.0,2953496,2946393,2953497,1,0,2014,-9223372036854775808
2021-11-30 09:33:35.240,300557.SZ,28.72,300.0,2953673,2946393,2953674,1,0,2014,-9223372036854775808
2021-11-30 09:33:35.360,300557.SZ,28.72,500.0,2954403,2946393,2954404,1,0,2014,-9223372036854775808
2021-11-30 09:33:39.150,300557.SZ,28.79,300.0,2982785,2393232,2982786,1,0,2014,-9223372036854775808
2021-11-30 09:33:39.150,300557.SZ,28.8,100.0,2982785,1680624,2982787,1,0,2014,-9223372036854775808
2021-11-30 09:33:39.310,300557.SZ,0.0,200.0,2815413,0,2984035,2,0,2014,-9223372036854775808
2021-11-30 09:33:48.050,300557.SZ,28.78,300.0,3052952,3016545,3052953,1,0,2014,-9223372036854775808
2021-11-30 09:33:52.820,300557.SZ,0.0,700.0,2497249,0,3089693,2,0,2014,-9223372036854775808
2021-11-30 09:33:58.010,300557.SZ,28.78,200.0,3052952,3124974,3124975,1,0,2014,-9223372036854775808
2021-11-30 09:33:58.470,300557.SZ,0.0,100.0,2970923,0,3128844,2,0,2014,-9223372036854775808
2021-11-30 09:33:58.560,300557.SZ,0.0,500.0,2973321,0,3129573,2,0,2014,-9223372036854775808
2021-11-30 09:33:59.610,300557.SZ,28.78,2000.0,3052952,3136252,3136253,1,0,2014,-9223372036854775808
2021-11-30 09:33:59.620,300557.SZ,0.0,400.0,0,353443,3136305,2,0,2014,-9223372036854775808
2021-11-30 09:33:59.680,300557.SZ,28.78,400.0,3052952,3136609,3136610,1,0,2014,-9223372036854775808
2021-11-30 09:34:01.530,300557.SZ,0.0,200.0,2994890,0,3152611,2,0,2014,-9223372036854775808
2021-11-30 09:34:01.640,300557.SZ,0.0,100.0,2995833,0,3153775,2,0,2014,-9223372036854775808
2021-11-30 09:34:01.660,300557.SZ,28.81,100.0,3153904,3136599,3153905,1,0,2014,-9223372036854775808
2021-11-30 09:34:03.830,300557.SZ,28.81,1000.0,3172614,3136599,3172615,1,0,2014,-9223372036854775808
2021-11-30 09:34:03.970,300557.SZ,28.78,2200.0,3052952,3173921,3173922,1,0,2014,-9223372036854775808
2021-11-30 09:34:03.970,300557.SZ,28.78,300.0,3087340,3173921,3173923,1,0,2014,-9223372036854775808
2021-11-30 09:34:03.970,300557.SZ,28.78,100.0,3087420,3173921,3173924,1,0,2014,-9223372036854775808
2021-11-30 09:34:03.970,300557.SZ,28.78,100.0,3152229,3173921,3173925,1,0,2014,-9223372036854775808
2021-11-30 09:34:03.970,300557.SZ,28.78,300.0,3152612,3173921,3173926,1,0,2014,-9223372036854775808
2021-11-30 09:34:04.490,300557.SZ,28.78,100.0,3180220,3173921,3180221,1,0,2014,-9223372036854775808
2021-11-30 09:34:04.510,300557.SZ,28.78,100.0,3180439,3173921,3180440,1,0,2014,-9223372036854775808
2021-11-30 09:34:04.510,300557.SZ,28.78,200.0,3180465,3173921,3180466,1,0,2014,-9223372036854775808
2021-11-30 09:34:04.580,300557.SZ,0.0,200.0,3019830,0,3181146,2,0,2014,-9223372036854775808
2021-11-30 09:34:07.480,300557.SZ,0.0,300.0,2729361,0,3209369,2,0,2014,-9223372036854775808
2021-11-30 09:34:07.530,300557.SZ,0.0,100.0,3042212,0,3210006,2,0,2014,-9223372036854775808
2021-11-30 09:34:07.650,300557.SZ,0.0,100.0,3044979,0,3211216,2,0,2014,-9223372036854775808
2021-11-30 09:34:09.510,300557.SZ,0.0,400.0,248933,0,3229972,2,0,2014,-9223372036854775808
2021-11-30 09:34:10.470,300557.SZ,0.0,100.0,3065561,0,3239286,2,0,2014,-9223372036854775808
2021-11-30 09:34:10.510,300557.SZ,0.0,100.0,3065814,0,3239563,2,0,2014,-9223372036854775808
2021-11-30 09:34:13.090,300557.SZ,0.0,1800.0,0,143972,3259947,2,0,2014,-9223372036854775808
2021-11-30 09:34:13.330,300557.SZ,0.0,1000.0,0,3100320,3262283,2,0,2014,-9223372036854775808
2021-11-30 09:34:13.600,300557.SZ,0.0,400.0,676559,0,3264707,2,0,2014,-9223372036854775808
2021-11-30 09:34:14.620,300557.SZ,0.0,700.0,0,3136599,3272823,2,0,2014,-9223372036854775808
2021-11-30 09:34:14.720,300557.SZ,0.0,200.0,0,3221037,3273277,2,0,2014,-9223372036854775808
2021-11-30 09:34:16.070,300557.SZ,0.0,300.0,0,2964022,3285146,2,0,2014,-9223372036854775808
2021-11-30 09:34:16.470,300557.SZ,28.77,100.0,3289735,3183760,3289736,1,0,2014,-9223372036854775808
2021-11-30 09:34:16.470,300557.SZ,28.77,200.0,3289735,3184374,3289737,1,0,2014,-9223372036854775808
2021-11-30 09:34:16.470,300557.SZ,28.77,200.0,3289735,3184424,3289738,1,0,2014,-9223372036854775808
2021-11-30 09:34:18.920,300557.SZ,0.0,300.0,0,3173566,3308824,2,0,2014,-9223372036854775808
2021-11-30 09:34:19.460,300557.SZ,28.78,100.0,3314329,3173921,3314330,1,0,2014,-9223372036854775808
2021-11-30 09:34:19.470,300557.SZ,28.78,200.0,3314408,3173921,3314409,1,0,2014,-9223372036854775808
2021-11-30 09:34:19.500,300557.SZ,28.78,100.0,3314665,3173921,3314666,1,0,2014,-9223372036854775808
2021-11-30 09:34:19.670,300557.SZ,28.78,100.0,3316372,3173921,3316373,1,0,2014,-9223372036854775808
2021-11-30 09:34:20.000,300557.SZ,28.78,400.0,3318255,3173921,3318256,1,0,2014,-9223372036854775808
2021-11-30 09:34:20.020,300557.SZ,28.78,200.0,3318399,3173921,3318400,1,0,2014,-9223372036854775808
2021-11-30 09:34:20.130,300557.SZ,28.78,100.0,3319491,3173921,3319492,1,0,2014,-9223372036854775808
2021-11-30 09:34:20.700,300557.SZ,28.78,400.0,3322988,3173921,3322989,1,0,2014,-9223372036854775808
2021-11-30 09:34:20.700,300557.SZ,28.78,300.0,3322988,3183112,3322990,1,0,2014,-9223372036854775808
2021-11-30 09:34:21.610,300557.SZ,0.0,400.0,3084433,0,3329392,2,0,2014,-9223372036854775808
2021-11-30 09:34:22.800,300557.SZ,28.8,100.0,3339384,3283221,3339385,1,0,2014,-9223372036854775808
2021-11-30 09:34:24.300,300557.SZ,0.0,100.0,3322988,0,3350175,2,0,2014,-9223372036854775808
2021-11-30 09:34:25.450,300557.SZ,0.0,100.0,3336885,0,3359262,2,0,2014,-9223372036854775808
2021-11-30 09:34:25.520,300557.SZ,28.8,100.0,3359913,3283221,3359914,1,0,2014,-9223372036854775808
2021-11-30 09:34:28.490,300557.SZ,0.0,100.0,3209979,0,3382496,2,0,2014,-9223372036854775808
2021-11-30 09:34:28.500,300557.SZ,0.0,100.0,3210000,0,3382514,2,0,2014,-9223372036854775808
2021-11-30 09:34:28.540,300557.SZ,0.0,900.0,3211712,0,3382935,2,0,2014,-9223372036854775808
2021-11-30 09:34:31.000,300557.SZ,28.78,300.0,3337114,3399556,3399557,1,0,2014,-9223372036854775808
2021-11-30 09:34:31.000,300557.SZ,28.78,200.0,3365049,3399556,3399558,1,0,2014,-9223372036854775808
2021-11-30 09:34:31.570,300557.SZ,0.0,100.0,2643703,0,3405476,2,0,2014,-9223372036854775808
2021-11-30 09:34:34.470,300557.SZ,0.0,100.0,2626217,0,3425288,2,0,2014,-9223372036854775808
2021-11-30 09:34:34.470,300557.SZ,0.0,200.0,3263583,0,3425411,2,0,2014,-9223372036854775808
2021-11-30 09:34:34.490,300557.SZ,0.0,100.0,3263795,0,3425569,2,0,2014,-9223372036854775808
2021-11-30 09:34:34.640,300557.SZ,0.0,200.0,3265581,0,3426595,2,0,2014,-9223372036854775808
2021-11-30 09:34:37.480,300557.SZ,0.0,900.0,3289735,0,3446876,2,0,2014,-9223372036854775808
2021-11-30 09:34:37.840,300557.SZ,0.0,200.0,3290456,0,3449281,2,0,2014,-9223372036854775808
2021-11-30 09:34:38.860,300557.SZ,0.0,200.0,3006104,0,3455534,2,0,2014,-9223372036854775808
2021-11-30 09:34:38.870,300557.SZ,0.0,200.0,3006419,0,3455565,2,0,2014,-9223372036854775808
2021-11-30 09:34:39.250,300557.SZ,28.78,200.0,3365049,3457794,3457795,1,0,2014,-9223372036854775808
2021-11-30 09:34:40.850,300557.SZ,28.8,200.0,3469064,3455273,3469065,1,0,2014,-9223372036854775808
2021-11-30 09:34:40.850,300557.SZ,28.8,100.0,3469064,3458450,3469066,1,0,2014,-9223372036854775808
2021-11-30 09:34:40.850,300557.SZ,28.81,300.0,3469064,3198521,3469067,1,0,2014,-9223372036854775808
2021-11-30 09:34:42.930,300557.SZ,28.81,1000.0,3469064,3481246,3481247,1,0,2014,-9223372036854775808
2021-11-30 09:34:43.380,300557.SZ,28.81,300.0,3469064,3485266,3485267,1,0,2014,-9223372036854775808
2021-11-30 09:34:47.670,300557.SZ,0.0,100.0,3071238,0,3514326,2,0,2014,-9223372036854775808
2021-11-30 09:34:51.840,300557.SZ,28.81,300.0,3469064,3541570,3541571,1,0,2014,-9223372036854775808
2021-11-30 09:34:52.520,300557.SZ,28.81,700.0,3469064,3547582,3547583,1,0,2014,-9223372036854775808
2021-11-30 09:34:52.710,300557.SZ,28.81,300.0,3469064,3548643,3548644,1,0,2014,-9223372036854775808
2021-11-30 09:34:52.990,300557.SZ,0.0,1800.0,0,3081241,3550286,2,0,2014,-9223372036854775808
2021-11-30 09:34:53.550,300557.SZ,28.82,400.0,3553860,3502640,3553861,1,0,2014,-9223372036854775808
2021-11-30 09:34:56.260,300557.SZ,28.82,600.0,3574687,3502640,3574688,1,0,2014,-9223372036854775808
2021-11-30 09:34:59.990,300557.SZ,28.82,1000.0,3574687,3599349,3599350,1,0,2014,-9223372036854775808
2021-11-30 09:35:00.720,300557.SZ,28.82,500.0,3600548,3607196,3607197,1,0,2014,-9223372036854775808
2021-11-30 09:35:01.080,300557.SZ,28.82,500.0,3600548,3611751,3611752,1,0,2014,-9223372036854775808
2021-11-30 09:35:01.080,300557.SZ,28.81,600.0,3469064,3611751,3611753,1,0,2014,-9223372036854775808
2021-11-30 09:35:01.090,300557.SZ,28.81,600.0,3611832,3611751,3611833,1,0,2014,-9223372036854775808
2021-11-30 09:35:01.100,300557.SZ,0.0,200.0,3289898,0,3612060,2,0,2014,-9223372036854775808
2021-11-30 09:35:01.500,300557.SZ,28.81,100.0,3616858,3611751,3616859,1,0,2014,-9223372036854775808
2021-11-30 09:35:01.620,300557.SZ,0.0,1000.0,2760606,0,3617901,2,0,2014,-9223372036854775808
2021-11-30 09:35:01.760,300557.SZ,0.0,100.0,3469475,0,3619074,2,0,2014,-9223372036854775808
2021-11-30 09:35:02.320,300557.SZ,28.83,500.0,3624636,2980022,3624637,1,0,2014,-9223372036854775808
2021-11-30 09:35:02.320,300557.SZ,28.83,200.0,3624636,3517688,3624638,1,0,2014,-9223372036854775808
2021-11-30 09:35:02.320,300557.SZ,28.83,100.0,3624636,3578652,3624639,1,0,2014,-9223372036854775808
2021-11-30 09:35:02.970,300557.SZ,0.0,100.0,3394247,0,3630078,2,0,2014,-9223372036854775808
2021-11-30 09:35:05.320,300557.SZ,28.83,200.0,3651512,3578652,3651513,1,0,2014,-9223372036854775808
2021-11-30 09:35:05.320,300557.SZ,28.84,500.0,3651512,3391038,3651514,1,0,2014,-9223372036854775808
2021-11-30 09:35:05.330,300557.SZ,0.0,100.0,3630094,0,3651531,2,0,2014,-9223372036854775808
2021-11-30 09:35:06.560,300557.SZ,28.84,500.0,3662475,3391038,3662476,1,0,2014,-9223372036854775808
2021-11-30 09:35:06.570,300557.SZ,28.85,100.0,3662508,3335823,3662509,1,0,2014,-9223372036854775808
2021-11-30 09:35:06.570,300557.SZ,0.0,100.0,3645063,0,3662512,2,0,2014,-9223372036854775808
2021-11-30 09:35:07.570,300557.SZ,28.85,300.0,3673330,3335823,3673331,1,0,2014,-9223372036854775808
2021-11-30 09:35:07.570,300557.SZ,28.85,1100.0,3673330,3425183,3673332,1,0,2014,-9223372036854775808
2021-11-30 09:35:09.110,300557.SZ,28.85,100.0,3686749,3425183,3686750,1,0,2014,-9223372036854775808
2021-11-30 09:35:09.120,300557.SZ,28.85,100.0,3686907,3425183,3686908,1,0,2014,-9223372036854775808
2021-11-30 09:35:09.120,300557.SZ,28.85,100.0,3686936,3425183,3686937,1,0,2014,-9223372036854775808
2021-11-30 09:35:09.120,300557.SZ,28.85,100.0,3686938,3425183,3686939,1,0,2014,-9223372036854775808
2021-11-30 09:35:09.120,300557.SZ,28.85,100.0,3686940,3425183,3686941,1,0,2014,-9223372036854775808
2021-11-30 09:35:09.120,300557.SZ,28.85,100.0,3686942,3425183,3686943,1,0,2014,-9223372036854775808
2021-11-30 09:35:09.120,300557.SZ,28.85,100.0,3686944,3425183,3686945,1,0,2014,-9223372036854775808
2021-11-30 09:35:09.120,300557.SZ,28.85,100.0,3686946,3425183,3686947,1,0,2014,-9223372036854775808
2021-11-30 09:35:09.140,300557.SZ,0.0,100.0,3651539,0,3687277,2,0,2014,-9223372036854775808
2021-11-30 09:35:09.140,300557.SZ,28.85,100.0,3687432,3425183,3687433,1,0,2014,-9223372036854775808
2021-11-30 09:35:09.150,300557.SZ,0.0,100.0,3687416,0,3687647,2,0,2014,-9223372036854775808
2021-11-30 09:35:09.190,300557.SZ,0.0,200.0,3686672,0,3688119,2,0,2014,-9223372036854775808
2021-11-30 09:35:09.240,300557.SZ,0.0,100.0,3687790,0,3688829,2,0,2014,-9223372036854775808
2021-11-30 09:35:09.330,300557.SZ,0.0,200.0,3689436,0,3689542,2,0,2014,-9223372036854775808
2021-11-30 09:35:09.820,300557.SZ,28.87,1000.0,3693922,3375142,3693923,1,0,2014,-9223372036854775808
2021-11-30 09:35:09.820,300557.SZ,28.88,1000.0,3693963,63961,3693964,1,0,2014,-9223372036854775808
2021-11-30 09:35:09.820,300557.SZ,28.88,200.0,3693963,66058,3693965,1,0,2014,-9223372036854775808
2021-11-30 09:35:09.820,300557.SZ,28.88,800.0,3693963,2671952,3693966,1,0,2014,-9223372036854775808
2021-11-30 09:35:09.820,300557.SZ,28.88,400.0,3693963,3276291,3693967,1,0,2014,-9223372036854775808
2021-11-30 09:35:09.820,300557.SZ,0.0,100.0,3688859,0,3693976,2,0,2014,-9223372036854775808
2021-11-30 09:35:09.840,300557.SZ,0.0,100.0,3693990,0,3694227,2,0,2014,-9223372036854775808
2021-11-30 09:35:09.900,300557.SZ,0.0,600.0,3687637,0,3694881,2,0,2014,-9223372036854775808
2021-11-30 09:35:09.900,300557.SZ,0.0,400.0,3687484,0,3694884,2,0,2014,-9223372036854775808
2021-11-30 09:35:09.910,300557.SZ,0.0,300.0,3687104,0,3695000,2,0,2014,-9223372036854775808
2021-11-30 09:35:10.920,300557.SZ,0.0,400.0,3688876,0,3705496,2,0,2014,-9223372036854775808
2021-11-30 09:35:10.920,300557.SZ,0.0,600.0,3688759,0,3705497,2,0,2014,-9223372036854775808
2021-11-30 09:35:10.920,300557.SZ,0.0,300.0,3688693,0,3705500,2,0,2014,-9223372036854775808
2021-11-30 09:35:10.920,300557.SZ,28.94,100.0,3705504,3056523,3705505,1,0,2014,-9223372036854775808
2021-11-30 09:35:12.730,300557.SZ,28.89,100.0,3694358,3721899,3721900,1,0,2014,-9223372036854775808
2021-11-30 09:35:12.740,300557.SZ,0.0,100.0,3662507,0,3721939,2,0,2014,-9223372036854775808
2021-11-30 09:35:13.560,300557.SZ,28.94,400.0,3732201,3056523,3732202,1,0,2014,-9223372036854775808
2021-11-30 09:35:13.690,300557.SZ,0.0,3300.0,3630059,0,3733347,2,0,2014,-9223372036854775808
2021-11-30 09:35:14.080,300557.SZ,0.0,500.0,3707464,0,3736466,2,0,2014,-9223372036854775808
2021-11-30 09:35:14.100,300557.SZ,28.94,200.0,3732201,3736692,3736693,1,0,2014,-9223372036854775808
2021-11-30 09:35:14.100,300557.SZ,28.89,200.0,3705417,3736692,3736694,1,0,2014,-9223372036854775808
2021-11-30 09:35:14.100,300557.SZ,28.89,400.0,3705420,3736692,3736695,1,0,2014,-9223372036854775808
2021-11-30 09:35:14.100,300557.SZ,28.89,700.0,3705421,3736692,3736696,1,0,2014,-9223372036854775808
2021-11-30 09:35:14.100,300557.SZ,28.89,100.0,3721932,3736692,3736697,1,0,2014,-9223372036854775808
2021-11-30 09:35:14.100,300557.SZ,28.89,100.0,3721937,3736692,3736698,1,0,2014,-9223372036854775808
2021-11-30 09:35:14.100,300557.SZ,28.88,1500.0,3694134,3736692,3736699,1,0,2014,-9223372036854775808
2021-11-30 09:35:14.100,300557.SZ,28.88,300.0,3699253,3736692,3736700,1,0,2014,-9223372036854775808
2021-11-30 09:35:14.100,300557.SZ,28.87,200.0,3694061,3736692,3736701,1,0,2014,-9223372036854775808
2021-11-30 09:35:14.100,300557.SZ,28.86,700.0,3688553,3736692,3736702,1,0,2014,-9223372036854775808
2021-11-30 09:35:14.100,300557.SZ,28.86,100.0,3688898,3736692,3736703,1,0,2014,-9223372036854775808
2021-11-30 09:35:14.100,300557.SZ,28.86,100.0,3689148,3736692,3736704,1,0,2014,-9223372036854775808
2021-11-30 09:35:14.100,300557.SZ,28.86,100.0,3690820,3736692,3736705,1,0,2014,-9223372036854775808
2021-11-30 09:35:14.100,300557.SZ,28.85,300.0,3687432,3736692,3736706,1,0,2014,-9223372036854775808
2021-11-30 09:35:14.310,300557.SZ,0.0,400.0,3687432,0,3738896,2,0,2014,-9223372036854775808
2021-11-30 09:35:14.350,300557.SZ,0.0,100.0,1805244,0,3739167,2,0,2014,-9223372036854775808
2021-11-30 09:35:18.390,300557.SZ,0.0,100.0,3770989,0,3771051,2,0,2014,-9223372036854775808
2021-11-30 09:35:18.400,300557.SZ,0.0,100.0,3770999,0,3771130,2,0,2014,-9223372036854775808
2021-11-30 09:35:18.400,300557.SZ,0.0,400.0,3771001,0,3771131,2,0,2014,-9223372036854775808
2021-11-30 09:35:18.470,300557.SZ,0.0,100.0,3770885,0,3771753,2,0,2014,-9223372036854775808
2021-11-30 09:35:19.650,300557.SZ,28.89,300.0,3784197,3767879,3784198,1,0,2014,-9223372036854775808
2021-11-30 09:35:19.660,300557.SZ,28.96,100.0,3784247,6879,3784248,1,0,2014,-9223372036854775808
2021-11-30 09:35:19.670,300557.SZ,0.0,200.0,3771760,0,3784343,2,0,2014,-9223372036854775808
2021-11-30 09:35:19.680,300557.SZ,0.0,100.0,3771067,0,3784438,2,0,2014,-9223372036854775808
2021-11-30 09:35:19.680,300557.SZ,0.0,100.0,3771058,0,3784441,2,0,2014,-9223372036854775808
2021-11-30 09:35:19.680,300557.SZ,0.0,100.0,3771788,0,3784446,2,0,2014,-9223372036854775808
2021-11-30 09:35:19.680,300557.SZ,0.0,200.0,3770980,0,3784526,2,0,2014,-9223372036854775808
2021-11-30 09:35:19.680,300557.SZ,28.96,100.0,3784546,6879,3784547,1,0,2014,-9223372036854775808
2021-11-30 09:35:19.680,300557.SZ,0.0,400.0,3771132,0,3784559,2,0,2014,-9223372036854775808
2021-11-30 09:35:19.680,300557.SZ,0.0,100.0,3771134,0,3784565,2,0,2014,-9223372036854775808
2021-11-30 09:35:19.690,300557.SZ,0.0,1800.0,2953858,0,3784598,2,0,2014,-9223372036854775808
2021-11-30 09:35:19.700,300557.SZ,0.0,100.0,3784444,0,3784630,2,0,2014,-9223372036854775808
2021-11-30 09:35:19.700,300557.SZ,0.0,100.0,3784443,0,3784634,2,0,2014,-9223372036854775808
2021-11-30 09:35:19.700,300557.SZ,28.96,100.0,3784636,25259,3784637,1,0,2014,-9223372036854775808
2021-11-30 09:35:19.700,300557.SZ,0.0,200.0,3784445,0,3784644,2,0,2014,-9223372036854775808
2021-11-30 09:35:19.710,300557.SZ,0.0,100.0,3784313,0,3784718,2,0,2014,-9223372036854775808
2021-11-30 09:35:19.710,300557.SZ,0.0,100.0,3784314,0,3784721,2,0,2014,-9223372036854775808
2021-11-30 09:35:19.720,300557.SZ,0.0,100.0,3784440,0,3784809,2,0,2014,-9223372036854775808
2021-11-30 09:35:19.730,300557.SZ,0.0,100.0,3784315,0,3784927,2,0,2014,-9223372036854775808
2021-11-30 09:35:19.730,300557.SZ,0.0,100.0,3784311,0,3784930,2,0,2014,-9223372036854775808
2021-11-30 09:35:19.740,300557.SZ,0.0,100.0,3784520,0,3785027,2,0,2014,-9223372036854775808
2021-11-30 09:35:19.750,300557.SZ,0.0,100.0,3784512,0,3785087,2,0,2014,-9223372036854775808
2021-11-30 09:35:19.790,300557.SZ,0.0,200.0,3784344,0,3785318,2,0,2014,-9223372036854775808
2021-11-30 09:35:19.790,300557.SZ,28.96,100.0,3785322,25276,3785323,1,0,2014,-9223372036854775808
2021-11-30 09:35:19.810,300557.SZ,0.0,400.0,3784564,0,3785458,2,0,2014,-9223372036854775808
2021-11-30 09:35:19.810,300557.SZ,0.0,100.0,3784566,0,3785459,2,0,2014,-9223372036854775808
2021-11-30 09:35:19.810,300557.SZ,28.96,400.0,3785460,2388488,3785461,1,0,2014,-9223372036854775808
2021-11-30 09:35:19.810,300557.SZ,28.96,100.0,3785462,2698951,3785463,1,0,2014,-9223372036854775808
2021-11-30 09:35:20.260,300557.SZ,28.96,900.0,3789777,2698951,3789778,1,0,2014,-9223372036854775808
2021-11-30 09:35:20.270,300557.SZ,28.96,200.0,3789777,3789795,3789796,1,0,2014,-9223372036854775808
2021-11-30 09:35:20.270,300557.SZ,28.96,200.0,3789777,3789797,3789798,1,0,2014,-9223372036854775808
2021-11-30 09:35:20.270,300557.SZ,28.96,100.0,3789777,3789799,3789800,1,0,2014,-9223372036854775808
2021-11-30 09:35:20.320,300557.SZ,0.0,100.0,3784720,0,3790256,2,0,2014,-9223372036854775808
2021-11-30 09:35:20.320,300557.SZ,0.0,100.0,3784722,0,3790257,2,0,2014,-9223372036854775808
2021-11-30 09:35:20.320,300557.SZ,0.0,100.0,3784723,0,3790258,2,0,2014,-9223372036854775808
2021-11-30 09:35:20.320,300557.SZ,0.0,100.0,3784928,0,3790259,2,0,2014,-9223372036854775808
2021-11-30 09:35:20.320,300557.SZ,0.0,200.0,3784536,0,3790266,2,0,2014,-9223372036854775808
2021-11-30 09:35:20.320,300557.SZ,0.0,100.0,3785030,0,3790267,2,0,2014,-9223372036854775808
2021-11-30 09:35:20.340,300557.SZ,0.0,100.0,3784633,0,3790314,2,0,2014,-9223372036854775808
2021-11-30 09:35:20.340,300557.SZ,0.0,200.0,3784632,0,3790315,2,0,2014,-9223372036854775808
2021-11-30 09:35:20.340,300557.SZ,0.0,100.0,3784813,0,3790326,2,0,2014,-9223372036854775808
2021-11-30 09:35:20.340,300557.SZ,0.0,100.0,3785036,0,3790348,2,0,2014,-9223372036854775808
2021-11-30 09:35:20.370,300557.SZ,0.0,100.0,3790283,0,3790502,2,0,2014,-9223372036854775808
2021-11-30 09:35:21.040,300557.SZ,0.0,100.0,3790260,0,3794762,2,0,2014,-9223372036854775808
2021-11-30 09:35:21.040,300557.SZ,0.0,100.0,3790349,0,3794795,2,0,2014,-9223372036854775808
2021-11-30 09:35:21.050,300557.SZ,0.0,100.0,3790255,0,3794806,2,0,2014,-9223372036854775808
2021-11-30 09:35:22.180,300557.SZ,28.92,200.0,3790268,3803857,3803858,1,0,2014,-9223372036854775808
2021-11-30 09:35:22.180,300557.SZ,28.92,100.0,3790327,3803857,3803859,1,0,2014,-9223372036854775808
2021-11-30 09:35:22.180,300557.SZ,28.92,200.0,3790328,3803857,3803860,1,0,2014,-9223372036854775808
2021-11-30 09:35:22.520,300557.SZ,0.0,100.0,3616858,0,3807792,2,0,2014,-9223372036854775808
2021-11-30 09:35:22.630,300557.SZ,0.0,1200.0,3619304,0,3808549,2,0,2014,-9223372036854775808
2021-11-30 09:35:24.790,300557.SZ,0.0,700.0,3076576,0,3823934,2,0,2014,-9223372036854775808
2021-11-30 09:35:24.800,300557.SZ,0.0,100.0,3790507,0,3824015,2,0,2014,-9223372036854775808
2021-11-30 09:35:24.810,300557.SZ,0.0,100.0,3794924,0,3824106,2,0,2014,-9223372036854775808
2021-11-30 09:35:24.810,300557.SZ,0.0,100.0,3794798,0,3824125,2,0,2014,-9223372036854775808
2021-11-30 09:35:24.820,300557.SZ,0.0,100.0,3790331,0,3824144,2,0,2014,-9223372036854775808
2021-11-30 09:35:24.820,300557.SZ,0.0,100.0,3790329,0,3824145,2,0,2014,-9223372036854775808
2021-11-30 09:35:24.820,300557.SZ,28.96,100.0,3824148,3789799,3824149,1,0,2014,-9223372036854775808
2021-11-30 09:35:24.820,300557.SZ,0.0,100.0,3790330,0,3824154,2,0,2014,-9223372036854775808
2021-11-30 09:35:24.830,300557.SZ,0.0,100.0,3794808,0,3824230,2,0,2014,-9223372036854775808
2021-11-30 09:35:24.830,300557.SZ,0.0,100.0,3794807,0,3824232,2,0,2014,-9223372036854775808
2021-11-30 09:35:24.830,300557.SZ,0.0,100.0,3794763,0,3824233,2,0,2014,-9223372036854775808
2021-11-30 09:35:24.830,300557.SZ,0.0,100.0,3794805,0,3824236,2,0,2014,-9223372036854775808
2021-11-30 09:35:24.860,300557.SZ,0.0,100.0,3794721,0,3824460,2,0,2014,-9223372036854775808
2021-11-30 09:35:25.540,300557.SZ,0.0,100.0,3645145,0,3831217,2,0,2014,-9223372036854775808
2021-11-30 09:35:25.540,300557.SZ,0.0,100.0,3645185,0,3831247,2,0,2014,-9223372036854775808
2021-11-30 09:35:25.790,300557.SZ,0.0,200.0,3645775,0,3832967,2,0,2014,-9223372036854775808
2021-11-30 09:35:26.520,300557.SZ,28.96,200.0,3837979,3789803,3837980,1,0,2014,-9223372036854775808
2021-11-30 09:35:26.520,300557.SZ,28.96,1800.0,3837979,3837997,3837998,1,0,2014,-9223372036854775808
2021-11-30 09:35:26.520,300557.SZ,28.96,100.0,3837979,3838000,3838001,1,0,2014,-9223372036854775808
2021-11-30 09:35:26.530,300557.SZ,28.96,700.0,3837979,3838024,3838025,1,0,2014,-9223372036854775808
2021-11-30 09:35:26.530,300557.SZ,28.96,500.0,3837979,3838026,3838027,1,0,2014,-9223372036854775808
2021-11-30 09:35:27.050,300557.SZ,0.0,100.0,3824237,0,3840858,2,0,2014,-9223372036854775808
2021-11-30 09:35:27.050,300557.SZ,28.96,100.0,3840859,3838026,3840860,1,0,2014,-9223372036854775808
2021-11-30 09:35:27.060,300557.SZ,0.0,100.0,3794793,0,3840922,2,0,2014,-9223372036854775808
2021-11-30 09:35:29.570,300557.SZ,0.0,500.0,3770893,0,3859918,2,0,2014,-9223372036854775808
2021-11-30 09:35:31.480,300557.SZ,0.0,900.0,3701956,0,3872688,2,0,2014,-9223372036854775808
2021-11-30 09:35:31.510,300557.SZ,0.0,100.0,3702233,0,3872956,2,0,2014,-9223372036854775808
2021-11-30 09:35:31.800,300557.SZ,0.0,100.0,3703119,0,3874923,2,0,2014,-9223372036854775808
2021-11-30 09:35:32.710,300557.SZ,28.95,200.0,3880429,3880448,3880449,1,0,2014,-9223372036854775808
2021-11-30 09:35:32.710,300557.SZ,28.95,300.0,3880429,3880450,3880451,1,0,2014,-9223372036854775808
2021-11-30 09:35:32.710,300557.SZ,28.95,100.0,3880429,3880452,3880453,1,0,2014,-9223372036854775808
2021-11-30 09:35:32.720,300557.SZ,0.0,200.0,0,3838051,3880477,2,0,2014,-9223372036854775808
2021-11-30 09:35:33.840,300557.SZ,0.0,600.0,0,3368946,3888505,2,0,2014,-9223372036854775808
2021-11-30 09:35:35.490,300557.SZ,0.0,100.0,3824132,0,3903331,2,0,2014,-9223372036854775808
2021-11-30 09:35:35.490,300557.SZ,0.0,100.0,3824109,0,3903332,2,0,2014,-9223372036854775808
2021-11-30 09:35:35.500,300557.SZ,0.0,100.0,3824235,0,3903370,2,0,2014,-9223372036854775808
2021-11-30 09:35:35.500,300557.SZ,0.0,100.0,3824231,0,3903371,2,0,2014,-9223372036854775808
2021-11-30 09:35:35.500,300557.SZ,0.0,100.0,3824234,0,3903372,2,0,2014,-9223372036854775808
2021-11-30 09:35:35.510,300557.SZ,0.0,100.0,3824155,0,3903410,2,0,2014,-9223372036854775808
2021-11-30 09:35:35.510,300557.SZ,0.0,100.0,3824156,0,3903411,2,0,2014,-9223372036854775808
2021-11-30 09:35:35.520,300557.SZ,0.0,100.0,3824465,0,3903472,2,0,2014,-9223372036854775808
2021-11-30 09:35:35.520,300557.SZ,0.0,100.0,3824463,0,3903474,2,0,2014,-9223372036854775808
2021-11-30 09:35:35.600,300557.SZ,0.0,100.0,3824017,0,3903935,2,0,2014,-9223372036854775808
2021-11-30 09:35:36.290,300557.SZ,0.0,100.0,3824023,0,3908213,2,0,2014,-9223372036854775808
2021-11-30 09:35:38.360,300557.SZ,28.95,100.0,3924362,3880452,3924363,1,0,2014,-9223372036854775808
2021-11-30 09:35:38.360,300557.SZ,28.95,500.0,3924362,3886715,3924364,1,0,2014,-9223372036854775808
2021-11-30 09:35:38.360,300557.SZ,28.96,400.0,3924362,3874885,3924365,1,0,2014,-9223372036854775808
2021-11-30 09:35:38.370,300557.SZ,28.96,1000.0,3924532,3874885,3924533,1,0,2014,-9223372036854775808
2021-11-30 09:35:40.010,300557.SZ,0.0,700.0,3687706,0,3937539,2,0,2014,-9223372036854775808
2021-11-30 09:35:40.010,300557.SZ,0.0,200.0,3688142,0,3937567,2,0,2014,-9223372036854775808
2021-11-30 09:35:40.100,300557.SZ,28.93,100.0,3841391,3938616,3938617,1,0,2014,-9223372036854775808
2021-11-30 09:35:40.100,300557.SZ,28.92,100.0,3832968,3938616,3938618,1,0,2014,-9223372036854775808
2021-11-30 09:35:40.100,300557.SZ,28.92,100.0,3929865,3938616,3938619,1,0,2014,-9223372036854775808
2021-11-30 09:35:40.500,300557.SZ,0.0,100.0,3783087,0,3942714,2,0,2014,-9223372036854775808
2021-11-30 09:35:42.050,300557.SZ,28.95,500.0,3952291,3948988,3952292,1,0,2014,-9223372036854775808
2021-11-30 09:35:42.240,300557.SZ,28.92,300.0,3929865,3953436,3953437,1,0,2014,-9223372036854775808
2021-11-30 09:35:42.400,300557.SZ,28.92,100.0,3929865,3954411,3954412,1,0,2014,-9223372036854775808
2021-11-30 09:35:45.060,300557.SZ,0.0,200.0,0,3903250,3974190,2,0,2014,-9223372036854775808
2021-11-30 09:35:45.350,300557.SZ,28.95,700.0,3976105,3976124,3976125,1,0,2014,-9223372036854775808
2021-11-30 09:35:45.350,300557.SZ,28.95,700.0,3976105,3976126,3976127,1,0,2014,-9223372036854775808
2021-11-30 09:35:45.350,300557.SZ,28.95,300.0,3976105,3976135,3976136,1,0,2014,-9223372036854775808
2021-11-30 09:35:51.110,300557.SZ,0.0,1600.0,0,3977567,4015733,2,0,2014,-9223372036854775808
2021-11-30 09:35:51.290,300557.SZ,28.92,500.0,3929865,4016580,4016581,1,0,2014,-9223372036854775808
2021-11-30 09:35:51.290,300557.SZ,28.92,100.0,3963888,4016580,4016582,1,0,2014,-9223372036854775808
2021-11-30 09:35:51.520,300557.SZ,0.0,100.0,3790190,0,4017698,2,0,2014,-9223372036854775808
2021-11-30 09:35:53.140,300557.SZ,28.89,2700.0,3784197,4029164,4029165,1,0,2014,-9223372036854775808
2021-11-30 09:35:53.140,300557.SZ,28.85,1000.0,3747374,4029164,4029166,1,0,2014,-9223372036854775808
2021-11-30 09:35:53.140,300557.SZ,28.85,300.0,3862987,4029164,4029167,1,0,2014,-9223372036854775808
2021-11-30 09:35:53.140,300557.SZ,28.82,1000.0,3706169,4029164,4029168,1,0,2014,-9223372036854775808
2021-11-30 09:35:53.150,300557.SZ,0.0,100.0,0,3976135,4029210,2,0,2014,-9223372036854775808
2021-11-30 09:35:53.190,300557.SZ,0.0,100.0,4029355,0,4029586,2,0,2014,-9223372036854775808
2021-11-30 09:35:53.190,300557.SZ,0.0,100.0,4029354,0,4029587,2,0,2014,-9223372036854775808
2021-11-30 09:35:53.200,300557.SZ,0.0,100.0,4029442,0,4029627,2,0,2014,-9223372036854775808
2021-11-30 09:35:53.200,300557.SZ,0.0,100.0,4029443,0,4029628,2,0,2014,-9223372036854775808
2021-11-30 09:35:53.200,300557.SZ,0.0,100.0,4029441,0,4029630,2,0,2014,-9223372036854775808
2021-11-30 09:35:53.210,300557.SZ,0.0,100.0,4029336,0,4029673,2,0,2014,-9223372036854775808
2021-11-30 09:35:53.260,300557.SZ,0.0,100.0,4029335,0,4030039,2,0,2014,-9223372036854775808
2021-11-30 09:35:55.460,300557.SZ,0.0,100.0,0,4029199,4045063,2,0,2014,-9223372036854775808
2021-11-30 09:35:55.890,300557.SZ,28.89,100.0,4045069,4047803,4047804,1,0,2014,-9223372036854775808
2021-11-30 09:36:01.320,300557.SZ,28.82,100.0,4029534,4088099,4088100,1,0,2014,-9223372036854775808
2021-11-30 09:36:01.490,300557.SZ,0.0,100.0,0,4029960,4089759,2,0,2014,-9223372036854775808
2021-11-30 09:36:01.670,300557.SZ,0.0,100.0,3406182,0,4091346,2,0,2014,-9223372036854775808
2021-11-30 09:36:02.010,300557.SZ,28.92,400.0,4094459,4053325,4094460,1,0,2014,-9223372036854775808
2021-11-30 09:36:04.010,300557.SZ,0.0,100.0,4029637,0,4110111,2,0,2014,-9223372036854775808
2021-11-30 09:36:04.010,300557.SZ,0.0,100.0,4029629,0,4110112,2,0,2014,-9223372036854775808
2021-11-30 09:36:04.010,300557.SZ,0.0,100.0,4029631,0,4110115,2,0,2014,-9223372036854775808
2021-11-30 09:36:04.010,300557.SZ,0.0,100.0,4029675,0,4110140,2,0,2014,-9223372036854775808
2021-11-30 09:36:04.010,300557.SZ,0.0,100.0,4029674,0,4110141,2,0,2014,-9223372036854775808
2021-11-30 09:36:04.010,300557.SZ,0.0,100.0,4029691,0,4110208,2,0,2014,-9223372036854775808
2021-11-30 09:36:04.010,300557.SZ,0.0,100.0,4029476,0,4110219,2,0,2014,-9223372036854775808
2021-11-30 09:36:04.030,300557.SZ,0.0,100.0,4029589,0,4110474,2,0,2014,-9223372036854775808
2021-11-30 09:36:04.030,300557.SZ,0.0,100.0,4029588,0,4110477,2,0,2014,-9223372036854775808
2021-11-30 09:36:04.050,300557.SZ,0.0,100.0,4110109,0,4110854,2,0,2014,-9223372036854775808
2021-11-30 09:36:04.050,300557.SZ,0.0,100.0,4110122,0,4110855,2,0,2014,-9223372036854775808
2021-11-30 09:36:04.060,300557.SZ,0.0,100.0,4110172,0,4111013,2,0,2014,-9223372036854775808
2021-11-30 09:36:04.070,300557.SZ,0.0,100.0,4110488,0,4111137,2,0,2014,-9223372036854775808
2021-11-30 09:36:04.070,300557.SZ,0.0,100.0,4110483,0,4111138,2,0,2014,-9223372036854775808
2021-11-30 09:36:04.090,300557.SZ,0.0,100.0,4110236,0,4111412,2,0,2014,-9223372036854775808
2021-11-30 09:36:04.090,300557.SZ,0.0,100.0,4110216,0,4111413,2,0,2014,-9223372036854775808
2021-11-30 09:36:04.100,300557.SZ,0.0,100.0,4110142,0,4111603,2,0,2014,-9223372036854775808
2021-11-30 09:36:04.100,300557.SZ,0.0,100.0,4110150,0,4111606,2,0,2014,-9223372036854775808
2021-11-30 09:36:04.150,300557.SZ,0.0,100.0,4110108,0,4112268,2,0,2014,-9223372036854775808
2021-11-30 09:36:06.570,300557.SZ,0.0,300.0,0,4046564,4133510,2,0,2014,-9223372036854775808
2021-11-30 09:36:06.590,300557.SZ,0.0,100.0,4111418,0,4133586,2,0,2014,-9223372036854775808
2021-11-30 09:36:06.590,300557.SZ,0.0,100.0,4111414,0,4133591,2,0,2014,-9223372036854775808
2021-11-30 09:36:06.600,300557.SZ,0.0,100.0,4111141,0,4133677,2,0,2014,-9223372036854775808
2021-11-30 09:36:06.600,300557.SZ,0.0,100.0,4111142,0,4133678,2,0,2014,-9223372036854775808
2021-11-30 09:36:06.640,300557.SZ,0.0,100.0,4111018,0,4133974,2,0,2014,-9223372036854775808
2021-11-30 09:36:06.650,300557.SZ,0.0,100.0,4111611,0,4134080,2,0,2014,-9223372036854775808
2021-11-30 09:36:06.660,300557.SZ,0.0,100.0,4111609,0,4134085,2,0,2014,-9223372036854775808
2021-11-30 09:36:07.440,300557.SZ,0.0,600.0,0,3967800,4142566,2,0,2014,-9223372036854775808
2021-11-30 09:36:07.460,300557.SZ,0.0,100.0,4110852,0,4142723,2,0,2014,-9223372036854775808
2021-11-30 09:36:07.460,300557.SZ,0.0,100.0,4110856,0,4142724,2,0,2014,-9223372036854775808
2021-11-30 09:36:07.460,300557.SZ,0.0,100.0,4110853,0,4142725,2,0,2014,-9223372036854775808
2021-11-30 09:36:11.000,300557.SZ,0.0,100.0,4111076,0,4177400,2,0,2014,-9223372036854775808
2021-11-30 09:36:11.000,300557.SZ,0.0,100.0,4109955,0,4177401,2,0,2014,-9223372036854775808
2021-11-30 09:36:13.400,300557.SZ,0.0,200.0,0,4027782,4196950,2,0,2014,-9223372036854775808
2021-11-30 09:36:14.230,300557.SZ,28.85,200.0,4203714,4133976,4203715,1,0,2014,-9223372036854775808
2021-11-30 09:36:14.300,300557.SZ,28.83,100.0,4109872,4204199,4204200,1,0,2014,-9223372036854775808
2021-11-30 09:36:14.550,300557.SZ,28.84,1000.0,4205365,4205696,4205697,1,0,2014,-9223372036854775808
2021-11-30 09:36:14.550,300557.SZ,28.83,600.0,4109872,4205696,4205698,1,0,2014,-9223372036854775808
2021-11-30 09:36:14.550,300557.SZ,28.82,100.0,4092041,4205696,4205699,1,0,2014,-9223372036854775808
2021-11-30 09:36:14.550,300557.SZ,28.82,100.0,4115860,4205696,4205700,1,0,2014,-9223372036854775808
2021-11-30 09:36:16.910,300557.SZ,28.82,700.0,4224182,4205696,4224183,1,0,2014,-9223372036854775808
2021-11-30 09:36:19.820,300557.SZ,28.81,100.0,3645059,4247132,4247133,1,0,2014,-9223372036854775808
2021-11-30 09:36:27.690,300557.SZ,0.0,300.0,0,4050474,4297947,2,0,2014,-9223372036854775808
2021-11-30 09:36:27.720,300557.SZ,28.81,100.0,4265131,4298105,4298106,1,0,2014,-9223372036854775808
2021-11-30 09:36:28.480,300557.SZ,0.0,200.0,0,4008237,4304593,2,0,2014,-9223372036854775808
2021-11-30 09:36:30.640,300557.SZ,28.81,300.0,4316692,4298105,4316693,1,0,2014,-9223372036854775808
2021-11-30 09:36:30.640,300557.SZ,28.8,200.0,3761315,4316709,4316710,1,0,2014,-9223372036854775808
2021-11-30 09:36:33.260,300557.SZ,28.81,1600.0,4333860,4298105,4333861,1,0,2014,-9223372036854775808
2021-11-30 09:36:33.260,300557.SZ,28.82,500.0,4333860,4205696,4333862,1,0,2014,-9223372036854775808
2021-11-30 09:36:33.260,300557.SZ,28.85,2500.0,4333860,4133976,4333863,1,0,2014,-9223372036854775808
2021-11-30 09:36:33.260,300557.SZ,28.9,400.0,4333860,4182848,4333864,1,0,2014,-9223372036854775808
2021-11-30 09:36:33.980,300557.SZ,0.0,6800.0,0,4178986,4338629,2,0,2014,-9223372036854775808
2021-11-30 09:36:35.000,300557.SZ,0.0,1000.0,0,4054590,4347565,2,0,2014,-9223372036854775808
2021-11-30 09:36:48.440,300557.SZ,0.0,100.0,4427293,0,4438390,2,0,2014,-9223372036854775808
2021-11-30 09:36:49.480,300557.SZ,28.83,100.0,4445386,4411976,4445387,1,0,2014,-9223372036854775808
2021-11-30 09:36:49.480,300557.SZ,28.83,100.0,4445401,4411976,4445402,1,0,2014,-9223372036854775808
2021-11-30 09:36:50.380,300557.SZ,28.83,100.0,4451003,4411976,4451004,1,0,2014,-9223372036854775808
2021-11-30 09:36:50.470,300557.SZ,28.87,500.0,4451444,4438702,4451445,1,0,2014,-9223372036854775808
2021-11-30 09:36:52.570,300557.SZ,28.88,1000.0,4465479,4338036,4465480,1,0,2014,-9223372036854775808
2021-11-30 09:36:52.570,300557.SZ,28.88,400.0,4465479,4460917,4465481,1,0,2014,-9223372036854775808
2021-11-30 09:36:53.180,300557.SZ,28.88,1400.0,4468665,4460917,4468666,1,0,2014,-9223372036854775808
2021-11-30 09:36:54.130,300557.SZ,0.0,3000.0,207680,0,4473447,2,0,2014,-9223372036854775808
2021-11-30 09:36:55.460,300557.SZ,0.0,100.0,4438391,0,4481687,2,0,2014,-9223372036854775808
2021-11-30 09:36:55.470,300557.SZ,0.0,100.0,4438407,0,4481708,2,0,2014,-9223372036854775808
2021-11-30 09:36:55.470,300557.SZ,0.0,100.0,4343548,0,4481709,2,0,2014,-9223372036854775808
2021-11-30 09:36:58.200,300557.SZ,28.88,200.0,4497551,4460917,4497552,1,0,2014,-9223372036854775808
2021-11-30 09:36:58.200,300557.SZ,28.88,100.0,4497553,4460917,4497554,1,0,2014,-9223372036854775808
2021-11-30 09:36:58.200,300557.SZ,28.88,100.0,4497574,4460917,4497575,1,0,2014,-9223372036854775808
2021-11-30 09:36:58.560,300557.SZ,0.0,100.0,4366306,0,4500064,2,0,2014,-9223372036854775808
2021-11-30 09:37:01.470,300557.SZ,28.88,600.0,4519730,4460917,4519731,1,0,2014,-9223372036854775808
2021-11-30 09:37:01.470,300557.SZ,28.88,100.0,4519739,4460917,4519740,1,0,2014,-9223372036854775808
2021-11-30 09:37:01.480,300557.SZ,28.88,100.0,4519915,4460917,4519916,1,0,2014,-9223372036854775808
2021-11-30 09:37:01.520,300557.SZ,28.88,500.0,4520169,4460917,4520170,1,0,2014,-9223372036854775808
2021-11-30 09:37:01.620,300557.SZ,28.88,1400.0,4521068,4460917,4521069,1,0,2014,-9223372036854775808
2021-11-30 09:37:01.680,300557.SZ,0.0,600.0,4387213,0,4521511,2,0,2014,-9223372036854775808
2021-11-30 09:37:03.800,300557.SZ,28.88,100.0,4536100,4460917,4536101,1,0,2014,-9223372036854775808
2021-11-30 09:37:03.800,300557.SZ,0.0,100.0,4497705,0,4536102,2,0,2014,-9223372036854775808
2021-11-30 09:37:04.570,300557.SZ,0.0,100.0,4407249,0,4542790,2,0,2014,-9223372036854775808
2021-11-30 09:37:04.570,300557.SZ,0.0,800.0,4464462,0,4542799,2,0,2014,-9223372036854775808
2021-11-30 09:37:04.940,300557.SZ,0.0,500.0,4427609,0,4545212,2,0,2014,-9223372036854775808
2021-11-30 09:37:04.940,300557.SZ,0.0,500.0,4445715,0,4545225,2,0,2014,-9223372036854775808
2021-11-30 09:37:04.940,300557.SZ,0.0,300.0,4481845,0,4545231,2,0,2014,-9223372036854775808
2021-11-30 09:37:04.960,300557.SZ,0.0,100.0,4408830,0,4545329,2,0,2014,-9223372036854775808
2021-11-30 09:37:04.960,300557.SZ,0.0,100.0,4427981,0,4545330,2,0,2014,-9223372036854775808
2021-11-30 09:37:04.960,300557.SZ,28.88,200.0,4545331,4460917,4545332,1,0,2014,-9223372036854775808
2021-11-30 09:37:04.960,300557.SZ,0.0,600.0,4482848,0,4545333,2,0,2014,-9223372036854775808
2021-11-30 09:37:05.550,300557.SZ,28.88,100.0,4550131,4460917,4550132,1,0,2014,-9223372036854775808
2021-11-30 09:37:05.570,300557.SZ,28.88,200.0,4550224,4460917,4550225,1,0,2014,-9223372036854775808
2021-11-30 09:37:05.880,300557.SZ,0.0,500.0,0,4430249,4551892,2,0,2014,-9223372036854775808
2021-11-30 09:37:07.480,300557.SZ,28.88,700.0,4567147,4460917,4567148,1,0,2014,-9223372036854775808
2021-11-30 09:37:07.480,300557.SZ,28.88,200.0,4567147,4536053,4567149,1,0,2014,-9223372036854775808
2021-11-30 09:37:07.480,300557.SZ,0.0,200.0,4518104,0,4567187,2,0,2014,-9223372036854775808
2021-11-30 09:37:07.490,300557.SZ,28.88,200.0,4567203,4536053,4567204,1,0,2014,-9223372036854775808
2021-11-30 09:37:07.530,300557.SZ,0.0,100.0,4499460,0,4567536,2,0,2014,-9223372036854775808
2021-11-30 09:37:10.210,300557.SZ,28.86,500.0,4522939,4588941,4588942,1,0,2014,-9223372036854775808
2021-11-30 09:37:13.780,300557.SZ,28.86,300.0,4522939,4616207,4616208,1,0,2014,-9223372036854775808
2021-11-30 09:37:13.780,300557.SZ,28.86,700.0,4537419,4616207,4616209,1,0,2014,-9223372036854775808
2021-11-30 09:37:13.780,300557.SZ,28.86,100.0,4567123,4616207,4616210,1,0,2014,-9223372036854775808
2021-11-30 09:37:15.450,300557.SZ,28.86,1000.0,4626378,4616207,4626379,1,0,2014,-9223372036854775808
2021-11-30 09:37:15.540,300557.SZ,28.86,1400.0,4626912,4616207,4626913,1,0,2014,-9223372036854775808
2021-11-30 09:37:16.060,300557.SZ,0.0,4100.0,4486493,0,4630811,2,0,2014,-9223372036854775808
2021-11-30 09:37:18.440,300557.SZ,28.86,1500.0,4646366,4616207,4646367,1,0,2014,-9223372036854775808
2021-11-30 09:37:18.440,300557.SZ,28.88,100.0,4646366,4536053,4646368,1,0,2014,-9223372036854775808
2021-11-30 09:37:18.440,300557.SZ,28.9,100.0,4646366,4182848,4646369,1,0,2014,-9223372036854775808
2021-11-30 09:37:18.440,300557.SZ,28.9,2000.0,4646366,4431693,4646370,1,0,2014,-9223372036854775808
2021-11-30 09:37:18.440,300557.SZ,28.9,300.0,4646366,4438365,4646371,1,0,2014,-9223372036854775808
2021-11-30 09:37:31.890,300557.SZ,0.0,100.0,4718601,0,4725333,2,0,2014,-9223372036854775808
2021-11-30 09:37:35.320,300557.SZ,28.9,100.0,4745878,4438365,4745879,1,0,2014,-9223372036854775808
2021-11-30 09:37:35.320,300557.SZ,0.0,100.0,4725350,0,4745887,2,0,2014,-9223372036854775808
2021-11-30 09:37:36.270,300557.SZ,0.0,100.0,4488791,0,4750369,2,0,2014,-9223372036854775808
2021-11-30 09:37:36.610,300557.SZ,28.92,100.0,4752043,4053325,4752044,1,0,2014,-9223372036854775808
2021-11-30 09:37:37.490,300557.SZ,28.91,100.0,4759266,4754418,4759267,1,0,2014,-9223372036854775808
2021-11-30 09:37:37.740,300557.SZ,0.0,1700.0,4725324,0,4760570,2,0,2014,-9223372036854775808
2021-11-30 09:37:39.370,300557.SZ,28.9,500.0,4745878,4769336,4769337,1,0,2014,-9223372036854775808
2021-11-30 09:37:40.430,300557.SZ,28.9,500.0,4745878,4776725,4776726,1,0,2014,-9223372036854775808
2021-11-30 09:37:40.890,300557.SZ,28.9,200.0,4745878,4779265,4779266,1,0,2014,-9223372036854775808
2021-11-30 09:37:42.810,300557.SZ,0.0,1600.0,302418,0,4790130,2,0,2014,-9223372036854775808
2021-11-30 09:37:45.690,300557.SZ,28.9,1000.0,4745878,4807178,4807179,1,0,2014,-9223372036854775808
2021-11-30 09:37:51.700,300557.SZ,0.0,2300.0,4411758,0,4840262,2,0,2014,-9223372036854775808
2021-11-30 09:37:52.980,300557.SZ,0.0,100.0,0,4004311,4848049,2,0,2014,-9223372036854775808
2021-11-30 09:37:58.510,300557.SZ,0.0,100.0,4829490,0,4879839,2,0,2014,-9223372036854775808
2021-11-30 09:37:58.510,300557.SZ,0.0,100.0,4829516,0,4879853,2,0,2014,-9223372036854775808
2021-11-30 09:37:58.560,300557.SZ,0.0,300.0,4830079,0,4880099,2,0,2014,-9223372036854775808
2021-11-30 09:38:06.980,300557.SZ,28.91,400.0,4950304,4754418,4950305,1,0,2014,-9223372036854775808
2021-11-30 09:38:10.730,300557.SZ,0.0,1700.0,4765764,0,4986018,2,0,2014,-9223372036854775808
2021-11-30 09:38:11.700,300557.SZ,28.92,200.0,4993481,4053325,4993482,1,0,2014,-9223372036854775808
2021-11-30 09:38:11.700,300557.SZ,28.92,500.0,4993481,4065963,4993483,1,0,2014,-9223372036854775808
2021-11-30 09:38:13.600,300557.SZ,0.0,200.0,4928594,0,5007873,2,0,2014,-9223372036854775808
2021-11-30 09:38:14.020,300557.SZ,28.93,500.0,4993481,5010985,5010986,1,0,2014,-9223372036854775808
2021-11-30 09:38:14.280,300557.SZ,28.93,500.0,4993481,5012603,5012604,1,0,2014,-9223372036854775808
2021-11-30 09:38:14.360,300557.SZ,0.0,100.0,4745906,0,5013040,2,0,2014,-9223372036854775808
2021-11-30 09:38:16.190,300557.SZ,0.0,900.0,4497512,0,5025753,2,0,2014,-9223372036854775808
2021-11-30 09:38:19.270,300557.SZ,28.91,200.0,4950304,5046914,5046915,1,0,2014,-9223372036854775808
2021-11-30 09:38:19.510,300557.SZ,0.0,300.0,4984505,0,5048565,2,0,2014,-9223372036854775808
2021-11-30 09:38:19.570,300557.SZ,0.0,100.0,4985158,0,5048893,2,0,2014,-9223372036854775808
2021-11-30 09:38:24.940,300557.SZ,28.92,100.0,5049873,5081258,5081259,1,0,2014,-9223372036854775808
2021-11-30 09:38:25.430,300557.SZ,28.91,100.0,4950304,5084911,5084912,1,0,2014,-9223372036854775808
2021-11-30 09:38:25.430,300557.SZ,28.91,100.0,5013028,5084911,5084913,1,0,2014,-9223372036854775808
2021-11-30 09:38:27.660,300557.SZ,28.92,100.0,5085802,5098027,5098028,1,0,2014,-9223372036854775808
2021-11-30 09:38:28.300,300557.SZ,28.92,100.0,5085802,5102950,5102951,1,0,2014,-9223372036854775808
2021-11-30 09:38:30.580,300557.SZ,28.92,100.0,5108418,5115488,5115489,1,0,2014,-9223372036854775808
2021-11-30 09:38:33.170,300557.SZ,28.93,100.0,5132792,5070013,5132793,1,0,2014,-9223372036854775808
2021-11-30 09:38:36.800,300557.SZ,28.92,100.0,5108418,5155553,5155554,1,0,2014,-9223372036854775808
2021-11-30 09:38:37.520,300557.SZ,0.0,100.0,5110752,0,5160963,2,0,2014,-9223372036854775808
2021-11-30 09:38:37.530,300557.SZ,0.0,100.0,5110745,0,5160994,2,0,2014,-9223372036854775808
2021-11-30 09:38:37.680,300557.SZ,0.0,200.0,5104869,0,5161912,2,0,2014,-9223372036854775808
2021-11-30 09:38:39.210,300557.SZ,28.92,300.0,5108418,5169560,5169561,1,0,2014,-9223372036854775808
2021-11-30 09:38:44.570,300557.SZ,28.92,100.0,5108418,5200479,5200480,1,0,2014,-9223372036854775808
2021-11-30 09:38:45.350,300557.SZ,28.92,400.0,5108418,5204348,5204349,1,0,2014,-9223372036854775808
2021-11-30 09:38:45.350,300557.SZ,28.92,100.0,5162083,5204348,5204350,1,0,2014,-9223372036854775808
2021-11-30 09:38:46.790,300557.SZ,28.92,500.0,5162083,5213435,5213436,1,0,2014,-9223372036854775808
2021-11-30 09:38:48.960,300557.SZ,28.92,300.0,5162083,5225430,5225431,1,0,2014,-9223372036854775808
2021-11-30 09:38:49.700,300557.SZ,28.93,100.0,5230296,5073473,5230297,1,0,2014,-9223372036854775808
2021-11-30 09:38:52.470,300557.SZ,28.93,200.0,5245046,5084570,5245047,1,0,2014,-9223372036854775808
2021-11-30 09:38:52.470,300557.SZ,28.93,200.0,5245046,5091127,5245048,1,0,2014,-9223372036854775808
2021-11-30 09:38:52.470,300557.SZ,28.93,200.0,5245046,5097977,5245049,1,0,2014,-9223372036854775808
2021-11-30 09:38:52.470,300557.SZ,28.93,100.0,5245046,5105148,5245050,1,0,2014,-9223372036854775808
2021-11-30 09:38:54.000,300557.SZ,28.93,100.0,5245046,5253015,5253016,1,0,2014,-9223372036854775808
2021-11-30 09:38:54.210,300557.SZ,28.93,1600.0,5245046,5254405,5254406,1,0,2014,-9223372036854775808
2021-11-30 09:38:54.210,300557.SZ,28.93,300.0,5252773,5254405,5254407,1,0,2014,-9223372036854775808
2021-11-30 09:38:54.350,300557.SZ,0.0,1800.0,4745878,0,5255026,2,0,2014,-9223372036854775808
2021-11-30 09:38:54.540,300557.SZ,0.0,100.0,5013047,0,5255904,2,0,2014,-9223372036854775808
2021-11-30 09:38:55.520,300557.SZ,28.92,100.0,5262048,5255867,5262049,1,0,2014,-9223372036854775808
2021-11-30 09:39:02.880,300557.SZ,28.92,400.0,5303882,5255867,5303883,1,0,2014,-9223372036854775808
2021-11-30 09:39:11.070,300557.SZ,28.94,100.0,5364451,4245462,5364452,1,0,2014,-9223372036854775808
2021-11-30 09:39:12.230,300557.SZ,28.93,600.0,5341512,5371889,5371890,1,0,2014,-9223372036854775808
2021-11-30 09:39:16.610,300557.SZ,0.0,300.0,5338805,0,5405384,2,0,2014,-9223372036854775808
2021-11-30 09:39:16.730,300557.SZ,28.93,100.0,5341512,5406123,5406124,1,0,2014,-9223372036854775808
2021-11-30 09:39:16.730,300557.SZ,28.93,100.0,5383298,5406123,5406125,1,0,2014,-9223372036854775808
2021-11-30 09:39:17.980,300557.SZ,28.93,200.0,5404911,5413156,5413157,1,0,2014,-9223372036854775808
2021-11-30 09:39:18.450,300557.SZ,0.0,1000.0,0,4218094,5416015,2,0,2014,-9223372036854775808
2021-11-30 09:39:19.330,300557.SZ,28.93,100.0,5421646,5413156,5421647,1,0,2014,-9223372036854775808
2021-11-30 09:39:19.330,300557.SZ,28.94,100.0,5421646,4245462,5421648,1,0,2014,-9223372036854775808
2021-11-30 09:39:19.720,300557.SZ,28.94,100.0,5424028,4245462,5424029,1,0,2014,-9223372036854775808
2021-11-30 09:39:30.270,300557.SZ,28.92,100.0,5303882,5483092,5483093,1,0,2014,-9223372036854775808
2021-11-30 09:39:30.270,300557.SZ,28.92,600.0,5440541,5483092,5483094,1,0,2014,-9223372036854775808
2021-11-30 09:39:30.270,300557.SZ,28.92,500.0,5440557,5483092,5483095,1,0,2014,-9223372036854775808
2021-11-30 09:39:30.270,300557.SZ,28.92,100.0,5440907,5483092,5483096,1,0,2014,-9223372036854775808
2021-11-30 09:39:30.270,300557.SZ,28.92,200.0,5458292,5483092,5483097,1,0,2014,-9223372036854775808
2021-11-30 09:39:31.540,300557.SZ,28.92,100.0,5490456,5483092,5490457,1,0,2014,-9223372036854775808
2021-11-30 09:39:31.540,300557.SZ,28.92,100.0,5490565,5483092,5490566,1,0,2014,-9223372036854775808
2021-11-30 09:39:36.670,300557.SZ,28.92,500.0,5519752,5483092,5519753,1,0,2014,-9223372036854775808
2021-11-30 09:39:36.670,300557.SZ,28.93,200.0,5519752,5434033,5519754,1,0,2014,-9223372036854775808
2021-11-30 09:39:36.670,300557.SZ,28.93,500.0,5519752,5474141,5519755,1,0,2014,-9223372036854775808
2021-11-30 09:39:36.670,300557.SZ,28.93,100.0,5519752,5503381,5519756,1,0,2014,-9223372036854775808
2021-11-30 09:39:43.450,300557.SZ,28.93,200.0,5519752,5556730,5556731,1,0,2014,-9223372036854775808
2021-11-30 09:39:43.520,300557.SZ,0.0,100.0,5508281,0,5557045,2,0,2014,-9223372036854775808
2021-11-30 09:39:43.520,300557.SZ,0.0,100.0,5508304,0,5557066,2,0,2014,-9223372036854775808
2021-11-30 09:39:43.750,300557.SZ,28.94,400.0,5558139,4245462,5558140,1,0,2014,-9223372036854775808
2021-11-30 09:39:43.750,300557.SZ,28.94,700.0,5558139,4508145,5558141,1,0,2014,-9223372036854775808
2021-11-30 09:39:46.520,300557.SZ,0.0,100.0,5525761,0,5574218,2,0,2014,-9223372036854775808
2021-11-30 09:39:46.570,300557.SZ,0.0,100.0,5526313,0,5574508,2,0,2014,-9223372036854775808
2021-11-30 09:39:46.750,300557.SZ,0.0,100.0,0,5407534,5575358,2,0,2014,-9223372036854775808
2021-11-30 09:39:47.380,300557.SZ,28.93,300.0,5519752,5578499,5578500,1,0,2014,-9223372036854775808
2021-11-30 09:39:49.500,300557.SZ,0.0,100.0,5541362,0,5590237,2,0,2014,-9223372036854775808
2021-11-30 09:39:52.580,300557.SZ,0.0,900.0,5557401,0,5605812,2,0,2014,-9223372036854775808
2021-11-30 09:39:53.470,300557.SZ,28.94,300.0,5590238,5609544,5609545,1,0,2014,-9223372036854775808
2021-11-30 09:39:53.710,300557.SZ,28.94,100.0,5590238,5610509,5610510,1,0,2014,-9223372036854775808
2021-11-30 09:39:55.580,300557.SZ,0.0,100.0,5574509,0,5620085,2,0,2014,-9223372036854775808
2021-11-30 09:39:58.510,300557.SZ,28.95,100.0,5634175,4000338,5634176,1,0,2014,-9223372036854775808
2021-11-30 09:39:58.520,300557.SZ,28.95,100.0,5634236,4000338,5634237,1,0,2014,-9223372036854775808
2021-11-30 09:39:58.520,300557.SZ,28.95,200.0,5634236,4177282,5634238,1,0,2014,-9223372036854775808
2021-11-30 09:39:58.520,300557.SZ,0.0,400.0,5590238,0,5634239,2,0,2014,-9223372036854775808
2021-11-30 09:39:58.520,300557.SZ,28.95,200.0,5634246,4253277,5634247,1,0,2014,-9223372036854775808
2021-11-30 09:39:58.540,300557.SZ,28.95,200.0,5634348,4253277,5634349,1,0,2014,-9223372036854775808
2021-11-30 09:39:58.560,300557.SZ,28.95,100.0,5634406,4253277,5634407,1,0,2014,-9223372036854775808
2021-11-30 09:39:58.560,300557.SZ,28.95,100.0,5634406,5505780,5634408,1,0,2014,-9223372036854775808
2021-11-30 09:39:58.800,300557.SZ,28.96,100.0,5635509,3874885,5635510,1,0,2014,-9223372036854775808
2021-11-30 09:39:58.820,300557.SZ,28.96,1200.0,5635564,3874885,5635565,1,0,2014,-9223372036854775808
2021-11-30 09:39:58.820,300557.SZ,28.96,1600.0,5635564,3907872,5635566,1,0,2014,-9223372036854775808
2021-11-30 09:39:58.820,300557.SZ,28.96,1200.0,5635573,3907872,5635574,1,0,2014,-9223372036854775808
2021-11-30 09:39:58.850,300557.SZ,28.96,300.0,5635573,5635684,5635685,1,0,2014,-9223372036854775808
2021-11-30 09:39:58.950,300557.SZ,28.96,100.0,5635573,5636093,5636094,1,0,2014,-9223372036854775808
2021-11-30 09:39:58.970,300557.SZ,28.97,700.0,5636172,3348670,5636173,1,0,2014,-9223372036854775808
2021-11-30 09:39:58.970,300557.SZ,28.97,100.0,5636172,3579342,5636174,1,0,2014,-9223372036854775808
2021-11-30 09:39:58.970,300557.SZ,28.97,200.0,5636172,3950931,5636175,1,0,2014,-9223372036854775808
2021-11-30 09:39:58.970,300557.SZ,28.96,1700.0,5635573,5636204,5636205,1,0,2014,-9223372036854775808
2021-11-30 09:39:58.990,300557.SZ,28.97,500.0,5636273,3950931,5636274,1,0,2014,-9223372036854775808
2021-11-30 09:39:59.230,300557.SZ,28.98,500.0,5637572,2259902,5637573,1,0,2014,-9223372036854775808
2021-11-30 09:39:59.230,300557.SZ,28.98,200.0,5637572,2275110,5637574,1,0,2014,-9223372036854775808
2021-11-30 09:39:59.230,300557.SZ,28.98,400.0,5637572,2971168,5637575,1,0,2014,-9223372036854775808
2021-11-30 09:39:59.250,300557.SZ,28.98,200.0,5637644,2971168,5637645,1,0,2014,-9223372036854775808
2021-11-30 09:39:59.250,300557.SZ,28.98,200.0,5637644,3499752,5637646,1,0,2014,-9223372036854775808
2021-11-30 09:39:59.250,300557.SZ,28.98,500.0,5637644,4714222,5637647,1,0,2014,-9223372036854775808
2021-11-30 09:39:59.270,300557.SZ,0.0,100.0,5637664,0,5637744,2,0,2014,-9223372036854775808
2021-11-30 09:39:59.270,300557.SZ,0.0,100.0,5637670,0,5637746,2,0,2014,-9223372036854775808
2021-11-30 09:39:59.390,300557.SZ,28.98,500.0,5638263,4714222,5638264,1,0,2014,-9223372036854775808
2021-11-30 09:39:59.390,300557.SZ,0.0,100.0,5637754,0,5638276,2,0,2014,-9223372036854775808
2021-11-30 09:39:59.390,300557.SZ,28.99,500.0,5638277,3115830,5638278,1,0,2014,-9223372036854775808
2021-11-30 09:39:59.390,300557.SZ,28.99,400.0,5638277,3209212,5638279,1,0,2014,-9223372036854775808
2021-11-30 09:39:59.390,300557.SZ,28.99,300.0,5638277,3403149,5638280,1,0,2014,-9223372036854775808
2021-11-30 09:39:59.390,300557.SZ,28.99,200.0,5638277,4616863,5638281,1,0,2014,-9223372036854775808
2021-11-30 09:39:59.400,300557.SZ,0.0,100.0,5637759,0,5638291,2,0,2014,-9223372036854775808
2021-11-30 09:39:59.400,300557.SZ,0.0,100.0,5638290,0,5638294,2,0,2014,-9223372036854775808
2021-11-30 09:39:59.400,300557.SZ,29.0,100.0,5638303,48575,5638304,1,0,2014,-9223372036854775808
2021-11-30 09:39:59.400,300557.SZ,0.0,100.0,5638298,0,5638307,2,0,2014,-9223372036854775808
2021-11-30 09:39:59.400,300557.SZ,29.0,200.0,5638309,48575,5638310,1,0,2014,-9223372036854775808
2021-11-30 09:39:59.400,300557.SZ,29.0,400.0,5638309,102405,5638311,1,0,2014,-9223372036854775808
2021-11-30 09:39:59.400,300557.SZ,29.0,400.0,5638309,105928,5638312,1,0,2014,-9223372036854775808
2021-11-30 09:39:59.400,300557.SZ,29.0,300.0,5638309,124167,5638313,1,0,2014,-9223372036854775808
2021-11-30 09:39:59.400,300557.SZ,29.0,300.0,5638309,129961,5638314,1,0,2014,-9223372036854775808
2021-11-30 09:39:59.400,300557.SZ,29.0,100.0,5638309,3615777,5638315,1,0,2014,-9223372036854775808
2021-11-30 09:39:59.400,300557.SZ,29.0,500.0,5638309,4975582,5638316,1,0,2014,-9223372036854775808
2021-11-30 09:39:59.400,300557.SZ,29.0,300.0,5638309,5318759,5638317,1,0,2014,-9223372036854775808
2021-11-30 09:39:59.410,300557.SZ,0.0,100.0,5638325,0,5638343,2,0,2014,-9223372036854775808
2021-11-30 09:39:59.410,300557.SZ,29.05,100.0,5638352,3994561,5638353,1,0,2014,-9223372036854775808
2021-11-30 09:39:59.570,300557.SZ,29.05,100.0,5639001,3994561,5639002,1,0,2014,-9223372036854775808
2021-11-30 09:39:59.700,300557.SZ,29.05,100.0,5639523,3994561,5639524,1,0,2014,-9223372036854775808
2021-11-30 09:39:59.780,300557.SZ,29.05,100.0,5639822,3994561,5639823,1,0,2014,-9223372036854775808
2021-11-30 09:39:59.790,300557.SZ,29.05,100.0,5639827,3994561,5639828,1,0,2014,-9223372036854775808
2021-11-30 09:39:59.790,300557.SZ,0.0,700.0,5638320,0,5639863,2,0,2014,-9223372036854775808
2021-11-30 09:39:59.910,300557.SZ,29.05,100.0,5639829,5640554,5640555,1,0,2014,-9223372036854775808
2021-11-30 09:39:59.910,300557.SZ,29.05,100.0,5639830,5640554,5640556,1,0,2014,-9223372036854775808
2021-11-30 09:39:59.910,300557.SZ,29.05,100.0,5639831,5640554,5640557,1,0,2014,-9223372036854775808
2021-11-30 09:39:59.910,300557.SZ,29.05,100.0,5639832,5640554,5640558,1,0,2014,-9223372036854775808
2021-11-30 09:39:59.910,300557.SZ,29.05,100.0,5639833,5640554,5640559,1,0,2014,-9223372036854775808
2021-11-30 09:39:59.910,300557.SZ,29.05,100.0,5639836,5640554,5640560,1,0,2014,-9223372036854775808
2021-11-30 09:39:59.910,300557.SZ,29.01,600.0,5639815,5640554,5640561,1,0,2014,-9223372036854775808
2021-11-30 09:39:59.910,300557.SZ,29.0,1800.0,5638324,5640554,5640562,1,0,2014,-9223372036854775808
2021-11-30 09:39:59.910,300557.SZ,29.0,1100.0,5638326,5640554,5640563,1,0,2014,-9223372036854775808
2021-11-30 09:39:59.910,300557.SZ,28.98,500.0,5638263,5640554,5640564,1,0,2014,-9223372036854775808
2021-11-30 09:39:59.910,300557.SZ,28.98,400.0,5638267,5640554,5640565,1,0,2014,-9223372036854775808
2021-11-30 09:40:00.120,300557.SZ,0.0,800.0,5446913,0,5642112,2,0,2014,-9223372036854775808
2021-11-30 09:40:01.510,300557.SZ,0.0,200.0,5605511,0,5651426,2,0,2014,-9223372036854775808
2021-11-30 09:40:03.040,300557.SZ,0.0,100.0,5642198,0,5661030,2,0,2014,-9223372036854775808
2021-11-30 09:40:03.050,300557.SZ,0.0,1400.0,5637740,0,5661147,2,0,2014,-9223372036854775808
2021-11-30 09:40:03.060,300557.SZ,0.0,100.0,5642190,0,5661171,2,0,2014,-9223372036854775808
2021-11-30 09:40:03.130,300557.SZ,0.0,200.0,5642964,0,5661841,2,0,2014,-9223372036854775808
2021-11-30 09:40:03.540,300557.SZ,29.09,300.0,5663969,25260,5663970,1,0,2014,-9223372036854775808
2021-11-30 09:40:03.540,300557.SZ,29.09,300.0,5663969,25277,5663971,1,0,2014,-9223372036854775808
2021-11-30 09:40:03.540,300557.SZ,29.09,500.0,5663969,3937294,5663972,1,0,2014,-9223372036854775808
2021-11-30 09:40:04.580,300557.SZ,0.0,100.0,5620207,0,5672731,2,0,2014,-9223372036854775808
2021-11-30 09:40:06.700,300557.SZ,0.0,600.0,5660986,0,5685812,2,0,2014,-9223372036854775808
2021-11-30 09:40:06.720,300557.SZ,0.0,100.0,5596000,0,5685947,2,0,2014,-9223372036854775808
2021-11-30 09:40:06.780,300557.SZ,0.0,700.0,5635573,0,5686699,2,0,2014,-9223372036854775808
2021-11-30 09:40:06.830,300557.SZ,0.0,2000.0,4468092,0,5687079,2,0,2014,-9223372036854775808
2021-11-30 09:40:07.230,300557.SZ,29.1,200.0,5685117,5691959,5691960,1,0,2014,-9223372036854775808
2021-11-30 09:40:09.870,300557.SZ,0.0,800.0,5646250,0,5714060,2,0,2014,-9223372036854775808
2021-11-30 09:40:10.170,300557.SZ,29.1,300.0,5685117,5717584,5717585,1,0,2014,-9223372036854775808
2021-11-30 09:40:10.500,300557.SZ,0.0,200.0,5642168,0,5720929,2,0,2014,-9223372036854775808
2021-11-30 09:40:10.520,300557.SZ,0.0,100.0,5651397,0,5721031,2,0,2014,-9223372036854775808
2021-11-30 09:40:10.570,300557.SZ,29.12,200.0,5721594,4227880,5721595,1,0,2014,-9223372036854775808
2021-11-30 09:40:10.760,300557.SZ,29.12,400.0,5722806,4227880,5722807,1,0,2014,-9223372036854775808
2021-11-30 09:40:11.600,300557.SZ,0.0,2200.0,5013028,0,5729062,2,0,2014,-9223372036854775808
2021-11-30 09:40:13.830,300557.SZ,0.0,300.0,5672732,0,5745002,2,0,2014,-9223372036854775808
2021-11-30 09:40:14.660,300557.SZ,0.0,700.0,5638267,0,5750446,2,0,2014,-9223372036854775808
2021-11-30 09:40:14.670,300557.SZ,0.0,1100.0,5638272,0,5750545,2,0,2014,-9223372036854775808
2021-11-30 09:40:14.850,300557.SZ,0.0,100.0,0,5751174,5751684,2,0,2014,-9223372036854775808
2021-11-30 09:40:14.860,300557.SZ,0.0,700.0,0,5750828,5751706,2,0,2014,-9223372036854775808
2021-11-30 09:40:14.870,300557.SZ,0.0,200.0,0,5750847,5751769,2,0,2014,-9223372036854775808
2021-11-30 09:40:14.880,300557.SZ,0.0,200.0,0,5751411,5751854,2,0,2014,-9223372036854775808
2021-11-30 09:40:14.900,300557.SZ,0.0,700.0,0,5751494,5752020,2,0,2014,-9223372036854775808
2021-11-30 09:40:14.900,300557.SZ,0.0,200.0,0,5751497,5752023,2,0,2014,-9223372036854775808
2021-11-30 09:40:15.040,300557.SZ,0.0,100.0,5672024,0,5753136,2,0,2014,-9223372036854775808
2021-11-30 09:40:15.040,300557.SZ,0.0,100.0,5672025,0,5753138,2,0,2014,-9223372036854775808
2021-11-30 09:40:15.060,300557.SZ,0.0,100.0,0,5745045,5753297,2,0,2014,-9223372036854775808
2021-11-30 09:40:15.240,300557.SZ,0.0,200.0,0,5751031,5755539,2,0,2014,-9223372036854775808
2021-11-30 09:40:15.470,300557.SZ,0.0,200.0,5672535,0,5756909,2,0,2014,-9223372036854775808
2021-11-30 09:40:16.240,300557.SZ,0.0,100.0,0,5753303,5763041,2,0,2014,-9223372036854775808
2021-11-30 09:40:16.300,300557.SZ,0.0,400.0,0,5755356,5763515,2,0,2014,-9223372036854775808
2021-11-30 09:40:16.300,300557.SZ,0.0,400.0,0,5755398,5763533,2,0,2014,-9223372036854775808
2021-11-30 09:40:16.310,300557.SZ,0.0,1300.0,0,5755484,5763575,2,0,2014,-9223372036854775808
2021-11-30 09:40:16.630,300557.SZ,0.0,800.0,5652287,0,5766418,2,0,2014,-9223372036854775808
2021-11-30 09:40:16.740,300557.SZ,0.0,800.0,5721610,0,5767312,2,0,2014,-9223372036854775808
2021-11-30 09:40:16.760,300557.SZ,0.0,300.0,5661316,0,5767390,2,0,2014,-9223372036854775808
2021-11-30 09:40:16.810,300557.SZ,0.0,500.0,0,5763573,5767701,2,0,2014,-9223372036854775808
2021-11-30 09:40:16.830,300557.SZ,0.0,500.0,0,5767834,5767918,2,0,2014,-9223372036854775808
2021-11-30 09:40:16.840,300557.SZ,29.1,100.0,5697097,5767927,5767928,1,0,2014,-9223372036854775808
2021-11-30 09:40:16.840,300557.SZ,29.1,200.0,5720930,5767927,5767929,1,0,2014,-9223372036854775808
2021-11-30 09:40:16.860,300557.SZ,0.0,600.0,5695903,0,5768007,2,0,2014,-9223372036854775808
2021-11-30 09:40:16.890,300557.SZ,0.0,200.0,0,5763546,5768154,2,0,2014,-9223372036854775808
2021-11-30 09:40:16.900,300557.SZ,0.0,1000.0,0,5763604,5768199,2,0,2014,-9223372036854775808
2021-11-30 09:40:17.130,300557.SZ,29.09,200.0,5727647,5769863,5769864,1,0,2014,-9223372036854775808
2021-11-30 09:40:17.130,300557.SZ,29.09,400.0,5727647,5769889,5769890,1,0,2014,-9223372036854775808
2021-11-30 09:40:17.220,300557.SZ,0.0,300.0,5648930,0,5770461,2,0,2014,-9223372036854775808
2021-11-30 09:40:17.430,300557.SZ,29.09,100.0,5771762,5769898,5771763,1,0,2014,-9223372036854775808
2021-11-30 09:40:17.430,300557.SZ,29.09,100.0,5771762,5770285,5771764,1,0,2014,-9223372036854775808
2021-11-30 09:40:17.430,300557.SZ,29.09,100.0,5771762,5770290,5771765,1,0,2014,-9223372036854775808
2021-11-30 09:40:17.430,300557.SZ,29.09,300.0,5771762,5770387,5771766,1,0,2014,-9223372036854775808
2021-11-30 09:40:17.430,300557.SZ,29.1,200.0,5771762,5771784,5771785,1,0,2014,-9223372036854775808
2021-11-30 09:40:17.950,300557.SZ,0.0,200.0,0,5771875,5774176,2,0,2014,-9223372036854775808
2021-11-30 09:40:18.650,300557.SZ,0.0,500.0,5664553,0,5778678,2,0,2014,-9223372036854775808
2021-11-30 09:40:19.760,300557.SZ,0.0,800.0,0,5768255,5787431,2,0,2014,-9223372036854775808
2021-11-30 09:40:19.770,300557.SZ,0.0,300.0,0,5767710,5787440,2,0,2014,-9223372036854775808
2021-11-30 09:40:19.800,300557.SZ,0.0,300.0,5645023,0,5787578,2,0,2014,-9223372036854775808
2021-11-30 09:40:19.810,300557.SZ,0.0,300.0,0,5768354,5787674,2,0,2014,-9223372036854775808
2021-11-30 09:40:20.030,300557.SZ,29.05,400.0,5772622,5788994,5788995,1,0,2014,-9223372036854775808
2021-11-30 09:40:20.100,300557.SZ,0.0,500.0,0,5787450,5789614,2,0,2014,-9223372036854775808
2021-11-30 09:40:20.100,300557.SZ,0.0,100.0,0,5787497,5789616,2,0,2014,-9223372036854775808
2021-11-30 09:40:20.450,300557.SZ,29.05,600.0,5772622,5792038,5792039,1,0,2014,-9223372036854775808
2021-11-30 09:40:20.600,300557.SZ,29.09,800.0,5792843,5789621,5792844,1,0,2014,-9223372036854775808
2021-11-30 09:40:20.600,300557.SZ,29.09,100.0,5792843,5789622,5792845,1,0,2014,-9223372036854775808
2021-11-30 09:40:20.600,300557.SZ,29.09,200.0,5792843,5789628,5792846,1,0,2014,-9223372036854775808
2021-11-30 09:40:20.600,300557.SZ,29.09,400.0,5792843,5789872,5792847,1,0,2014,-9223372036854775808
2021-11-30 09:40:20.600,300557.SZ,29.1,400.0,5792843,5783000,5792848,1,0,2014,-9223372036854775808
2021-11-30 09:40:20.600,300557.SZ,29.1,200.0,5792843,5786939,5792849,1,0,2014,-9223372036854775808
2021-11-30 09:40:20.610,300557.SZ,29.12,100.0,5792843,5792867,5792868,1,0,2014,-9223372036854775808
2021-11-30 09:40:20.760,300557.SZ,29.11,100.0,5793834,5793402,5793835,1,0,2014,-9223372036854775808
2021-11-30 09:40:21.120,300557.SZ,0.0,100.0,0,5792956,5795834,2,0,2014,-9223372036854775808
2021-11-30 09:40:21.240,300557.SZ,0.0,100.0,0,5793402,5796724,2,0,2014,-9223372036854775808
2021-11-30 09:40:21.240,300557.SZ,0.0,300.0,0,5793447,5796726,2,0,2014,-9223372036854775808
2021-11-30 09:40:23.290,300557.SZ,29.09,100.0,5810156,5796766,5810157,1,0,2014,-9223372036854775808
2021-11-30 09:40:23.290,300557.SZ,29.09,100.0,5810156,5796823,5810158,1,0,2014,-9223372036854775808
2021-11-30 09:40:24.140,300557.SZ,29.09,200.0,5815441,5796823,5815442,1,0,2014,-9223372036854775808
2021-11-30 09:40:25.490,300557.SZ,29.05,100.0,5805505,5825122,5825123,1,0,2014,-9223372036854775808
2021-11-30 09:40:30.310,300557.SZ,0.0,1000.0,0,5756709,5855697,2,0,2014,-9223372036854775808
2021-11-30 09:40:31.600,300557.SZ,0.0,100.0,5805505,0,5863250,2,0,2014,-9223372036854775808
2021-11-30 09:40:31.640,300557.SZ,0.0,400.0,0,5763002,5863464,2,0,2014,-9223372036854775808
2021-11-30 09:40:32.040,300557.SZ,0.0,100.0,0,5767361,5866061,2,0,2014,-9223372036854775808
2021-11-30 09:40:33.270,300557.SZ,29.02,100.0,5661287,5873011,5873012,1,0,2014,-9223372036854775808
2021-11-30 09:40:33.270,300557.SZ,29.02,100.0,5661842,5873011,5873013,1,0,2014,-9223372036854775808
2021-11-30 09:40:33.290,300557.SZ,0.0,200.0,0,5755542,5873055,2,0,2014,-9223372036854775808
2021-11-30 09:40:33.290,300557.SZ,29.02,100.0,5825748,5873060,5873061,1,0,2014,-9223372036854775808
2021-11-30 09:40:34.580,300557.SZ,0.0,100.0,5825748,0,5881176,2,0,2014,-9223372036854775808
2021-11-30 09:40:34.580,300557.SZ,29.05,200.0,5881177,5872910,5881178,1,0,2014,-9223372036854775808
2021-11-30 09:40:34.590,300557.SZ,29.0,100.0,5648754,5881293,5881294,1,0,2014,-9223372036854775808
2021-11-30 09:40:34.590,300557.SZ,29.0,100.0,5648754,5881295,5881296,1,0,2014,-9223372036854775808
2021-11-30 09:40:34.590,300557.SZ,0.0,200.0,0,5873053,5881316,2,0,2014,-9223372036854775808
2021-11-30 09:40:34.590,300557.SZ,0.0,100.0,0,5755585,5881321,2,0,2014,-9223372036854775808
2021-11-30 09:40:34.590,300557.SZ,0.0,100.0,0,5751601,5881322,2,0,2014,-9223372036854775808
2021-11-30 09:40:34.590,300557.SZ,29.0,300.0,5648754,5881323,5881324,1,0,2014,-9223372036854775808
2021-11-30 09:40:34.590,300557.SZ,29.0,300.0,5820437,5881323,5881325,1,0,2014,-9223372036854775808
2021-11-30 09:40:34.600,300557.SZ,29.0,200.0,5820437,5881355,5881356,1,0,2014,-9223372036854775808
2021-11-30 09:40:34.600,300557.SZ,29.0,200.0,5820437,5881358,5881359,1,0,2014,-9223372036854775808
2021-11-30 09:40:34.600,300557.SZ,29.0,4300.0,5820437,5881381,5881382,1,0,2014,-9223372036854775808
2021-11-30 09:40:34.630,300557.SZ,0.0,300.0,5881425,0,5881505,2,0,2014,-9223372036854775808
2021-11-30 09:40:34.630,300557.SZ,0.0,800.0,5881422,0,5881506,2,0,2014,-9223372036854775808
2021-11-30 09:40:34.630,300557.SZ,0.0,1000.0,5881423,0,5881507,2,0,2014,-9223372036854775808
2021-11-30 09:40:34.630,300557.SZ,0.0,1000.0,5881424,0,5881508,2,0,2014,-9223372036854775808
2021-11-30 09:40:34.630,300557.SZ,0.0,600.0,5881426,0,5881509,2,0,2014,-9223372036854775808
2021-11-30 09:40:34.630,300557.SZ,0.0,3700.0,5881429,0,5881510,2,0,2014,-9223372036854775808
2021-11-30 09:40:34.630,300557.SZ,0.0,800.0,5881427,0,5881511,2,0,2014,-9223372036854775808
2021-11-30 09:40:34.630,300557.SZ,0.0,1200.0,5881430,0,5881512,2,0,2014,-9223372036854775808
2021-11-30 09:40:34.630,300557.SZ,0.0,1200.0,5881431,0,5881513,2,0,2014,-9223372036854775808
2021-11-30 09:40:34.630,300557.SZ,0.0,500.0,5881432,0,5881514,2,0,2014,-9223372036854775808
2021-11-30 09:40:34.840,300557.SZ,29.0,200.0,5882480,5881381,5882481,1,0,2014,-9223372036854775808
2021-11-30 09:40:34.840,300557.SZ,29.0,100.0,5882480,5881400,5882482,1,0,2014,-9223372036854775808
2021-11-30 09:40:34.840,300557.SZ,29.0,100.0,5882480,5881484,5882483,1,0,2014,-9223372036854775808
2021-11-30 09:40:34.840,300557.SZ,29.05,200.0,5882480,5872910,5882484,1,0,2014,-9223372036854775808
2021-11-30 09:40:35.010,300557.SZ,0.0,800.0,5882492,0,5883394,2,0,2014,-9223372036854775808
2021-11-30 09:40:35.010,300557.SZ,0.0,1000.0,5882495,0,5883395,2,0,2014,-9223372036854775808
2021-11-30 09:40:35.010,300557.SZ,0.0,1000.0,5882496,0,5883396,2,0,2014,-9223372036854775808
2021-11-30 09:40:35.010,300557.SZ,0.0,600.0,5882497,0,5883397,2,0,2014,-9223372036854775808
2021-11-30 09:40:35.010,300557.SZ,0.0,300.0,5882491,0,5883398,2,0,2014,-9223372036854775808
2021-11-30 09:40:35.010,300557.SZ,0.0,3700.0,5882498,0,5883399,2,0,2014,-9223372036854775808
2021-11-30 09:40:35.010,300557.SZ,0.0,800.0,5882499,0,5883400,2,0,2014,-9223372036854775808
2021-11-30 09:40:35.010,300557.SZ,0.0,1200.0,5882500,0,5883401,2,0,2014,-9223372036854775808
2021-11-30 09:40:35.010,300557.SZ,0.0,1200.0,5882501,0,5883402,2,0,2014,-9223372036854775808
2021-11-30 09:40:35.010,300557.SZ,0.0,500.0,5882502,0,5883403,2,0,2014,-9223372036854775808
2021-11-30 09:40:36.220,300557.SZ,0.0,300.0,0,5796419,5890117,2,0,2014,-9223372036854775808
2021-11-30 09:40:37.020,300557.SZ,0.0,200.0,0,5873056,5894826,2,0,2014,-9223372036854775808
2021-11-30 09:40:37.570,300557.SZ,29.02,400.0,5898838,5887114,5898839,1,0,2014,-9223372036854775808
2021-11-30 09:40:37.570,300557.SZ,29.02,100.0,5898838,5887202,5898840,1,0,2014,-9223372036854775808
2021-11-30 09:40:39.500,300557.SZ,0.0,500.0,0,5816314,5908510,2,0,2014,-9223372036854775808
2021-11-30 09:40:39.740,300557.SZ,29.02,200.0,5909778,5894841,5909779,1,0,2014,-9223372036854775808
2021-11-30 09:40:39.740,300557.SZ,29.02,100.0,5909778,5906332,5909780,1,0,2014,-9223372036854775808
2021-11-30 09:40:39.740,300557.SZ,29.05,4600.0,5909778,5872910,5909781,1,0,2014,-9223372036854775808
2021-11-30 09:40:39.740,300557.SZ,29.09,500.0,5909778,5894560,5909782,1,0,2014,-9223372036854775808
2021-11-30 09:40:39.740,300557.SZ,29.1,100.0,5909778,5909788,5909789,1,0,2014,-9223372036854775808
2021-11-30 09:40:40.250,300557.SZ,0.0,100.0,0,5909922,5913241,2,0,2014,-9223372036854775808
2021-11-30 09:40:43.880,300557.SZ,29.05,800.0,5913722,5934239,5934240,1,0,2014,-9223372036854775808
2021-11-30 09:40:43.890,300557.SZ,0.0,200.0,0,5922098,5934267,2,0,2014,-9223372036854775808
2021-11-30 09:40:43.890,300557.SZ,0.0,100.0,0,5922099,5934268,2,0,2014,-9223372036854775808
2021-11-30 09:40:43.890,300557.SZ,29.05,100.0,5913722,5934269,5934270,1,0,2014,-9223372036854775808
2021-11-30 09:40:43.890,300557.SZ,29.05,200.0,5913722,5934271,5934272,1,0,2014,-9223372036854775808
2021-11-30 09:40:43.910,300557.SZ,0.0,100.0,0,5922170,5934364,2,0,2014,-9223372036854775808
2021-11-30 09:40:43.910,300557.SZ,29.05,100.0,5913722,5934367,5934368,1,0,2014,-9223372036854775808
2021-11-30 09:40:43.920,300557.SZ,29.05,100.0,5913722,5934385,5934386,1,0,2014,-9223372036854775808
2021-11-30 09:40:43.920,300557.SZ,29.05,600.0,5913722,5934418,5934419,1,0,2014,-9223372036854775808
2021-11-30 09:40:43.950,300557.SZ,29.05,200.0,5913722,5934509,5934510,1,0,2014,-9223372036854775808
2021-11-30 09:40:44.340,300557.SZ,29.05,1400.0,5913722,5936495,5936496,1,0,2014,-9223372036854775808
2021-11-30 09:40:45.150,300557.SZ,29.05,1000.0,5913722,5940318,5940319,1,0,2014,-9223372036854775808
2021-11-30 09:40:46.330,300557.SZ,29.09,700.0,5946792,5910505,5946793,1,0,2014,-9223372036854775808
2021-11-30 09:40:46.330,300557.SZ,29.1,200.0,5946792,5921996,5946794,1,0,2014,-9223372036854775808
2021-11-30 09:40:46.330,300557.SZ,29.1,100.0,5946792,5946932,5946933,1,0,2014,-9223372036854775808
2021-11-30 09:40:46.340,300557.SZ,0.0,900.0,0,5750900,5946959,2,0,2014,-9223372036854775808
2021-11-30 09:40:46.350,300557.SZ,29.1,200.0,5946792,5947052,5947053,1,0,2014,-9223372036854775808
2021-11-30 09:40:46.350,300557.SZ,29.1,600.0,5946792,5947065,5947066,1,0,2014,-9223372036854775808
2021-11-30 09:40:47.740,300557.SZ,29.1,100.0,5946792,5955156,5955157,1,0,2014,-9223372036854775808
2021-11-30 09:40:47.920,300557.SZ,29.11,100.0,5955976,5850814,5955977,1,0,2014,-9223372036854775808
2021-11-30 09:40:49.190,300557.SZ,29.1,100.0,5946792,5963515,5963516,1,0,2014,-9223372036854775808
2021-11-30 09:40:49.260,300557.SZ,0.0,300.0,0,5956941,5963929,2,0,2014,-9223372036854775808
2021-11-30 09:40:49.510,300557.SZ,0.0,300.0,0,5964210,5965497,2,0,2014,-9223372036854775808
2021-11-30 09:40:50.060,300557.SZ,0.0,300.0,0,5965654,5968446,2,0,2014,-9223372036854775808
2021-11-30 09:40:50.080,300557.SZ,29.05,300.0,5913722,5968551,5968552,1,0,2014,-9223372036854775808
2021-11-30 09:40:50.780,300557.SZ,29.06,100.0,5971625,5968238,5971626,1,0,2014,-9223372036854775808
2021-11-30 09:40:51.950,300557.SZ,0.0,500.0,0,5850814,5977538,2,0,2014,-9223372036854775808
2021-11-30 09:40:53.130,300557.SZ,29.06,100.0,5984173,5973534,5984174,1,0,2014,-9223372036854775808
2021-11-30 09:40:53.130,300557.SZ,29.07,200.0,5984173,5966277,5984175,1,0,2014,-9223372036854775808
2021-11-30 09:40:53.130,300557.SZ,29.07,300.0,5984173,5966654,5984176,1,0,2014,-9223372036854775808
2021-11-30 09:40:53.130,300557.SZ,29.08,400.0,5984173,5965294,5984177,1,0,2014,-9223372036854775808
2021-11-30 09:40:54.510,300557.SZ,29.05,200.0,5913722,5990770,5990771,1,0,2014,-9223372036854775808
2021-11-30 09:40:56.050,300557.SZ,29.05,800.0,5999141,5990770,5999142,1,0,2014,-9223372036854775808
2021-11-30 09:40:56.050,300557.SZ,29.05,2000.0,5999141,5995483,5999143,1,0,2014,-9223372036854775808
2021-11-30 09:40:56.170,300557.SZ,29.05,400.0,5999141,5999783,5999784,1,0,2014,-9223372036854775808
2021-11-30 09:40:56.530,300557.SZ,29.05,1000.0,5999141,6001762,6001763,1,0,2014,-9223372036854775808
2021-11-30 09:41:04.400,300557.SZ,0.0,200.0,0,5963515,6049738,2,0,2014,-9223372036854775808
2021-11-30 09:41:06.070,300557.SZ,29.06,2200.0,6002013,6061027,6061028,1,0,2014,-9223372036854775808
2021-11-30 09:41:06.070,300557.SZ,29.06,300.0,6032536,6061027,6061029,1,0,2014,-9223372036854775808
2021-11-30 09:41:07.830,300557.SZ,29.06,1200.0,6032536,6075683,6075684,1,0,2014,-9223372036854775808
2021-11-30 09:41:07.830,300557.SZ,29.05,800.0,5999141,6075699,6075700,1,0,2014,-9223372036854775808
2021-11-30 09:41:07.840,300557.SZ,28.95,100.0,5883385,6075769,6075770,1,0,2014,-9223372036854775808
2021-11-30 09:41:07.860,300557.SZ,0.0,300.0,0,6075797,6075894,2,0,2014,-9223372036854775808
2021-11-30 09:41:07.860,300557.SZ,0.0,200.0,0,6075796,6075897,2,0,2014,-9223372036854775808
2021-11-30 09:41:07.880,300557.SZ,0.0,300.0,0,6075896,6076006,2,0,2014,-9223372036854775808
2021-11-30 09:41:07.880,300557.SZ,28.95,300.0,5883385,6076008,6076009,1,0,2014,-9223372036854775808
2021-11-30 09:41:07.900,300557.SZ,28.95,300.0,5883385,6076109,6076110,1,0,2014,-9223372036854775808
2021-11-30 09:41:07.920,300557.SZ,28.95,100.0,5883385,6076208,6076209,1,0,2014,-9223372036854775808
2021-11-30 09:41:07.950,300557.SZ,28.95,100.0,5883385,6076402,6076403,1,0,2014,-9223372036854775808
2021-11-30 09:41:08.110,300557.SZ,0.0,600.0,0,5965294,6077888,2,0,2014,-9223372036854775808
2021-11-30 09:41:08.110,300557.SZ,0.0,200.0,0,6075898,6077915,2,0,2014,-9223372036854775808
2021-11-30 09:41:08.110,300557.SZ,28.95,200.0,5883385,6077916,6077917,1,0,2014,-9223372036854775808
2021-11-30 09:41:08.130,300557.SZ,0.0,100.0,0,6077667,6078005,2,0,2014,-9223372036854775808
2021-11-30 09:41:08.130,300557.SZ,0.0,100.0,0,6075790,6078010,2,0,2014,-9223372036854775808
2021-11-30 09:41:08.140,300557.SZ,0.0,100.0,0,6078009,6078114,2,0,2014,-9223372036854775808
2021-11-30 09:41:08.280,300557.SZ,0.0,100.0,0,6078118,6079174,2,0,2014,-9223372036854775808
2021-11-30 09:41:08.370,300557.SZ,0.0,100.0,0,6076190,6079791,2,0,2014,-9223372036854775808
2021-11-30 09:41:08.370,300557.SZ,0.0,200.0,0,6076174,6079802,2,0,2014,-9223372036854775808
2021-11-30 09:41:08.370,300557.SZ,0.0,600.0,0,6076173,6079807,2,0,2014,-9223372036854775808
2021-11-30 09:41:13.490,300557.SZ,0.0,200.0,5597415,0,6115283,2,0,2014,-9223372036854775808
2021-11-30 09:41:13.490,300557.SZ,0.0,100.0,5619584,0,6115284,2,0,2014,-9223372036854775808
2021-11-30 09:41:13.490,300557.SZ,0.0,100.0,5619595,0,6115291,2,0,2014,-9223372036854775808
2021-11-30 09:41:16.650,300557.SZ,0.0,100.0,0,6078748,6135392,2,0,2014,-9223372036854775808
2021-11-30 09:41:16.650,300557.SZ,0.0,300.0,0,6078749,6135393,2,0,2014,-9223372036854775808
2021-11-30 09:41:16.650,300557.SZ,0.0,500.0,0,6078756,6135399,2,0,2014,-9223372036854775808
2021-11-30 09:41:21.710,300557.SZ,0.0,100.0,0,6083723,6162911,2,0,2014,-9223372036854775808
2021-11-30 09:41:22.650,300557.SZ,0.0,200.0,0,6135500,6168965,2,0,2014,-9223372036854775808
2021-11-30 09:41:22.650,300557.SZ,0.0,100.0,0,6135499,6168971,2,0,2014,-9223372036854775808
2021-11-30 09:41:22.660,300557.SZ,0.0,600.0,0,6135400,6169022,2,0,2014,-9223372036854775808
2021-11-30 09:41:23.340,300557.SZ,28.96,100.0,6162832,6172386,6172387,1,0,2014,-9223372036854775808
2021-11-30 09:41:23.340,300557.SZ,28.95,700.0,5883385,6172386,6172388,1,0,2014,-9223372036854775808
2021-11-30 09:41:23.340,300557.SZ,0.0,700.0,0,6077938,6172400,2,0,2014,-9223372036854775808
2021-11-30 09:41:23.400,300557.SZ,0.0,300.0,0,6169013,6172680,2,0,2014,-9223372036854775808
2021-11-30 09:41:23.400,300557.SZ,0.0,900.0,6172398,0,6172687,2,0,2014,-9223372036854775808
2021-11-30 09:41:23.400,300557.SZ,0.0,1000.0,6172399,0,6172688,2,0,2014,-9223372036854775808
2021-11-30 09:41:23.400,300557.SZ,0.0,800.0,6172396,0,6172694,2,0,2014,-9223372036854775808
2021-11-30 09:41:23.400,300557.SZ,0.0,1000.0,6172397,0,6172695,2,0,2014,-9223372036854775808
2021-11-30 09:41:23.410,300557.SZ,0.0,100.0,0,6169031,6172724,2,0,2014,-9223372036854775808
2021-11-30 09:41:23.410,300557.SZ,0.0,500.0,0,6169019,6172725,2,0,2014,-9223372036854775808
2021-11-30 09:41:23.410,300557.SZ,0.0,800.0,6172689,0,6172738,2,0,2014,-9223372036854775808
2021-11-30 09:41:23.410,300557.SZ,0.0,1200.0,6172693,0,6172739,2,0,2014,-9223372036854775808
2021-11-30 09:41:23.410,300557.SZ,0.0,1000.0,6172692,0,6172740,2,0,2014,-9223372036854775808
2021-11-30 09:41:23.410,300557.SZ,0.0,2000.0,6172690,0,6172741,2,0,2014,-9223372036854775808
2021-11-30 09:41:24.180,300557.SZ,28.94,200.0,6176559,6172737,6176560,1,0,2014,-9223372036854775808
2021-11-30 09:41:24.180,300557.SZ,28.94,100.0,6176561,6172744,6176562,1,0,2014,-9223372036854775808
2021-11-30 09:41:24.190,300557.SZ,0.0,1000.0,6172734,0,6176635,2,0,2014,-9223372036854775808
2021-11-30 09:41:24.190,300557.SZ,0.0,900.0,6172733,0,6176636,2,0,2014,-9223372036854775808
2021-11-30 09:41:24.190,300557.SZ,0.0,800.0,6172735,0,6176637,2,0,2014,-9223372036854775808
2021-11-30 09:41:24.190,300557.SZ,0.0,1000.0,6172736,0,6176638,2,0,2014,-9223372036854775808
2021-11-30 09:41:24.290,300557.SZ,0.0,3700.0,6176575,0,6177121,2,0,2014,-9223372036854775808
2021-11-30 09:41:24.290,300557.SZ,0.0,1200.0,6176579,0,6177122,2,0,2014,-9223372036854775808
2021-11-30 09:41:24.290,300557.SZ,0.0,1200.0,6176577,0,6177124,2,0,2014,-9223372036854775808
2021-11-30 09:41:24.290,300557.SZ,0.0,800.0,6176576,0,6177125,2,0,2014,-9223372036854775808
2021-11-30 09:41:24.290,300557.SZ,0.0,500.0,6176578,0,6177126,2,0,2014,-9223372036854775808
2021-11-30 09:41:24.790,300557.SZ,28.94,500.0,6179370,6172744,6179371,1,0,2014,-9223372036854775808
2021-11-30 09:41:24.790,300557.SZ,28.94,100.0,6179370,6172816,6179372,1,0,2014,-9223372036854775808
2021-11-30 09:41:24.790,300557.SZ,28.95,300.0,6179370,6172386,6179373,1,0,2014,-9223372036854775808
2021-11-30 09:41:24.790,300557.SZ,29.0,100.0,6179370,6168638,6179374,1,0,2014,-9223372036854775808
2021-11-30 09:41:24.800,300557.SZ,0.0,100.0,0,6079184,6179422,2,0,2014,-9223372036854775808
2021-11-30 09:41:24.800,300557.SZ,0.0,200.0,6179387,0,6179436,2,0,2014,-9223372036854775808
2021-11-30 09:41:24.800,300557.SZ,0.0,800.0,6179388,0,6179437,2,0,2014,-9223372036854775808
2021-11-30 09:41:24.800,300557.SZ,0.0,3700.0,6179390,0,6179438,2,0,2014,-9223372036854775808
2021-11-30 09:41:24.800,300557.SZ,0.0,1000.0,6179389,0,6179439,2,0,2014,-9223372036854775808
2021-11-30 09:41:24.800,300557.SZ,0.0,1000.0,6179391,0,6179440,2,0,2014,-9223372036854775808
2021-11-30 09:41:24.800,300557.SZ,0.0,800.0,6179392,0,6179443,2,0,2014,-9223372036854775808
2021-11-30 09:41:24.800,300557.SZ,0.0,1200.0,6179395,0,6179444,2,0,2014,-9223372036854775808
2021-11-30 09:41:24.800,300557.SZ,0.0,1200.0,6179393,0,6179445,2,0,2014,-9223372036854775808
2021-11-30 09:41:24.800,300557.SZ,0.0,500.0,6179394,0,6179446,2,0,2014,-9223372036854775808
2021-11-30 09:41:25.740,300557.SZ,0.0,5000.0,0,6127440,6185339,2,0,2014,-9223372036854775808
2021-11-30 09:41:26.060,300557.SZ,0.0,500.0,0,5797934,6186984,2,0,2014,-9223372036854775808
2021-11-30 09:41:28.520,300557.SZ,0.0,700.0,6179441,0,6201014,2,0,2014,-9223372036854775808
2021-11-30 09:41:28.520,300557.SZ,0.0,400.0,6179450,0,6201017,2,0,2014,-9223372036854775808
2021-11-30 09:41:28.520,300557.SZ,0.0,200.0,6179451,0,6201018,2,0,2014,-9223372036854775808
2021-11-30 09:41:28.520,300557.SZ,0.0,200.0,6179452,0,6201019,2,0,2014,-9223372036854775808
2021-11-30 09:41:28.520,300557.SZ,0.0,200.0,6179453,0,6201020,2,0,2014,-9223372036854775808
2021-11-30 09:41:28.520,300557.SZ,0.0,200.0,6179454,0,6201021,2,0,2014,-9223372036854775808
2021-11-30 09:41:28.520,300557.SZ,0.0,200.0,6179442,0,6201022,2,0,2014,-9223372036854775808
2021-11-30 09:41:28.520,300557.SZ,0.0,200.0,6179447,0,6201024,2,0,2014,-9223372036854775808
2021-11-30 09:41:28.520,300557.SZ,0.0,400.0,6179448,0,6201025,2,0,2014,-9223372036854775808
2021-11-30 09:41:28.520,300557.SZ,0.0,400.0,6179449,0,6201026,2,0,2014,-9223372036854775808
2021-11-30 09:41:30.060,300557.SZ,0.0,100.0,0,6078011,6208433,2,0,2014,-9223372036854775808
2021-11-30 09:41:32.620,300557.SZ,29.0,500.0,6221787,6175897,6221788,1,0,2014,-9223372036854775808
2021-11-30 09:41:32.620,300557.SZ,29.0,100.0,6221787,6179428,6221789,1,0,2014,-9223372036854775808
2021-11-30 09:41:32.620,300557.SZ,29.0,100.0,6221787,6208435,6221790,1,0,2014,-9223372036854775808
2021-11-30 09:41:32.620,300557.SZ,29.0,200.0,6221787,6215766,6221791,1,0,2014,-9223372036854775808
2021-11-30 09:41:32.620,300557.SZ,29.0,1600.0,6221787,6221795,6221796,1,0,2014,-9223372036854775808
2021-11-30 09:41:32.620,300557.SZ,29.0,400.0,6221787,6221797,6221798,1,0,2014,-9223372036854775808
2021-11-30 09:41:39.050,300557.SZ,0.0,300.0,0,6075782,6254126,2,0,2014,-9223372036854775808
2021-11-30 09:41:39.160,300557.SZ,0.0,100.0,0,6222192,6254697,2,0,2014,-9223372036854775808
2021-11-30 09:41:39.320,300557.SZ,0.0,400.0,6177097,0,6255603,2,0,2014,-9223372036854775808
2021-11-30 09:41:40.510,300557.SZ,0.0,100.0,6201006,0,6262467,2,0,2014,-9223372036854775808
2021-11-30 09:41:41.600,300557.SZ,0.0,100.0,6201097,0,6267688,2,0,2014,-9223372036854775808
2021-11-30 09:41:41.600,300557.SZ,0.0,100.0,0,6254700,6267700,2,0,2014,-9223372036854775808
2021-11-30 09:41:41.600,300557.SZ,28.95,100.0,6267616,6267701,6267702,1,0,2014,-9223372036854775808
2021-11-30 09:41:41.610,300557.SZ,0.0,2000.0,0,6221800,6267720,2,0,2014,-9223372036854775808
2021-11-30 09:41:41.610,300557.SZ,0.0,1800.0,0,6221799,6267721,2,0,2014,-9223372036854775808
2021-11-30 09:41:41.610,300557.SZ,0.0,200.0,0,6221801,6267722,2,0,2014,-9223372036854775808
2021-11-30 09:41:41.610,300557.SZ,0.0,2000.0,0,6221806,6267723,2,0,2014,-9223372036854775808
2021-11-30 09:41:41.610,300557.SZ,0.0,900.0,0,6221803,6267724,2,0,2014,-9223372036854775808
2021-11-30 09:41:41.610,300557.SZ,0.0,2000.0,0,6221804,6267725,2,0,2014,-9223372036854775808
2021-11-30 09:41:41.610,300557.SZ,0.0,1800.0,0,6221807,6267726,2,0,2014,-9223372036854775808
2021-11-30 09:41:41.610,300557.SZ,0.0,200.0,0,6221805,6267727,2,0,2014,-9223372036854775808
2021-11-30 09:41:41.610,300557.SZ,0.0,200.0,0,6221808,6267728,2,0,2014,-9223372036854775808
2021-11-30 09:41:41.610,300557.SZ,0.0,2000.0,0,6221802,6267729,2,0,2014,-9223372036854775808
2021-11-30 09:41:41.610,300557.SZ,0.0,1300.0,0,6221809,6267730,2,0,2014,-9223372036854775808
2021-11-30 09:41:41.610,300557.SZ,0.0,700.0,0,6221810,6267731,2,0,2014,-9223372036854775808
2021-11-30 09:41:41.650,300557.SZ,28.95,300.0,6267616,6267866,6267867,1,0,2014,-9223372036854775808
2021-11-30 09:41:41.730,300557.SZ,0.0,300.0,0,6254267,6268135,2,0,2014,-9223372036854775808
2021-11-30 09:41:42.320,300557.SZ,0.0,300.0,0,6268372,6270698,2,0,2014,-9223372036854775808
2021-11-30 09:41:42.360,300557.SZ,28.95,300.0,6267616,6270930,6270931,1,0,2014,-9223372036854775808
2021-11-30 09:41:42.360,300557.SZ,28.95,300.0,6267616,6270945,6270946,1,0,2014,-9223372036854775808
2021-11-30 09:41:46.500,300557.SZ,0.0,700.0,6284684,0,6292629,2,0,2014,-9223372036854775808
2021-11-30 09:41:49.270,300557.SZ,28.95,100.0,6305464,6284450,6305465,1,0,2014,-9223372036854775808
2021-11-30 09:41:51.740,300557.SZ,0.0,100.0,6284671,0,6316999,2,0,2014,-9223372036854775808
2021-11-30 09:41:56.980,300557.SZ,0.0,500.0,0,6268110,6340920,2,0,2014,-9223372036854775808
2021-11-30 09:41:57.380,300557.SZ,0.0,100.0,0,6270634,6342603,2,0,2014,-9223372036854775808
2021-11-30 09:41:58.510,300557.SZ,0.0,100.0,6292592,0,6348864,2,0,2014,-9223372036854775808
2021-11-30 09:42:01.780,300557.SZ,28.88,400.0,6367104,6334592,6367105,1,0,2014,-9223372036854775808
2021-11-30 09:42:04.500,300557.SZ,0.0,100.0,765269,0,6383183,2,0,2014,-9223372036854775808
2021-11-30 09:42:04.500,300557.SZ,0.0,100.0,765289,0,6383201,2,0,2014,-9223372036854775808
2021-11-30 09:42:04.500,300557.SZ,0.0,100.0,850434,0,6383212,2,0,2014,-9223372036854775808
2021-11-30 09:42:04.500,300557.SZ,0.0,100.0,999941,0,6383221,2,0,2014,-9223372036854775808
2021-11-30 09:42:04.500,300557.SZ,0.0,100.0,1137680,0,6383239,2,0,2014,-9223372036854775808
2021-11-30 09:42:04.540,300557.SZ,0.0,100.0,886492,0,6383660,2,0,2014,-9223372036854775808
2021-11-30 09:42:04.560,300557.SZ,0.0,100.0,890418,0,6383786,2,0,2014,-9223372036854775808
2021-11-30 09:42:04.730,300557.SZ,0.0,100.0,892762,0,6384790,2,0,2014,-9223372036854775808
2021-11-30 09:42:04.730,300557.SZ,0.0,100.0,1001925,0,6384794,2,0,2014,-9223372036854775808
2021-11-30 09:42:07.510,300557.SZ,28.95,500.0,6400901,6284450,6400902,1,0,2014,-9223372036854775808
2021-11-30 09:42:07.540,300557.SZ,0.0,200.0,0,6078201,6401024,2,0,2014,-9223372036854775808
2021-11-30 09:42:07.540,300557.SZ,0.0,200.0,0,6076560,6401025,2,0,2014,-9223372036854775808
2021-11-30 09:42:07.540,300557.SZ,0.0,400.0,0,6075800,6401026,2,0,2014,-9223372036854775808
2021-11-30 09:42:07.540,300557.SZ,0.0,200.0,0,6078202,6401027,2,0,2014,-9223372036854775808
2021-11-30 09:42:07.540,300557.SZ,0.0,200.0,0,6076558,6401028,2,0,2014,-9223372036854775808
2021-11-30 09:42:07.560,300557.SZ,28.95,400.0,6401189,6284450,6401190,1,0,2014,-9223372036854775808
2021-11-30 09:42:07.760,300557.SZ,0.0,100.0,6316932,0,6402491,2,0,2014,-9223372036854775808
2021-11-30 09:42:07.820,300557.SZ,0.0,200.0,0,6270904,6402827,2,0,2014,-9223372036854775808
2021-11-30 09:42:07.820,300557.SZ,0.0,200.0,0,6268332,6402835,2,0,2014,-9223372036854775808
2021-11-30 09:42:07.830,300557.SZ,0.0,200.0,0,6284450,6402877,2,0,2014,-9223372036854775808
2021-11-30 09:42:07.830,300557.SZ,0.0,1300.0,0,6254620,6402878,2,0,2014,-9223372036854775808
2021-11-30 09:42:07.830,300557.SZ,0.0,200.0,0,6269697,6402896,2,0,2014,-9223372036854775808
2021-11-30 09:42:07.840,300557.SZ,0.0,1300.0,0,6221995,6402945,2,0,2014,-9223372036854775808
2021-11-30 09:42:11.840,300557.SZ,0.0,100.0,0,5750764,6424869,2,0,2014,-9223372036854775808
2021-11-30 09:42:13.520,300557.SZ,0.0,100.0,6365205,0,6434897,2,0,2014,-9223372036854775808
2021-11-30 09:42:17.880,300557.SZ,0.0,900.0,6403278,0,6457802,2,0,2014,-9223372036854775808
2021-11-30 09:42:21.430,300557.SZ,28.84,100.0,6457839,6475934,6475935,1,0,2014,-9223372036854775808
2021-11-30 09:42:21.710,300557.SZ,0.0,100.0,6407686,0,6477382,2,0,2014,-9223372036854775808
2021-11-30 09:42:22.240,300557.SZ,0.0,1000.0,0,6015541,6480883,2,0,2014,-9223372036854775808
2021-11-30 09:42:22.750,300557.SZ,28.98,100.0,6483760,6330627,6483761,1,0,2014,-9223372036854775808
2021-11-30 09:42:23.900,300557.SZ,0.0,800.0,6457839,0,6488682,2,0,2014,-9223372036854775808
2021-11-30 09:42:28.710,300557.SZ,0.0,100.0,0,5863433,6512381,2,0,2014,-9223372036854775808
2021-11-30 09:42:28.760,300557.SZ,0.0,100.0,6488161,0,6512603,2,0,2014,-9223372036854775808
2021-11-30 09:42:29.830,300557.SZ,0.0,800.0,6488724,0,6516570,2,0,2014,-9223372036854775808
2021-11-30 09:42:30.350,300557.SZ,0.0,800.0,6516589,0,6518793,2,0,2014,-9223372036854775808
2021-11-30 09:42:30.370,300557.SZ,0.0,100.0,6518532,0,6518855,2,0,2014,-9223372036854775808
2021-11-30 09:42:30.420,300557.SZ,0.0,800.0,6518837,0,6519061,2,0,2014,-9223372036854775808
2021-11-30 09:42:30.430,300557.SZ,0.0,100.0,6518866,0,6519092,2,0,2014,-9223372036854775808
2021-11-30 09:42:30.590,300557.SZ,0.0,100.0,6457576,0,6519738,2,0,2014,-9223372036854775808
2021-11-30 09:42:30.750,300557.SZ,0.0,100.0,6519104,0,6520481,2,0,2014,-9223372036854775808
2021-11-30 09:42:30.760,300557.SZ,0.0,100.0,6520452,0,6520509,2,0,2014,-9223372036854775808
2021-11-30 09:42:34.500,300557.SZ,0.0,100.0,6466890,0,6538781,2,0,2014,-9223372036854775808
2021-11-30 09:42:34.830,300557.SZ,0.0,100.0,6516301,0,6540311,2,0,2014,-9223372036854775808
2021-11-30 09:42:35.300,300557.SZ,0.0,500.0,0,6425314,6543396,2,0,2014,-9223372036854775808
2021-11-30 09:42:35.890,300557.SZ,0.0,100.0,6520529,0,6545592,2,0,2014,-9223372036854775808
2021-11-30 09:42:35.890,300557.SZ,0.0,100.0,6520488,0,6545595,2,0,2014,-9223372036854775808
2021-11-30 09:42:51.780,300557.SZ,0.0,100.0,6544734,0,6626556,2,0,2014,-9223372036854775808
2021-11-30 09:42:52.740,300557.SZ,28.98,100.0,6632075,6330627,6632076,1,0,2014,-9223372036854775808
2021-11-30 09:42:57.310,300557.SZ,0.0,100.0,6313296,0,6652029,2,0,2014,-9223372036854775808
2021-11-30 09:42:59.090,300557.SZ,28.97,100.0,6636038,6661533,6661534,1,0,2014,-9223372036854775808
2021-11-30 09:43:00.620,300557.SZ,28.98,100.0,6669404,6330627,6669405,1,0,2014,-9223372036854775808
2021-11-30 09:43:01.700,300557.SZ,28.98,300.0,6676498,6330627,6676499,1,0,2014,-9223372036854775808
2021-11-30 09:43:06.000,300557.SZ,28.98,100.0,6676498,6702857,6702858,1,0,2014,-9223372036854775808
2021-11-30 09:43:07.660,300557.SZ,0.0,800.0,6519079,0,6716400,2,0,2014,-9223372036854775808
2021-11-30 09:43:16.150,300557.SZ,29.0,100.0,6772717,6261484,6772718,1,0,2014,-9223372036854775808
2021-11-30 09:43:26.110,300557.SZ,28.99,100.0,6805323,6821824,6821825,1,0,2014,-9223372036854775808
2021-11-30 09:43:27.770,300557.SZ,29.0,100.0,6829135,6261484,6829136,1,0,2014,-9223372036854775808
2021-11-30 09:43:29.400,300557.SZ,29.0,300.0,6836721,6261484,6836722,1,0,2014,-9223372036854775808
2021-11-30 09:43:29.400,300557.SZ,29.02,200.0,6836721,6135037,6836723,1,0,2014,-9223372036854775808
2021-11-30 09:43:29.400,300557.SZ,0.0,100.0,6545603,0,6836732,2,0,2014,-9223372036854775808
2021-11-30 09:43:29.400,300557.SZ,0.0,100.0,6545605,0,6836734,2,0,2014,-9223372036854775808
2021-11-30 09:43:30.710,300557.SZ,29.05,300.0,6841909,6811484,6841910,1,0,2014,-9223372036854775808
2021-11-30 09:43:30.710,300557.SZ,29.06,800.0,6841909,6075683,6841911,1,0,2014,-9223372036854775808
2021-11-30 09:43:30.710,300557.SZ,29.06,500.0,6841909,6138467,6841912,1,0,2014,-9223372036854775808
2021-11-30 09:43:30.710,300557.SZ,29.09,1600.0,6841909,6233434,6841913,1,0,2014,-9223372036854775808
2021-11-30 09:43:30.710,300557.SZ,0.0,100.0,6836745,0,6841925,2,0,2014,-9223372036854775808
2021-11-30 09:43:30.720,300557.SZ,0.0,100.0,6836773,0,6841930,2,0,2014,-9223372036854775808
2021-11-30 09:43:30.720,300557.SZ,0.0,100.0,6841952,0,6841978,2,0,2014,-9223372036854775808
2021-11-30 09:43:30.730,300557.SZ,0.0,100.0,6841937,0,6842012,2,0,2014,-9223372036854775808
2021-11-30 09:43:30.740,300557.SZ,0.0,100.0,6841995,0,6842048,2,0,2014,-9223372036854775808
2021-11-30 09:43:30.740,300557.SZ,0.0,100.0,6842031,0,6842065,2,0,2014,-9223372036854775808
2021-11-30 09:43:31.250,300557.SZ,0.0,100.0,6842080,0,6845065,2,0,2014,-9223372036854775808
2021-11-30 09:43:31.260,300557.SZ,0.0,100.0,6842059,0,6845084,2,0,2014,-9223372036854775808
2021-11-30 09:43:31.260,300557.SZ,0.0,100.0,6845074,0,6845115,2,0,2014,-9223372036854775808
2021-11-30 09:43:31.270,300557.SZ,0.0,100.0,6845129,0,6845141,2,0,2014,-9223372036854775808
2021-11-30 09:43:31.270,300557.SZ,0.0,100.0,6845154,0,6845179,2,0,2014,-9223372036854775808
2021-11-30 09:43:31.280,300557.SZ,0.0,100.0,6845197,0,6845205,2,0,2014,-9223372036854775808
2021-11-30 09:43:31.920,300557.SZ,29.09,100.0,6848579,6233434,6848580,1,0,2014,-9223372036854775808
2021-11-30 09:43:31.930,300557.SZ,0.0,100.0,6845211,0,6848586,2,0,2014,-9223372036854775808
2021-11-30 09:43:31.930,300557.SZ,0.0,700.0,6845208,0,6848587,2,0,2014,-9223372036854775808
2021-11-30 09:43:31.930,300557.SZ,0.0,600.0,6845207,0,6848588,2,0,2014,-9223372036854775808
2021-11-30 09:43:31.930,300557.SZ,0.0,800.0,6845206,0,6848589,2,0,2014,-9223372036854775808
2021-11-30 09:43:32.140,300557.SZ,29.09,100.0,6849476,6233434,6849477,1,0,2014,-9223372036854775808
2021-11-30 09:43:35.310,300557.SZ,29.04,100.0,6845099,6864903,6864904,1,0,2014,-9223372036854775808
2021-11-30 09:43:35.310,300557.SZ,29.04,100.0,6848604,6864903,6864905,1,0,2014,-9223372036854775808
2021-11-30 09:43:35.310,300557.SZ,29.0,100.0,6845028,6864903,6864906,1,0,2014,-9223372036854775808
2021-11-30 09:43:45.560,300557.SZ,29.09,300.0,6911928,6233434,6911929,1,0,2014,-9223372036854775808
2021-11-30 09:43:45.560,300557.SZ,29.09,500.0,6911928,6552858,6911930,1,0,2014,-9223372036854775808
2021-11-30 09:43:45.560,300557.SZ,29.09,200.0,6911928,6827294,6911931,1,0,2014,-9223372036854775808
2021-11-30 09:43:54.520,300557.SZ,29.08,200.0,6953849,6950242,6953850,1,0,2014,-9223372036854775808
2021-11-30 09:43:54.520,300557.SZ,29.09,100.0,6953849,6827294,6953851,1,0,2014,-9223372036854775808
2021-11-30 09:43:54.520,300557.SZ,29.09,700.0,6953849,6907255,6953852,1,0,2014,-9223372036854775808
2021-11-30 09:43:56.020,300557.SZ,28.99,100.0,6946651,6961178,6961179,1,0,2014,-9223372036854775808
2021-11-30 09:43:56.020,300557.SZ,28.98,100.0,6676498,6961178,6961180,1,0,2014,-9223372036854775808
2021-11-30 09:43:56.020,300557.SZ,28.98,100.0,6898481,6961178,6961181,1,0,2014,-9223372036854775808
2021-11-30 09:43:57.200,300557.SZ,0.0,600.0,0,6914286,6966537,2,0,2014,-9223372036854775808
2021-11-30 09:43:57.340,300557.SZ,0.0,400.0,3433178,0,6967234,2,0,2014,-9223372036854775808
2021-11-30 09:44:23.760,300557.SZ,0.0,100.0,6961245,0,7109723,2,0,2014,-9223372036854775808
2021-11-30 09:44:34.530,300557.SZ,28.98,100.0,7157779,7140220,7157780,1,0,2014,-9223372036854775808
2021-11-30 09:44:34.550,300557.SZ,0.0,100.0,7132183,0,7157891,2,0,2014,-9223372036854775808
2021-11-30 09:44:34.720,300557.SZ,0.0,100.0,7109656,0,7158740,2,0,2014,-9223372036854775808
2021-11-30 09:44:36.080,300557.SZ,0.0,1000.0,0,7111023,7164467,2,0,2014,-9223372036854775808
2021-11-30 09:44:40.770,300557.SZ,0.0,100.0,7163582,0,7186401,2,0,2014,-9223372036854775808
2021-11-30 09:44:43.500,300557.SZ,0.0,300.0,7157779,0,7198284,2,0,2014,-9223372036854775808
2021-11-30 09:44:43.500,300557.SZ,0.0,200.0,7157808,0,7198315,2,0,2014,-9223372036854775808
2021-11-30 09:44:43.570,300557.SZ,0.0,300.0,7157968,0,7198554,2,0,2014,-9223372036854775808
2021-11-30 09:44:44.580,300557.SZ,29.0,100.0,7190586,7202319,7202320,1,0,2014,-9223372036854775808
2021-11-30 09:44:46.490,300557.SZ,29.0,200.0,7210296,7202319,7210297,1,0,2014,-9223372036854775808
2021-11-30 09:44:46.490,300557.SZ,29.05,100.0,7210296,6993020,7210298,1,0,2014,-9223372036854775808
2021-11-30 09:44:46.490,300557.SZ,29.05,100.0,7210313,6993020,7210314,1,0,2014,-9223372036854775808
2021-11-30 09:44:46.490,300557.SZ,29.05,100.0,7210313,7027761,7210315,1,0,2014,-9223372036854775808
2021-11-30 09:44:46.540,300557.SZ,29.05,200.0,7210522,7027761,7210523,1,0,2014,-9223372036854775808
2021-11-30 09:44:46.540,300557.SZ,29.05,100.0,7210522,7041925,7210524,1,0,2014,-9223372036854775808
2021-11-30 09:44:46.990,300557.SZ,28.99,700.0,7160233,7212191,7212192,1,0,2014,-9223372036854775808
2021-11-30 09:44:48.230,300557.SZ,0.0,25600.0,0,3844050,7217060,2,0,2014,-9223372036854775808
2021-11-30 09:44:57.480,300557.SZ,0.0,4300.0,0,6907255,7254857,2,0,2014,-9223372036854775808
2021-11-30 09:44:58.720,300557.SZ,0.0,100.0,7243413,0,7260479,2,0,2014,-9223372036854775808
2021-11-30 09:44:59.750,300557.SZ,0.0,100.0,7243480,0,7264485,2,0,2014,-9223372036854775808
2021-11-30 09:45:01.360,300557.SZ,28.93,100.0,7264456,7274001,7274002,1,0,2014,-9223372036854775808
2021-11-30 09:45:01.360,300557.SZ,28.91,100.0,7234981,7274001,7274003,1,0,2014,-9223372036854775808
2021-11-30 09:45:01.360,300557.SZ,28.9,200.0,6987927,7274001,7274004,1,0,2014,-9223372036854775808
2021-11-30 09:45:01.360,300557.SZ,28.9,200.0,7234957,7274001,7274005,1,0,2014,-9223372036854775808
2021-11-30 09:45:01.360,300557.SZ,28.9,100.0,7244292,7274001,7274006,1,0,2014,-9223372036854775808
2021-11-30 09:45:02.860,300557.SZ,28.9,8400.0,7281289,7274001,7281290,1,0,2014,-9223372036854775808
2021-11-30 09:45:02.870,300557.SZ,28.9,1200.0,7281297,7274001,7281298,1,0,2014,-9223372036854775808
2021-11-30 09:45:02.870,300557.SZ,28.9,1100.0,7281299,7274001,7281300,1,0,2014,-9223372036854775808
2021-11-30 09:45:02.870,300557.SZ,28.9,800.0,7281301,7274001,7281302,1,0,2014,-9223372036854775808
2021-11-30 09:45:02.870,300557.SZ,0.0,900.0,7281303,0,7281323,2,0,2014,-9223372036854775808
2021-11-30 09:45:02.870,300557.SZ,0.0,2200.0,7281306,0,7281324,2,0,2014,-9223372036854775808
2021-11-30 09:45:02.870,300557.SZ,0.0,2300.0,7281301,0,7281327,2,0,2014,-9223372036854775808
2021-11-30 09:45:02.870,300557.SZ,0.0,400.0,7281304,0,7281328,2,0,2014,-9223372036854775808
2021-11-30 09:45:02.870,300557.SZ,0.0,800.0,7281308,0,7281329,2,0,2014,-9223372036854775808
2021-11-30 09:45:02.870,300557.SZ,0.0,700.0,7281307,0,7281330,2,0,2014,-9223372036854775808
2021-11-30 09:45:02.870,300557.SZ,0.0,200.0,7281311,0,7281331,2,0,2014,-9223372036854775808
2021-11-30 09:45:02.870,300557.SZ,0.0,1200.0,7281312,0,7281332,2,0,2014,-9223372036854775808
2021-11-30 09:45:02.870,300557.SZ,0.0,1200.0,7281313,0,7281333,2,0,2014,-9223372036854775808
2021-11-30 09:45:02.870,300557.SZ,0.0,600.0,7281314,0,7281334,2,0,2014,-9223372036854775808
2021-11-30 09:45:02.870,300557.SZ,0.0,1200.0,7281309,0,7281335,2,0,2014,-9223372036854775808
2021-11-30 09:45:02.870,300557.SZ,0.0,1900.0,7281310,0,7281336,2,0,2014,-9223372036854775808
2021-11-30 09:45:02.870,300557.SZ,0.0,100.0,7281315,0,7281337,2,0,2014,-9223372036854775808
2021-11-30 09:45:05.460,300557.SZ,0.0,1400.0,7281316,0,7299651,2,0,2014,-9223372036854775808
2021-11-30 09:45:05.470,300557.SZ,0.0,200.0,7281357,0,7299701,2,0,2014,-9223372036854775808
2021-11-30 09:45:06.620,300557.SZ,0.0,100.0,7292840,0,7306918,2,0,2014,-9223372036854775808
2021-11-30 09:45:10.240,300557.SZ,0.0,1000.0,6517704,0,7332087,2,0,2014,-9223372036854775808
2021-11-30 09:45:10.470,300557.SZ,0.0,100.0,7281317,0,7333806,2,0,2014,-9223372036854775808
2021-11-30 09:45:11.860,300557.SZ,28.99,100.0,7341774,7212191,7341775,1,0,2014,-9223372036854775808
2021-11-30 09:45:11.860,300557.SZ,0.0,1000.0,7281326,0,7341781,2,0,2014,-9223372036854775808
2021-11-30 09:45:19.790,300557.SZ,28.99,1200.0,7389501,7212191,7389502,1,0,2014,-9223372036854775808
2021-11-30 09:45:19.790,300557.SZ,28.99,300.0,7389501,7253463,7389503,1,0,2014,-9223372036854775808
2021-11-30 09:45:20.940,300557.SZ,28.98,1000.0,7341647,7394026,7394027,1,0,2014,-9223372036854775808
2021-11-30 09:45:26.730,300557.SZ,28.98,1000.0,7424109,7394026,7424110,1,0,2014,-9223372036854775808
2021-11-30 09:45:31.790,300557.SZ,0.0,100.0,7418921,0,7449582,2,0,2014,-9223372036854775808
2021-11-30 09:45:34.210,300557.SZ,28.98,1700.0,7460237,7394026,7460238,1,0,2014,-9223372036854775808
2021-11-30 09:45:34.220,300557.SZ,0.0,100.0,7419010,0,7460307,2,0,2014,-9223372036854775808
2021-11-30 09:45:36.510,300557.SZ,28.98,2900.0,7470837,7394026,7470838,1,0,2014,-9223372036854775808
2021-11-30 09:45:36.510,300557.SZ,28.98,100.0,7470846,7394026,7470847,1,0,2014,-9223372036854775808
2021-11-30 09:45:36.520,300557.SZ,28.98,300.0,7470892,7394026,7470893,1,0,2014,-9223372036854775808
2021-11-30 09:45:40.510,300557.SZ,28.98,100.0,7493805,7394026,7493806,1,0,2014,-9223372036854775808
2021-11-30 09:45:43.850,300557.SZ,0.0,100.0,7453412,0,7511321,2,0,2014,-9223372036854775808
2021-11-30 09:45:49.300,300557.SZ,28.96,100.0,7515062,7535914,7535915,1,0,2014,-9223372036854775808
2021-11-30 09:45:49.300,300557.SZ,28.95,100.0,7480375,7535914,7535916,1,0,2014,-9223372036854775808
2021-11-30 09:45:49.300,300557.SZ,28.95,100.0,7517135,7535914,7535917,1,0,2014,-9223372036854775808
2021-11-30 09:45:49.320,300557.SZ,28.98,200.0,7536045,7394026,7536046,1,0,2014,-9223372036854775808
2021-11-30 09:45:50.710,300557.SZ,28.95,400.0,7517135,7542535,7542536,1,0,2014,-9223372036854775808
2021-11-30 09:45:52.000,300557.SZ,0.0,100.0,7478676,0,7548011,2,0,2014,-9223372036854775808
2021-11-30 09:45:52.100,300557.SZ,28.95,1100.0,7548722,7542535,7548723,1,0,2014,-9223372036854775808
2021-11-30 09:45:52.100,300557.SZ,28.98,100.0,7548722,7394026,7548724,1,0,2014,-9223372036854775808
2021-11-30 09:45:58.770,300557.SZ,0.0,100.0,7566393,0,7580149,2,0,2014,-9223372036854775808
2021-11-30 09:45:59.530,300557.SZ,28.96,100.0,7552042,7583385,7583386,1,0,2014,-9223372036854775808
2021-11-30 09:45:59.760,300557.SZ,28.95,100.0,7584184,7583385,7584185,1,0,2014,-9223372036854775808
2021-11-30 09:46:00.230,300557.SZ,0.0,500.0,0,7260154,7586441,2,0,2014,-9223372036854775808
2021-11-30 09:46:00.860,300557.SZ,28.95,100.0,7589650,7583385,7589651,1,0,2014,-9223372036854775808
2021-11-30 09:46:04.800,300557.SZ,28.95,200.0,7612632,7583385,7612633,1,0,2014,-9223372036854775808
2021-11-30 09:46:04.800,300557.SZ,28.98,300.0,7612632,7394026,7612634,1,0,2014,-9223372036854775808
2021-11-30 09:46:04.910,300557.SZ,28.98,300.0,7613002,7394026,7613003,1,0,2014,-9223372036854775808
2021-11-30 09:46:10.260,300557.SZ,0.0,500.0,6563115,0,7644088,2,0,2014,-9223372036854775808
2021-11-30 09:46:12.050,300557.SZ,28.98,100.0,7654029,7420036,7654030,1,0,2014,-9223372036854775808
2021-11-30 09:46:16.480,300557.SZ,28.98,200.0,7677582,7420036,7677583,1,0,2014,-9223372036854775808
2021-11-30 09:46:17.340,300557.SZ,0.0,100.0,6940035,0,7682041,2,0,2014,-9223372036854775808
2021-11-30 09:46:26.240,300557.SZ,0.0,500.0,7656572,0,7724645,2,0,2014,-9223372036854775808
2021-11-30 09:46:26.740,300557.SZ,28.99,100.0,7726459,7253463,7726460,1,0,2014,-9223372036854775808
2021-11-30 09:46:27.440,300557.SZ,0.0,200.0,7677585,0,7729403,2,0,2014,-9223372036854775808
2021-11-30 09:46:27.440,300557.SZ,0.0,200.0,7677584,0,7729404,2,0,2014,-9223372036854775808
2021-11-30 09:46:27.440,300557.SZ,0.0,100.0,7677586,0,7729405,2,0,2014,-9223372036854775808
2021-11-30 09:46:34.470,300557.SZ,28.99,100.0,7729389,7764394,7764395,1,0,2014,-9223372036854775808
2021-11-30 09:46:36.720,300557.SZ,0.0,100.0,7292952,0,7773745,2,0,2014,-9223372036854775808
2021-11-30 09:46:40.220,300557.SZ,28.99,200.0,7778910,7791301,7791302,1,0,2014,-9223372036854775808
2021-11-30 09:46:41.400,300557.SZ,29.0,700.0,7798332,7763940,7798333,1,0,2014,-9223372036854775808
2021-11-30 09:46:47.840,300557.SZ,29.0,300.0,7831934,7763940,7831935,1,0,2014,-9223372036854775808
2021-11-30 09:46:47.840,300557.SZ,29.0,300.0,7831934,7773701,7831936,1,0,2014,-9223372036854775808
2021-11-30 09:46:49.310,300557.SZ,28.99,400.0,7778910,7839472,7839473,1,0,2014,-9223372036854775808
2021-11-30 09:46:50.640,300557.SZ,29.0,7300.0,7845679,7773701,7845680,1,0,2014,-9223372036854775808
2021-11-30 09:46:50.890,300557.SZ,29.0,100.0,7846630,7773701,7846631,1,0,2014,-9223372036854775808
2021-11-30 09:46:54.530,300557.SZ,29.0,200.0,7861743,7773701,7861744,1,0,2014,-9223372036854775808
2021-11-30 09:46:54.530,300557.SZ,29.0,200.0,7861745,7773701,7861746,1,0,2014,-9223372036854775808
2021-11-30 09:46:55.470,300557.SZ,29.0,100.0,7866289,7773701,7866290,1,0,2014,-9223372036854775808
2021-11-30 09:46:57.010,300557.SZ,0.0,100.0,0,7780356,7872638,2,0,2014,-9223372036854775808
2021-11-30 09:46:57.420,300557.SZ,28.99,100.0,7871867,7874220,7874221,1,0,2014,-9223372036854775808
2021-11-30 09:46:57.420,300557.SZ,28.98,100.0,7699376,7874220,7874222,1,0,2014,-9223372036854775808
2021-11-30 09:47:00.950,300557.SZ,29.0,100.0,7889873,7773701,7889874,1,0,2014,-9223372036854775808
2021-11-30 09:47:05.270,300557.SZ,0.0,100.0,0,6116292,7913577,2,0,2014,-9223372036854775808
2021-11-30 09:47:05.350,300557.SZ,28.99,100.0,7902494,7913976,7913977,1,0,2014,-9223372036854775808
2021-11-30 09:47:08.880,300557.SZ,0.0,100.0,7647843,0,7933169,2,0,2014,-9223372036854775808
2021-11-30 09:47:10.930,300557.SZ,29.0,200.0,7944244,7773701,7944245,1,0,2014,-9223372036854775808
2021-11-30 09:47:20.170,300557.SZ,0.0,1500.0,0,7094917,7988778,2,0,2014,-9223372036854775808
2021-11-30 09:47:20.910,300557.SZ,29.0,100.0,7991390,7773701,7991391,1,0,2014,-9223372036854775808
2021-11-30 09:47:21.940,300557.SZ,0.0,100.0,7746610,0,7995463,2,0,2014,-9223372036854775808
2021-11-30 09:47:25.950,300557.SZ,28.96,100.0,7846694,8012798,8012799,1,0,2014,-9223372036854775808
2021-11-30 09:47:30.950,300557.SZ,29.0,200.0,8032065,7773701,8032066,1,0,2014,-9223372036854775808
2021-11-30 09:47:32.830,300557.SZ,28.97,100.0,8015949,8039609,8039610,1,0,2014,-9223372036854775808
2021-11-30 09:47:40.930,300557.SZ,29.0,100.0,8074962,7773701,8074963,1,0,2014,-9223372036854775808
2021-11-30 09:47:42.140,300557.SZ,28.97,600.0,8077724,8079227,8079228,1,0,2014,-9223372036854775808
2021-11-30 09:47:42.140,300557.SZ,28.96,200.0,7846694,8079227,8079229,1,0,2014,-9223372036854775808
2021-11-30 09:47:50.960,300557.SZ,29.0,100.0,8118166,7773701,8118167,1,0,2014,-9223372036854775808
2021-11-30 09:47:57.010,300557.SZ,0.0,100.0,0,7978544,8143084,2,0,2014,-9223372036854775808
2021-11-30 09:48:01.120,300557.SZ,29.0,100.0,8161113,7773701,8161114,1,0,2014,-9223372036854775808
2021-11-30 09:48:09.420,300557.SZ,0.0,2000.0,5705719,0,8208331,2,0,2014,-9223372036854775808
2021-11-30 09:48:10.980,300557.SZ,29.0,100.0,8216824,7773701,8216825,1,0,2014,-9223372036854775808
2021-11-30 09:48:11.070,300557.SZ,29.0,400.0,8217521,7773701,8217522,1,0,2014,-9223372036854775808
2021-11-30 09:48:20.970,300557.SZ,29.0,100.0,8262989,7773701,8262990,1,0,2014,-9223372036854775808
2021-11-30 09:48:24.230,300557.SZ,29.0,300.0,8277243,7773701,8277244,1,0,2014,-9223372036854775808
2021-11-30 09:48:24.230,300557.SZ,29.0,600.0,8277243,7899703,8277245,1,0,2014,-9223372036854775808
2021-11-30 09:48:24.230,300557.SZ,29.0,300.0,8277243,8030038,8277246,1,0,2014,-9223372036854775808
2021-11-30 09:48:24.230,300557.SZ,29.0,500.0,8277243,8101641,8277247,1,0,2014,-9223372036854775808
2021-11-30 09:48:24.230,300557.SZ,29.05,200.0,8277243,7041925,8277248,1,0,2014,-9223372036854775808
2021-11-30 09:48:27.780,300557.SZ,0.0,100.0,8142317,0,8292261,2,0,2014,-9223372036854775808
2021-11-30 09:48:28.850,300557.SZ,29.08,100.0,8298455,6981928,8298456,1,0,2014,-9223372036854775808
2021-11-30 09:48:31.020,300557.SZ,29.08,200.0,8307900,6981928,8307901,1,0,2014,-9223372036854775808
2021-11-30 09:48:45.100,300557.SZ,0.0,2000.0,0,8261937,8369095,2,0,2014,-9223372036854775808
2021-11-30 09:48:45.500,300557.SZ,29.07,100.0,8370772,8336958,8370773,1,0,2014,-9223372036854775808
2021-11-30 09:48:49.090,300557.SZ,29.07,200.0,8387222,8387234,8387235,1,0,2014,-9223372036854775808
2021-11-30 09:48:52.510,300557.SZ,29.07,100.0,8387222,8402256,8402257,1,0,2014,-9223372036854775808
2021-11-30 09:48:52.750,300557.SZ,0.0,100.0,8302507,0,8403455,2,0,2014,-9223372036854775808
2021-11-30 09:48:53.760,300557.SZ,29.07,100.0,8387222,8407047,8407048,1,0,2014,-9223372036854775808
2021-11-30 09:48:53.820,300557.SZ,29.06,100.0,8407268,8407047,8407269,1,0,2014,-9223372036854775808
2021-11-30 09:48:54.010,300557.SZ,28.96,200.0,7846694,8408084,8408085,1,0,2014,-9223372036854775808
2021-11-30 09:48:57.310,300557.SZ,0.0,200.0,0,6829799,8420681,2,0,2014,-9223372036854775808
2021-11-30 09:49:04.110,300557.SZ,29.05,600.0,8449729,8421283,8449730,1,0,2014,-9223372036854775808
2021-11-30 09:49:04.110,300557.SZ,29.06,4800.0,8449729,8407047,8449731,1,0,2014,-9223372036854775808
2021-11-30 09:49:04.110,300557.SZ,29.07,200.0,8449729,8427259,8449732,1,0,2014,-9223372036854775808
2021-11-30 09:49:07.790,300557.SZ,0.0,100.0,8426748,0,8469106,2,0,2014,-9223372036854775808
2021-11-30 09:49:09.640,300557.SZ,0.0,4300.0,0,7745829,8477663,2,0,2014,-9223372036854775808
2021-11-30 09:49:13.730,300557.SZ,0.0,100.0,8473609,0,8498866,2,0,2014,-9223372036854775808
2021-11-30 09:49:14.770,300557.SZ,29.06,100.0,8502673,8486957,8502674,1,0,2014,-9223372036854775808
2021-11-30 09:49:14.860,300557.SZ,29.05,600.0,8477853,8502989,8502990,1,0,2014,-9223372036854775808
2021-11-30 09:49:15.010,300557.SZ,0.0,100.0,0,8356652,8503493,2,0,2014,-9223372036854775808
2021-11-30 09:49:22.960,300557.SZ,29.05,200.0,8538351,8506300,8538352,1,0,2014,-9223372036854775808
2021-11-30 09:49:22.960,300557.SZ,29.06,400.0,8538351,8486957,8538353,1,0,2014,-9223372036854775808
2021-11-30 09:49:22.960,300557.SZ,29.06,200.0,8538351,8492543,8538354,1,0,2014,-9223372036854775808
2021-11-30 09:49:22.960,300557.SZ,29.07,1300.0,8538351,8427259,8538355,1,0,2014,-9223372036854775808
2021-11-30 09:49:23.320,300557.SZ,0.0,100.0,8537132,0,8539777,2,0,2014,-9223372036854775808
2021-11-30 09:49:23.370,300557.SZ,0.0,100.0,8451952,0,8539955,2,0,2014,-9223372036854775808
2021-11-30 09:49:23.470,300557.SZ,29.07,100.0,8540324,8427259,8540325,1,0,2014,-9223372036854775808
2021-11-30 09:49:23.490,300557.SZ,29.07,400.0,8540373,8427259,8540374,1,0,2014,-9223372036854775808
2021-11-30 09:49:23.490,300557.SZ,29.07,100.0,8540373,8503535,8540375,1,0,2014,-9223372036854775808
2021-11-30 09:49:30.050,300557.SZ,29.07,100.0,8565959,8566737,8566738,1,0,2014,-9223372036854775808
2021-11-30 09:49:30.050,300557.SZ,29.06,400.0,8542307,8566737,8566739,1,0,2014,-9223372036854775808
2021-11-30 09:49:30.850,300557.SZ,29.09,200.0,8569762,6985721,8569763,1,0,2014,-9223372036854775808
2021-11-30 09:49:34.060,300557.SZ,0.0,500.0,0,5853238,8582242,2,0,2014,-9223372036854775808
2021-11-30 09:49:34.580,300557.SZ,29.07,100.0,8582336,8584718,8584719,1,0,2014,-9223372036854775808
2021-11-30 09:49:34.580,300557.SZ,29.06,100.0,8542307,8584718,8584720,1,0,2014,-9223372036854775808
2021-11-30 09:49:35.910,300557.SZ,29.06,1800.0,8590018,8584718,8590019,1,0,2014,-9223372036854775808
2021-11-30 09:49:46.980,300557.SZ,29.09,200.0,8634584,7321966,8634585,1,0,2014,-9223372036854775808
2021-11-30 09:49:46.980,300557.SZ,29.09,200.0,8634584,7606532,8634586,1,0,2014,-9223372036854775808
2021-11-30 09:49:46.980,300557.SZ,29.09,600.0,8634584,8037614,8634587,1,0,2014,-9223372036854775808
2021-11-30 09:49:47.680,300557.SZ,29.05,600.0,8539701,8636560,8636561,1,0,2014,-9223372036854775808
2021-11-30 09:49:48.320,300557.SZ,0.0,1000.0,7634188,0,8638593,2,0,2014,-9223372036854775808
2021-11-30 09:49:49.230,300557.SZ,0.0,200.0,8539701,0,8642481,2,0,2014,-9223372036854775808
2021-11-30 09:49:52.340,300557.SZ,0.0,300.0,0,6019083,8653504,2,0,2014,-9223372036854775808
2021-11-30 09:49:54.410,300557.SZ,29.02,200.0,8634863,8660412,8660413,1,0,2014,-9223372036854775808
2021-11-30 09:49:57.790,300557.SZ,0.0,300.0,0,5837028,8671851,2,0,2014,-9223372036854775808
2021-11-30 09:49:57.870,300557.SZ,29.02,100.0,8672264,8660412,8672265,1,0,2014,-9223372036854775808
2021-11-30 09:49:59.850,300557.SZ,29.02,100.0,8679287,8660412,8679288,1,0,2014,-9223372036854775808
2021-11-30 09:50:01.110,300557.SZ,29.02,100.0,8685512,8660412,8685513,1,0,2014,-9223372036854775808
2021-11-30 09:50:04.110,300557.SZ,29.02,500.0,8701034,8660412,8701035,1,0,2014,-9223372036854775808
2021-11-30 09:50:05.760,300557.SZ,29.02,900.0,8710124,8660412,8710125,1,0,2014,-9223372036854775808
2021-11-30 09:50:05.990,300557.SZ,29.02,100.0,8711556,8660412,8711557,1,0,2014,-9223372036854775808
2021-11-30 09:50:06.300,300557.SZ,0.0,4300.0,0,8608002,8715327,2,0,2014,-9223372036854775808
2021-11-30 09:50:06.880,300557.SZ,29.01,500.0,8660793,8718516,8718517,1,0,2014,-9223372036854775808
2021-11-30 09:50:06.880,300557.SZ,29.0,1300.0,8537083,8718516,8718518,1,0,2014,-9223372036854775808
2021-11-30 09:50:06.890,300557.SZ,29.0,100.0,8718539,8718516,8718540,1,0,2014,-9223372036854775808
2021-11-30 09:50:06.890,300557.SZ,29.0,100.0,8718561,8718516,8718562,1,0,2014,-9223372036854775808
2021-11-30 09:50:13.900,300557.SZ,29.0,600.0,8763065,8718516,8763066,1,0,2014,-9223372036854775808
2021-11-30 09:50:16.500,300557.SZ,28.99,100.0,8470706,8777718,8777719,1,0,2014,-9223372036854775808
2021-11-30 09:50:17.020,300557.SZ,28.99,100.0,8470706,8780533,8780534,1,0,2014,-9223372036854775808
2021-11-30 09:50:17.650,300557.SZ,28.99,100.0,8470706,8784226,8784227,1,0,2014,-9223372036854775808
2021-11-30 09:50:17.650,300557.SZ,28.99,100.0,8470706,8784234,8784235,1,0,2014,-9223372036854775808
2021-11-30 09:50:17.650,300557.SZ,28.99,100.0,8470706,8784253,8784254,1,0,2014,-9223372036854775808
2021-11-30 09:50:20.970,300557.SZ,28.96,100.0,7846694,8804194,8804195,1,0,2014,-9223372036854775808
2021-11-30 09:50:20.970,300557.SZ,28.96,100.0,7846694,8804196,8804197,1,0,2014,-9223372036854775808
2021-11-30 09:50:20.970,300557.SZ,28.96,100.0,7846694,8804199,8804200,1,0,2014,-9223372036854775808
2021-11-30 09:50:20.970,300557.SZ,28.96,100.0,7846694,8804202,8804203,1,0,2014,-9223372036854775808
2021-11-30 09:50:21.130,300557.SZ,28.95,100.0,7648247,8805067,8805068,1,0,2014,-9223372036854775808
2021-11-30 09:50:23.050,300557.SZ,28.95,200.0,7648247,8815272,8815273,1,0,2014,-9223372036854775808
2021-11-30 09:50:23.050,300557.SZ,28.95,300.0,7648247,8815285,8815286,1,0,2014,-9223372036854775808
2021-11-30 09:50:23.050,300557.SZ,28.95,100.0,7653919,8815285,8815287,1,0,2014,-9223372036854775808
2021-11-30 09:50:24.070,300557.SZ,28.92,100.0,7476352,8819793,8819794,1,0,2014,-9223372036854775808
2021-11-30 09:50:24.070,300557.SZ,28.92,1100.0,7476352,8819817,8819818,1,0,2014,-9223372036854775808
2021-11-30 09:50:24.140,300557.SZ,0.0,200.0,0,8815626,8820264,2,0,2014,-9223372036854775808
2021-11-30 09:50:24.160,300557.SZ,0.0,300.0,0,8815628,8820348,2,0,2014,-9223372036854775808
2021-11-30 09:50:24.160,300557.SZ,0.0,100.0,0,8815724,8820354,2,0,2014,-9223372036854775808
2021-11-30 09:50:25.970,300557.SZ,28.94,100.0,8828971,8819153,8828972,1,0,2014,-9223372036854775808
2021-11-30 09:50:25.970,300557.SZ,28.91,100.0,7299636,8828997,8828998,1,0,2014,-9223372036854775808
2021-11-30 09:50:25.970,300557.SZ,28.91,1000.0,7306898,8828997,8828999,1,0,2014,-9223372036854775808
2021-11-30 09:50:26.030,300557.SZ,0.0,300.0,0,8820604,8829269,2,0,2014,-9223372036854775808
2021-11-30 09:50:26.030,300557.SZ,0.0,100.0,0,8820540,8829270,2,0,2014,-9223372036854775808
2021-11-30 09:50:29.900,300557.SZ,28.9,100.0,8848400,8829271,8848401,1,0,2014,-9223372036854775808
2021-11-30 09:50:29.900,300557.SZ,28.88,500.0,6545576,8848460,8848461,1,0,2014,-9223372036854775808
2021-11-30 09:50:29.900,300557.SZ,0.0,1100.0,0,8829000,8848462,2,0,2014,-9223372036854775808
2021-11-30 09:50:32.710,300557.SZ,0.0,100.0,0,8784255,8863174,2,0,2014,-9223372036854775808
2021-11-30 09:50:32.710,300557.SZ,0.0,100.0,0,8784259,8863177,2,0,2014,-9223372036854775808
2021-11-30 09:50:34.340,300557.SZ,28.83,100.0,8850480,8870266,8870267,1,0,2014,-9223372036854775808
2021-11-30 09:50:34.340,300557.SZ,28.82,400.0,6742732,8870266,8870268,1,0,2014,-9223372036854775808
2021-11-30 09:50:34.470,300557.SZ,0.0,200.0,0,8586539,8870898,2,0,2014,-9223372036854775808
2021-11-30 09:50:34.510,300557.SZ,28.9,300.0,8871053,8829320,8871054,1,0,2014,-9223372036854775808
2021-11-30 09:50:34.510,300557.SZ,28.9,100.0,8871053,8829432,8871055,1,0,2014,-9223372036854775808
2021-11-30 09:50:34.630,300557.SZ,28.9,100.0,8871768,8829432,8871769,1,0,2014,-9223372036854775808
2021-11-30 09:50:34.630,300557.SZ,28.94,100.0,8871768,8819154,8871770,1,0,2014,-9223372036854775808
2021-11-30 09:50:34.630,300557.SZ,28.94,100.0,8871768,8819270,8871771,1,0,2014,-9223372036854775808
2021-11-30 09:50:34.850,300557.SZ,0.0,100.0,0,8804204,8872731,2,0,2014,-9223372036854775808
2021-11-30 09:50:35.810,300557.SZ,0.0,100.0,0,8802607,8877117,2,0,2014,-9223372036854775808
2021-11-30 09:50:35.810,300557.SZ,0.0,100.0,0,8802606,8877118,2,0,2014,-9223372036854775808
2021-11-30 09:50:35.810,300557.SZ,0.0,100.0,0,8802604,8877119,2,0,2014,-9223372036854775808
2021-11-30 09:50:35.810,300557.SZ,0.0,200.0,0,8802605,8877120,2,0,2014,-9223372036854775808
2021-11-30 09:50:35.810,300557.SZ,0.0,100.0,0,8802612,8877122,2,0,2014,-9223372036854775808
2021-11-30 09:50:35.810,300557.SZ,0.0,100.0,0,8802617,8877123,2,0,2014,-9223372036854775808
2021-11-30 09:50:36.540,300557.SZ,0.0,200.0,0,5985341,8880160,2,0,2014,-9223372036854775808
2021-11-30 09:50:40.500,300557.SZ,0.0,100.0,8871045,0,8899584,2,0,2014,-9223372036854775808
2021-11-30 09:50:40.520,300557.SZ,0.0,100.0,0,8872126,8899744,2,0,2014,-9223372036854775808
2021-11-30 09:50:40.540,300557.SZ,28.94,100.0,8871768,8899941,8899942,1,0,2014,-9223372036854775808
2021-11-30 09:50:40.550,300557.SZ,28.94,200.0,8871768,8899956,8899957,1,0,2014,-9223372036854775808
2021-11-30 09:50:40.560,300557.SZ,0.0,100.0,0,8815358,8899980,2,0,2014,-9223372036854775808
2021-11-30 09:50:40.560,300557.SZ,0.0,100.0,0,8871906,8900003,2,0,2014,-9223372036854775808
2021-11-30 09:50:40.560,300557.SZ,0.0,100.0,0,8899855,8900007,2,0,2014,-9223372036854775808
2021-11-30 09:50:40.560,300557.SZ,0.0,100.0,0,8899700,8900019,2,0,2014,-9223372036854775808
2021-11-30 09:50:42.490,300557.SZ,0.0,1200.0,0,8153147,8907396,2,0,2014,-9223372036854775808
2021-11-30 09:50:44.900,300557.SZ,0.0,100.0,8883326,0,8918243,2,0,2014,-9223372036854775808
2021-11-30 09:50:45.640,300557.SZ,28.8,100.0,8918303,8921398,8921399,1,0,2014,-9223372036854775808
2021-11-30 09:50:45.640,300557.SZ,28.79,200.0,8871577,8921398,8921400,1,0,2014,-9223372036854775808
2021-11-30 09:50:45.650,300557.SZ,0.0,200.0,0,8899958,8921407,2,0,2014,-9223372036854775808
2021-11-30 09:50:45.680,300557.SZ,0.0,100.0,0,8900005,8921517,2,0,2014,-9223372036854775808
2021-11-30 09:50:45.680,300557.SZ,0.0,100.0,0,8900004,8921518,2,0,2014,-9223372036854775808
2021-11-30 09:50:45.680,300557.SZ,0.0,100.0,0,8900006,8921519,2,0,2014,-9223372036854775808
2021-11-30 09:50:58.460,300557.SZ,0.0,100.0,8950624,0,8975846,2,0,2014,-9223372036854775808
2021-11-30 09:50:58.490,300557.SZ,0.0,100.0,8925859,0,8976053,2,0,2014,-9223372036854775808
2021-11-30 09:51:00.820,300557.SZ,0.0,100.0,8964113,0,8985711,2,0,2014,-9223372036854775808
2021-11-30 09:51:06.730,300557.SZ,28.93,100.0,9017047,8899983,9017048,1,0,2014,-9223372036854775808
2021-11-30 09:51:06.750,300557.SZ,0.0,100.0,0,8921522,9017297,2,0,2014,-9223372036854775808
2021-11-30 09:51:06.750,300557.SZ,0.0,100.0,0,8921521,9017302,2,0,2014,-9223372036854775808
2021-11-30 09:51:06.750,300557.SZ,0.0,100.0,0,8921526,9017303,2,0,2014,-9223372036854775808
2021-11-30 09:51:09.300,300557.SZ,0.0,100.0,9028623,0,9031775,2,0,2014,-9223372036854775808
2021-11-30 09:51:10.500,300557.SZ,0.0,100.0,0,8921454,9038393,2,0,2014,-9223372036854775808
2021-11-30 09:51:10.510,300557.SZ,0.0,100.0,0,8921516,9038482,2,0,2014,-9223372036854775808
2021-11-30 09:51:13.510,300557.SZ,0.0,100.0,8989566,0,9055307,2,0,2014,-9223372036854775808
2021-11-30 09:51:13.800,300557.SZ,0.0,100.0,8985606,0,9056740,2,0,2014,-9223372036854775808
2021-11-30 09:51:17.660,300557.SZ,0.0,100.0,8935669,0,9076022,2,0,2014,-9223372036854775808
2021-11-30 09:51:17.670,300557.SZ,28.94,100.0,9076094,8926761,9076095,1,0,2014,-9223372036854775808
2021-11-30 09:51:17.710,300557.SZ,0.0,100.0,9009210,0,9076202,2,0,2014,-9223372036854775808
2021-11-30 09:51:19.760,300557.SZ,0.0,100.0,9061202,0,9085501,2,0,2014,-9223372036854775808
2021-11-30 09:51:20.800,300557.SZ,28.94,100.0,9090287,8926761,9090288,1,0,2014,-9223372036854775808
2021-11-30 09:51:25.420,300557.SZ,28.94,200.0,9111361,9038319,9111362,1,0,2014,-9223372036854775808
2021-11-30 09:51:25.430,300557.SZ,0.0,100.0,8921408,0,9111382,2,0,2014,-9223372036854775808
2021-11-30 09:51:25.870,300557.SZ,0.0,100.0,9031613,0,9112940,2,0,2014,-9223372036854775808
2021-11-30 09:51:26.620,300557.SZ,28.95,100.0,9115893,9079706,9115894,1,0,2014,-9223372036854775808
2021-11-30 09:51:26.640,300557.SZ,0.0,100.0,9031777,0,9115940,2,0,2014,-9223372036854775808
2021-11-30 09:51:26.640,300557.SZ,28.95,100.0,9115943,9079706,9115944,1,0,2014,-9223372036854775808
2021-11-30 09:51:28.490,300557.SZ,28.95,200.0,9123272,9079706,9123273,1,0,2014,-9223372036854775808
2021-11-30 09:51:28.500,300557.SZ,28.95,100.0,9123371,9079706,9123372,1,0,2014,-9223372036854775808
2021-11-30 09:51:30.730,300557.SZ,28.94,100.0,9111361,9131839,9131840,1,0,2014,-9223372036854775808
2021-11-30 09:51:30.750,300557.SZ,0.0,500.0,8950592,0,9131940,2,0,2014,-9223372036854775808
2021-11-30 09:51:31.810,300557.SZ,28.95,100.0,9136934,9079706,9136935,1,0,2014,-9223372036854775808
2021-11-30 09:51:32.500,300557.SZ,28.95,200.0,9139309,9079706,9139310,1,0,2014,-9223372036854775808
2021-11-30 09:51:32.570,300557.SZ,28.95,400.0,9139485,9079706,9139486,1,0,2014,-9223372036854775808
2021-11-30 09:51:36.480,300557.SZ,0.0,1000.0,9078800,0,9155794,2,0,2014,-9223372036854775808
2021-11-30 09:51:42.210,300557.SZ,0.0,1500.0,9111361,0,9179530,2,0,2014,-9223372036854775808
2021-11-30 09:51:44.010,300557.SZ,0.0,1800.0,9060129,0,9187573,2,0,2014,-9223372036854775808
2021-11-30 09:51:45.100,300557.SZ,28.95,600.0,9139485,9191338,9191339,1,0,2014,-9223372036854775808
2021-11-30 09:51:47.490,300557.SZ,28.93,500.0,9060697,9202155,9202156,1,0,2014,-9223372036854775808
2021-11-30 09:51:49.310,300557.SZ,28.93,500.0,9210993,9202155,9210994,1,0,2014,-9223372036854775808
2021-11-30 09:51:58.870,300557.SZ,0.0,2400.0,0,8718516,9248801,2,0,2014,-9223372036854775808
2021-11-30 09:52:00.830,300557.SZ,0.0,100.0,0,9194509,9256416,2,0,2014,-9223372036854775808
2021-11-30 09:52:00.830,300557.SZ,0.0,100.0,0,9194511,9256417,2,0,2014,-9223372036854775808
2021-11-30 09:52:01.460,300557.SZ,0.0,100.0,0,9196672,9259532,2,0,2014,-9223372036854775808
2021-11-30 09:52:01.460,300557.SZ,0.0,100.0,0,9196673,9259533,2,0,2014,-9223372036854775808
2021-11-30 09:52:01.460,300557.SZ,0.0,200.0,0,9196671,9259535,2,0,2014,-9223372036854775808
2021-11-30 09:52:01.460,300557.SZ,0.0,100.0,0,9196675,9259538,2,0,2014,-9223372036854775808
2021-11-30 09:52:01.460,300557.SZ,0.0,100.0,0,9196674,9259539,2,0,2014,-9223372036854775808
2021-11-30 09:52:01.790,300557.SZ,0.0,100.0,0,9198541,9260825,2,0,2014,-9223372036854775808
2021-11-30 09:52:01.790,300557.SZ,0.0,100.0,0,9198540,9260826,2,0,2014,-9223372036854775808
2021-11-30 09:52:02.790,300557.SZ,28.9,100.0,9264822,9264844,9264845,1,0,2014,-9223372036854775808
2021-11-30 09:52:02.790,300557.SZ,28.89,100.0,9114472,9264844,9264846,1,0,2014,-9223372036854775808
2021-11-30 09:52:03.020,300557.SZ,28.91,100.0,9265654,9263437,9265655,1,0,2014,-9223372036854775808
2021-11-30 09:52:04.590,300557.SZ,28.89,100.0,9114472,9274152,9274153,1,0,2014,-9223372036854775808
2021-11-30 09:52:04.590,300557.SZ,28.89,100.0,9114472,9274154,9274155,1,0,2014,-9223372036854775808
2021-11-30 09:52:04.620,300557.SZ,28.89,100.0,9114472,9274295,9274296,1,0,2014,-9223372036854775808
2021-11-30 09:52:05.910,300557.SZ,0.0,1600.0,0,9172974,9280892,2,0,2014,-9223372036854775808
2021-11-30 09:52:05.970,300557.SZ,28.89,100.0,9114472,9281075,9281076,1,0,2014,-9223372036854775808
2021-11-30 09:52:10.770,300557.SZ,28.87,300.0,9306384,9291450,9306385,1,0,2014,-9223372036854775808
2021-11-30 09:52:10.770,300557.SZ,28.88,100.0,9306384,9284835,9306386,1,0,2014,-9223372036854775808
2021-11-30 09:52:10.770,300557.SZ,28.89,100.0,9306384,9281110,9306387,1,0,2014,-9223372036854775808
2021-11-30 09:52:10.770,300557.SZ,28.89,100.0,9306384,9281111,9306388,1,0,2014,-9223372036854775808
2021-11-30 09:52:10.770,300557.SZ,28.89,100.0,9306384,9281112,9306389,1,0,2014,-9223372036854775808
2021-11-30 09:52:10.770,300557.SZ,28.89,100.0,9306384,9281113,9306390,1,0,2014,-9223372036854775808
2021-11-30 09:52:17.030,300557.SZ,0.0,100.0,0,9260286,9334128,2,0,2014,-9223372036854775808
2021-11-30 09:52:17.030,300557.SZ,0.0,100.0,0,9260287,9334131,2,0,2014,-9223372036854775808
2021-11-30 09:52:17.800,300557.SZ,0.0,200.0,0,9260587,9337217,2,0,2014,-9223372036854775808
2021-11-30 09:52:17.810,300557.SZ,0.0,800.0,0,9260450,9337265,2,0,2014,-9223372036854775808
2021-11-30 09:52:20.460,300557.SZ,28.89,1200.0,9306384,9349968,9349969,1,0,2014,-9223372036854775808
2021-11-30 09:52:21.640,300557.SZ,28.87,100.0,9354952,9354895,9354953,1,0,2014,-9223372036854775808
2021-11-30 09:52:21.730,300557.SZ,0.0,200.0,0,9263440,9355256,2,0,2014,-9223372036854775808
2021-11-30 09:52:21.730,300557.SZ,0.0,100.0,0,9263438,9355257,2,0,2014,-9223372036854775808
2021-11-30 09:52:21.730,300557.SZ,0.0,100.0,0,9263439,9355258,2,0,2014,-9223372036854775808
2021-11-30 09:52:21.730,300557.SZ,0.0,100.0,0,9263443,9355259,2,0,2014,-9223372036854775808
2021-11-30 09:52:21.730,300557.SZ,0.0,100.0,0,9263442,9355260,2,0,2014,-9223372036854775808
2021-11-30 09:52:21.730,300557.SZ,0.0,100.0,0,9263441,9355261,2,0,2014,-9223372036854775808
2021-11-30 09:52:25.460,300557.SZ,28.87,100.0,9371137,9354895,9371138,1,0,2014,-9223372036854775808
2021-11-30 09:52:27.680,300557.SZ,28.87,100.0,9380106,9354895,9380107,1,0,2014,-9223372036854775808
2021-11-30 09:52:33.710,300557.SZ,0.0,800.0,94627,0,9404559,2,0,2014,-9223372036854775808
2021-11-30 09:52:34.840,300557.SZ,0.0,100.0,9401349,0,9410438,2,0,2014,-9223372036854775808
2021-11-30 09:52:38.100,300557.SZ,28.88,100.0,9413759,9422813,9422814,1,0,2014,-9223372036854775808
2021-11-30 09:52:38.100,300557.SZ,28.87,200.0,9385519,9422813,9422815,1,0,2014,-9223372036854775808
2021-11-30 09:52:40.660,300557.SZ,0.0,500.0,0,9355280,9432527,2,0,2014,-9223372036854775808
2021-11-30 09:52:43.460,300557.SZ,28.87,100.0,9442764,9422813,9442765,1,0,2014,-9223372036854775808
2021-11-30 09:52:44.400,300557.SZ,28.87,100.0,9446145,9422813,9446146,1,0,2014,-9223372036854775808
2021-11-30 09:52:45.800,300557.SZ,0.0,1300.0,0,8314859,9450829,2,0,2014,-9223372036854775808
2021-11-30 09:52:48.170,300557.SZ,28.87,100.0,9459885,9422813,9459886,1,0,2014,-9223372036854775808
2021-11-30 09:52:48.380,300557.SZ,28.87,100.0,9460563,9422813,9460564,1,0,2014,-9223372036854775808
2021-11-30 09:52:52.280,300557.SZ,28.87,100.0,9460563,9474527,9474528,1,0,2014,-9223372036854775808
2021-11-30 09:52:52.280,300557.SZ,28.87,200.0,9460565,9474527,9474529,1,0,2014,-9223372036854775808
2021-11-30 09:52:52.280,300557.SZ,28.87,200.0,9460566,9474527,9474530,1,0,2014,-9223372036854775808
2021-11-30 09:52:52.480,300557.SZ,0.0,100.0,9396498,0,9475169,2,0,2014,-9223372036854775808
2021-11-30 09:53:07.500,300557.SZ,0.0,100.0,9486449,0,9541361,2,0,2014,-9223372036854775808
2021-11-30 09:53:12.930,300557.SZ,28.87,100.0,9522519,9564277,9564278,1,0,2014,-9223372036854775808
2021-11-30 09:53:26.250,300557.SZ,0.0,8700.0,269916,0,9621927,2,0,2014,-9223372036854775808
2021-11-30 09:53:27.000,300557.SZ,28.87,1900.0,9624423,9564277,9624424,1,0,2014,-9223372036854775808
2021-11-30 09:53:27.000,300557.SZ,28.87,100.0,9624423,9571214,9624425,1,0,2014,-9223372036854775808
2021-11-30 09:53:27.020,300557.SZ,28.87,100.0,9624480,9571214,9624481,1,0,2014,-9223372036854775808
2021-11-30 09:53:31.460,300557.SZ,28.87,200.0,9641836,9571214,9641837,1,0,2014,-9223372036854775808
2021-11-30 09:53:31.460,300557.SZ,0.0,100.0,9637206,0,9641859,2,0,2014,-9223372036854775808
2021-11-30 09:53:31.460,300557.SZ,28.87,100.0,9641866,9571214,9641867,1,0,2014,-9223372036854775808
2021-11-30 09:53:32.290,300557.SZ,28.85,600.0,9444171,9644865,9644866,1,0,2014,-9223372036854775808
2021-11-30 09:53:33.860,300557.SZ,28.85,100.0,9650300,9644865,9650301,1,0,2014,-9223372036854775808
2021-11-30 09:53:41.820,300557.SZ,28.85,500.0,9680316,9644865,9680317,1,0,2014,-9223372036854775808
2021-11-30 09:53:41.830,300557.SZ,28.85,100.0,9680373,9644865,9680374,1,0,2014,-9223372036854775808
2021-11-30 09:53:46.470,300557.SZ,28.84,100.0,9304761,9697129,9697130,1,0,2014,-9223372036854775808
2021-11-30 09:53:46.920,300557.SZ,0.0,600.0,9459865,0,9698707,2,0,2014,-9223372036854775808
2021-11-30 09:53:48.870,300557.SZ,28.85,3700.0,9705886,9644865,9705887,1,0,2014,-9223372036854775808
2021-11-30 09:53:50.390,300557.SZ,0.0,1000.0,8939019,0,9711551,2,0,2014,-9223372036854775808
2021-11-30 09:53:54.930,300557.SZ,28.87,100.0,9728386,9571214,9728387,1,0,2014,-9223372036854775808
2021-11-30 09:53:59.430,300557.SZ,28.87,400.0,9744520,9571214,9744521,1,0,2014,-9223372036854775808
2021-11-30 09:53:59.430,300557.SZ,28.93,600.0,9744520,9202155,9744522,1,0,2014,-9223372036854775808
2021-11-30 09:54:04.470,300557.SZ,0.0,100.0,9741128,0,9767063,2,0,2014,-9223372036854775808
2021-11-30 09:54:04.480,300557.SZ,0.0,200.0,9754141,0,9767095,2,0,2014,-9223372036854775808
2021-11-30 09:54:04.510,300557.SZ,0.0,100.0,9719444,0,9767240,2,0,2014,-9223372036854775808
2021-11-30 09:54:29.100,300557.SZ,28.89,100.0,9768970,9873122,9873123,1,0,2014,-9223372036854775808
2021-11-30 09:54:29.100,300557.SZ,28.88,100.0,9747077,9873122,9873124,1,0,2014,-9223372036854775808
2021-11-30 09:54:29.100,300557.SZ,28.87,100.0,9767060,9873122,9873125,1,0,2014,-9223372036854775808
2021-11-30 09:54:29.600,300557.SZ,28.87,100.0,9767060,9875188,9875189,1,0,2014,-9223372036854775808
2021-11-30 09:54:29.600,300557.SZ,28.86,600.0,9723711,9875188,9875190,1,0,2014,-9223372036854775808
2021-11-30 09:54:29.600,300557.SZ,28.85,600.0,9705886,9875188,9875191,1,0,2014,-9223372036854775808
2021-11-30 09:54:29.600,300557.SZ,28.85,1000.0,9728372,9875188,9875192,1,0,2014,-9223372036854775808
2021-11-30 09:54:35.840,300557.SZ,28.85,100.0,9897646,9875188,9897647,1,0,2014,-9223372036854775808
2021-11-30 09:54:38.600,300557.SZ,28.85,100.0,9907645,9875188,9907646,1,0,2014,-9223372036854775808
2021-11-30 09:54:41.340,300557.SZ,28.85,100.0,9917909,9875188,9917910,1,0,2014,-9223372036854775808
2021-11-30 09:54:52.330,300557.SZ,0.0,100.0,0,9908891,9954142,2,0,2014,-9223372036854775808
2021-11-30 09:54:55.450,300557.SZ,28.85,200.0,9964332,9875188,9964333,1,0,2014,-9223372036854775808
2021-11-30 09:54:55.480,300557.SZ,28.85,100.0,9964436,9875188,9964437,1,0,2014,-9223372036854775808
2021-11-30 09:54:56.140,300557.SZ,28.85,100.0,9966389,9875188,9966390,1,0,2014,-9223372036854775808
2021-11-30 09:54:57.180,300557.SZ,28.85,100.0,9969307,9875188,9969308,1,0,2014,-9223372036854775808
2021-11-30 09:54:57.280,300557.SZ,28.85,100.0,9969616,9875188,9969617,1,0,2014,-9223372036854775808
2021-11-30 09:54:58.130,300557.SZ,28.85,100.0,9972376,9875188,9972377,1,0,2014,-9223372036854775808
2021-11-30 09:54:58.780,300557.SZ,28.85,100.0,9974860,9875188,9974861,1,0,2014,-9223372036854775808
2021-11-30 09:55:01.190,300557.SZ,28.85,100.0,9974860,9983861,9983862,1,0,2014,-9223372036854775808
2021-11-30 09:55:02.700,300557.SZ,28.85,200.0,9974860,9989659,9989660,1,0,2014,-9223372036854775808
2021-11-30 09:55:04.510,300557.SZ,0.0,200.0,9920221,0,9999392,2,0,2014,-9223372036854775808
2021-11-30 09:55:07.990,300557.SZ,28.86,100.0,10005588,10016696,10016697,1,0,2014,-9223372036854775808
2021-11-30 09:55:07.990,300557.SZ,28.85,100.0,9974860,10016696,10016698,1,0,2014,-9223372036854775808
2021-11-30 09:55:10.530,300557.SZ,0.0,200.0,10007103,0,10029777,2,0,2014,-9223372036854775808
2021-11-30 09:55:15.680,300557.SZ,28.86,200.0,10036827,10051252,10051253,1,0,2014,-9223372036854775808
2021-11-30 09:55:15.680,300557.SZ,28.85,200.0,9974860,10051252,10051254,1,0,2014,-9223372036854775808
2021-11-30 09:55:15.680,300557.SZ,28.85,100.0,10048008,10051252,10051255,1,0,2014,-9223372036854775808
2021-11-30 09:55:27.660,300557.SZ,28.85,500.0,10048008,10093849,10093850,1,0,2014,-9223372036854775808
2021-11-30 09:55:27.660,300557.SZ,28.84,100.0,9304761,10093849,10093851,1,0,2014,-9223372036854775808
2021-11-30 09:55:27.660,300557.SZ,28.84,700.0,9915409,10093849,10093852,1,0,2014,-9223372036854775808
2021-11-30 09:55:27.660,300557.SZ,28.84,2100.0,9951748,10093849,10093853,1,0,2014,-9223372036854775808
2021-11-30 09:55:27.660,300557.SZ,28.83,600.0,9557290,10093849,10093854,1,0,2014,-9223372036854775808
2021-11-30 09:55:43.170,300557.SZ,0.0,100.0,0,10095312,10147258,2,0,2014,-9223372036854775808
2021-11-30 09:55:43.170,300557.SZ,0.0,200.0,0,10095314,10147259,2,0,2014,-9223372036854775808
2021-11-30 09:55:43.170,300557.SZ,0.0,100.0,0,10095313,10147260,2,0,2014,-9223372036854775808
2021-11-30 09:55:43.480,300557.SZ,0.0,100.0,0,10096647,10148764,2,0,2014,-9223372036854775808
2021-11-30 09:55:43.480,300557.SZ,0.0,100.0,0,10096645,10148767,2,0,2014,-9223372036854775808
2021-11-30 09:55:43.480,300557.SZ,0.0,100.0,0,10096646,10148768,2,0,2014,-9223372036854775808
2021-11-30 09:55:57.840,300557.SZ,28.84,100.0,10123617,10191942,10191943,1,0,2014,-9223372036854775808
2021-11-30 09:55:59.520,300557.SZ,0.0,300.0,9306894,0,10197466,2,0,2014,-9223372036854775808
2021-11-30 09:56:01.860,300557.SZ,0.0,100.0,0,10096947,10206336,2,0,2014,-9223372036854775808
2021-11-30 09:56:01.860,300557.SZ,0.0,100.0,0,10096948,10206337,2,0,2014,-9223372036854775808
2021-11-30 09:56:03.330,300557.SZ,28.83,100.0,9557290,10211870,10211871,1,0,2014,-9223372036854775808
2021-11-30 09:56:03.330,300557.SZ,28.83,200.0,9557290,10211872,10211873,1,0,2014,-9223372036854775808
2021-11-30 09:56:03.330,300557.SZ,28.83,100.0,9557290,10211874,10211875,1,0,2014,-9223372036854775808
2021-11-30 09:56:03.340,300557.SZ,28.83,100.0,10211888,10211876,10211889,1,0,2014,-9223372036854775808
2021-11-30 09:56:06.880,300557.SZ,28.83,100.0,10228175,10211877,10228176,1,0,2014,-9223372036854775808
2021-11-30 09:56:12.870,300557.SZ,28.83,100.0,10253660,10211878,10253661,1,0,2014,-9223372036854775808
2021-11-30 09:56:12.870,300557.SZ,28.83,200.0,10253660,10239252,10253662,1,0,2014,-9223372036854775808
2021-11-30 09:56:29.550,300557.SZ,0.0,500.0,0,10228317,10314473,2,0,2014,-9223372036854775808
2021-11-30 09:56:34.990,300557.SZ,0.0,500.0,0,10206300,10332255,2,0,2014,-9223372036854775808
2021-11-30 09:56:35.650,300557.SZ,28.8,200.0,8942982,10334157,10334158,1,0,2014,-9223372036854775808
2021-11-30 09:56:36.590,300557.SZ,28.82,100.0,10336632,10325806,10336633,1,0,2014,-9223372036854775808
2021-11-30 09:56:36.590,300557.SZ,28.82,100.0,10336632,10325807,10336634,1,0,2014,-9223372036854775808
2021-11-30 09:56:36.590,300557.SZ,28.82,200.0,10336632,10325904,10336635,1,0,2014,-9223372036854775808
2021-11-30 09:56:36.590,300557.SZ,28.82,200.0,10336632,10325930,10336636,1,0,2014,-9223372036854775808
2021-11-30 09:56:36.590,300557.SZ,28.8,600.0,9235278,10336645,10336646,1,0,2014,-9223372036854775808
2021-11-30 09:56:36.590,300557.SZ,28.8,200.0,9906697,10336645,10336647,1,0,2014,-9223372036854775808
2021-11-30 09:56:37.800,300557.SZ,28.79,200.0,8871577,10341492,10341493,1,0,2014,-9223372036854775808
2021-11-30 09:56:37.800,300557.SZ,28.79,1100.0,8871577,10341502,10341503,1,0,2014,-9223372036854775808
2021-11-30 09:56:38.010,300557.SZ,28.81,100.0,10341658,10341955,10341956,1,0,2014,-9223372036854775808
2021-11-30 09:56:38.010,300557.SZ,28.78,100.0,3365049,10341955,10341957,1,0,2014,-9223372036854775808
2021-11-30 09:56:38.010,300557.SZ,28.78,200.0,3365049,10341968,10341969,1,0,2014,-9223372036854775808
2021-11-30 09:56:38.020,300557.SZ,0.0,200.0,3225019,0,10342019,2,0,2014,-9223372036854775808
2021-11-30 09:56:42.210,300557.SZ,0.0,300.0,0,10341970,10355729,2,0,2014,-9223372036854775808
2021-11-30 09:56:45.110,300557.SZ,0.0,200.0,10355509,0,10366082,2,0,2014,-9223372036854775808
2021-11-30 09:56:45.130,300557.SZ,0.0,200.0,10355013,0,10366135,2,0,2014,-9223372036854775808
2021-11-30 09:56:45.130,300557.SZ,0.0,200.0,10355010,0,10366136,2,0,2014,-9223372036854775808
2021-11-30 09:56:45.130,300557.SZ,0.0,200.0,10355467,0,10366139,2,0,2014,-9223372036854775808
2021-11-30 09:56:48.500,300557.SZ,0.0,400.0,0,10325930,10378121,2,0,2014,-9223372036854775808
2021-11-30 09:56:49.480,300557.SZ,0.0,200.0,10360749,0,10382230,2,0,2014,-9223372036854775808
2021-11-30 09:56:50.180,300557.SZ,0.0,100.0,0,10350495,10384496,2,0,2014,-9223372036854775808
2021-11-30 09:56:58.430,300557.SZ,0.0,200.0,10377264,0,10412248,2,0,2014,-9223372036854775808
2021-11-30 09:56:58.470,300557.SZ,0.0,200.0,10367324,0,10412366,2,0,2014,-9223372036854775808
2021-11-30 09:56:58.470,300557.SZ,0.0,200.0,10367325,0,10412367,2,0,2014,-9223372036854775808
2021-11-30 09:56:58.470,300557.SZ,0.0,200.0,10367350,0,10412374,2,0,2014,-9223372036854775808
2021-11-30 09:57:01.480,300557.SZ,0.0,200.0,10387328,0,10423446,2,0,2014,-9223372036854775808
2021-11-30 09:57:05.430,300557.SZ,28.73,100.0,10412173,10440339,10440340,1,0,2014,-9223372036854775808
2021-11-30 09:57:08.780,300557.SZ,28.79,800.0,10456244,10367267,10456245,1,0,2014,-9223372036854775808
2021-11-30 09:57:13.860,300557.SZ,0.0,100.0,10456467,0,10481083,2,0,2014,-9223372036854775808
2021-11-30 09:57:16.290,300557.SZ,28.8,100.0,10484619,10490732,10490733,1,0,2014,-9223372036854775808
2021-11-30 09:57:16.290,300557.SZ,28.79,400.0,10456244,10490732,10490734,1,0,2014,-9223372036854775808
2021-11-30 09:57:16.290,300557.SZ,28.73,400.0,10412173,10490732,10490735,1,0,2014,-9223372036854775808
2021-11-30 09:57:16.290,300557.SZ,28.73,200.0,10412412,10490732,10490736,1,0,2014,-9223372036854775808
2021-11-30 09:57:16.290,300557.SZ,28.73,200.0,10412435,10490732,10490737,1,0,2014,-9223372036854775808
2021-11-30 09:57:16.290,300557.SZ,28.73,200.0,10412572,10490732,10490738,1,0,2014,-9223372036854775808
2021-11-30 09:57:16.290,300557.SZ,28.73,200.0,10417353,10490732,10490739,1,0,2014,-9223372036854775808
2021-11-30 09:57:16.290,300557.SZ,28.73,200.0,10429462,10490732,10490740,1,0,2014,-9223372036854775808
2021-11-30 09:57:23.070,300557.SZ,28.79,500.0,10505043,10516183,10516184,1,0,2014,-9223372036854775808
2021-11-30 09:57:32.860,300557.SZ,0.0,1000.0,4355598,0,10550104,2,0,2014,-9223372036854775808
2021-11-30 09:58:09.840,300557.SZ,0.0,100.0,10570665,0,10676551,2,0,2014,-9223372036854775808
2021-11-30 09:58:10.820,300557.SZ,28.8,100.0,10680904,10677180,10680905,1,0,2014,-9223372036854775808
2021-11-30 09:58:11.870,300557.SZ,28.8,100.0,10684620,10677180,10684621,1,0,2014,-9223372036854775808
2021-11-30 09:58:19.290,300557.SZ,28.8,300.0,10710213,10677180,10710214,1,0,2014,-9223372036854775808
2021-11-30 09:58:29.810,300557.SZ,28.8,200.0,10726395,10742531,10742532,1,0,2014,-9223372036854775808
2021-11-30 09:58:30.080,300557.SZ,28.8,300.0,10726395,10743662,10743663,1,0,2014,-9223372036854775808
2021-11-30 09:58:33.870,300557.SZ,28.8,100.0,10726395,10755506,10755507,1,0,2014,-9223372036854775808
2021-11-30 09:58:33.870,300557.SZ,28.79,100.0,10505043,10755506,10755508,1,0,2014,-9223372036854775808
2021-11-30 09:58:38.100,300557.SZ,0.0,500.0,0,10314048,10768665,2,0,2014,-9223372036854775808
2021-11-30 09:59:00.020,300557.SZ,0.0,400.0,0,10107849,10832434,2,0,2014,-9223372036854775808
2021-11-30 09:59:01.070,300557.SZ,28.8,500.0,10766375,10837073,10837074,1,0,2014,-9223372036854775808
2021-11-30 09:59:01.070,300557.SZ,28.8,100.0,10773840,10837073,10837075,1,0,2014,-9223372036854775808
2021-11-30 09:59:02.780,300557.SZ,0.0,100.0,10591783,0,10842937,2,0,2014,-9223372036854775808
2021-11-30 09:59:03.450,300557.SZ,0.0,300.0,0,10095996,10845273,2,0,2014,-9223372036854775808
2021-11-30 09:59:10.770,300557.SZ,28.8,100.0,10873977,10837073,10873978,1,0,2014,-9223372036854775808
2021-11-30 09:59:13.820,300557.SZ,28.79,300.0,10505043,10884430,10884431,1,0,2014,-9223372036854775808
2021-11-30 09:59:14.460,300557.SZ,28.8,100.0,10886285,10837073,10886286,1,0,2014,-9223372036854775808
2021-11-30 09:59:14.460,300557.SZ,28.8,300.0,10886285,10862615,10886287,1,0,2014,-9223372036854775808
2021-11-30 09:59:15.990,300557.SZ,28.8,200.0,10886285,10891826,10891827,1,0,2014,-9223372036854775808
2021-11-30 09:59:15.990,300557.SZ,28.79,2300.0,10505043,10891826,10891828,1,0,2014,-9223372036854775808
2021-11-30 09:59:16.750,300557.SZ,0.0,400.0,0,10603894,10894602,2,0,2014,-9223372036854775808
2021-11-30 09:59:18.300,300557.SZ,28.81,100.0,10899558,10655298,10899559,1,0,2014,-9223372036854775808
2021-11-30 09:59:18.300,300557.SZ,28.81,100.0,10899558,10834333,10899560,1,0,2014,-9223372036854775808
2021-11-30 09:59:19.830,300557.SZ,28.8,100.0,10892289,10905180,10905181,1,0,2014,-9223372036854775808
2021-11-30 09:59:19.830,300557.SZ,28.79,200.0,10505043,10905180,10905182,1,0,2014,-9223372036854775808
2021-11-30 09:59:24.870,300557.SZ,0.0,5700.0,10505043,0,10921522,2,0,2014,-9223372036854775808
2021-11-30 09:59:30.000,300557.SZ,0.0,300.0,0,10834333,10940134,2,0,2014,-9223372036854775808
2021-11-30 09:59:31.180,300557.SZ,28.79,400.0,10770801,10944545,10944546,1,0,2014,-9223372036854775808
2021-11-30 09:59:32.640,300557.SZ,28.8,400.0,10947817,10948769,10948770,1,0,2014,-9223372036854775808
2021-11-30 09:59:33.000,300557.SZ,28.8,300.0,10947817,10949640,10949641,1,0,2014,-9223372036854775808
2021-11-30 09:59:33.170,300557.SZ,0.0,100.0,10947829,0,10950235,2,0,2014,-9223372036854775808
2021-11-30 10:00:11.800,300557.SZ,0.0,100.0,10973684,0,11140016,2,0,2014,-9223372036854775808
2021-11-30 10:00:12.770,300557.SZ,28.83,100.0,11144398,10239252,11144399,1,0,2014,-9223372036854775808
2021-11-30 10:00:18.840,300557.SZ,28.82,100.0,10996036,11178490,11178491,1,0,2014,-9223372036854775808
2021-11-30 10:00:18.840,300557.SZ,28.82,100.0,10996038,11178490,11178492,1,0,2014,-9223372036854775808
2021-11-30 10:00:18.840,300557.SZ,28.82,100.0,11010613,11178490,11178493,1,0,2014,-9223372036854775808
2021-11-30 10:00:18.840,300557.SZ,28.82,500.0,11032495,11178490,11178494,1,0,2014,-9223372036854775808
2021-11-30 10:00:18.840,300557.SZ,28.81,5600.0,10950220,11178490,11178495,1,0,2014,-9223372036854775808
2021-11-30 10:00:18.840,300557.SZ,28.81,100.0,10950239,11178490,11178496,1,0,2014,-9223372036854775808
2021-11-30 10:00:18.850,300557.SZ,28.81,100.0,11178514,11178490,11178515,1,0,2014,-9223372036854775808
2021-11-30 10:00:28.440,300557.SZ,28.8,100.0,10947817,11223181,11223182,1,0,2014,-9223372036854775808
2021-11-30 10:00:31.340,300557.SZ,28.81,400.0,11235021,11178490,11235022,1,0,2014,-9223372036854775808
2021-11-30 10:01:12.030,300557.SZ,28.81,100.0,11235021,11395693,11395694,1,0,2014,-9223372036854775808
2021-11-30 10:01:26.660,300557.SZ,0.0,500.0,0,10953547,11452608,2,0,2014,-9223372036854775808
2021-11-30 10:01:39.640,300557.SZ,28.82,100.0,11498905,11400536,11498906,1,0,2014,-9223372036854775808
2021-11-30 10:01:39.640,300557.SZ,28.83,100.0,11498905,10239252,11498907,1,0,2014,-9223372036854775808
2021-11-30 10:01:39.640,300557.SZ,28.83,100.0,11498905,10322766,11498908,1,0,2014,-9223372036854775808
2021-11-30 10:02:01.210,300557.SZ,28.83,100.0,11574038,10322766,11574039,1,0,2014,-9223372036854775808
2021-11-30 10:02:01.210,300557.SZ,28.85,1100.0,11574038,10324455,11574040,1,0,2014,-9223372036854775808
2021-11-30 10:02:22.430,300557.SZ,28.85,100.0,11656571,10324455,11656572,1,0,2014,-9223372036854775808
2021-11-30 10:02:49.200,300557.SZ,28.84,700.0,11745448,11709717,11745449,1,0,2014,-9223372036854775808
2021-11-30 10:02:49.200,300557.SZ,28.85,800.0,11745448,10324455,11745450,1,0,2014,-9223372036854775808
2021-11-30 10:02:52.850,300557.SZ,0.0,600.0,0,6712660,11757053,2,0,2014,-9223372036854775808
2021-11-30 10:02:53.940,300557.SZ,28.81,100.0,11235021,11760382,11760383,1,0,2014,-9223372036854775808
2021-11-30 10:02:53.940,300557.SZ,28.81,100.0,11449884,11760382,11760384,1,0,2014,-9223372036854775808
2021-11-30 10:02:53.940,300557.SZ,28.81,4200.0,11639781,11760382,11760385,1,0,2014,-9223372036854775808
2021-11-30 10:02:53.940,300557.SZ,28.81,100.0,11656597,11760382,11760386,1,0,2014,-9223372036854775808
2021-11-30 10:02:53.940,300557.SZ,28.81,100.0,11656598,11760382,11760387,1,0,2014,-9223372036854775808
2021-11-30 10:02:53.940,300557.SZ,28.81,200.0,11656783,11760382,11760388,1,0,2014,-9223372036854775808
2021-11-30 10:02:53.940,300557.SZ,28.81,500.0,11731875,11760382,11760389,1,0,2014,-9223372036854775808
2021-11-30 10:03:00.170,300557.SZ,28.81,100.0,11779748,11760382,11779749,1,0,2014,-9223372036854775808
2021-11-30 10:03:04.610,300557.SZ,28.81,100.0,11797471,11760382,11797472,1,0,2014,-9223372036854775808
2021-11-30 10:03:10.540,300557.SZ,28.8,1400.0,10947817,11822491,11822492,1,0,2014,-9223372036854775808
2021-11-30 10:03:13.910,300557.SZ,28.8,100.0,11835182,11822491,11835183,1,0,2014,-9223372036854775808
2021-11-30 10:03:19.420,300557.SZ,0.0,100.0,11844508,0,11854189,2,0,2014,-9223372036854775808
2021-11-30 10:03:29.060,300557.SZ,28.81,900.0,11835182,11885691,11885692,1,0,2014,-9223372036854775808
2021-11-30 10:03:29.060,300557.SZ,28.81,100.0,11874330,11885691,11885693,1,0,2014,-9223372036854775808
2021-11-30 10:03:29.850,300557.SZ,28.81,600.0,11874330,11888277,11888278,1,0,2014,-9223372036854775808
2021-11-30 10:03:34.470,300557.SZ,28.81,100.0,11904411,11888277,11904412,1,0,2014,-9223372036854775808
2021-11-30 10:03:40.530,300557.SZ,28.81,200.0,11924487,11888277,11924488,1,0,2014,-9223372036854775808
2021-11-30 10:04:20.420,300557.SZ,0.0,200.0,9958240,0,12058550,2,0,2014,-9223372036854775808
2021-11-30 10:04:27.270,300557.SZ,0.0,600.0,10911840,0,12080527,2,0,2014,-9223372036854775808
2021-11-30 10:05:16.450,300557.SZ,28.81,100.0,12247087,11888277,12247088,1,0,2014,-9223372036854775808
2021-11-30 10:05:35.280,300557.SZ,28.81,1200.0,12256656,12303355,12303356,1,0,2014,-9223372036854775808
2021-11-30 10:05:40.450,300557.SZ,28.74,100.0,12236201,12318789,12318790,1,0,2014,-9223372036854775808
2021-11-30 10:05:59.990,300557.SZ,0.0,500.0,0,11487682,12375855,2,0,2014,-9223372036854775808
2021-11-30 10:06:22.740,300557.SZ,0.0,600.0,0,12317828,12455979,2,0,2014,-9223372036854775808
2021-11-30 10:06:38.550,300557.SZ,28.74,200.0,12236322,12506267,12506268,1,0,2014,-9223372036854775808
2021-11-30 10:06:38.550,300557.SZ,28.73,300.0,10522428,12506267,12506269,1,0,2014,-9223372036854775808
2021-11-30 10:06:38.550,300557.SZ,28.73,100.0,12080871,12506267,12506270,1,0,2014,-9223372036854775808
2021-11-30 10:06:56.860,300557.SZ,0.0,700.0,9742943,0,12567201,2,0,2014,-9223372036854775808
2021-11-30 10:06:57.660,300557.SZ,0.0,2700.0,2578368,0,12569084,2,0,2014,-9223372036854775808
2021-11-30 10:07:21.240,300557.SZ,28.74,500.0,12507390,12661021,12661022,1,0,2014,-9223372036854775808
2021-11-30 10:07:26.660,300557.SZ,28.74,500.0,12678453,12661021,12678454,1,0,2014,-9223372036854775808
2021-11-30 10:07:26.660,300557.SZ,28.75,200.0,12678453,12578906,12678455,1,0,2014,-9223372036854775808
2021-11-30 10:07:28.560,300557.SZ,28.75,100.0,12683837,12578906,12683838,1,0,2014,-9223372036854775808
2021-11-30 10:07:43.330,300557.SZ,0.0,25600.0,0,7519353,12727490,2,0,2014,-9223372036854775808
2021-11-30 10:07:44.380,300557.SZ,28.8,300.0,12730396,12303355,12730397,1,0,2014,-9223372036854775808
2021-11-30 10:07:44.380,300557.SZ,28.81,2000.0,12730396,12309675,12730398,1,0,2014,-9223372036854775808
2021-11-30 10:07:44.760,300557.SZ,0.0,100.0,12684525,0,12731238,2,0,2014,-9223372036854775808
2021-11-30 10:07:57.210,300557.SZ,0.0,500.0,10365926,0,12764683,2,0,2014,-9223372036854775808
2021-11-30 10:08:08.410,300557.SZ,28.81,100.0,12734702,12804799,12804800,1,0,2014,-9223372036854775808
2021-11-30 10:08:13.840,300557.SZ,0.0,1800.0,259007,0,12828065,2,0,2014,-9223372036854775808
2021-11-30 10:08:17.780,300557.SZ,0.0,100.0,11960900,0,12841323,2,0,2014,-9223372036854775808
2021-11-30 10:08:32.560,300557.SZ,28.81,2900.0,12888027,12804799,12888028,1,0,2014,-9223372036854775808
2021-11-30 10:08:32.570,300557.SZ,28.81,100.0,12888027,12888036,12888037,1,0,2014,-9223372036854775808
2021-11-30 10:08:34.000,300557.SZ,28.84,700.0,12892641,11991019,12892642,1,0,2014,-9223372036854775808
2021-11-30 10:08:34.000,300557.SZ,28.84,300.0,12892641,12805739,12892643,1,0,2014,-9223372036854775808
2021-11-30 10:08:35.660,300557.SZ,28.85,400.0,12898323,10324455,12898324,1,0,2014,-9223372036854775808
2021-11-30 10:08:54.220,300557.SZ,28.85,1700.0,12898323,12954227,12954228,1,0,2014,-9223372036854775808
2021-11-30 10:08:54.220,300557.SZ,28.84,2500.0,12892641,12954227,12954229,1,0,2014,-9223372036854775808
2021-11-30 10:08:59.170,300557.SZ,0.0,100.0,12734854,0,12969868,2,0,2014,-9223372036854775808
2021-11-30 10:08:59.170,300557.SZ,0.0,100.0,12734856,0,12969869,2,0,2014,-9223372036854775808
2021-11-30 10:08:59.170,300557.SZ,0.0,100.0,12734855,0,12969870,2,0,2014,-9223372036854775808
2021-11-30 10:08:59.170,300557.SZ,28.84,100.0,12969873,12954227,12969874,1,0,2014,-9223372036854775808
2021-11-30 10:08:59.170,300557.SZ,28.84,100.0,12969875,12954227,12969876,1,0,2014,-9223372036854775808
2021-11-30 10:08:59.170,300557.SZ,28.84,100.0,12969877,12954227,12969878,1,0,2014,-9223372036854775808
2021-11-30 10:09:13.130,300557.SZ,0.0,100.0,12734703,0,13021490,2,0,2014,-9223372036854775808
2021-11-30 10:09:13.130,300557.SZ,0.0,100.0,12734700,0,13021491,2,0,2014,-9223372036854775808
2021-11-30 10:09:13.130,300557.SZ,0.0,100.0,12734701,0,13021493,2,0,2014,-9223372036854775808
2021-11-30 10:09:14.050,300557.SZ,28.84,100.0,13024977,12954227,13024978,1,0,2014,-9223372036854775808
2021-11-30 10:09:16.150,300557.SZ,0.0,100.0,12734770,0,13031498,2,0,2014,-9223372036854775808
2021-11-30 10:09:16.150,300557.SZ,28.84,100.0,13031501,12954227,13031502,1,0,2014,-9223372036854775808
2021-11-30 10:09:39.530,300557.SZ,0.0,6000.0,0,232362,13103986,2,0,2014,-9223372036854775808
2021-11-30 10:09:47.820,300557.SZ,0.0,700.0,12699770,0,13130091,2,0,2014,-9223372036854775808
2021-11-30 10:09:48.270,300557.SZ,28.82,100.0,13031364,13131160,13131161,1,0,2014,-9223372036854775808
2021-11-30 10:09:52.800,300557.SZ,28.82,100.0,13031365,13144164,13144165,1,0,2014,-9223372036854775808
2021-11-30 10:09:52.800,300557.SZ,28.82,100.0,13031366,13144164,13144166,1,0,2014,-9223372036854775808
2021-11-30 10:10:16.440,300557.SZ,28.81,100.0,12888027,13234155,13234156,1,0,2014,-9223372036854775808
2021-11-30 10:10:26.610,300557.SZ,28.81,1400.0,12888027,13268754,13268755,1,0,2014,-9223372036854775808
2021-11-30 10:10:26.610,300557.SZ,28.81,300.0,12888027,13268766,13268767,1,0,2014,-9223372036854775808
2021-11-30 10:10:31.430,300557.SZ,28.81,100.0,12888027,13284138,13284139,1,0,2014,-9223372036854775808
2021-11-30 10:10:31.470,300557.SZ,28.81,100.0,12888027,13284260,13284261,1,0,2014,-9223372036854775808
2021-11-30 10:10:31.470,300557.SZ,28.81,200.0,13024909,13284260,13284262,1,0,2014,-9223372036854775808
2021-11-30 10:10:31.470,300557.SZ,28.81,200.0,13024909,13284273,13284274,1,0,2014,-9223372036854775808
2021-11-30 10:10:34.420,300557.SZ,28.81,100.0,13024909,13292855,13292856,1,0,2014,-9223372036854775808
2021-11-30 10:10:34.440,300557.SZ,28.81,1300.0,13024909,13292923,13292924,1,0,2014,-9223372036854775808
2021-11-30 10:10:44.870,300557.SZ,0.0,2000.0,0,13217045,13322433,2,0,2014,-9223372036854775808
2021-11-30 10:10:52.450,300557.SZ,28.79,100.0,13322443,13343055,13343056,1,0,2014,-9223372036854775808
2021-11-30 10:10:52.450,300557.SZ,28.78,300.0,12856711,13343055,13343057,1,0,2014,-9223372036854775808
2021-11-30 10:10:57.860,300557.SZ,28.78,200.0,12856711,13358986,13358987,1,0,2014,-9223372036854775808
2021-11-30 10:11:26.910,300557.SZ,28.78,300.0,13459949,13358986,13459950,1,0,2014,-9223372036854775808
2021-11-30 10:11:45.160,300557.SZ,28.77,100.0,12879956,13515707,13515708,1,0,2014,-9223372036854775808
2021-11-30 10:11:45.160,300557.SZ,28.77,400.0,13466374,13515707,13515709,1,0,2014,-9223372036854775808
2021-11-30 10:11:45.160,300557.SZ,28.77,100.0,13471076,13515707,13515710,1,0,2014,-9223372036854775808
2021-11-30 10:11:45.160,300557.SZ,28.76,100.0,12733389,13515707,13515711,1,0,2014,-9223372036854775808
2021-11-30 10:11:45.160,300557.SZ,28.75,600.0,13227798,13515707,13515712,1,0,2014,-9223372036854775808
2021-11-30 10:11:45.160,300557.SZ,28.73,100.0,12080871,13515707,13515713,1,0,2014,-9223372036854775808
2021-11-30 10:11:45.160,300557.SZ,28.73,1300.0,12682378,13515707,13515714,1,0,2014,-9223372036854775808
2021-11-30 10:11:59.990,300557.SZ,28.73,700.0,12682378,13558201,13558202,1,0,2014,-9223372036854775808
2021-11-30 10:12:07.990,300557.SZ,0.0,1500.0,0,13358986,13588999,2,0,2014,-9223372036854775808
2021-11-30 10:12:08.060,300557.SZ,28.73,100.0,13589359,13558201,13589360,1,0,2014,-9223372036854775808
2021-11-30 10:12:08.060,300557.SZ,0.0,300.0,0,13589008,13589375,2,0,2014,-9223372036854775808
2021-11-30 10:12:08.060,300557.SZ,0.0,1400.0,0,13589005,13589376,2,0,2014,-9223372036854775808
2021-11-30 10:12:08.060,300557.SZ,0.0,1400.0,0,13589007,13589377,2,0,2014,-9223372036854775808
2021-11-30 10:12:08.060,300557.SZ,0.0,2000.0,0,13589006,13589378,2,0,2014,-9223372036854775808
2021-11-30 10:12:08.190,300557.SZ,28.73,100.0,13590056,13558201,13590057,1,0,2014,-9223372036854775808
2021-11-30 10:12:10.000,300557.SZ,28.72,1000.0,10424842,13596519,13596520,1,0,2014,-9223372036854775808
2021-11-30 10:12:10.010,300557.SZ,0.0,3300.0,0,13590065,13596547,2,0,2014,-9223372036854775808
2021-11-30 10:12:10.010,300557.SZ,0.0,200.0,0,13590063,13596550,2,0,2014,-9223372036854775808
2021-11-30 10:12:10.010,300557.SZ,0.0,200.0,0,13590064,13596551,2,0,2014,-9223372036854775808
2021-11-30 10:12:10.010,300557.SZ,0.0,100.0,0,13590074,13596552,2,0,2014,-9223372036854775808
2021-11-30 10:12:10.010,300557.SZ,0.0,400.0,0,13590070,13596553,2,0,2014,-9223372036854775808
2021-11-30 10:12:10.010,300557.SZ,0.0,400.0,0,13590071,13596554,2,0,2014,-9223372036854775808
2021-11-30 10:12:10.010,300557.SZ,0.0,200.0,0,13590073,13596555,2,0,2014,-9223372036854775808
2021-11-30 10:12:10.010,300557.SZ,0.0,1400.0,0,13590067,13596556,2,0,2014,-9223372036854775808
2021-11-30 10:12:10.010,300557.SZ,0.0,1200.0,0,13590069,13596557,2,0,2014,-9223372036854775808
2021-11-30 10:12:10.010,300557.SZ,0.0,1100.0,0,13590066,13596558,2,0,2014,-9223372036854775808
2021-11-30 10:12:10.010,300557.SZ,0.0,1700.0,0,13590068,13596559,2,0,2014,-9223372036854775808
2021-11-30 10:12:10.010,300557.SZ,0.0,2000.0,0,13590072,13596560,2,0,2014,-9223372036854775808
2021-11-30 10:12:10.150,300557.SZ,28.73,100.0,13597352,13558201,13597353,1,0,2014,-9223372036854775808
2021-11-30 10:12:10.160,300557.SZ,0.0,3300.0,0,13597386,13597416,2,0,2014,-9223372036854775808
2021-11-30 10:12:10.160,300557.SZ,0.0,200.0,0,13597387,13597419,2,0,2014,-9223372036854775808
2021-11-30 10:12:10.160,300557.SZ,0.0,200.0,0,13597390,13597420,2,0,2014,-9223372036854775808
2021-11-30 10:12:10.160,300557.SZ,0.0,100.0,0,13597394,13597434,2,0,2014,-9223372036854775808
2021-11-30 10:12:10.160,300557.SZ,0.0,1100.0,0,13597395,13597435,2,0,2014,-9223372036854775808
2021-11-30 10:12:10.160,300557.SZ,0.0,400.0,0,13597392,13597436,2,0,2014,-9223372036854775808
2021-11-30 10:12:10.160,300557.SZ,0.0,400.0,0,13597393,13597437,2,0,2014,-9223372036854775808
2021-11-30 10:12:10.160,300557.SZ,0.0,1200.0,0,13597397,13597440,2,0,2014,-9223372036854775808
2021-11-30 10:12:10.160,300557.SZ,0.0,200.0,0,13597401,13597443,2,0,2014,-9223372036854775808
2021-11-30 10:12:10.160,300557.SZ,0.0,1400.0,0,13597396,13597444,2,0,2014,-9223372036854775808
2021-11-30 10:12:10.160,300557.SZ,0.0,2000.0,0,13597398,13597445,2,0,2014,-9223372036854775808
2021-11-30 10:12:10.160,300557.SZ,0.0,1700.0,0,13597399,13597446,2,0,2014,-9223372036854775808
2021-11-30 10:12:18.730,300557.SZ,28.72,800.0,10424842,13627157,13627158,1,0,2014,-9223372036854775808
2021-11-30 10:12:18.730,300557.SZ,28.72,7400.0,12835025,13627157,13627159,1,0,2014,-9223372036854775808
2021-11-30 10:12:18.730,300557.SZ,28.72,500.0,13467967,13627157,13627160,1,0,2014,-9223372036854775808
2021-11-30 10:12:18.730,300557.SZ,28.72,200.0,13625556,13627157,13627161,1,0,2014,-9223372036854775808
2021-11-30 10:12:18.730,300557.SZ,28.71,1000.0,12336369,13627157,13627162,1,0,2014,-9223372036854775808
2021-11-30 10:12:18.730,300557.SZ,0.0,200.0,0,13625569,13627169,2,0,2014,-9223372036854775808
2021-11-30 10:12:18.730,300557.SZ,0.0,2800.0,0,13625570,13627170,2,0,2014,-9223372036854775808
2021-11-30 10:12:18.730,300557.SZ,0.0,200.0,0,13625571,13627171,2,0,2014,-9223372036854775808
2021-11-30 10:12:19.670,300557.SZ,28.71,500.0,13630762,13627157,13630763,1,0,2014,-9223372036854775808
2021-11-30 10:12:21.750,300557.SZ,28.7,100.0,2743604,13636853,13636854,1,0,2014,-9223372036854775808
2021-11-30 10:12:21.750,300557.SZ,28.7,100.0,2743693,13636853,13636855,1,0,2014,-9223372036854775808
2021-11-30 10:12:21.750,300557.SZ,28.7,300.0,10949446,13636853,13636856,1,0,2014,-9223372036854775808
2021-11-30 10:12:21.760,300557.SZ,0.0,3300.0,0,13630770,13636863,2,0,2014,-9223372036854775808
2021-11-30 10:12:21.760,300557.SZ,0.0,200.0,0,13630767,13636864,2,0,2014,-9223372036854775808
2021-11-30 10:12:21.760,300557.SZ,28.7,300.0,10949446,13636866,13636867,1,0,2014,-9223372036854775808
2021-11-30 10:12:21.760,300557.SZ,0.0,200.0,0,13630768,13636868,2,0,2014,-9223372036854775808
2021-11-30 10:12:21.760,300557.SZ,0.0,400.0,0,13630771,13636869,2,0,2014,-9223372036854775808
2021-11-30 10:12:21.760,300557.SZ,0.0,1100.0,0,13630769,13636870,2,0,2014,-9223372036854775808
2021-11-30 10:12:21.760,300557.SZ,0.0,400.0,0,13630773,13636871,2,0,2014,-9223372036854775808
2021-11-30 10:12:21.760,300557.SZ,0.0,1200.0,0,13630772,13636872,2,0,2014,-9223372036854775808
2021-11-30 10:12:21.760,300557.SZ,0.0,200.0,0,13630774,13636873,2,0,2014,-9223372036854775808
2021-11-30 10:12:21.760,300557.SZ,0.0,100.0,0,13630775,13636874,2,0,2014,-9223372036854775808
2021-11-30 10:12:21.760,300557.SZ,0.0,1400.0,0,13630776,13636875,2,0,2014,-9223372036854775808
2021-11-30 10:12:21.760,300557.SZ,0.0,1700.0,0,13630777,13636876,2,0,2014,-9223372036854775808
2021-11-30 10:12:21.760,300557.SZ,0.0,2000.0,0,13630778,13636877,2,0,2014,-9223372036854775808
2021-11-30 10:12:29.990,300557.SZ,0.0,200.0,0,13662312,13662336,2,0,2014,-9223372036854775808
2021-11-30 10:12:29.990,300557.SZ,0.0,200.0,0,13662311,13662337,2,0,2014,-9223372036854775808
2021-11-30 10:12:29.990,300557.SZ,0.0,1100.0,0,13662314,13662338,2,0,2014,-9223372036854775808
2021-11-30 10:12:29.990,300557.SZ,0.0,1200.0,0,13662315,13662339,2,0,2014,-9223372036854775808
2021-11-30 10:12:29.990,300557.SZ,0.0,3300.0,0,13662313,13662340,2,0,2014,-9223372036854775808
2021-11-30 10:12:29.990,300557.SZ,0.0,400.0,0,13662316,13662342,2,0,2014,-9223372036854775808
2021-11-30 10:12:29.990,300557.SZ,0.0,400.0,0,13662318,13662343,2,0,2014,-9223372036854775808
2021-11-30 10:12:29.990,300557.SZ,0.0,200.0,0,13662321,13662344,2,0,2014,-9223372036854775808
2021-11-30 10:12:29.990,300557.SZ,0.0,200.0,0,13662319,13662345,2,0,2014,-9223372036854775808
2021-11-30 10:12:29.990,300557.SZ,0.0,200.0,0,13662320,13662346,2,0,2014,-9223372036854775808
2021-11-30 10:12:29.990,300557.SZ,0.0,200.0,0,13662325,13662347,2,0,2014,-9223372036854775808
2021-11-30 10:12:29.990,300557.SZ,0.0,200.0,0,13662328,13662348,2,0,2014,-9223372036854775808
2021-11-30 10:12:29.990,300557.SZ,0.0,100.0,0,13662327,13662349,2,0,2014,-9223372036854775808
2021-11-30 10:12:29.990,300557.SZ,0.0,200.0,0,13662329,13662350,2,0,2014,-9223372036854775808
2021-11-30 10:12:29.990,300557.SZ,0.0,3800.0,0,13662326,13662351,2,0,2014,-9223372036854775808
2021-11-30 10:12:29.990,300557.SZ,0.0,200.0,0,13662330,13662352,2,0,2014,-9223372036854775808
2021-11-30 10:12:29.990,300557.SZ,0.0,1700.0,0,13662323,13662353,2,0,2014,-9223372036854775808
2021-11-30 10:12:29.990,300557.SZ,0.0,1400.0,0,13662322,13662354,2,0,2014,-9223372036854775808
2021-11-30 10:12:29.990,300557.SZ,0.0,2000.0,0,13662324,13662355,2,0,2014,-9223372036854775808
2021-11-30 10:12:29.990,300557.SZ,0.0,400.0,0,13662331,13662356,2,0,2014,-9223372036854775808
2021-11-30 10:12:30.090,300557.SZ,0.0,100.0,0,13662341,13662632,2,0,2014,-9223372036854775808
2021-11-30 10:12:30.300,300557.SZ,0.0,3300.0,0,13662630,13663228,2,0,2014,-9223372036854775808
2021-11-30 10:12:30.300,300557.SZ,0.0,200.0,0,13662629,13663229,2,0,2014,-9223372036854775808
2021-11-30 10:12:30.300,300557.SZ,0.0,200.0,0,13662631,13663230,2,0,2014,-9223372036854775808
2021-11-30 10:12:30.300,300557.SZ,0.0,200.0,0,13662633,13663231,2,0,2014,-9223372036854775808
2021-11-30 10:12:30.300,300557.SZ,0.0,200.0,0,13662638,13663232,2,0,2014,-9223372036854775808
2021-11-30 10:12:30.300,300557.SZ,0.0,3800.0,0,13662637,13663233,2,0,2014,-9223372036854775808
2021-11-30 10:12:30.300,300557.SZ,0.0,200.0,0,13662645,13663234,2,0,2014,-9223372036854775808
2021-11-30 10:12:30.300,300557.SZ,0.0,200.0,0,13662646,13663235,2,0,2014,-9223372036854775808
2021-11-30 10:12:30.300,300557.SZ,0.0,200.0,0,13662647,13663236,2,0,2014,-9223372036854775808
2021-11-30 10:12:30.300,300557.SZ,0.0,200.0,0,13662648,13663237,2,0,2014,-9223372036854775808
2021-11-30 10:12:30.300,300557.SZ,0.0,400.0,0,13662636,13663238,2,0,2014,-9223372036854775808
2021-11-30 10:12:30.300,300557.SZ,0.0,400.0,0,13662649,13663239,2,0,2014,-9223372036854775808
2021-11-30 10:12:30.300,300557.SZ,0.0,400.0,0,13662639,13663240,2,0,2014,-9223372036854775808
2021-11-30 10:12:30.300,300557.SZ,0.0,100.0,0,13662640,13663241,2,0,2014,-9223372036854775808
2021-11-30 10:12:30.300,300557.SZ,0.0,200.0,0,13662641,13663242,2,0,2014,-9223372036854775808
2021-11-30 10:12:30.300,300557.SZ,0.0,1100.0,0,13662634,13663244,2,0,2014,-9223372036854775808
2021-11-30 10:12:30.300,300557.SZ,0.0,1200.0,0,13662635,13663245,2,0,2014,-9223372036854775808
2021-11-30 10:12:30.300,300557.SZ,0.0,1400.0,0,13662642,13663246,2,0,2014,-9223372036854775808
2021-11-30 10:12:30.300,300557.SZ,0.0,2000.0,0,13662644,13663247,2,0,2014,-9223372036854775808
2021-11-30 10:12:30.300,300557.SZ,0.0,1700.0,0,13662643,13663248,2,0,2014,-9223372036854775808
2021-11-30 10:12:37.610,300557.SZ,28.67,100.0,13663215,13684095,13684096,1,0,2014,-9223372036854775808
2021-11-30 10:12:37.610,300557.SZ,28.66,100.0,2710014,13684095,13684097,1,0,2014,-9223372036854775808
2021-11-30 10:12:37.610,300557.SZ,28.66,100.0,2710016,13684095,13684098,1,0,2014,-9223372036854775808
2021-11-30 10:12:39.850,300557.SZ,0.0,400.0,73183,0,13689580,2,0,2014,-9223372036854775808
2021-11-30 10:12:45.550,300557.SZ,28.66,100.0,13704727,13684095,13704728,1,0,2014,-9223372036854775808
2021-11-30 10:12:47.150,300557.SZ,28.66,400.0,13709690,13684095,13709691,1,0,2014,-9223372036854775808
2021-11-30 10:12:47.240,300557.SZ,28.66,700.0,13709922,13684095,13709923,1,0,2014,-9223372036854775808
2021-11-30 10:12:47.250,300557.SZ,0.0,200.0,0,13709937,13709960,2,0,2014,-9223372036854775808
2021-11-30 10:12:47.250,300557.SZ,0.0,200.0,0,13709942,13709961,2,0,2014,-9223372036854775808
2021-11-30 10:12:47.250,300557.SZ,0.0,200.0,0,13709941,13709962,2,0,2014,-9223372036854775808
2021-11-30 10:12:47.250,300557.SZ,0.0,3800.0,0,13709938,13709963,2,0,2014,-9223372036854775808
2021-11-30 10:12:47.250,300557.SZ,0.0,200.0,0,13709944,13709964,2,0,2014,-9223372036854775808
2021-11-30 10:12:47.250,300557.SZ,0.0,400.0,0,13709939,13709965,2,0,2014,-9223372036854775808
2021-11-30 10:12:47.250,300557.SZ,0.0,200.0,0,13709947,13709966,2,0,2014,-9223372036854775808
2021-11-30 10:12:47.250,300557.SZ,0.0,400.0,0,13709940,13709967,2,0,2014,-9223372036854775808
2021-11-30 10:12:47.250,300557.SZ,0.0,200.0,0,13709943,13709968,2,0,2014,-9223372036854775808
2021-11-30 10:12:47.250,300557.SZ,0.0,3300.0,0,13709956,13709969,2,0,2014,-9223372036854775808
2021-11-30 10:12:47.250,300557.SZ,0.0,1200.0,0,13709945,13709970,2,0,2014,-9223372036854775808
2021-11-30 10:12:47.250,300557.SZ,0.0,1100.0,0,13709946,13709971,2,0,2014,-9223372036854775808
2021-11-30 10:12:47.250,300557.SZ,0.0,200.0,0,13709952,13709972,2,0,2014,-9223372036854775808
2021-11-30 10:12:47.250,300557.SZ,0.0,200.0,0,13709953,13709973,2,0,2014,-9223372036854775808
2021-11-30 10:12:47.250,300557.SZ,0.0,200.0,0,13709954,13709974,2,0,2014,-9223372036854775808
2021-11-30 10:12:47.250,300557.SZ,0.0,500.0,0,13709955,13709975,2,0,2014,-9223372036854775808
2021-11-30 10:12:47.250,300557.SZ,0.0,100.0,0,13709948,13709976,2,0,2014,-9223372036854775808
2021-11-30 10:12:47.250,300557.SZ,0.0,1700.0,0,13709950,13709977,2,0,2014,-9223372036854775808
2021-11-30 10:12:47.250,300557.SZ,0.0,1400.0,0,13709949,13709978,2,0,2014,-9223372036854775808
2021-11-30 10:12:47.250,300557.SZ,0.0,2000.0,0,13709951,13709979,2,0,2014,-9223372036854775808
2021-11-30 10:12:49.760,300557.SZ,0.0,200.0,0,13716351,13716384,2,0,2014,-9223372036854775808
2021-11-30 10:12:49.760,300557.SZ,0.0,200.0,0,13716352,13716385,2,0,2014,-9223372036854775808
2021-11-30 10:12:49.760,300557.SZ,0.0,3300.0,0,13716354,13716386,2,0,2014,-9223372036854775808
2021-11-30 10:12:49.760,300557.SZ,0.0,1100.0,0,13716357,13716387,2,0,2014,-9223372036854775808
2021-11-30 10:12:49.760,300557.SZ,0.0,1200.0,0,13716358,13716388,2,0,2014,-9223372036854775808
2021-11-30 10:12:49.760,300557.SZ,0.0,3800.0,0,13716353,13716389,2,0,2014,-9223372036854775808
2021-11-30 10:12:49.760,300557.SZ,0.0,200.0,0,13716362,13716390,2,0,2014,-9223372036854775808
2021-11-30 10:12:49.760,300557.SZ,0.0,200.0,0,13716364,13716394,2,0,2014,-9223372036854775808
2021-11-30 10:12:49.760,300557.SZ,0.0,200.0,0,13716367,13716395,2,0,2014,-9223372036854775808
2021-11-30 10:12:49.760,300557.SZ,0.0,100.0,0,13716365,13716396,2,0,2014,-9223372036854775808
2021-11-30 10:12:49.760,300557.SZ,0.0,1400.0,0,13716356,13716397,2,0,2014,-9223372036854775808
2021-11-30 10:12:49.760,300557.SZ,0.0,200.0,0,13716368,13716398,2,0,2014,-9223372036854775808
2021-11-30 10:12:49.760,300557.SZ,0.0,2000.0,0,13716363,13716399,2,0,2014,-9223372036854775808
2021-11-30 10:12:49.760,300557.SZ,0.0,200.0,0,13716369,13716400,2,0,2014,-9223372036854775808
2021-11-30 10:12:49.760,300557.SZ,0.0,1700.0,0,13716366,13716401,2,0,2014,-9223372036854775808
2021-11-30 10:12:49.760,300557.SZ,0.0,200.0,0,13716376,13716402,2,0,2014,-9223372036854775808
2021-11-30 10:12:49.760,300557.SZ,0.0,400.0,0,13716359,13716403,2,0,2014,-9223372036854775808
2021-11-30 10:12:49.760,300557.SZ,0.0,500.0,0,13716377,13716404,2,0,2014,-9223372036854775808
2021-11-30 10:12:49.760,300557.SZ,0.0,400.0,0,13716360,13716405,2,0,2014,-9223372036854775808
2021-11-30 10:12:49.760,300557.SZ,0.0,200.0,0,13716361,13716406,2,0,2014,-9223372036854775808
2021-11-30 10:12:50.730,300557.SZ,0.0,3300.0,0,13717657,13718595,2,0,2014,-9223372036854775808
2021-11-30 10:12:50.730,300557.SZ,0.0,200.0,0,13717655,13718596,2,0,2014,-9223372036854775808
2021-11-30 10:12:50.730,300557.SZ,0.0,200.0,0,13717656,13718597,2,0,2014,-9223372036854775808
2021-11-30 10:12:50.730,300557.SZ,0.0,200.0,0,13717663,13718598,2,0,2014,-9223372036854775808
2021-11-30 10:12:50.730,300557.SZ,0.0,200.0,0,13717664,13718599,2,0,2014,-9223372036854775808
2021-11-30 10:12:50.730,300557.SZ,0.0,3800.0,0,13717659,13718601,2,0,2014,-9223372036854775808
2021-11-30 10:12:50.730,300557.SZ,0.0,200.0,0,13717665,13718602,2,0,2014,-9223372036854775808
2021-11-30 10:12:50.730,300557.SZ,0.0,1400.0,0,13717666,13718603,2,0,2014,-9223372036854775808
2021-11-30 10:12:50.730,300557.SZ,0.0,200.0,0,13717669,13718604,2,0,2014,-9223372036854775808
2021-11-30 10:12:50.730,300557.SZ,0.0,200.0,0,13717673,13718605,2,0,2014,-9223372036854775808
2021-11-30 10:12:50.730,300557.SZ,0.0,400.0,0,13717660,13718606,2,0,2014,-9223372036854775808
2021-11-30 10:12:50.730,300557.SZ,0.0,400.0,0,13717661,13718607,2,0,2014,-9223372036854775808
2021-11-30 10:12:50.730,300557.SZ,0.0,200.0,0,13717662,13718608,2,0,2014,-9223372036854775808
2021-11-30 10:12:50.730,300557.SZ,0.0,2000.0,0,13717668,13718609,2,0,2014,-9223372036854775808
2021-11-30 10:12:50.730,300557.SZ,0.0,1700.0,0,13717667,13718610,2,0,2014,-9223372036854775808
2021-11-30 10:12:50.730,300557.SZ,0.0,1200.0,0,13717671,13718611,2,0,2014,-9223372036854775808
2021-11-30 10:12:50.730,300557.SZ,0.0,1100.0,0,13717670,13718612,2,0,2014,-9223372036854775808
2021-11-30 10:12:50.730,300557.SZ,0.0,200.0,0,13717674,13718613,2,0,2014,-9223372036854775808
2021-11-30 10:12:50.730,300557.SZ,0.0,100.0,0,13717672,13718614,2,0,2014,-9223372036854775808
2021-11-30 10:12:50.730,300557.SZ,0.0,500.0,0,13717675,13718615,2,0,2014,-9223372036854775808
2021-11-30 10:12:58.160,300557.SZ,0.0,100.0,0,13627157,13737045,2,0,2014,-9223372036854775808
2021-11-30 10:12:58.160,300557.SZ,0.0,3800.0,0,13719134,13737050,2,0,2014,-9223372036854775808
2021-11-30 10:12:58.160,300557.SZ,0.0,200.0,0,13719143,13737051,2,0,2014,-9223372036854775808
2021-11-30 10:12:58.160,300557.SZ,0.0,400.0,0,13719135,13737052,2,0,2014,-9223372036854775808
2021-11-30 10:12:58.160,300557.SZ,0.0,200.0,0,13719144,13737053,2,0,2014,-9223372036854775808
2021-11-30 10:12:58.160,300557.SZ,0.0,200.0,0,13719145,13737054,2,0,2014,-9223372036854775808
2021-11-30 10:12:58.160,300557.SZ,0.0,400.0,0,13719136,13737055,2,0,2014,-9223372036854775808
2021-11-30 10:12:58.160,300557.SZ,0.0,200.0,0,13719139,13737058,2,0,2014,-9223372036854775808
2021-11-30 10:12:58.160,300557.SZ,0.0,200.0,0,13719146,13737059,2,0,2014,-9223372036854775808
2021-11-30 10:12:58.160,300557.SZ,0.0,100.0,0,13719147,13737060,2,0,2014,-9223372036854775808
2021-11-30 10:12:58.160,300557.SZ,0.0,1200.0,0,13719138,13737061,2,0,2014,-9223372036854775808
2021-11-30 10:12:58.160,300557.SZ,0.0,1400.0,0,13719140,13737062,2,0,2014,-9223372036854775808
2021-11-30 10:12:58.160,300557.SZ,0.0,2000.0,0,13719142,13737063,2,0,2014,-9223372036854775808
2021-11-30 10:12:58.160,300557.SZ,0.0,1700.0,0,13719141,13737064,2,0,2014,-9223372036854775808
2021-11-30 10:12:58.160,300557.SZ,0.0,1100.0,0,13719137,13737065,2,0,2014,-9223372036854775808
2021-11-30 10:12:58.160,300557.SZ,0.0,200.0,0,13719148,13737066,2,0,2014,-9223372036854775808
2021-11-30 10:12:58.160,300557.SZ,0.0,200.0,0,13719149,13737067,2,0,2014,-9223372036854775808
2021-11-30 10:13:02.990,300557.SZ,0.0,1200.0,0,10082386,13751725,2,0,2014,-9223372036854775808
2021-11-30 10:13:10.230,300557.SZ,28.68,100.0,13751838,13779889,13779890,1,0,2014,-9223372036854775808
2021-11-30 10:13:10.230,300557.SZ,28.67,100.0,13716342,13779889,13779891,1,0,2014,-9223372036854775808
2021-11-30 10:13:12.310,300557.SZ,0.0,200.0,0,13719132,13786172,2,0,2014,-9223372036854775808
2021-11-30 10:13:12.310,300557.SZ,0.0,200.0,0,13719131,13786173,2,0,2014,-9223372036854775808
2021-11-30 10:13:12.310,300557.SZ,0.0,3300.0,0,13719133,13786174,2,0,2014,-9223372036854775808
2021-11-30 10:13:12.310,300557.SZ,0.0,1200.0,0,13779908,13786175,2,0,2014,-9223372036854775808
2021-11-30 10:13:12.310,300557.SZ,0.0,1100.0,0,13779907,13786176,2,0,2014,-9223372036854775808
2021-11-30 10:13:12.310,300557.SZ,0.0,1400.0,0,13779904,13786181,2,0,2014,-9223372036854775808
2021-11-30 10:13:12.310,300557.SZ,0.0,2000.0,0,13779906,13786182,2,0,2014,-9223372036854775808
2021-11-30 10:13:12.310,300557.SZ,0.0,1700.0,0,13779905,13786183,2,0,2014,-9223372036854775808
2021-11-30 10:13:12.310,300557.SZ,0.0,100.0,0,13786177,13786189,2,0,2014,-9223372036854775808
2021-11-30 10:13:12.310,300557.SZ,0.0,400.0,0,13786178,13786190,2,0,2014,-9223372036854775808
2021-11-30 10:13:12.310,300557.SZ,0.0,400.0,0,13786179,13786191,2,0,2014,-9223372036854775808
2021-11-30 10:13:12.310,300557.SZ,0.0,200.0,0,13786180,13786192,2,0,2014,-9223372036854775808
2021-11-30 10:13:16.700,300557.SZ,28.67,100.0,13798843,13786168,13798844,1,0,2014,-9223372036854775808
2021-11-30 10:13:22.220,300557.SZ,0.0,100.0,13807916,0,13814055,2,0,2014,-9223372036854775808
2021-11-30 10:13:31.730,300557.SZ,0.0,200.0,13798843,0,13839425,2,0,2014,-9223372036854775808
2021-11-30 10:13:55.560,300557.SZ,28.82,200.0,13906441,13870192,13906442,1,0,2014,-9223372036854775808
2021-11-30 10:13:55.570,300557.SZ,0.0,1900.0,0,13798885,13906473,2,0,2014,-9223372036854775808
2021-11-30 10:14:11.440,300557.SZ,28.82,100.0,13956940,13870192,13956941,1,0,2014,-9223372036854775808
2021-11-30 10:14:53.610,300557.SZ,0.0,300.0,0,12954227,14068612,2,0,2014,-9223372036854775808
2021-11-30 10:14:56.080,300557.SZ,0.0,5000.0,0,13037088,14075689,2,0,2014,-9223372036854775808
2021-11-30 10:15:27.340,300557.SZ,0.0,200.0,13975660,0,14177038,2,0,2014,-9223372036854775808
2021-11-30 10:15:31.450,300557.SZ,0.0,700.0,0,14099202,14188266,2,0,2014,-9223372036854775808
2021-11-30 10:15:31.460,300557.SZ,0.0,800.0,0,14099689,14188295,2,0,2014,-9223372036854775808
2021-11-30 10:15:37.440,300557.SZ,0.0,700.0,0,14188542,14204530,2,0,2014,-9223372036854775808
2021-11-30 10:15:37.450,300557.SZ,0.0,800.0,0,14188652,14204591,2,0,2014,-9223372036854775808
2021-11-30 10:15:41.540,300557.SZ,28.78,100.0,14215020,14190150,14215021,1,0,2014,-9223372036854775808
2021-11-30 10:15:41.540,300557.SZ,28.78,700.0,14215020,14204901,14215022,1,0,2014,-9223372036854775808
2021-11-30 10:15:41.540,300557.SZ,28.78,800.0,14215020,14204989,14215023,1,0,2014,-9223372036854775808
2021-11-30 10:15:41.540,300557.SZ,28.79,100.0,14215020,14180222,14215024,1,0,2014,-9223372036854775808
2021-11-30 10:15:41.540,300557.SZ,28.8,3300.0,14215020,14176990,14215025,1,0,2014,-9223372036854775808
2021-11-30 10:15:51.910,300557.SZ,28.71,400.0,14223137,14244217,14244218,1,0,2014,-9223372036854775808
2021-11-30 10:15:59.590,300557.SZ,0.0,300.0,0,14054892,14267228,2,0,2014,-9223372036854775808
2021-11-30 10:16:22.990,300557.SZ,0.0,200.0,13859500,0,14344461,2,0,2014,-9223372036854775808
2021-11-30 10:16:44.410,300557.SZ,28.79,300.0,14405248,14372781,14405249,1,0,2014,-9223372036854775808
2021-11-30 10:17:20.640,300557.SZ,0.0,800.0,13718592,0,14518570,2,0,2014,-9223372036854775808
2021-11-30 10:17:52.410,300557.SZ,28.75,100.0,14591329,14602091,14602092,1,0,2014,-9223372036854775808
2021-11-30 10:17:54.330,300557.SZ,0.0,100.0,13662308,0,14606469,2,0,2014,-9223372036854775808
2021-11-30 10:17:55.900,300557.SZ,0.0,500.0,13806262,0,14610444,2,0,2014,-9223372036854775808
2021-11-30 10:17:56.000,300557.SZ,0.0,100.0,13662627,0,14610688,2,0,2014,-9223372036854775808
2021-11-30 10:17:57.330,300557.SZ,28.71,100.0,14223137,14613323,14613324,1,0,2014,-9223372036854775808
2021-11-30 10:17:57.330,300557.SZ,28.71,200.0,14333431,14613323,14613325,1,0,2014,-9223372036854775808
2021-11-30 10:18:06.420,300557.SZ,0.0,200.0,14318919,0,14640103,2,0,2014,-9223372036854775808
2021-11-30 10:18:07.170,300557.SZ,0.0,500.0,0,10093100,14643140,2,0,2014,-9223372036854775808
2021-11-30 10:18:15.690,300557.SZ,28.71,400.0,14345511,14667247,14667248,1,0,2014,-9223372036854775808
2021-11-30 10:18:15.690,300557.SZ,28.71,600.0,14462382,14667247,14667249,1,0,2014,-9223372036854775808
2021-11-30 10:18:15.690,300557.SZ,28.71,200.0,14638689,14667247,14667250,1,0,2014,-9223372036854775808
2021-11-30 10:18:22.960,300557.SZ,28.71,100.0,14687721,14667247,14687722,1,0,2014,-9223372036854775808
2021-11-30 10:18:23.230,300557.SZ,28.71,100.0,14688460,14667247,14688461,1,0,2014,-9223372036854775808
2021-11-30 10:18:23.560,300557.SZ,28.71,100.0,14689096,14667247,14689097,1,0,2014,-9223372036854775808
2021-11-30 10:18:23.800,300557.SZ,28.71,100.0,14689559,14667247,14689560,1,0,2014,-9223372036854775808
2021-11-30 10:18:27.830,300557.SZ,28.71,200.0,14699721,14667247,14699722,1,0,2014,-9223372036854775808
2021-11-30 10:18:33.940,300557.SZ,28.71,100.0,14714489,14667247,14714490,1,0,2014,-9223372036854775808
2021-11-30 10:18:34.920,300557.SZ,28.7,100.0,13813989,14717390,14717391,1,0,2014,-9223372036854775808
2021-11-30 10:18:34.920,300557.SZ,28.7,100.0,14604431,14717390,14717392,1,0,2014,-9223372036854775808
2021-11-30 10:18:34.920,300557.SZ,28.68,100.0,13846595,14717390,14717393,1,0,2014,-9223372036854775808
2021-11-30 10:18:34.920,300557.SZ,28.68,200.0,14083734,14717390,14717394,1,0,2014,-9223372036854775808
2021-11-30 10:18:59.290,300557.SZ,28.71,100.0,14777519,14667247,14777520,1,0,2014,-9223372036854775808
2021-11-30 10:19:00.780,300557.SZ,28.68,200.0,14083734,14781025,14781026,1,0,2014,-9223372036854775808
2021-11-30 10:19:00.780,300557.SZ,28.68,200.0,14695604,14781025,14781027,1,0,2014,-9223372036854775808
2021-11-30 10:19:00.780,300557.SZ,28.68,100.0,14703605,14781025,14781028,1,0,2014,-9223372036854775808
2021-11-30 10:19:08.660,300557.SZ,28.68,100.0,14805268,14781025,14805269,1,0,2014,-9223372036854775808
2021-11-30 10:19:19.120,300557.SZ,28.68,600.0,14835276,14781025,14835277,1,0,2014,-9223372036854775808
2021-11-30 10:19:19.590,300557.SZ,28.68,100.0,14837137,14781025,14837138,1,0,2014,-9223372036854775808
2021-11-30 10:19:19.590,300557.SZ,0.0,200.0,0,14835294,14837150,2,0,2014,-9223372036854775808
2021-11-30 10:19:19.590,300557.SZ,0.0,200.0,0,14835295,14837151,2,0,2014,-9223372036854775808
2021-11-30 10:19:19.590,300557.SZ,0.0,1000.0,0,14835296,14837152,2,0,2014,-9223372036854775808
2021-11-30 10:19:19.590,300557.SZ,0.0,3300.0,0,14835293,14837153,2,0,2014,-9223372036854775808
2021-11-30 10:19:26.070,300557.SZ,0.0,2000.0,0,14176990,14854222,2,0,2014,-9223372036854775808
2021-11-30 10:19:32.620,300557.SZ,28.68,100.0,14837137,14871589,14871590,1,0,2014,-9223372036854775808
2021-11-30 10:19:33.890,300557.SZ,0.0,100.0,0,14780496,14874333,2,0,2014,-9223372036854775808
2021-11-30 10:20:03.600,300557.SZ,0.0,200.0,13938057,0,14951880,2,0,2014,-9223372036854775808
2021-11-30 10:20:21.780,300557.SZ,28.77,300.0,15026740,14914488,15026741,1,0,2014,-9223372036854775808
2021-11-30 10:20:32.220,300557.SZ,28.77,1700.0,15058685,14914488,15058686,1,0,2014,-9223372036854775808
2021-11-30 10:20:32.220,300557.SZ,28.78,1000.0,15058685,14892418,15058687,1,0,2014,-9223372036854775808
2021-11-30 10:20:32.710,300557.SZ,0.0,1100.0,0,13798913,15059842,2,0,2014,-9223372036854775808
2021-11-30 10:20:32.740,300557.SZ,28.78,100.0,15059900,14892418,15059901,1,0,2014,-9223372036854775808
2021-11-30 10:20:32.880,300557.SZ,28.78,100.0,15060139,14892418,15060140,1,0,2014,-9223372036854775808
2021-11-30 10:20:33.240,300557.SZ,28.78,100.0,15061018,14892418,15061019,1,0,2014,-9223372036854775808
2021-11-30 10:20:33.240,300557.SZ,28.78,100.0,15061020,14892418,15061021,1,0,2014,-9223372036854775808
2021-11-30 10:20:34.150,300557.SZ,28.78,100.0,15063619,14892418,15063620,1,0,2014,-9223372036854775808
2021-11-30 10:20:34.150,300557.SZ,28.78,100.0,15063621,14892418,15063622,1,0,2014,-9223372036854775808
2021-11-30 10:20:34.150,300557.SZ,28.78,100.0,15063668,14892418,15063669,1,0,2014,-9223372036854775808
2021-11-30 10:20:34.360,300557.SZ,0.0,100.0,0,14372781,15064436,2,0,2014,-9223372036854775808
2021-11-30 10:20:34.720,300557.SZ,28.78,100.0,15065436,14892418,15065437,1,0,2014,-9223372036854775808
2021-11-30 10:20:34.720,300557.SZ,28.78,200.0,15065461,14892418,15065462,1,0,2014,-9223372036854775808
2021-11-30 10:20:38.950,300557.SZ,0.0,100.0,15033790,0,15077578,2,0,2014,-9223372036854775808
2021-11-30 10:20:40.780,300557.SZ,28.78,500.0,15082686,14892418,15082687,1,0,2014,-9223372036854775808
2021-11-30 10:20:40.780,300557.SZ,28.79,300.0,15082692,14479954,15082693,1,0,2014,-9223372036854775808
2021-11-30 10:20:40.780,300557.SZ,28.79,200.0,15082692,14629211,15082694,1,0,2014,-9223372036854775808
2021-11-30 10:20:47.890,300557.SZ,0.0,100.0,15059769,0,15101268,2,0,2014,-9223372036854775808
2021-11-30 10:20:47.890,300557.SZ,0.0,100.0,15059768,0,15101269,2,0,2014,-9223372036854775808
2021-11-30 10:20:47.890,300557.SZ,0.0,100.0,15059767,0,15101270,2,0,2014,-9223372036854775808
2021-11-30 10:20:47.890,300557.SZ,0.0,100.0,15059771,0,15101271,2,0,2014,-9223372036854775808
2021-11-30 10:20:47.890,300557.SZ,0.0,100.0,15059772,0,15101272,2,0,2014,-9223372036854775808
2021-11-30 10:20:48.180,300557.SZ,0.0,100.0,15060400,0,15101937,2,0,2014,-9223372036854775808
2021-11-30 10:20:48.180,300557.SZ,0.0,100.0,15060401,0,15101938,2,0,2014,-9223372036854775808
2021-11-30 10:20:50.150,300557.SZ,28.78,100.0,15082686,15107360,15107361,1,0,2014,-9223372036854775808
2021-11-30 10:20:52.140,300557.SZ,0.0,400.0,15071248,0,15111899,2,0,2014,-9223372036854775808
2021-11-30 10:21:12.160,300557.SZ,28.77,100.0,15085546,15170846,15170847,1,0,2014,-9223372036854775808
2021-11-30 10:21:18.300,300557.SZ,0.0,2000.0,15032619,0,15187165,2,0,2014,-9223372036854775808
2021-11-30 10:21:22.700,300557.SZ,28.76,100.0,15060998,15198393,15198394,1,0,2014,-9223372036854775808
2021-11-30 10:21:22.770,300557.SZ,28.74,100.0,15198500,15198393,15198501,1,0,2014,-9223372036854775808
2021-11-30 10:21:28.430,300557.SZ,28.78,200.0,15212779,15118274,15212780,1,0,2014,-9223372036854775808
2021-11-30 10:21:30.390,300557.SZ,0.0,100.0,15212881,0,15217004,2,0,2014,-9223372036854775808
2021-11-30 10:21:31.600,300557.SZ,0.0,100.0,15216866,0,15220563,2,0,2014,-9223372036854775808
2021-11-30 10:21:34.230,300557.SZ,0.0,100.0,15220578,0,15226751,2,0,2014,-9223372036854775808
2021-11-30 10:21:34.450,300557.SZ,0.0,100.0,15220551,0,15227378,2,0,2014,-9223372036854775808
2021-11-30 10:21:40.830,300557.SZ,0.0,100.0,15220308,0,15245162,2,0,2014,-9223372036854775808
2021-11-30 10:21:41.990,300557.SZ,28.78,500.0,15247740,15118274,15247741,1,0,2014,-9223372036854775808
2021-11-30 10:21:41.990,300557.SZ,0.0,100.0,15226780,0,15247746,2,0,2014,-9223372036854775808
2021-11-30 10:21:45.410,300557.SZ,0.0,100.0,15247749,0,15256726,2,0,2014,-9223372036854775808
2021-11-30 10:21:47.680,300557.SZ,0.0,1000.0,13558234,0,15262962,2,0,2014,-9223372036854775808
2021-11-30 10:21:57.810,300557.SZ,28.8,100.0,15262932,15286697,15286698,1,0,2014,-9223372036854775808
2021-11-30 10:22:00.620,300557.SZ,0.0,100.0,15256717,0,15293418,2,0,2014,-9223372036854775808
2021-11-30 10:22:00.620,300557.SZ,0.0,200.0,15256719,0,15293419,2,0,2014,-9223372036854775808
2021-11-30 10:22:00.620,300557.SZ,0.0,200.0,15256718,0,15293420,2,0,2014,-9223372036854775808
2021-11-30 10:22:00.620,300557.SZ,0.0,100.0,15256721,0,15293421,2,0,2014,-9223372036854775808
2021-11-30 10:22:00.620,300557.SZ,0.0,100.0,15256720,0,15293422,2,0,2014,-9223372036854775808
2021-11-30 10:22:16.400,300557.SZ,28.8,100.0,15263072,15339184,15339185,1,0,2014,-9223372036854775808
2021-11-30 10:22:18.630,300557.SZ,0.0,300.0,0,13629459,15344237,2,0,2014,-9223372036854775808
2021-11-30 10:22:20.640,300557.SZ,28.79,100.0,15256733,15349524,15349525,1,0,2014,-9223372036854775808
2021-11-30 10:22:20.640,300557.SZ,28.78,200.0,15247740,15349524,15349526,1,0,2014,-9223372036854775808
2021-11-30 10:22:28.230,300557.SZ,0.0,200.0,15263585,0,15367153,2,0,2014,-9223372036854775808
2021-11-30 10:22:34.880,300557.SZ,28.82,200.0,15381429,13870192,15381430,1,0,2014,-9223372036854775808
2021-11-30 10:22:49.950,300557.SZ,0.0,100.0,13717650,0,15415521,2,0,2014,-9223372036854775808
2021-11-30 10:22:50.960,300557.SZ,0.0,200.0,13719125,0,15417410,2,0,2014,-9223372036854775808
2021-11-30 10:23:19.950,300557.SZ,0.0,100.0,13807857,0,15494290,2,0,2014,-9223372036854775808
2021-11-30 10:23:34.740,300557.SZ,28.82,500.0,15526419,13870192,15526420,1,0,2014,-9223372036854775808
2021-11-30 10:23:34.810,300557.SZ,0.0,100.0,15227398,0,15526568,2,0,2014,-9223372036854775808
2021-11-30 10:24:13.970,300557.SZ,0.0,20000.0,12232630,0,15625678,2,0,2014,-9223372036854775808
2021-11-30 10:24:19.470,300557.SZ,0.0,100.0,15526577,0,15643461,2,0,2014,-9223372036854775808
2021-11-30 10:24:28.600,300557.SZ,28.82,100.0,15666834,13870192,15666835,1,0,2014,-9223372036854775808
2021-11-30 10:24:38.420,300557.SZ,0.0,3600.0,474092,0,15689360,2,0,2014,-9223372036854775808
2021-11-30 10:24:43.930,300557.SZ,0.0,300.0,15247740,0,15701903,2,0,2014,-9223372036854775808
2021-11-30 10:24:50.490,300557.SZ,28.81,300.0,15717641,15711544,15717642,1,0,2014,-9223372036854775808
2021-11-30 10:25:15.700,300557.SZ,0.0,100.0,0,15428029,15783745,2,0,2014,-9223372036854775808
2021-11-30 10:25:58.320,300557.SZ,0.0,100.0,0,15821271,15880415,2,0,2014,-9223372036854775808
2021-11-30 10:26:46.290,300557.SZ,0.0,200.0,0,13732118,15997471,2,0,2014,-9223372036854775808
2021-11-30 10:27:24.200,300557.SZ,0.0,400.0,0,14020524,16088586,2,0,2014,-9223372036854775808
2021-11-30 10:27:33.900,300557.SZ,28.79,100.0,16092668,16108682,16108683,1,0,2014,-9223372036854775808
2021-11-30 10:27:41.830,300557.SZ,0.0,5900.0,0,891093,16124970,2,0,2014,-9223372036854775808
2021-11-30 10:27:43.180,300557.SZ,0.0,500.0,0,6926267,16127973,2,0,2014,-9223372036854775808
2021-11-30 10:27:43.790,300557.SZ,28.79,100.0,16092668,16129692,16129693,1,0,2014,-9223372036854775808
2021-11-30 10:27:43.790,300557.SZ,28.79,100.0,16092668,16129694,16129695,1,0,2014,-9223372036854775808
2021-11-30 10:27:43.790,300557.SZ,28.79,100.0,16092668,16129697,16129698,1,0,2014,-9223372036854775808
2021-11-30 10:27:53.880,300557.SZ,0.0,100.0,0,16129701,16151604,2,0,2014,-9223372036854775808
2021-11-30 10:27:53.880,300557.SZ,0.0,100.0,0,16129704,16151605,2,0,2014,-9223372036854775808
2021-11-30 10:27:53.880,300557.SZ,0.0,100.0,0,16129700,16151606,2,0,2014,-9223372036854775808
2021-11-30 10:27:53.880,300557.SZ,0.0,100.0,0,16129699,16151607,2,0,2014,-9223372036854775808
2021-11-30 10:27:53.880,300557.SZ,0.0,100.0,0,16129702,16151608,2,0,2014,-9223372036854775808
2021-11-30 10:28:01.350,300557.SZ,28.78,100.0,15419743,16167887,16167888,1,0,2014,-9223372036854775808
2021-11-30 10:28:01.350,300557.SZ,28.78,200.0,15422812,16167887,16167889,1,0,2014,-9223372036854775808
2021-11-30 10:28:14.440,300557.SZ,0.0,800.0,0,16010966,16207906,2,0,2014,-9223372036854775808
2021-11-30 10:28:19.410,300557.SZ,0.0,100.0,0,16135201,16221429,2,0,2014,-9223372036854775808
2021-11-30 10:28:22.420,300557.SZ,28.78,100.0,15498662,16228838,16228839,1,0,2014,-9223372036854775808
2021-11-30 10:28:52.330,300557.SZ,28.78,400.0,15993528,16296076,16296077,1,0,2014,-9223372036854775808
2021-11-30 10:28:52.330,300557.SZ,28.73,400.0,15226724,16296076,16296078,1,0,2014,-9223372036854775808
2021-11-30 10:29:14.590,300557.SZ,0.0,200.0,535745,0,16357491,2,0,2014,-9223372036854775808
2021-11-30 10:29:51.010,300557.SZ,28.75,300.0,16355465,16443958,16443959,1,0,2014,-9223372036854775808
2021-11-30 10:29:51.010,300557.SZ,28.73,500.0,15226724,16443958,16443960,1,0,2014,-9223372036854775808
2021-11-30 10:29:59.140,300557.SZ,0.0,1000.0,13756368,0,16464960,2,0,2014,-9223372036854775808
2021-11-30 10:30:22.350,300557.SZ,0.0,1000.0,16296121,0,16565775,2,0,2014,-9223372036854775808
2021-11-30 10:30:27.800,300557.SZ,28.73,100.0,15226724,16581221,16581222,1,0,2014,-9223372036854775808
2021-11-30 10:30:27.820,300557.SZ,0.0,1500.0,13391228,0,16581276,2,0,2014,-9223372036854775808
2021-11-30 10:30:35.670,300557.SZ,28.73,500.0,15226724,16604359,16604360,1,0,2014,-9223372036854775808
2021-11-30 10:30:58.890,300557.SZ,0.0,600.0,0,16604359,16676359,2,0,2014,-9223372036854775808
2021-11-30 10:31:04.800,300557.SZ,28.71,600.0,16415453,16699459,16699460,1,0,2014,-9223372036854775808
2021-11-30 10:32:02.250,300557.SZ,0.0,300.0,16792171,0,16869370,2,0,2014,-9223372036854775808
2021-11-30 10:32:18.940,300557.SZ,28.78,1100.0,16917638,16353976,16917639,1,0,2014,-9223372036854775808
2021-11-30 10:33:03.220,300557.SZ,28.78,1500.0,17025434,16353976,17025435,1,0,2014,-9223372036854775808
2021-11-30 10:33:03.280,300557.SZ,28.78,100.0,17025542,16353976,17025543,1,0,2014,-9223372036854775808
2021-11-30 10:33:03.350,300557.SZ,0.0,200.0,17025451,0,17025675,2,0,2014,-9223372036854775808
2021-11-30 10:33:03.360,300557.SZ,0.0,100.0,17025449,0,17025785,2,0,2014,-9223372036854775808
2021-11-30 10:33:03.580,300557.SZ,0.0,200.0,17025798,0,17026709,2,0,2014,-9223372036854775808
2021-11-30 10:33:03.590,300557.SZ,0.0,200.0,17025684,0,17026775,2,0,2014,-9223372036854775808
2021-11-30 10:33:05.000,300557.SZ,0.0,100.0,17027768,0,17031223,2,0,2014,-9223372036854775808
2021-11-30 10:33:07.310,300557.SZ,0.0,200.0,17026778,0,17039143,2,0,2014,-9223372036854775808
2021-11-30 10:33:07.320,300557.SZ,0.0,200.0,17026710,0,17039174,2,0,2014,-9223372036854775808
2021-11-30 10:33:07.360,300557.SZ,0.0,100.0,17031591,0,17039357,2,0,2014,-9223372036854775808
2021-11-30 10:33:07.360,300557.SZ,0.0,100.0,17025652,0,17039384,2,0,2014,-9223372036854775808
2021-11-30 10:33:07.370,300557.SZ,0.0,100.0,17025832,0,17039413,2,0,2014,-9223372036854775808
2021-11-30 10:33:07.370,300557.SZ,0.0,100.0,17025667,0,17039416,2,0,2014,-9223372036854775808
2021-11-30 10:33:10.750,300557.SZ,0.0,100.0,17039445,0,17050219,2,0,2014,-9223372036854775808
2021-11-30 10:33:10.760,300557.SZ,28.81,100.0,17050235,15711544,17050236,1,0,2014,-9223372036854775808
2021-11-30 10:33:11.090,300557.SZ,28.81,100.0,17051114,15711544,17051115,1,0,2014,-9223372036854775808
2021-11-30 10:33:11.150,300557.SZ,28.82,100.0,17051375,13870192,17051376,1,0,2014,-9223372036854775808
2021-11-30 10:33:13.440,300557.SZ,0.0,100.0,17051337,0,17058209,2,0,2014,-9223372036854775808
2021-11-30 10:33:13.450,300557.SZ,28.82,100.0,17058280,14025415,17058281,1,0,2014,-9223372036854775808
2021-11-30 10:33:13.450,300557.SZ,28.82,100.0,17058283,14025415,17058284,1,0,2014,-9223372036854775808
2021-11-30 10:33:13.520,300557.SZ,28.82,100.0,17058442,14025415,17058443,1,0,2014,-9223372036854775808
2021-11-30 10:33:13.700,300557.SZ,28.82,100.0,17058912,14025415,17058913,1,0,2014,-9223372036854775808
2021-11-30 10:33:14.130,300557.SZ,28.82,100.0,17060062,14025415,17060063,1,0,2014,-9223372036854775808
2021-11-30 10:33:14.130,300557.SZ,28.82,100.0,17060064,14025415,17060065,1,0,2014,-9223372036854775808
2021-11-30 10:33:14.130,300557.SZ,28.82,100.0,17060068,14025415,17060069,1,0,2014,-9223372036854775808
2021-11-30 10:33:14.130,300557.SZ,28.82,100.0,17060070,14025415,17060071,1,0,2014,-9223372036854775808
2021-11-30 10:33:14.140,300557.SZ,28.82,2200.0,17060083,14025415,17060084,1,0,2014,-9223372036854775808
2021-11-30 10:33:14.980,300557.SZ,0.0,1000.0,16696422,0,17062329,2,0,2014,-9223372036854775808
2021-11-30 10:33:16.000,300557.SZ,0.0,100.0,17062313,0,17065473,2,0,2014,-9223372036854775808
2021-11-30 10:33:18.000,300557.SZ,0.0,100.0,17068636,0,17070911,2,0,2014,-9223372036854775808
2021-11-30 10:33:20.530,300557.SZ,0.0,100.0,17032877,0,17077777,2,0,2014,-9223372036854775808
2021-11-30 10:33:20.530,300557.SZ,0.0,100.0,17032879,0,17077778,2,0,2014,-9223372036854775808
2021-11-30 10:33:20.530,300557.SZ,0.0,100.0,17032878,0,17077780,2,0,2014,-9223372036854775808
2021-11-30 10:33:22.390,300557.SZ,0.0,100.0,17039096,0,17082848,2,0,2014,-9223372036854775808
2021-11-30 10:33:22.390,300557.SZ,0.0,100.0,17039098,0,17082849,2,0,2014,-9223372036854775808
2021-11-30 10:33:22.390,300557.SZ,0.0,100.0,17039097,0,17082850,2,0,2014,-9223372036854775808
2021-11-30 10:33:22.690,300557.SZ,0.0,100.0,17040498,0,17083541,2,0,2014,-9223372036854775808
2021-11-30 10:33:22.690,300557.SZ,0.0,100.0,17040500,0,17083542,2,0,2014,-9223372036854775808
2021-11-30 10:33:22.690,300557.SZ,0.0,100.0,17040501,0,17083543,2,0,2014,-9223372036854775808
2021-11-30 10:33:26.780,300557.SZ,0.0,600.0,17059061,0,17091778,2,0,2014,-9223372036854775808
2021-11-30 10:33:27.790,300557.SZ,28.83,100.0,17062353,17093759,17093760,1,0,2014,-9223372036854775808
2021-11-30 10:33:27.790,300557.SZ,28.83,100.0,17062353,17093761,17093762,1,0,2014,-9223372036854775808
2021-11-30 10:33:27.790,300557.SZ,28.83,100.0,17062354,17093763,17093764,1,0,2014,-9223372036854775808
2021-11-30 10:33:27.790,300557.SZ,28.83,100.0,17062355,17093765,17093766,1,0,2014,-9223372036854775808
2021-11-30 10:33:27.790,300557.SZ,28.83,100.0,17062356,17093767,17093768,1,0,2014,-9223372036854775808
2021-11-30 10:33:28.000,300557.SZ,0.0,100.0,17073382,0,17094228,2,0,2014,-9223372036854775808
2021-11-30 10:33:33.750,300557.SZ,28.83,100.0,17062357,17106721,17106722,1,0,2014,-9223372036854775808
2021-11-30 10:33:33.750,300557.SZ,28.83,100.0,17062358,17106721,17106723,1,0,2014,-9223372036854775808
2021-11-30 10:33:33.760,300557.SZ,0.0,100.0,17026670,0,17106748,2,0,2014,-9223372036854775808
2021-11-30 10:33:33.810,300557.SZ,28.8,100.0,17106865,17106721,17106866,1,0,2014,-9223372036854775808
2021-11-30 10:33:33.840,300557.SZ,28.8,100.0,17106950,17106721,17106951,1,0,2014,-9223372036854775808
2021-11-30 10:33:51.300,300557.SZ,0.0,100.0,17026672,0,17150583,2,0,2014,-9223372036854775808
2021-11-30 10:35:54.380,300557.SZ,28.8,800.0,17428108,17106721,17428109,1,0,2014,-9223372036854775808
2021-11-30 10:35:54.940,300557.SZ,28.8,100.0,17429337,17106721,17429338,1,0,2014,-9223372036854775808
2021-11-30 10:36:06.460,300557.SZ,28.8,100.0,17458780,17106721,17458781,1,0,2014,-9223372036854775808
2021-11-30 10:36:16.770,300557.SZ,28.8,3400.0,17495750,17106721,17495751,1,0,2014,-9223372036854775808
2021-11-30 10:36:17.000,300557.SZ,28.8,100.0,17496385,17106721,17496386,1,0,2014,-9223372036854775808
2021-11-30 10:36:17.020,300557.SZ,28.8,100.0,17496483,17106721,17496484,1,0,2014,-9223372036854775808
2021-11-30 10:36:17.230,300557.SZ,28.87,100.0,17497147,13019445,17497148,1,0,2014,-9223372036854775808
2021-11-30 10:36:17.230,300557.SZ,28.87,100.0,17497149,13019445,17497150,1,0,2014,-9223372036854775808
2021-11-30 10:36:17.230,300557.SZ,28.87,200.0,17497151,13019445,17497152,1,0,2014,-9223372036854775808
2021-11-30 10:36:17.230,300557.SZ,28.87,100.0,17497153,13019445,17497154,1,0,2014,-9223372036854775808
2021-11-30 10:36:17.580,300557.SZ,0.0,400.0,14837137,0,17498068,2,0,2014,-9223372036854775808
2021-11-30 10:36:17.710,300557.SZ,0.0,1000.0,17106755,0,17498449,2,0,2014,-9223372036854775808
2021-11-30 10:36:17.880,300557.SZ,28.87,100.0,17498750,13019445,17498751,1,0,2014,-9223372036854775808
2021-11-30 10:36:18.490,300557.SZ,28.87,100.0,17500768,13019445,17500769,1,0,2014,-9223372036854775808
2021-11-30 10:36:18.490,300557.SZ,28.88,900.0,17500768,10506611,17500770,1,0,2014,-9223372036854775808
2021-11-30 10:36:18.490,300557.SZ,28.88,100.0,17500775,10506611,17500776,1,0,2014,-9223372036854775808
2021-11-30 10:36:18.490,300557.SZ,28.88,100.0,17500775,14005967,17500777,1,0,2014,-9223372036854775808
2021-11-30 10:36:22.400,300557.SZ,0.0,100.0,16885026,0,17513364,2,0,2014,-9223372036854775808
2021-11-30 10:36:22.400,300557.SZ,0.0,100.0,16885018,0,17513365,2,0,2014,-9223372036854775808
2021-11-30 10:36:22.400,300557.SZ,0.0,100.0,17115072,0,17513366,2,0,2014,-9223372036854775808
2021-11-30 10:36:22.400,300557.SZ,0.0,100.0,17115071,0,17513367,2,0,2014,-9223372036854775808
2021-11-30 10:36:22.400,300557.SZ,0.0,100.0,16697929,0,17513369,2,0,2014,-9223372036854775808
2021-11-30 10:36:22.400,300557.SZ,0.0,100.0,16697930,0,17513371,2,0,2014,-9223372036854775808
2021-11-30 10:36:22.400,300557.SZ,0.0,100.0,17477565,0,17513372,2,0,2014,-9223372036854775808
2021-11-30 10:36:22.400,300557.SZ,0.0,100.0,17477567,0,17513373,2,0,2014,-9223372036854775808
2021-11-30 10:36:22.660,300557.SZ,0.0,100.0,17496483,0,17514137,2,0,2014,-9223372036854775808
2021-11-30 10:36:22.700,300557.SZ,0.0,4000.0,17498413,0,17514256,2,0,2014,-9223372036854775808
2021-11-30 10:36:22.830,300557.SZ,0.0,600.0,0,17514276,17514499,2,0,2014,-9223372036854775808
2021-11-30 10:36:22.830,300557.SZ,0.0,2300.0,0,17514277,17514500,2,0,2014,-9223372036854775808
2021-11-30 10:36:27.530,300557.SZ,0.0,100.0,17479132,0,17525487,2,0,2014,-9223372036854775808
2021-11-30 10:36:27.530,300557.SZ,0.0,100.0,17479135,0,17525490,2,0,2014,-9223372036854775808
2021-11-30 10:36:27.560,300557.SZ,0.0,100.0,17479512,0,17525547,2,0,2014,-9223372036854775808
2021-11-30 10:36:27.560,300557.SZ,0.0,100.0,17479511,0,17525548,2,0,2014,-9223372036854775808
2021-11-30 10:36:27.560,300557.SZ,0.0,100.0,17479513,0,17525549,2,0,2014,-9223372036854775808
2021-11-30 10:36:30.320,300557.SZ,0.0,100.0,17531941,0,17532015,2,0,2014,-9223372036854775808
2021-11-30 10:36:30.330,300557.SZ,0.0,100.0,17532004,0,17532023,2,0,2014,-9223372036854775808
2021-11-30 10:36:30.340,300557.SZ,0.0,100.0,17532020,0,17532053,2,0,2014,-9223372036854775808
2021-11-30 10:36:30.710,300557.SZ,0.0,100.0,17532070,0,17533165,2,0,2014,-9223372036854775808
2021-11-30 10:36:30.720,300557.SZ,0.0,100.0,17532029,0,17533191,2,0,2014,-9223372036854775808
2021-11-30 10:36:30.720,300557.SZ,0.0,100.0,17532076,0,17533196,2,0,2014,-9223372036854775808
2021-11-30 10:36:30.720,300557.SZ,0.0,100.0,17533155,0,17533198,2,0,2014,-9223372036854775808
2021-11-30 10:36:30.730,300557.SZ,0.0,100.0,17533218,0,17533223,2,0,2014,-9223372036854775808
2021-11-30 10:36:31.340,300557.SZ,28.93,100.0,17535027,9202155,17535028,1,0,2014,-9223372036854775808
2021-11-30 10:36:32.130,300557.SZ,0.0,400.0,17496732,0,17536739,2,0,2014,-9223372036854775808
2021-11-30 10:36:32.770,300557.SZ,0.0,100.0,17498001,0,17538381,2,0,2014,-9223372036854775808
2021-11-30 10:36:32.770,300557.SZ,0.0,100.0,17497015,0,17538391,2,0,2014,-9223372036854775808
2021-11-30 10:36:47.740,300557.SZ,0.0,600.0,17496555,0,17574150,2,0,2014,-9223372036854775808
2021-11-30 10:36:57.050,300557.SZ,28.91,100.0,17533175,17594980,17594981,1,0,2014,-9223372036854775808
2021-11-30 10:36:57.050,300557.SZ,28.91,100.0,17533202,17594980,17594982,1,0,2014,-9223372036854775808
2021-11-30 10:37:01.700,300557.SZ,28.91,100.0,17533233,17604831,17604832,1,0,2014,-9223372036854775808
2021-11-30 10:37:01.700,300557.SZ,28.91,100.0,17533265,17604831,17604833,1,0,2014,-9223372036854775808
2021-11-30 10:37:01.710,300557.SZ,0.0,1400.0,0,17604839,17604847,2,0,2014,-9223372036854775808
2021-11-30 10:37:01.710,300557.SZ,0.0,2000.0,0,17604840,17604848,2,0,2014,-9223372036854775808
2021-11-30 10:37:01.710,300557.SZ,0.0,1100.0,0,17604842,17604852,2,0,2014,-9223372036854775808
2021-11-30 10:37:01.710,300557.SZ,0.0,1700.0,0,17604841,17604854,2,0,2014,-9223372036854775808
2021-11-30 10:37:01.710,300557.SZ,0.0,1200.0,0,17604843,17604855,2,0,2014,-9223372036854775808
2021-11-30 10:37:02.010,300557.SZ,0.0,1000.0,16760532,0,17605370,2,0,2014,-9223372036854775808
2021-11-30 10:37:02.350,300557.SZ,0.0,200.0,17027692,0,17606139,2,0,2014,-9223372036854775808
2021-11-30 10:37:03.060,300557.SZ,28.89,100.0,17607476,17604831,17607477,1,0,2014,-9223372036854775808
2021-11-30 10:37:03.060,300557.SZ,28.93,300.0,17607476,9202155,17607478,1,0,2014,-9223372036854775808
2021-11-30 10:37:03.060,300557.SZ,28.93,200.0,17607476,17607485,17607486,1,0,2014,-9223372036854775808
2021-11-30 10:37:03.060,300557.SZ,28.93,300.0,17607476,17607487,17607488,1,0,2014,-9223372036854775808
2021-11-30 10:37:03.060,300557.SZ,28.93,200.0,17607476,17607489,17607490,1,0,2014,-9223372036854775808
2021-11-30 10:37:03.180,300557.SZ,0.0,400.0,0,17607493,17607782,2,0,2014,-9223372036854775808
2021-11-30 10:37:03.180,300557.SZ,0.0,300.0,0,17607494,17607783,2,0,2014,-9223372036854775808
2021-11-30 10:37:03.180,300557.SZ,0.0,700.0,0,17607495,17607784,2,0,2014,-9223372036854775808
2021-11-30 10:37:03.190,300557.SZ,0.0,1400.0,0,17606149,17607788,2,0,2014,-9223372036854775808
2021-11-30 10:37:03.190,300557.SZ,0.0,2600.0,0,17606151,17607789,2,0,2014,-9223372036854775808
2021-11-30 10:37:03.190,300557.SZ,0.0,1100.0,0,17606146,17607790,2,0,2014,-9223372036854775808
2021-11-30 10:37:03.190,300557.SZ,0.0,1200.0,0,17606147,17607791,2,0,2014,-9223372036854775808
2021-11-30 10:37:03.190,300557.SZ,0.0,1100.0,0,17606150,17607792,2,0,2014,-9223372036854775808
2021-11-30 10:37:07.340,300557.SZ,28.89,200.0,17619211,17608051,17619212,1,0,2014,-9223372036854775808
2021-11-30 10:37:07.340,300557.SZ,0.0,700.0,0,17607491,17619213,2,0,2014,-9223372036854775808
2021-11-30 10:37:07.340,300557.SZ,0.0,400.0,0,17607492,17619214,2,0,2014,-9223372036854775808
2021-11-30 10:37:17.420,300557.SZ,0.0,1100.0,0,17643535,17643545,2,0,2014,-9223372036854775808
2021-11-30 10:37:17.420,300557.SZ,0.0,1200.0,0,17643536,17643546,2,0,2014,-9223372036854775808
2021-11-30 10:37:17.420,300557.SZ,0.0,1100.0,0,17643538,17643547,2,0,2014,-9223372036854775808
2021-11-30 10:37:17.420,300557.SZ,0.0,1400.0,0,17643537,17643548,2,0,2014,-9223372036854775808
2021-11-30 10:37:17.420,300557.SZ,0.0,2600.0,0,17643539,17643549,2,0,2014,-9223372036854775808
2021-11-30 10:37:28.660,300557.SZ,0.0,1000.0,17643517,0,17668129,2,0,2014,-9223372036854775808
2021-11-30 10:37:28.670,300557.SZ,0.0,3700.0,0,17668135,17668146,2,0,2014,-9223372036854775808
2021-11-30 10:37:28.670,300557.SZ,0.0,1400.0,0,17668136,17668147,2,0,2014,-9223372036854775808
2021-11-30 10:37:28.670,300557.SZ,0.0,400.0,0,17668137,17668148,2,0,2014,-9223372036854775808
2021-11-30 10:37:28.670,300557.SZ,0.0,3300.0,0,17668138,17668149,2,0,2014,-9223372036854775808
2021-11-30 10:37:28.670,300557.SZ,0.0,1100.0,0,17668139,17668150,2,0,2014,-9223372036854775808
2021-11-30 10:37:28.670,300557.SZ,0.0,1200.0,0,17668140,17668152,2,0,2014,-9223372036854775808
2021-11-30 10:37:40.360,300557.SZ,0.0,100.0,17535284,0,17691590,2,0,2014,-9223372036854775808
2021-11-30 10:37:40.360,300557.SZ,0.0,100.0,17535283,0,17691592,2,0,2014,-9223372036854775808
2021-11-30 10:37:58.320,300557.SZ,28.89,100.0,17722615,17608051,17722616,1,0,2014,-9223372036854775808
2021-11-30 10:37:58.320,300557.SZ,28.9,4500.0,17722615,17683219,17722617,1,0,2014,-9223372036854775808
2021-11-30 10:37:58.690,300557.SZ,28.9,200.0,17723258,17683219,17723259,1,0,2014,-9223372036854775808
2021-11-30 10:37:58.730,300557.SZ,28.9,100.0,17723336,17683219,17723337,1,0,2014,-9223372036854775808
2021-11-30 10:37:58.730,300557.SZ,28.9,100.0,17723338,17683219,17723339,1,0,2014,-9223372036854775808
2021-11-30 10:37:58.810,300557.SZ,28.88,300.0,17723109,17723482,17723483,1,0,2014,-9223372036854775808
2021-11-30 10:37:58.840,300557.SZ,28.9,100.0,17723546,17683219,17723547,1,0,2014,-9223372036854775808
2021-11-30 10:37:59.110,300557.SZ,0.0,100.0,17458591,0,17724009,2,0,2014,-9223372036854775808
2021-11-30 10:38:02.920,300557.SZ,28.96,100.0,17731212,9736994,17731213,1,0,2014,-9223372036854775808
2021-11-30 10:38:14.180,300557.SZ,0.0,100.0,17723548,0,17757690,2,0,2014,-9223372036854775808
2021-11-30 10:38:14.180,300557.SZ,0.0,100.0,17723549,0,17757691,2,0,2014,-9223372036854775808
2021-11-30 10:38:14.850,300557.SZ,0.0,200.0,17724382,0,17758842,2,0,2014,-9223372036854775808
2021-11-30 10:38:14.860,300557.SZ,0.0,200.0,17723819,0,17758870,2,0,2014,-9223372036854775808
2021-11-30 10:38:14.860,300557.SZ,0.0,200.0,17723828,0,17758885,2,0,2014,-9223372036854775808
2021-11-30 10:38:15.330,300557.SZ,0.0,100.0,17726005,0,17759730,2,0,2014,-9223372036854775808
2021-11-30 10:38:15.330,300557.SZ,0.0,100.0,17726002,0,17759731,2,0,2014,-9223372036854775808
2021-11-30 10:38:15.330,300557.SZ,0.0,100.0,17726008,0,17759732,2,0,2014,-9223372036854775808
2021-11-30 10:38:15.800,300557.SZ,0.0,400.0,17725942,0,17760530,2,0,2014,-9223372036854775808
2021-11-30 10:38:21.180,300557.SZ,0.0,1000.0,17740302,0,17771726,2,0,2014,-9223372036854775808
2021-11-30 10:38:21.890,300557.SZ,0.0,100.0,17731079,0,17773036,2,0,2014,-9223372036854775808
2021-11-30 10:39:33.320,300557.SZ,0.0,600.0,0,17873317,17924691,2,0,2014,-9223372036854775808
2021-11-30 10:40:09.540,300557.SZ,0.0,4000.0,17514492,0,18014510,2,0,2014,-9223372036854775808
2021-11-30 10:40:19.570,300557.SZ,0.0,300.0,17699008,0,18050530,2,0,2014,-9223372036854775808
2021-11-30 10:41:09.430,300557.SZ,28.94,200.0,18170155,18036594,18170156,1,0,2014,-9223372036854775808
2021-11-30 10:41:09.430,300557.SZ,28.94,300.0,18170155,18085923,18170157,1,0,2014,-9223372036854775808
2021-11-30 10:41:11.910,300557.SZ,0.0,300.0,16931835,0,18176316,2,0,2014,-9223372036854775808
2021-11-30 10:41:35.900,300557.SZ,0.0,10000.0,15573587,0,18233224,2,0,2014,-9223372036854775808
2021-11-30 10:41:35.960,300557.SZ,0.0,100.0,18170357,0,18233358,2,0,2014,-9223372036854775808
2021-11-30 10:41:54.040,300557.SZ,0.0,100.0,17804069,0,18275861,2,0,2014,-9223372036854775808
2021-11-30 10:41:54.040,300557.SZ,0.0,100.0,17804070,0,18275862,2,0,2014,-9223372036854775808
2021-11-30 10:42:03.130,300557.SZ,0.0,500.0,206071,0,18299457,2,0,2014,-9223372036854775808
2021-11-30 10:42:13.710,300557.SZ,0.0,3000.0,0,17825070,18332104,2,0,2014,-9223372036854775808
2021-11-30 10:42:18.990,300557.SZ,28.89,200.0,17796532,18345823,18345824,1,0,2014,-9223372036854775808
2021-11-30 10:42:31.330,300557.SZ,0.0,300.0,13812300,0,18373354,2,0,2014,-9223372036854775808
2021-11-30 10:43:01.580,300557.SZ,28.89,600.0,17796532,18435528,18435529,1,0,2014,-9223372036854775808
2021-11-30 10:44:07.340,300557.SZ,0.0,3000.0,0,17805699,18579864,2,0,2014,-9223372036854775808
2021-11-30 10:44:28.180,300557.SZ,28.89,100.0,17796532,18625257,18625258,1,0,2014,-9223372036854775808
2021-11-30 10:44:43.210,300557.SZ,0.0,700.0,17936401,0,18655126,2,0,2014,-9223372036854775808
2021-11-30 10:45:07.360,300557.SZ,28.89,100.0,17796532,18709973,18709974,1,0,2014,-9223372036854775808
2021-11-30 10:45:07.360,300557.SZ,28.89,200.0,18053965,18709973,18709975,1,0,2014,-9223372036854775808
2021-11-30 10:45:07.360,300557.SZ,28.89,500.0,18103490,18709973,18709976,1,0,2014,-9223372036854775808
2021-11-30 10:45:31.780,300557.SZ,28.9,100.0,18770874,18452182,18770875,1,0,2014,-9223372036854775808
2021-11-30 10:45:31.780,300557.SZ,28.9,100.0,18770874,18496601,18770876,1,0,2014,-9223372036854775808
2021-11-30 10:45:44.810,300557.SZ,0.0,400.0,18770874,0,18798819,2,0,2014,-9223372036854775808
2021-11-30 10:45:46.810,300557.SZ,28.93,200.0,18803359,18738566,18803360,1,0,2014,-9223372036854775808
2021-11-30 10:45:59.800,300557.SZ,0.0,700.0,18803359,0,18831201,2,0,2014,-9223372036854775808
2021-11-30 10:46:00.810,300557.SZ,28.94,700.0,18833576,18085923,18833577,1,0,2014,-9223372036854775808
2021-11-30 10:47:22.900,300557.SZ,28.94,800.0,19020722,18092150,19020723,1,0,2014,-9223372036854775808
2021-11-30 10:48:41.870,300557.SZ,28.89,100.0,18833727,19193493,19193494,1,0,2014,-9223372036854775808
2021-11-30 10:48:41.870,300557.SZ,28.89,100.0,19185908,19193493,19193495,1,0,2014,-9223372036854775808
2021-11-30 10:48:41.980,300557.SZ,28.89,100.0,19193713,19193493,19193714,1,0,2014,-9223372036854775808
2021-11-30 10:48:46.350,300557.SZ,28.89,200.0,19202378,19193493,19202379,1,0,2014,-9223372036854775808
2021-11-30 10:48:46.360,300557.SZ,0.0,100.0,17780046,0,19202393,2,0,2014,-9223372036854775808
2021-11-30 10:48:46.360,300557.SZ,0.0,100.0,17780047,0,19202396,2,0,2014,-9223372036854775808
2021-11-30 10:48:52.040,300557.SZ,28.89,2200.0,19213744,19193493,19213745,1,0,2014,-9223372036854775808
2021-11-30 10:48:52.140,300557.SZ,28.89,100.0,19214121,19193493,19214122,1,0,2014,-9223372036854775808
2021-11-30 10:48:52.250,300557.SZ,28.89,100.0,19214346,19193493,19214347,1,0,2014,-9223372036854775808
2021-11-30 10:48:52.410,300557.SZ,28.89,100.0,19214742,19193493,19214743,1,0,2014,-9223372036854775808
2021-11-30 10:48:52.540,300557.SZ,0.0,100.0,19213771,0,19215050,2,0,2014,-9223372036854775808
2021-11-30 10:48:53.700,300557.SZ,0.0,3000.0,0,18606906,19217043,2,0,2014,-9223372036854775808
2021-11-30 10:49:00.480,300557.SZ,0.0,3000.0,0,18389614,19230232,2,0,2014,-9223372036854775808
2021-11-30 10:49:04.670,300557.SZ,28.94,800.0,19240123,18092150,19240124,1,0,2014,-9223372036854775808
2021-11-30 10:49:04.790,300557.SZ,28.94,100.0,19240295,18258627,19240296,1,0,2014,-9223372036854775808
2021-11-30 10:49:05.180,300557.SZ,28.94,100.0,19241318,18258627,19241319,1,0,2014,-9223372036854775808
2021-11-30 10:49:05.240,300557.SZ,28.94,100.0,19241490,18258627,19241491,1,0,2014,-9223372036854775808
2021-11-30 10:49:05.250,300557.SZ,28.94,100.0,19241502,18258627,19241503,1,0,2014,-9223372036854775808
2021-11-30 10:49:05.250,300557.SZ,28.94,100.0,19241512,18258627,19241513,1,0,2014,-9223372036854775808
2021-11-30 10:49:05.320,300557.SZ,28.94,100.0,19241738,18258627,19241739,1,0,2014,-9223372036854775808
2021-11-30 10:49:05.320,300557.SZ,28.94,100.0,19241741,18258627,19241742,1,0,2014,-9223372036854775808
2021-11-30 10:49:05.330,300557.SZ,0.0,100.0,19213864,0,19241770,2,0,2014,-9223372036854775808
2021-11-30 10:49:05.330,300557.SZ,0.0,100.0,19213817,0,19241775,2,0,2014,-9223372036854775808
2021-11-30 10:49:05.330,300557.SZ,0.0,100.0,19214028,0,19241776,2,0,2014,-9223372036854775808
2021-11-30 10:49:05.330,300557.SZ,0.0,100.0,19213818,0,19241777,2,0,2014,-9223372036854775808
2021-11-30 10:49:05.370,300557.SZ,0.0,100.0,18833721,0,19241837,2,0,2014,-9223372036854775808
2021-11-30 10:49:05.400,300557.SZ,0.0,100.0,19213831,0,19241908,2,0,2014,-9223372036854775808
2021-11-30 10:49:05.400,300557.SZ,0.0,100.0,19213830,0,19241909,2,0,2014,-9223372036854775808
2021-11-30 10:49:05.410,300557.SZ,0.0,100.0,19213906,0,19241919,2,0,2014,-9223372036854775808
2021-11-30 10:49:05.410,300557.SZ,0.0,100.0,19213907,0,19241920,2,0,2014,-9223372036854775808
2021-11-30 10:49:09.430,300557.SZ,0.0,100.0,19215030,0,19251961,2,0,2014,-9223372036854775808
2021-11-30 10:49:10.040,300557.SZ,28.94,100.0,19253102,18258627,19253103,1,0,2014,-9223372036854775808
2021-11-30 10:49:11.090,300557.SZ,0.0,400.0,19216878,0,19255671,2,0,2014,-9223372036854775808
2021-11-30 10:49:11.590,300557.SZ,0.0,200.0,19241759,0,19256538,2,0,2014,-9223372036854775808
2021-11-30 10:49:11.590,300557.SZ,0.0,200.0,19213849,0,19256541,2,0,2014,-9223372036854775808
2021-11-30 10:49:11.590,300557.SZ,0.0,100.0,19241869,0,19256545,2,0,2014,-9223372036854775808
2021-11-30 10:49:11.590,300557.SZ,0.0,100.0,19241873,0,19256546,2,0,2014,-9223372036854775808
2021-11-30 10:49:11.590,300557.SZ,0.0,100.0,19241964,0,19256556,2,0,2014,-9223372036854775808
2021-11-30 10:49:11.610,300557.SZ,0.0,100.0,19243143,0,19256576,2,0,2014,-9223372036854775808
2021-11-30 10:49:11.610,300557.SZ,0.0,100.0,19243151,0,19256577,2,0,2014,-9223372036854775808
2021-11-30 10:49:11.620,300557.SZ,0.0,100.0,19241947,0,19256605,2,0,2014,-9223372036854775808
2021-11-30 10:49:11.630,300557.SZ,0.0,100.0,19241766,0,19256616,2,0,2014,-9223372036854775808
2021-11-30 10:49:11.650,300557.SZ,0.0,100.0,19243631,0,19256648,2,0,2014,-9223372036854775808
2021-11-30 10:49:11.660,300557.SZ,0.0,100.0,19241927,0,19256654,2,0,2014,-9223372036854775808
2021-11-30 10:49:11.660,300557.SZ,0.0,100.0,19241929,0,19256655,2,0,2014,-9223372036854775808
2021-11-30 10:49:21.100,300557.SZ,28.94,100.0,19275768,18258627,19275769,1,0,2014,-9223372036854775808
2021-11-30 10:49:21.470,300557.SZ,0.0,300.0,19241045,0,19276449,2,0,2014,-9223372036854775808
2021-11-30 10:49:21.790,300557.SZ,28.94,100.0,19277023,18258627,19277024,1,0,2014,-9223372036854775808
2021-11-30 10:49:21.790,300557.SZ,28.94,200.0,19277023,18270745,19277025,1,0,2014,-9223372036854775808
2021-11-30 10:49:24.110,300557.SZ,0.0,100.0,19254280,0,19281063,2,0,2014,-9223372036854775808
2021-11-30 10:50:05.440,300557.SZ,0.0,1000.0,0,8660412,19361368,2,0,2014,-9223372036854775808
2021-11-30 10:50:06.530,300557.SZ,0.0,400.0,19256522,0,19364147,2,0,2014,-9223372036854775808
2021-11-30 10:50:10.530,300557.SZ,0.0,400.0,16415453,0,19377484,2,0,2014,-9223372036854775808
2021-11-30 10:50:12.830,300557.SZ,28.92,100.0,19256543,19382691,19382692,1,0,2014,-9223372036854775808
2021-11-30 10:50:12.830,300557.SZ,28.92,100.0,19256544,19382691,19382693,1,0,2014,-9223372036854775808
2021-11-30 10:50:12.830,300557.SZ,28.92,100.0,19256559,19382691,19382694,1,0,2014,-9223372036854775808
2021-11-30 10:50:12.830,300557.SZ,28.92,100.0,19256566,19382691,19382695,1,0,2014,-9223372036854775808
2021-11-30 10:50:12.830,300557.SZ,28.92,100.0,19256584,19382691,19382696,1,0,2014,-9223372036854775808
2021-11-30 10:50:12.830,300557.SZ,28.92,100.0,19256632,19382691,19382697,1,0,2014,-9223372036854775808
2021-11-30 10:50:12.830,300557.SZ,28.92,100.0,19256696,19382691,19382698,1,0,2014,-9223372036854775808
2021-11-30 10:50:12.830,300557.SZ,28.92,100.0,19256725,19382691,19382699,1,0,2014,-9223372036854775808
2021-11-30 10:50:12.830,300557.SZ,28.92,100.0,19256814,19382691,19382700,1,0,2014,-9223372036854775808
2021-11-30 10:50:12.830,300557.SZ,28.92,100.0,19256815,19382691,19382701,1,0,2014,-9223372036854775808
2021-11-30 10:50:13.770,300557.SZ,28.94,200.0,19385221,18270745,19385222,1,0,2014,-9223372036854775808
2021-11-30 10:50:13.770,300557.SZ,28.94,200.0,19385221,19346577,19385223,1,0,2014,-9223372036854775808
2021-11-30 10:50:31.530,300557.SZ,28.95,800.0,19425538,17824908,19425539,1,0,2014,-9223372036854775808
2021-11-30 10:50:36.210,300557.SZ,0.0,1200.0,0,17824908,19434345,2,0,2014,-9223372036854775808
2021-11-30 10:51:24.020,300557.SZ,28.94,1100.0,19385221,19548995,19548996,1,0,2014,-9223372036854775808
2021-11-30 10:51:24.020,300557.SZ,28.94,400.0,19422029,19548995,19548997,1,0,2014,-9223372036854775808
2021-11-30 10:51:24.020,300557.SZ,28.92,100.0,19256857,19548995,19548998,1,0,2014,-9223372036854775808
2021-11-30 10:51:24.020,300557.SZ,28.92,100.0,19263298,19548995,19548999,1,0,2014,-9223372036854775808
2021-11-30 10:51:24.020,300557.SZ,28.92,100.0,19280936,19548995,19549000,1,0,2014,-9223372036854775808
2021-11-30 10:51:24.020,300557.SZ,28.92,100.0,19280937,19548995,19549001,1,0,2014,-9223372036854775808
2021-11-30 10:51:24.020,300557.SZ,28.92,100.0,19284061,19548995,19549002,1,0,2014,-9223372036854775808
2021-11-30 10:51:40.310,300557.SZ,0.0,500.0,0,8874410,19582053,2,0,2014,-9223372036854775808
2021-11-30 10:52:06.970,300557.SZ,28.96,300.0,19630183,9736994,19630184,1,0,2014,-9223372036854775808
2021-11-30 10:53:16.500,300557.SZ,28.96,200.0,19762189,9736994,19762190,1,0,2014,-9223372036854775808
2021-11-30 10:53:16.500,300557.SZ,28.96,200.0,19762189,17782805,19762191,1,0,2014,-9223372036854775808
2021-11-30 10:53:16.500,300557.SZ,28.96,100.0,19762189,17892704,19762192,1,0,2014,-9223372036854775808
2021-11-30 10:53:16.500,300557.SZ,28.96,200.0,19762189,19590779,19762193,1,0,2014,-9223372036854775808
2021-11-30 10:53:41.900,300557.SZ,0.0,400.0,19762189,0,19809516,2,0,2014,-9223372036854775808
2021-11-30 10:53:54.440,300557.SZ,28.98,400.0,19831394,17692365,19831395,1,0,2014,-9223372036854775808
2021-11-30 10:54:17.220,300557.SZ,28.95,200.0,19881592,19874424,19881593,1,0,2014,-9223372036854775808
2021-11-30 10:54:17.220,300557.SZ,28.97,600.0,19881592,19874947,19881594,1,0,2014,-9223372036854775808
2021-11-30 10:55:18.060,300557.SZ,0.0,3000.0,0,19846070,19999252,2,0,2014,-9223372036854775808
2021-11-30 10:55:31.460,300557.SZ,0.0,1000.0,0,5232586,20025404,2,0,2014,-9223372036854775808
2021-11-30 10:56:17.530,300557.SZ,0.0,1500.0,16614161,0,20119829,2,0,2014,-9223372036854775808
2021-11-30 10:56:19.940,300557.SZ,28.97,100.0,20124230,19874947,20124231,1,0,2014,-9223372036854775808
2021-11-30 10:56:56.370,300557.SZ,0.0,1000.0,474154,0,20188098,2,0,2014,-9223372036854775808
2021-11-30 10:57:14.190,300557.SZ,28.92,100.0,20023090,20226601,20226602,1,0,2014,-9223372036854775808
2021-11-30 10:57:19.350,300557.SZ,0.0,100.0,19254278,0,20235850,2,0,2014,-9223372036854775808
2021-11-30 10:57:19.350,300557.SZ,0.0,100.0,19254276,0,20235852,2,0,2014,-9223372036854775808
2021-11-30 10:57:26.620,300557.SZ,0.0,200.0,16840585,0,20248650,2,0,2014,-9223372036854775808
2021-11-30 10:57:45.200,300557.SZ,28.91,200.0,19735708,20277798,20277799,1,0,2014,-9223372036854775808
2021-11-30 10:58:09.110,300557.SZ,0.0,500.0,19735708,0,20321725,2,0,2014,-9223372036854775808
2021-11-30 10:58:15.110,300557.SZ,28.91,100.0,20011680,20336795,20336796,1,0,2014,-9223372036854775808
2021-11-30 10:58:26.700,300557.SZ,28.92,100.0,20356994,20226601,20356995,1,0,2014,-9223372036854775808
2021-11-30 10:59:01.970,300557.SZ,28.92,300.0,20420500,20407441,20420501,1,0,2014,-9223372036854775808
2021-11-30 11:00:16.140,300557.SZ,0.0,1600.0,0,20183322,20567474,2,0,2014,-9223372036854775808
2021-11-30 11:01:05.220,300557.SZ,28.96,200.0,20665587,20493564,20665588,1,0,2014,-9223372036854775808
2021-11-30 11:01:23.900,300557.SZ,28.92,100.0,20607844,20707244,20707245,1,0,2014,-9223372036854775808
2021-11-30 11:01:23.900,300557.SZ,28.91,400.0,20343346,20707244,20707246,1,0,2014,-9223372036854775808
2021-11-30 11:01:33.810,300557.SZ,28.93,100.0,20713613,20727288,20727289,1,0,2014,-9223372036854775808
2021-11-30 11:01:33.810,300557.SZ,28.91,100.0,20343346,20727288,20727290,1,0,2014,-9223372036854775808
2021-11-30 11:02:07.130,300557.SZ,0.0,100.0,20733606,0,20789238,2,0,2014,-9223372036854775808
2021-11-30 11:02:07.140,300557.SZ,28.96,100.0,20789248,20510701,20789249,1,0,2014,-9223372036854775808
2021-11-30 11:03:09.700,300557.SZ,28.96,200.0,20910699,20510701,20910700,1,0,2014,-9223372036854775808
2021-11-30 11:03:09.700,300557.SZ,28.96,500.0,20910699,20708412,20910701,1,0,2014,-9223372036854775808
2021-11-30 11:03:09.700,300557.SZ,28.96,300.0,20910699,20910719,20910720,1,0,2014,-9223372036854775808
2021-11-30 11:03:09.700,300557.SZ,28.96,300.0,20910699,20910721,20910722,1,0,2014,-9223372036854775808
2021-11-30 11:03:09.700,300557.SZ,28.96,200.0,20910699,20910723,20910724,1,0,2014,-9223372036854775808
2021-11-30 11:03:16.430,300557.SZ,0.0,100.0,20800163,0,20924704,2,0,2014,-9223372036854775808
2021-11-30 11:03:16.440,300557.SZ,28.96,200.0,20924731,20910725,20924732,1,0,2014,-9223372036854775808
2021-11-30 11:03:31.970,300557.SZ,0.0,100.0,20934214,0,20950628,2,0,2014,-9223372036854775808
2021-11-30 11:03:31.970,300557.SZ,0.0,100.0,20925704,0,20950629,2,0,2014,-9223372036854775808
2021-11-30 11:03:32.010,300557.SZ,28.96,100.0,20950671,20910726,20950672,1,0,2014,-9223372036854775808
2021-11-30 11:03:44.030,300557.SZ,0.0,10000.0,0,20845422,20969306,2,0,2014,-9223372036854775808
2021-11-30 11:04:01.980,300557.SZ,0.0,100.0,20982125,0,20998988,2,0,2014,-9223372036854775808
2021-11-30 11:04:01.980,300557.SZ,0.0,100.0,20957861,0,20998991,2,0,2014,-9223372036854775808
2021-11-30 11:04:01.990,300557.SZ,28.96,100.0,20999001,20910726,20999002,1,0,2014,-9223372036854775808
2021-11-30 11:04:32.110,300557.SZ,0.0,100.0,21038582,0,21056099,2,0,2014,-9223372036854775808
2021-11-30 11:04:32.110,300557.SZ,0.0,100.0,21010844,0,21056100,2,0,2014,-9223372036854775808
2021-11-30 11:04:32.130,300557.SZ,28.96,100.0,21056130,20910727,21056131,1,0,2014,-9223372036854775808
2021-11-30 11:04:37.320,300557.SZ,28.96,100.0,21065768,20910727,21065769,1,0,2014,-9223372036854775808
2021-11-30 11:04:42.250,300557.SZ,28.96,100.0,21075172,20910727,21075173,1,0,2014,-9223372036854775808
2021-11-30 11:04:43.170,300557.SZ,0.0,100.0,21068808,0,21076890,2,0,2014,-9223372036854775808
2021-11-30 11:04:43.260,300557.SZ,28.97,100.0,21077150,19874947,21077151,1,0,2014,-9223372036854775808
2021-11-30 11:04:50.890,300557.SZ,28.97,200.0,21089198,19874947,21089199,1,0,2014,-9223372036854775808
2021-11-30 11:04:51.590,300557.SZ,0.0,100.0,21063559,0,21090415,2,0,2014,-9223372036854775808
2021-11-30 11:04:52.170,300557.SZ,28.97,100.0,21091897,19874947,21091898,1,0,2014,-9223372036854775808
2021-11-30 11:05:02.040,300557.SZ,0.0,100.0,21065432,0,21108761,2,0,2014,-9223372036854775808
2021-11-30 11:05:02.050,300557.SZ,28.97,100.0,21108766,19874947,21108767,1,0,2014,-9223372036854775808
2021-11-30 11:05:13.530,300557.SZ,0.0,25500.0,0,12763861,21138057,2,0,2014,-9223372036854775808
2021-11-30 11:05:15.750,300557.SZ,28.97,1000.0,21141973,19874947,21141974,1,0,2014,-9223372036854775808
2021-11-30 11:05:15.750,300557.SZ,28.97,1200.0,21141973,20263513,21141975,1,0,2014,-9223372036854775808
2021-11-30 11:05:15.750,300557.SZ,28.98,100.0,21141973,17692365,21141976,1,0,2014,-9223372036854775808
2021-11-30 11:05:15.750,300557.SZ,28.98,200.0,21141973,17864267,21141977,1,0,2014,-9223372036854775808
2021-11-30 11:05:15.750,300557.SZ,28.98,100.0,21141973,19409996,21141978,1,0,2014,-9223372036854775808
2021-11-30 11:05:16.270,300557.SZ,28.98,100.0,21143280,19409996,21143281,1,0,2014,-9223372036854775808
2021-11-30 11:05:16.370,300557.SZ,28.98,100.0,21143647,19409996,21143648,1,0,2014,-9223372036854775808
2021-11-30 11:05:16.440,300557.SZ,28.98,100.0,21143981,19409996,21143982,1,0,2014,-9223372036854775808
2021-11-30 11:05:16.450,300557.SZ,28.98,100.0,21143994,19409996,21143995,1,0,2014,-9223372036854775808
2021-11-30 11:05:16.560,300557.SZ,0.0,500.0,156593,0,21144229,2,0,2014,-9223372036854775808
2021-11-30 11:05:16.600,300557.SZ,28.98,100.0,21144304,19409996,21144305,1,0,2014,-9223372036854775808
2021-11-30 11:05:17.130,300557.SZ,28.98,100.0,21145047,19409996,21145048,1,0,2014,-9223372036854775808
2021-11-30 11:05:17.180,300557.SZ,0.0,100.0,21076894,0,21145174,2,0,2014,-9223372036854775808
2021-11-30 11:05:17.190,300557.SZ,28.98,100.0,21145181,19409996,21145182,1,0,2014,-9223372036854775808
2021-11-30 11:05:24.210,300557.SZ,28.98,200.0,21157880,19409996,21157881,1,0,2014,-9223372036854775808
2021-11-30 11:05:24.210,300557.SZ,28.98,900.0,21157880,20125863,21157882,1,0,2014,-9223372036854775808
2021-11-30 11:05:28.420,300557.SZ,0.0,100.0,21087356,0,21166551,2,0,2014,-9223372036854775808
2021-11-30 11:05:28.430,300557.SZ,28.98,100.0,21166574,20125863,21166575,1,0,2014,-9223372036854775808
2021-11-30 11:05:37.010,300557.SZ,0.0,25600.0,0,21158357,21181147,2,0,2014,-9223372036854775808
2021-11-30 11:05:46.180,300557.SZ,28.97,1000.0,21142658,21196195,21196196,1,0,2014,-9223372036854775808
2021-11-30 11:05:46.180,300557.SZ,28.97,100.0,21154248,21196195,21196197,1,0,2014,-9223372036854775808
2021-11-30 11:05:47.110,300557.SZ,28.97,100.0,21197883,21196195,21197884,1,0,2014,-9223372036854775808
2021-11-30 11:06:57.250,300557.SZ,0.0,100.0,21306817,0,21322122,2,0,2014,-9223372036854775808
2021-11-30 11:06:57.260,300557.SZ,0.0,100.0,21254352,0,21322126,2,0,2014,-9223372036854775808
2021-11-30 11:06:57.260,300557.SZ,28.97,100.0,21322127,21196195,21322128,1,0,2014,-9223372036854775808
2021-11-30 11:07:25.370,300557.SZ,0.0,100.0,21358523,0,21371287,2,0,2014,-9223372036854775808
2021-11-30 11:07:25.380,300557.SZ,0.0,100.0,21331154,0,21371292,2,0,2014,-9223372036854775808
2021-11-30 11:07:25.390,300557.SZ,28.97,100.0,21371303,21196195,21371304,1,0,2014,-9223372036854775808
2021-11-30 11:07:55.380,300557.SZ,0.0,100.0,21402483,0,21414422,2,0,2014,-9223372036854775808
2021-11-30 11:07:55.380,300557.SZ,0.0,100.0,21373981,0,21414423,2,0,2014,-9223372036854775808
2021-11-30 11:07:55.390,300557.SZ,28.97,100.0,21414452,21196195,21414453,1,0,2014,-9223372036854775808
2021-11-30 11:08:06.430,300557.SZ,28.97,300.0,21431323,21196195,21431324,1,0,2014,-9223372036854775808
2021-11-30 11:08:08.130,300557.SZ,28.96,100.0,21416339,21435138,21435139,1,0,2014,-9223372036854775808
2021-11-30 11:08:34.890,300557.SZ,28.96,100.0,21444851,21474734,21474735,1,0,2014,-9223372036854775808
2021-11-30 11:08:34.890,300557.SZ,28.96,100.0,21460839,21474734,21474736,1,0,2014,-9223372036854775808
2021-11-30 11:09:22.210,300557.SZ,0.0,100.0,21484903,0,21544784,2,0,2014,-9223372036854775808
2021-11-30 11:09:22.220,300557.SZ,0.0,100.0,21529497,0,21544790,2,0,2014,-9223372036854775808
2021-11-30 11:09:22.220,300557.SZ,28.97,100.0,21544796,21196195,21544797,1,0,2014,-9223372036854775808
2021-11-30 11:09:36.330,300557.SZ,28.94,100.0,21551540,21563694,21563695,1,0,2014,-9223372036854775808
2021-11-30 11:09:50.050,300557.SZ,0.0,500.0,21052178,0,21583076,2,0,2014,-9223372036854775808
2021-11-30 11:10:22.120,300557.SZ,0.0,100.0,21623191,0,21640971,2,0,2014,-9223372036854775808
2021-11-30 11:10:22.120,300557.SZ,0.0,100.0,21572154,0,21640972,2,0,2014,-9223372036854775808
2021-11-30 11:10:22.130,300557.SZ,28.97,100.0,21640991,21196195,21640992,1,0,2014,-9223372036854775808
2021-11-30 11:10:31.350,300557.SZ,0.0,100.0,17731510,0,21657310,2,0,2014,-9223372036854775808
2021-11-30 11:10:31.350,300557.SZ,0.0,100.0,17517379,0,21657311,2,0,2014,-9223372036854775808
2021-11-30 11:10:31.350,300557.SZ,0.0,100.0,21646787,0,21657312,2,0,2014,-9223372036854775808
2021-11-30 11:10:31.350,300557.SZ,0.0,100.0,17731509,0,21657313,2,0,2014,-9223372036854775808
2021-11-30 11:10:31.350,300557.SZ,0.0,100.0,21646788,0,21657314,2,0,2014,-9223372036854775808
2021-11-30 11:10:31.350,300557.SZ,0.0,100.0,17517382,0,21657315,2,0,2014,-9223372036854775808
2021-11-30 11:10:32.140,300557.SZ,0.0,100.0,21648062,0,21658344,2,0,2014,-9223372036854775808
2021-11-30 11:10:32.140,300557.SZ,28.97,100.0,21658349,21196195,21658350,1,0,2014,-9223372036854775808
2021-11-30 11:10:32.230,300557.SZ,0.0,100.0,21649681,0,21658452,2,0,2014,-9223372036854775808
2021-11-30 11:10:32.230,300557.SZ,28.97,100.0,21658459,21196195,21658460,1,0,2014,-9223372036854775808
2021-11-30 11:10:33.160,300557.SZ,0.0,100.0,21649582,0,21659487,2,0,2014,-9223372036854775808
2021-11-30 11:10:33.170,300557.SZ,28.97,100.0,21659493,21202066,21659494,1,0,2014,-9223372036854775808
2021-11-30 11:10:34.130,300557.SZ,0.0,100.0,21651907,0,21660902,2,0,2014,-9223372036854775808
2021-11-30 11:10:34.130,300557.SZ,0.0,100.0,21651906,0,21660903,2,0,2014,-9223372036854775808
2021-11-30 11:10:34.130,300557.SZ,28.97,100.0,21660915,21250618,21660916,1,0,2014,-9223372036854775808
2021-11-30 11:10:34.130,300557.SZ,28.97,100.0,21660917,21250618,21660918,1,0,2014,-9223372036854775808
2021-11-30 11:10:34.170,300557.SZ,0.0,100.0,21652097,0,21660997,2,0,2014,-9223372036854775808
2021-11-30 11:10:34.170,300557.SZ,0.0,100.0,21652096,0,21660998,2,0,2014,-9223372036854775808
2021-11-30 11:10:34.170,300557.SZ,0.0,100.0,21652095,0,21660999,2,0,2014,-9223372036854775808
2021-11-30 11:10:34.180,300557.SZ,28.97,100.0,21661002,21616768,21661003,1,0,2014,-9223372036854775808
2021-11-30 11:10:38.930,300557.SZ,0.0,400.0,21662980,0,21667448,2,0,2014,-9223372036854775808
2021-11-30 11:10:40.430,300557.SZ,0.0,300.0,21661524,0,21670268,2,0,2014,-9223372036854775808
2021-11-30 11:10:52.150,300557.SZ,0.0,100.0,21649479,0,21688459,2,0,2014,-9223372036854775808
2021-11-30 11:10:52.150,300557.SZ,28.98,100.0,21688476,21203456,21688477,1,0,2014,-9223372036854775808
2021-11-30 11:10:52.250,300557.SZ,28.97,100.0,21661004,21688642,21688643,1,0,2014,-9223372036854775808
2021-11-30 11:10:52.250,300557.SZ,28.97,100.0,21661005,21688642,21688644,1,0,2014,-9223372036854775808
2021-11-30 11:10:52.250,300557.SZ,28.97,100.0,21670233,21688642,21688645,1,0,2014,-9223372036854775808
2021-11-30 11:11:00.150,300557.SZ,28.97,1100.0,21701398,21688642,21701399,1,0,2014,-9223372036854775808
2021-11-30 11:11:02.230,300557.SZ,28.97,100.0,21706112,21688642,21706113,1,0,2014,-9223372036854775808
2021-11-30 11:11:27.660,300557.SZ,28.97,700.0,21760224,21688642,21760225,1,0,2014,-9223372036854775808
2021-11-30 11:11:27.660,300557.SZ,28.97,700.0,21760224,21713941,21760226,1,0,2014,-9223372036854775808
2021-11-30 11:11:37.260,300557.SZ,28.93,100.0,21776386,21772029,21776387,1,0,2014,-9223372036854775808
2021-11-30 11:11:37.790,300557.SZ,28.93,100.0,21777259,21772029,21777260,1,0,2014,-9223372036854775808
2021-11-30 11:11:56.230,300557.SZ,0.0,100.0,0,7328,21804906,2,0,2014,-9223372036854775808
2021-11-30 11:11:56.350,300557.SZ,28.97,100.0,21805165,21713941,21805166,1,0,2014,-9223372036854775808
2021-11-30 11:12:12.280,300557.SZ,0.0,100.0,21731290,0,21832532,2,0,2014,-9223372036854775808
2021-11-30 11:12:17.340,300557.SZ,0.0,100.0,21834790,0,21841407,2,0,2014,-9223372036854775808
2021-11-30 11:12:17.340,300557.SZ,0.0,100.0,21823730,0,21841412,2,0,2014,-9223372036854775808
2021-11-30 11:12:17.350,300557.SZ,28.97,100.0,21841424,21713941,21841425,1,0,2014,-9223372036854775808
2021-11-30 11:12:19.780,300557.SZ,28.97,500.0,21845380,21713941,21845381,1,0,2014,-9223372036854775808
2021-11-30 11:12:21.050,300557.SZ,0.0,100.0,21772000,0,21847089,2,0,2014,-9223372036854775808
2021-11-30 11:12:21.050,300557.SZ,0.0,100.0,21741115,0,21847091,2,0,2014,-9223372036854775808
2021-11-30 11:12:21.060,300557.SZ,0.0,100.0,21741116,0,21847092,2,0,2014,-9223372036854775808
2021-11-30 11:12:21.060,300557.SZ,0.0,100.0,21659350,0,21847093,2,0,2014,-9223372036854775808
2021-11-30 11:12:21.060,300557.SZ,0.0,100.0,21772006,0,21847094,2,0,2014,-9223372036854775808
2021-11-30 11:12:21.060,300557.SZ,0.0,100.0,21659348,0,21847095,2,0,2014,-9223372036854775808
2021-11-30 11:12:33.180,300557.SZ,28.94,100.0,21844845,21864728,21864729,1,0,2014,-9223372036854775808
2021-11-30 11:12:37.550,300557.SZ,28.94,100.0,21871044,21864728,21871045,1,0,2014,-9223372036854775808
2021-11-30 11:13:00.250,300557.SZ,28.94,600.0,21902423,21864728,21902424,1,0,2014,-9223372036854775808
2021-11-30 11:13:47.310,300557.SZ,0.0,100.0,21963514,0,21975311,2,0,2014,-9223372036854775808
2021-11-30 11:13:47.330,300557.SZ,0.0,100.0,21915197,0,21975336,2,0,2014,-9223372036854775808
2021-11-30 11:13:47.330,300557.SZ,28.97,100.0,21975338,21713941,21975339,1,0,2014,-9223372036854775808
2021-11-30 11:13:48.300,300557.SZ,0.0,100.0,0,21713941,21976429,2,0,2014,-9223372036854775808
2021-11-30 11:14:13.450,300557.SZ,28.97,100.0,22010702,21810856,22010703,1,0,2014,-9223372036854775808
2021-11-30 11:14:13.800,300557.SZ,28.97,300.0,22011114,21938313,22011115,1,0,2014,-9223372036854775808
2021-11-30 11:14:13.800,300557.SZ,28.97,1800.0,22011114,21994713,22011116,1,0,2014,-9223372036854775808
2021-11-30 11:14:28.060,300557.SZ,28.97,100.0,22011114,22030225,22030226,1,0,2014,-9223372036854775808
2021-11-30 11:14:42.430,300557.SZ,0.0,100.0,21981797,0,22048551,2,0,2014,-9223372036854775808
2021-11-30 11:14:42.430,300557.SZ,28.98,100.0,22048552,21203456,22048553,1,0,2014,-9223372036854775808
2021-11-30 11:14:42.450,300557.SZ,0.0,100.0,22002068,0,22048585,2,0,2014,-9223372036854775808
2021-11-30 11:15:12.440,300557.SZ,28.98,100.0,22094648,21203456,22094649,1,0,2014,-9223372036854775808
2021-11-30 11:15:42.450,300557.SZ,28.98,100.0,22140684,21203456,22140685,1,0,2014,-9223372036854775808
2021-11-30 11:16:12.380,300557.SZ,28.98,100.0,22190277,21203456,22190278,1,0,2014,-9223372036854775808
2021-11-30 11:16:15.780,300557.SZ,28.98,500.0,22196809,21203456,22196810,1,0,2014,-9223372036854775808
2021-11-30 11:16:18.870,300557.SZ,28.98,500.0,22201905,21203456,22201906,1,0,2014,-9223372036854775808
2021-11-30 11:16:25.800,300557.SZ,28.97,800.0,22011114,22212407,22212408,1,0,2014,-9223372036854775808
2021-11-30 11:16:25.800,300557.SZ,28.97,100.0,22054793,22212407,22212409,1,0,2014,-9223372036854775808
2021-11-30 11:16:25.800,300557.SZ,28.97,500.0,22056948,22212407,22212410,1,0,2014,-9223372036854775808
2021-11-30 11:16:25.800,300557.SZ,28.97,100.0,22076690,22212407,22212411,1,0,2014,-9223372036854775808
2021-11-30 11:16:26.290,300557.SZ,28.97,300.0,22212893,22212407,22212894,1,0,2014,-9223372036854775808
2021-11-30 11:16:30.790,300557.SZ,0.0,20000.0,20872029,0,22218755,2,0,2014,-9223372036854775808
2021-11-30 11:17:03.920,300557.SZ,0.0,600.0,21806268,0,22263306,2,0,2014,-9223372036854775808
2021-11-30 11:17:14.490,300557.SZ,28.95,100.0,22261089,22281941,22281942,1,0,2014,-9223372036854775808
2021-11-30 11:17:17.870,300557.SZ,28.95,300.0,22286856,22281941,22286857,1,0,2014,-9223372036854775808
2021-11-30 11:17:51.090,300557.SZ,28.96,100.0,22304304,22334820,22334821,1,0,2014,-9223372036854775808
2021-11-30 11:18:19.710,300557.SZ,28.96,100.0,22343488,22377452,22377453,1,0,2014,-9223372036854775808
2021-11-30 11:18:19.710,300557.SZ,28.95,100.0,22286856,22377452,22377454,1,0,2014,-9223372036854775808
2021-11-30 11:18:56.760,300557.SZ,0.0,500.0,21901374,0,22425917,2,0,2014,-9223372036854775808
2021-11-30 11:19:02.560,300557.SZ,0.0,100.0,22426894,0,22434364,2,0,2014,-9223372036854775808
2021-11-30 11:19:04.390,300557.SZ,28.97,100.0,22437491,22212407,22437492,1,0,2014,-9223372036854775808
2021-11-30 11:19:26.610,300557.SZ,28.97,100.0,22469451,22212407,22469452,1,0,2014,-9223372036854775808
2021-11-30 11:19:26.610,300557.SZ,28.97,300.0,22469451,22309562,22469453,1,0,2014,-9223372036854775808
2021-11-30 11:19:26.610,300557.SZ,28.97,100.0,22469451,22368792,22469454,1,0,2014,-9223372036854775808
2021-11-30 11:19:27.950,300557.SZ,0.0,100.0,22388292,0,22470902,2,0,2014,-9223372036854775808
2021-11-30 11:19:32.500,300557.SZ,28.97,100.0,22476996,22368792,22476997,1,0,2014,-9223372036854775808
2021-11-30 11:19:36.180,300557.SZ,28.97,100.0,22481598,22368792,22481599,1,0,2014,-9223372036854775808
2021-11-30 11:19:36.360,300557.SZ,0.0,200.0,22477018,0,22481810,2,0,2014,-9223372036854775808
2021-11-30 11:19:36.410,300557.SZ,0.0,100.0,21846243,0,22481861,2,0,2014,-9223372036854775808
2021-11-30 11:19:37.050,300557.SZ,28.98,100.0,22482809,21203456,22482810,1,0,2014,-9223372036854775808
2021-11-30 11:19:39.050,300557.SZ,0.0,100.0,22481811,0,22485355,2,0,2014,-9223372036854775808
2021-11-30 11:19:39.100,300557.SZ,0.0,100.0,2676193,0,22485462,2,0,2014,-9223372036854775808
2021-11-30 11:19:39.100,300557.SZ,0.0,100.0,2676195,0,22485463,2,0,2014,-9223372036854775808
2021-11-30 11:19:39.100,300557.SZ,0.0,100.0,2644120,0,22485465,2,0,2014,-9223372036854775808
2021-11-30 11:19:39.100,300557.SZ,0.0,100.0,2644057,0,22485466,2,0,2014,-9223372036854775808
2021-11-30 11:19:39.100,300557.SZ,0.0,200.0,2613972,0,22485467,2,0,2014,-9223372036854775808
2021-11-30 11:19:54.330,300557.SZ,0.0,100.0,22481773,0,22507217,2,0,2014,-9223372036854775808
2021-11-30 11:19:54.600,300557.SZ,28.98,100.0,22507582,21203456,22507583,1,0,2014,-9223372036854775808
2021-11-30 11:19:58.550,300557.SZ,28.98,8300.0,22512803,21203456,22512804,1,0,2014,-9223372036854775808
2021-11-30 11:19:58.570,300557.SZ,28.98,100.0,22512818,21203456,22512819,1,0,2014,-9223372036854775808
2021-11-30 11:19:58.570,300557.SZ,0.0,200.0,22485353,0,22512820,2,0,2014,-9223372036854775808
2021-11-30 11:19:58.630,300557.SZ,28.98,100.0,22512867,21203456,22512868,1,0,2014,-9223372036854775808
2021-11-30 11:19:59.340,300557.SZ,28.98,100.0,22513940,21203456,22513941,1,0,2014,-9223372036854775808
2021-11-30 11:19:59.660,300557.SZ,28.98,100.0,22514369,21203456,22514370,1,0,2014,-9223372036854775808
2021-11-30 11:19:59.700,300557.SZ,0.0,1800.0,0,19401859,22514395,2,0,2014,-9223372036854775808
2021-11-30 11:19:59.790,300557.SZ,28.98,100.0,22514477,21203456,22514478,1,0,2014,-9223372036854775808
2021-11-30 11:20:03.110,300557.SZ,28.98,100.0,22519792,21203456,22519793,1,0,2014,-9223372036854775808
2021-11-30 11:20:04.390,300557.SZ,0.0,200.0,22219854,0,22522539,2,0,2014,-9223372036854775808
2021-11-30 11:20:13.020,300557.SZ,0.0,500.0,0,13028821,22539109,2,0,2014,-9223372036854775808
2021-11-30 11:20:25.330,300557.SZ,28.98,100.0,22558455,21203456,22558456,1,0,2014,-9223372036854775808
2021-11-30 11:20:25.330,300557.SZ,28.98,100.0,22558474,21203456,22558475,1,0,2014,-9223372036854775808
2021-11-30 11:20:25.330,300557.SZ,28.98,100.0,22558479,21203456,22558480,1,0,2014,-9223372036854775808
2021-11-30 11:20:25.340,300557.SZ,28.98,100.0,22558535,21203456,22558536,1,0,2014,-9223372036854775808
2021-11-30 11:20:29.300,300557.SZ,28.98,100.0,22564437,21203456,22564438,1,0,2014,-9223372036854775808
2021-11-30 11:20:31.680,300557.SZ,28.98,1100.0,22567961,21203456,22567962,1,0,2014,-9223372036854775808
2021-11-30 11:20:34.330,300557.SZ,28.98,100.0,22572256,21203456,22572257,1,0,2014,-9223372036854775808
2021-11-30 11:20:36.170,300557.SZ,0.0,200.0,21654819,0,22574821,2,0,2014,-9223372036854775808
2021-11-30 11:20:37.340,300557.SZ,28.98,100.0,22577142,21203456,22577143,1,0,2014,-9223372036854775808
2021-11-30 11:20:37.340,300557.SZ,28.98,100.0,22577151,21203456,22577152,1,0,2014,-9223372036854775808
2021-11-30 11:20:40.850,300557.SZ,28.98,200.0,22582441,21203456,22582442,1,0,2014,-9223372036854775808
2021-11-30 11:20:42.230,300557.SZ,0.0,900.0,20376688,0,22584672,2,0,2014,-9223372036854775808
2021-11-30 11:20:46.340,300557.SZ,28.98,100.0,22591751,21203456,22591752,1,0,2014,-9223372036854775808
2021-11-30 11:20:48.030,300557.SZ,0.0,400.0,17497978,0,22594054,2,0,2014,-9223372036854775808
2021-11-30 11:21:22.320,300557.SZ,28.98,100.0,22651664,21203456,22651665,1,0,2014,-9223372036854775808
2021-11-30 11:22:09.400,300557.SZ,0.0,200.0,22526796,0,22713217,2,0,2014,-9223372036854775808
2021-11-30 11:22:22.480,300557.SZ,0.0,100.0,22286856,0,22729611,2,0,2014,-9223372036854775808
2021-11-30 11:22:57.070,300557.SZ,0.0,200.0,0,22709000,22771468,2,0,2014,-9223372036854775808
2021-11-30 11:23:52.150,300557.SZ,28.98,200.0,22842355,21203456,22842356,1,0,2014,-9223372036854775808
2021-11-30 11:24:01.140,300557.SZ,28.98,200.0,22853841,21203456,22853842,1,0,2014,-9223372036854775808
2021-11-30 11:24:08.750,300557.SZ,0.0,200.0,21764856,0,22867132,2,0,2014,-9223372036854775808
2021-11-30 11:24:37.750,300557.SZ,28.98,11700.0,22907182,21203456,22907183,1,0,2014,-9223372036854775808
2021-11-30 11:24:37.750,300557.SZ,28.98,1800.0,22907182,22553834,22907184,1,0,2014,-9223372036854775808
2021-11-30 11:24:37.750,300557.SZ,28.98,100.0,22907182,22733273,22907185,1,0,2014,-9223372036854775808
2021-11-30 11:24:37.750,300557.SZ,28.98,100.0,22907182,22799868,22907186,1,0,2014,-9223372036854775808
2021-11-30 11:24:37.750,300557.SZ,28.99,500.0,22907182,8875901,22907187,1,0,2014,-9223372036854775808
2021-11-30 11:24:37.750,300557.SZ,28.99,5800.0,22907182,10310389,22907188,1,0,2014,-9223372036854775808
2021-11-30 11:24:37.810,300557.SZ,28.99,100.0,22907259,10310389,22907260,1,0,2014,-9223372036854775808
2021-11-30 11:24:38.270,300557.SZ,28.99,100.0,22907861,10310389,22907862,1,0,2014,-9223372036854775808
2021-11-30 11:24:38.320,300557.SZ,28.99,100.0,22907943,10310389,22907944,1,0,2014,-9223372036854775808
2021-11-30 11:24:38.940,300557.SZ,0.0,500.0,0,22572158,22908998,2,0,2014,-9223372036854775808
2021-11-30 11:24:41.260,300557.SZ,28.99,1200.0,22912690,10310389,22912691,1,0,2014,-9223372036854775808
2021-11-30 11:24:41.260,300557.SZ,28.99,400.0,22912693,10310389,22912694,1,0,2014,-9223372036854775808
2021-11-30 11:24:42.770,300557.SZ,28.99,400.0,22914164,10310389,22914165,1,0,2014,-9223372036854775808
2021-11-30 11:24:42.780,300557.SZ,28.99,4900.0,22914167,10310389,22914168,1,0,2014,-9223372036854775808
2021-11-30 11:24:42.780,300557.SZ,28.99,500.0,22914167,15132671,22914169,1,0,2014,-9223372036854775808
2021-11-30 11:24:42.780,300557.SZ,29.0,500.0,22914182,9907523,22914183,1,0,2014,-9223372036854775808
2021-11-30 11:24:42.780,300557.SZ,29.0,200.0,22914182,10159820,22914184,1,0,2014,-9223372036854775808
2021-11-30 11:24:42.780,300557.SZ,29.0,100.0,22914185,10159820,22914186,1,0,2014,-9223372036854775808
2021-11-30 11:24:42.780,300557.SZ,29.0,100.0,22914187,10159820,22914188,1,0,2014,-9223372036854775808
2021-11-30 11:24:42.780,300557.SZ,29.0,300.0,22914187,10612694,22914189,1,0,2014,-9223372036854775808
2021-11-30 11:24:42.780,300557.SZ,29.0,100.0,22914187,20428723,22914190,1,0,2014,-9223372036854775808
2021-11-30 11:24:42.780,300557.SZ,0.0,3200.0,22914175,0,22914191,2,0,2014,-9223372036854775808
2021-11-30 11:24:42.780,300557.SZ,0.0,1700.0,22914170,0,22914192,2,0,2014,-9223372036854775808
2021-11-30 11:24:42.780,300557.SZ,0.0,2200.0,22914171,0,22914193,2,0,2014,-9223372036854775808
2021-11-30 11:24:42.780,300557.SZ,0.0,800.0,22914172,0,22914195,2,0,2014,-9223372036854775808
2021-11-30 11:24:42.780,300557.SZ,0.0,200.0,22914173,0,22914197,2,0,2014,-9223372036854775808
2021-11-30 11:24:42.780,300557.SZ,0.0,2200.0,22914176,0,22914198,2,0,2014,-9223372036854775808
2021-11-30 11:24:42.780,300557.SZ,0.0,700.0,22914177,0,22914200,2,0,2014,-9223372036854775808
2021-11-30 11:24:42.780,300557.SZ,0.0,1100.0,22914174,0,22914201,2,0,2014,-9223372036854775808
2021-11-30 11:24:42.780,300557.SZ,0.0,100.0,22914181,0,22914203,2,0,2014,-9223372036854775808
2021-11-30 11:24:42.780,300557.SZ,0.0,1900.0,17723109,0,22914222,2,0,2014,-9223372036854775808
2021-11-30 11:24:42.780,300557.SZ,0.0,100.0,22914215,0,22914224,2,0,2014,-9223372036854775808
2021-11-30 11:24:42.790,300557.SZ,0.0,100.0,22914228,0,22914232,2,0,2014,-9223372036854775808
2021-11-30 11:24:42.800,300557.SZ,0.0,100.0,22914216,0,22914242,2,0,2014,-9223372036854775808
2021-11-30 11:24:43.300,300557.SZ,0.0,200.0,22485417,0,22915165,2,0,2014,-9223372036854775808
2021-11-30 11:24:43.490,300557.SZ,29.05,100.0,22915353,10838793,22915354,1,0,2014,-9223372036854775808
2021-11-30 11:24:43.490,300557.SZ,29.05,200.0,22915357,20167012,22915358,1,0,2014,-9223372036854775808
2021-11-30 11:24:43.490,300557.SZ,29.05,100.0,22915357,20493200,22915359,1,0,2014,-9223372036854775808
2021-11-30 11:24:43.490,300557.SZ,29.05,100.0,22915357,21467256,22915360,1,0,2014,-9223372036854775808
2021-11-30 11:24:43.490,300557.SZ,0.0,1200.0,22914196,0,22915361,2,0,2014,-9223372036854775808
2021-11-30 11:24:43.490,300557.SZ,0.0,100.0,22914199,0,22915362,2,0,2014,-9223372036854775808
2021-11-30 11:24:43.490,300557.SZ,0.0,500.0,22914187,0,22915363,2,0,2014,-9223372036854775808
2021-11-30 11:24:43.550,300557.SZ,29.07,100.0,22915410,9086181,22915411,1,0,2014,-9223372036854775808
2021-11-30 11:24:43.550,300557.SZ,0.0,100.0,22914244,0,22915414,2,0,2014,-9223372036854775808
2021-11-30 11:24:43.560,300557.SZ,0.0,100.0,22914234,0,22915418,2,0,2014,-9223372036854775808
2021-11-30 11:24:43.710,300557.SZ,0.0,100.0,22481880,0,22915649,2,0,2014,-9223372036854775808
2021-11-30 11:24:45.100,300557.SZ,0.0,100.0,22915166,0,22917000,2,0,2014,-9223372036854775808
2021-11-30 11:24:45.170,300557.SZ,0.0,300.0,22914205,0,22917072,2,0,2014,-9223372036854775808
2021-11-30 11:24:45.170,300557.SZ,0.0,200.0,22914211,0,22917073,2,0,2014,-9223372036854775808
2021-11-30 11:24:45.170,300557.SZ,0.0,300.0,22914214,0,22917074,2,0,2014,-9223372036854775808
2021-11-30 11:24:45.170,300557.SZ,0.0,300.0,22914204,0,22917075,2,0,2014,-9223372036854775808
2021-11-30 11:24:45.170,300557.SZ,0.0,300.0,22914210,0,22917076,2,0,2014,-9223372036854775808
2021-11-30 11:24:45.170,300557.SZ,0.0,300.0,22914206,0,22917077,2,0,2014,-9223372036854775808
2021-11-30 11:24:45.170,300557.SZ,0.0,600.0,22914225,0,22917078,2,0,2014,-9223372036854775808
2021-11-30 11:24:45.170,300557.SZ,0.0,300.0,22914209,0,22917079,2,0,2014,-9223372036854775808
2021-11-30 11:24:45.170,300557.SZ,0.0,700.0,22914194,0,22917080,2,0,2014,-9223372036854775808
2021-11-30 11:24:45.170,300557.SZ,0.0,700.0,22914202,0,22917082,2,0,2014,-9223372036854775808
2021-11-30 11:24:45.370,300557.SZ,0.0,200.0,22915182,0,22917278,2,0,2014,-9223372036854775808
2021-11-30 11:24:46.280,300557.SZ,0.0,200.0,22916956,0,22918642,2,0,2014,-9223372036854775808
2021-11-30 11:24:46.280,300557.SZ,0.0,100.0,22915127,0,22918643,2,0,2014,-9223372036854775808
2021-11-30 11:24:46.280,300557.SZ,0.0,100.0,22485333,0,22918644,2,0,2014,-9223372036854775808
2021-11-30 11:24:46.280,300557.SZ,0.0,100.0,22485335,0,22918645,2,0,2014,-9223372036854775808
2021-11-30 11:24:46.280,300557.SZ,0.0,100.0,22915128,0,22918646,2,0,2014,-9223372036854775808
2021-11-30 11:24:46.300,300557.SZ,0.0,100.0,22916994,0,22918656,2,0,2014,-9223372036854775808
2021-11-30 11:24:46.300,300557.SZ,0.0,100.0,22916993,0,22918657,2,0,2014,-9223372036854775808
2021-11-30 11:24:46.300,300557.SZ,0.0,100.0,22485464,0,22918658,2,0,2014,-9223372036854775808
2021-11-30 11:24:46.300,300557.SZ,0.0,100.0,22915137,0,22918659,2,0,2014,-9223372036854775808
2021-11-30 11:24:46.300,300557.SZ,0.0,100.0,22915133,0,22918660,2,0,2014,-9223372036854775808
2021-11-30 11:24:46.310,300557.SZ,29.07,200.0,22918683,9086181,22918684,1,0,2014,-9223372036854775808
2021-11-30 11:24:46.350,300557.SZ,0.0,200.0,22917001,0,22918782,2,0,2014,-9223372036854775808
2021-11-30 11:24:46.570,300557.SZ,0.0,200.0,22915429,0,22919098,2,0,2014,-9223372036854775808
2021-11-30 11:24:50.120,300557.SZ,0.0,100.0,22914887,0,22922973,2,0,2014,-9223372036854775808
2021-11-30 11:24:50.120,300557.SZ,0.0,100.0,22914886,0,22922974,2,0,2014,-9223372036854775808
2021-11-30 11:24:50.130,300557.SZ,29.07,100.0,22922980,9086181,22922981,1,0,2014,-9223372036854775808
2021-11-30 11:24:50.130,300557.SZ,29.07,100.0,22922982,9086181,22922983,1,0,2014,-9223372036854775808
2021-11-30 11:24:50.140,300557.SZ,0.0,100.0,22914943,0,22922990,2,0,2014,-9223372036854775808
2021-11-30 11:24:50.140,300557.SZ,29.07,100.0,22922993,9469438,22922994,1,0,2014,-9223372036854775808
2021-11-30 11:25:00.140,300557.SZ,0.0,400.0,22917070,0,22934339,2,0,2014,-9223372036854775808
2021-11-30 11:25:13.800,300557.SZ,29.03,100.0,22915415,22955692,22955693,1,0,2014,-9223372036854775808
2021-11-30 11:25:13.800,300557.SZ,29.03,100.0,22915421,22955692,22955694,1,0,2014,-9223372036854775808
2021-11-30 11:25:19.310,300557.SZ,0.0,100.0,22920430,0,22963365,2,0,2014,-9223372036854775808
2021-11-30 11:25:19.310,300557.SZ,0.0,100.0,22920431,0,22963366,2,0,2014,-9223372036854775808
2021-11-30 11:25:19.330,300557.SZ,0.0,200.0,22918661,0,22963377,2,0,2014,-9223372036854775808
2021-11-30 11:25:19.360,300557.SZ,0.0,100.0,22918783,0,22963454,2,0,2014,-9223372036854775808
2021-11-30 11:25:20.400,300557.SZ,0.0,300.0,0,21948918,22965120,2,0,2014,-9223372036854775808
2021-11-30 11:26:13.200,300557.SZ,29.0,900.0,22985729,23044143,23044144,1,0,2014,-9223372036854775808
2021-11-30 11:26:19.600,300557.SZ,29.0,200.0,23053910,23044143,23053911,1,0,2014,-9223372036854775808
2021-11-30 11:26:25.010,300557.SZ,29.0,500.0,23061956,23044143,23061957,1,0,2014,-9223372036854775808
2021-11-30 11:27:08.000,300557.SZ,0.0,500.0,0,22987477,23115780,2,0,2014,-9223372036854775808
2021-11-30 11:27:31.260,300557.SZ,29.03,100.0,23144814,22955692,23144815,1,0,2014,-9223372036854775808
2021-11-30 11:28:01.390,300557.SZ,29.03,100.0,23178200,23097466,23178201,1,0,2014,-9223372036854775808
2021-11-30 11:28:01.390,300557.SZ,29.03,200.0,23178200,23150372,23178202,1,0,2014,-9223372036854775808
2021-11-30 11:28:27.720,300557.SZ,29.01,100.0,23167004,23212922,23212923,1,0,2014,-9223372036854775808
2021-11-30 11:28:35.280,300557.SZ,29.01,100.0,23222897,23212922,23222898,1,0,2014,-9223372036854775808
2021-11-30 11:29:00.350,300557.SZ,0.0,100.0,22513409,0,23251704,2,0,2014,-9223372036854775808
2021-11-30 11:29:01.000,300557.SZ,29.01,100.0,23253596,23212922,23253597,1,0,2014,-9223372036854775808
2021-11-30 11:29:06.820,300557.SZ,29.01,200.0,23264539,23212922,23264540,1,0,2014,-9223372036854775808
2021-11-30 11:29:31.040,300557.SZ,0.0,1500.0,22912607,0,23297661,2,0,2014,-9223372036854775808
2021-11-30 13:00:00.170,300557.SZ,0.0,500.0,0,23028587,23347892,2,0,2014,-9223372036854775808
2021-11-30 13:00:00.350,300557.SZ,29.01,500.0,23363883,23212922,23363884,1,0,2014,-9223372036854775808
2021-11-30 13:00:00.350,300557.SZ,29.01,300.0,23363883,23318164,23363885,1,0,2014,-9223372036854775808
2021-11-30 13:00:00.350,300557.SZ,29.02,500.0,23363883,23209510,23363886,1,0,2014,-9223372036854775808
2021-11-30 13:00:00.350,300557.SZ,29.02,1500.0,23363887,23209510,23363888,1,0,2014,-9223372036854775808
2021-11-30 13:00:01.240,300557.SZ,0.0,1500.0,124148,0,23409393,2,0,2014,-9223372036854775808
2021-11-30 13:00:01.240,300557.SZ,0.0,800.0,124147,0,23409394,2,0,2014,-9223372036854775808
2021-11-30 13:00:01.260,300557.SZ,0.0,100.0,23409957,0,23409999,2,0,2014,-9223372036854775808
2021-11-30 13:00:03.590,300557.SZ,29.03,500.0,23466513,23167162,23466514,1,0,2014,-9223372036854775808
2021-11-30 13:00:04.150,300557.SZ,0.0,100.0,23410151,0,23475283,2,0,2014,-9223372036854775808
2021-11-30 13:00:05.230,300557.SZ,0.0,200.0,0,6642893,23492454,2,0,2014,-9223372036854775808
2021-11-30 13:00:05.380,300557.SZ,29.04,100.0,23493320,23494719,23494720,1,0,2014,-9223372036854775808
2021-11-30 13:00:05.380,300557.SZ,29.03,300.0,23466513,23494719,23494721,1,0,2014,-9223372036854775808
2021-11-30 13:00:06.380,300557.SZ,29.06,100.0,23505729,22985730,23505730,1,0,2014,-9223372036854775808
2021-11-30 13:00:06.390,300557.SZ,29.04,100.0,23498864,23505731,23505732,1,0,2014,-9223372036854775808
2021-11-30 13:00:06.390,300557.SZ,29.06,100.0,23505733,22985730,23505734,1,0,2014,-9223372036854775808
2021-11-30 13:00:06.390,300557.SZ,29.06,100.0,23505737,23050779,23505738,1,0,2014,-9223372036854775808
2021-11-30 13:00:06.430,300557.SZ,29.06,100.0,23506126,23050779,23506127,1,0,2014,-9223372036854775808
2021-11-30 13:00:07.880,300557.SZ,29.04,100.0,23521811,23508576,23521812,1,0,2014,-9223372036854775808
2021-11-30 13:00:07.880,300557.SZ,29.04,100.0,23521813,23508580,23521814,1,0,2014,-9223372036854775808
2021-11-30 13:00:07.880,300557.SZ,29.06,100.0,23521815,23086006,23521816,1,0,2014,-9223372036854775808
2021-11-30 13:00:12.360,300557.SZ,0.0,100.0,23541233,0,23550086,2,0,2014,-9223372036854775808
2021-11-30 13:00:15.190,300557.SZ,29.05,100.0,23542796,23563917,23563918,1,0,2014,-9223372036854775808
2021-11-30 13:00:15.220,300557.SZ,29.06,100.0,23564016,23086006,23564017,1,0,2014,-9223372036854775808
2021-11-30 13:00:25.350,300557.SZ,0.0,1100.0,23549975,0,23603735,2,0,2014,-9223372036854775808
2021-11-30 13:00:25.550,300557.SZ,29.06,100.0,23604758,23091249,23604759,1,0,2014,-9223372036854775808
2021-11-30 13:00:28.330,300557.SZ,29.05,100.0,23542796,23614681,23614682,1,0,2014,-9223372036854775808
2021-11-30 13:00:31.350,300557.SZ,0.0,100.0,0,23614691,23625375,2,0,2014,-9223372036854775808
2021-11-30 13:00:32.340,300557.SZ,0.0,200.0,23579972,0,23629379,2,0,2014,-9223372036854775808
2021-11-30 13:00:44.080,300557.SZ,0.0,2000.0,0,6205052,23663491,2,0,2014,-9223372036854775808
2021-11-30 13:00:44.110,300557.SZ,29.05,100.0,23663533,23614686,23663534,1,0,2014,-9223372036854775808
2021-11-30 13:00:57.860,300557.SZ,29.04,100.0,23541213,23691565,23691566,1,0,2014,-9223372036854775808
2021-11-30 13:00:57.860,300557.SZ,29.04,100.0,23541214,23691565,23691567,1,0,2014,-9223372036854775808
2021-11-30 13:00:57.860,300557.SZ,29.03,800.0,23466513,23691565,23691568,1,0,2014,-9223372036854775808
2021-11-30 13:01:01.330,300557.SZ,0.0,100.0,0,23614694,23699379,2,0,2014,-9223372036854775808
2021-11-30 13:01:01.590,300557.SZ,29.05,100.0,23700077,23614687,23700078,1,0,2014,-9223372036854775808
2021-11-30 13:01:04.540,300557.SZ,29.05,100.0,23706391,23614688,23706392,1,0,2014,-9223372036854775808
2021-11-30 13:01:04.540,300557.SZ,29.06,200.0,23706391,23091249,23706393,1,0,2014,-9223372036854775808
2021-11-30 13:01:05.030,300557.SZ,0.0,900.0,0,5510835,23707526,2,0,2014,-9223372036854775808
2021-11-30 13:01:08.210,300557.SZ,0.0,1500.0,23372305,0,23715405,2,0,2014,-9223372036854775808
2021-11-30 13:01:13.350,300557.SZ,29.05,100.0,23713259,23728012,23728013,1,0,2014,-9223372036854775808
2021-11-30 13:01:19.450,300557.SZ,29.06,100.0,23739816,23334934,23739817,1,0,2014,-9223372036854775808
2021-11-30 13:01:36.050,300557.SZ,0.0,1000.0,20226634,0,23772955,2,0,2014,-9223372036854775808
2021-11-30 13:01:40.300,300557.SZ,0.0,100.0,23485040,0,23781707,2,0,2014,-9223372036854775808
2021-11-30 13:01:40.300,300557.SZ,0.0,100.0,23713266,0,23781719,2,0,2014,-9223372036854775808
2021-11-30 13:01:45.360,300557.SZ,29.06,400.0,23791271,23334934,23791272,1,0,2014,-9223372036854775808
2021-11-30 13:01:45.360,300557.SZ,29.06,100.0,23791271,23791283,23791284,1,0,2014,-9223372036854775808
2021-11-30 13:01:45.360,300557.SZ,0.0,100.0,23713264,0,23791285,2,0,2014,-9223372036854775808
2021-11-30 13:01:56.140,300557.SZ,0.0,100.0,0,22983449,23809389,2,0,2014,-9223372036854775808
2021-11-30 13:02:19.270,300557.SZ,29.06,100.0,23857585,23794978,23857586,1,0,2014,-9223372036854775808
2021-11-30 13:02:25.320,300557.SZ,29.06,100.0,23869594,23798755,23869595,1,0,2014,-9223372036854775808
2021-11-30 13:02:26.280,300557.SZ,0.0,1200.0,0,8194329,23871266,2,0,2014,-9223372036854775808
2021-11-30 13:02:27.310,300557.SZ,29.06,100.0,23872895,23798755,23872896,1,0,2014,-9223372036854775808
2021-11-30 13:02:27.310,300557.SZ,29.07,100.0,23872895,9469438,23872897,1,0,2014,-9223372036854775808
2021-11-30 13:02:31.180,300557.SZ,29.07,100.0,23880096,9469438,23880097,1,0,2014,-9223372036854775808
2021-11-30 13:02:31.180,300557.SZ,29.07,100.0,23880098,9469438,23880099,1,0,2014,-9223372036854775808
2021-11-30 13:02:31.180,300557.SZ,29.07,100.0,23880100,9469438,23880101,1,0,2014,-9223372036854775808
2021-11-30 13:02:53.280,300557.SZ,0.0,100.0,23713269,0,23920111,2,0,2014,-9223372036854775808
2021-11-30 13:03:03.510,300557.SZ,29.07,200.0,23939682,9469438,23939683,1,0,2014,-9223372036854775808
2021-11-30 13:03:14.700,300557.SZ,29.05,500.0,23849003,23964313,23964314,1,0,2014,-9223372036854775808
2021-11-30 13:03:20.150,300557.SZ,29.05,100.0,23974606,23964313,23974607,1,0,2014,-9223372036854775808
2021-11-30 13:03:46.780,300557.SZ,29.04,100.0,23859242,24024788,24024789,1,0,2014,-9223372036854775808
2021-11-30 13:03:46.780,300557.SZ,29.04,100.0,24024796,24024788,24024797,1,0,2014,-9223372036854775808
2021-11-30 13:04:21.890,300557.SZ,0.0,1000.0,0,9816096,24093526,2,0,2014,-9223372036854775808
2021-11-30 13:04:36.940,300557.SZ,29.03,200.0,23466513,24118103,24118104,1,0,2014,-9223372036854775808
2021-11-30 13:04:36.940,300557.SZ,29.03,100.0,23475388,24118103,24118105,1,0,2014,-9223372036854775808
2021-11-30 13:04:36.940,300557.SZ,29.03,100.0,23994654,24118103,24118106,1,0,2014,-9223372036854775808
2021-11-30 13:04:36.940,300557.SZ,29.03,100.0,24118143,24118103,24118144,1,0,2014,-9223372036854775808
2021-11-30 13:04:36.940,300557.SZ,29.03,100.0,24118146,24118103,24118147,1,0,2014,-9223372036854775808
2021-11-30 13:04:36.940,300557.SZ,29.03,100.0,24118148,24118103,24118149,1,0,2014,-9223372036854775808
2021-11-30 13:04:36.940,300557.SZ,29.03,100.0,24118150,24118103,24118151,1,0,2014,-9223372036854775808
2021-11-30 13:04:40.340,300557.SZ,29.03,100.0,24123998,24118103,24123999,1,0,2014,-9223372036854775808
2021-11-30 13:04:40.590,300557.SZ,29.03,100.0,24124000,24124583,24124584,1,0,2014,-9223372036854775808
2021-11-30 13:04:44.430,300557.SZ,29.02,1100.0,23363887,24131003,24131004,1,0,2014,-9223372036854775808
2021-11-30 13:04:44.430,300557.SZ,29.02,1800.0,23363889,24131003,24131005,1,0,2014,-9223372036854775808
2021-11-30 13:04:44.430,300557.SZ,29.02,100.0,23365781,24131003,24131006,1,0,2014,-9223372036854775808
2021-11-30 13:04:44.430,300557.SZ,29.02,100.0,23412392,24131003,24131007,1,0,2014,-9223372036854775808
2021-11-30 13:04:44.430,300557.SZ,29.02,100.0,23427987,24131003,24131008,1,0,2014,-9223372036854775808
2021-11-30 13:04:44.430,300557.SZ,29.02,1100.0,23451518,24131003,24131009,1,0,2014,-9223372036854775808
2021-11-30 13:04:44.430,300557.SZ,29.02,3900.0,23451518,24131013,24131014,1,0,2014,-9223372036854775808
2021-11-30 13:04:44.430,300557.SZ,29.02,200.0,23460092,24131013,24131015,1,0,2014,-9223372036854775808
2021-11-30 13:04:44.430,300557.SZ,29.02,1100.0,23460092,24131016,24131017,1,0,2014,-9223372036854775808
2021-11-30 13:04:44.430,300557.SZ,29.02,200.0,23466172,24131016,24131018,1,0,2014,-9223372036854775808
2021-11-30 13:04:46.460,300557.SZ,29.01,100.0,23431309,24135156,24135157,1,0,2014,-9223372036854775808
2021-11-30 13:04:46.460,300557.SZ,29.0,1000.0,23082103,24135167,24135168,1,0,2014,-9223372036854775808
2021-11-30 13:04:46.460,300557.SZ,29.0,500.0,23973256,24135167,24135169,1,0,2014,-9223372036854775808
2021-11-30 13:04:49.310,300557.SZ,29.0,100.0,24136306,24139417,24139418,1,0,2014,-9223372036854775808
2021-11-30 13:04:49.310,300557.SZ,29.0,500.0,24136306,24139426,24139427,1,0,2014,-9223372036854775808
2021-11-30 13:04:52.310,300557.SZ,0.0,100.0,0,24134792,24144742,2,0,2014,-9223372036854775808
2021-11-30 13:04:53.420,300557.SZ,28.99,900.0,23166473,24146375,24146376,1,0,2014,-9223372036854775808
2021-11-30 13:04:53.430,300557.SZ,28.99,1700.0,23166473,24146381,24146382,1,0,2014,-9223372036854775808
2021-11-30 13:04:53.430,300557.SZ,28.99,1300.0,23166473,24146383,24146384,1,0,2014,-9223372036854775808
2021-11-30 13:04:53.430,300557.SZ,0.0,500.0,0,24139428,24146385,2,0,2014,-9223372036854775808
2021-11-30 13:04:55.370,300557.SZ,0.0,900.0,0,24134896,24149792,2,0,2014,-9223372036854775808
2021-11-30 13:05:06.180,300557.SZ,28.99,300.0,23166473,24172004,24172005,1,0,2014,-9223372036854775808
2021-11-30 13:05:06.180,300557.SZ,28.99,800.0,23166473,24172019,24172020,1,0,2014,-9223372036854775808
2021-11-30 13:05:06.180,300557.SZ,28.99,100.0,24161445,24172019,24172021,1,0,2014,-9223372036854775808
2021-11-30 13:05:06.180,300557.SZ,28.99,100.0,24161449,24172019,24172022,1,0,2014,-9223372036854775808
2021-11-30 13:05:06.190,300557.SZ,0.0,1000.0,23791320,0,24172032,2,0,2014,-9223372036854775808
2021-11-30 13:05:15.090,300557.SZ,0.0,100.0,22968029,0,24191558,2,0,2014,-9223372036854775808
2021-11-30 13:05:15.090,300557.SZ,0.0,200.0,22968072,0,24191568,2,0,2014,-9223372036854775808
2021-11-30 13:05:15.100,300557.SZ,0.0,100.0,22968042,0,24191575,2,0,2014,-9223372036854775808
2021-11-30 13:05:15.110,300557.SZ,28.98,100.0,22967985,24191602,24191603,1,0,2014,-9223372036854775808
2021-11-30 13:05:15.110,300557.SZ,28.98,100.0,22967986,24191604,24191605,1,0,2014,-9223372036854775808
2021-11-30 13:05:15.120,300557.SZ,28.98,400.0,24151038,24191610,24191611,1,0,2014,-9223372036854775808
2021-11-30 13:05:15.120,300557.SZ,28.98,100.0,24151823,24191610,24191612,1,0,2014,-9223372036854775808
2021-11-30 13:05:15.120,300557.SZ,0.0,100.0,0,24191610,24191620,2,0,2014,-9223372036854775808
2021-11-30 13:05:21.260,300557.SZ,0.0,1000.0,0,23783688,24206398,2,0,2014,-9223372036854775808
2021-11-30 13:05:28.360,300557.SZ,0.0,100.0,0,24149692,24222274,2,0,2014,-9223372036854775808
2021-11-30 13:05:28.360,300557.SZ,0.0,100.0,0,24149693,24222275,2,0,2014,-9223372036854775808
2021-11-30 13:05:39.640,300557.SZ,29.0,100.0,24243347,24146459,24243348,1,0,2014,-9223372036854775808
2021-11-30 13:05:39.640,300557.SZ,29.0,100.0,24243349,24149691,24243350,1,0,2014,-9223372036854775808
2021-11-30 13:05:42.210,300557.SZ,29.0,100.0,24248197,24191608,24248198,1,0,2014,-9223372036854775808
2021-11-30 13:05:42.210,300557.SZ,29.02,100.0,24248203,24139647,24248204,1,0,2014,-9223372036854775808
2021-11-30 13:05:42.210,300557.SZ,29.02,100.0,24248205,24139647,24248206,1,0,2014,-9223372036854775808
2021-11-30 13:05:43.410,300557.SZ,0.0,200.0,24202567,0,24250808,2,0,2014,-9223372036854775808
2021-11-30 13:05:45.450,300557.SZ,29.02,100.0,24253725,24139647,24253726,1,0,2014,-9223372036854775808
2021-11-30 13:05:45.460,300557.SZ,0.0,100.0,24248207,0,24253730,2,0,2014,-9223372036854775808
2021-11-30 13:05:45.460,300557.SZ,29.02,100.0,24253733,24139647,24253734,1,0,2014,-9223372036854775808
2021-11-30 13:05:46.350,300557.SZ,0.0,100.0,24250400,0,24255381,2,0,2014,-9223372036854775808
2021-11-30 13:05:46.350,300557.SZ,0.0,100.0,24250397,0,24255382,2,0,2014,-9223372036854775808
2021-11-30 13:05:48.060,300557.SZ,0.0,100.0,24248208,0,24257804,2,0,2014,-9223372036854775808
2021-11-30 13:05:49.320,300557.SZ,0.0,100.0,24250401,0,24260347,2,0,2014,-9223372036854775808
2021-11-30 13:05:49.320,300557.SZ,0.0,100.0,24250399,0,24260348,2,0,2014,-9223372036854775808
2021-11-30 13:05:53.220,300557.SZ,0.0,100.0,24257793,0,24268091,2,0,2014,-9223372036854775808
2021-11-30 13:05:55.250,300557.SZ,29.04,100.0,24271728,24024788,24271729,1,0,2014,-9223372036854775808
2021-11-30 13:06:07.400,300557.SZ,29.04,700.0,24299732,24024788,24299733,1,0,2014,-9223372036854775808
2021-11-30 13:06:07.400,300557.SZ,29.04,500.0,24299732,24037682,24299734,1,0,2014,-9223372036854775808
2021-11-30 13:06:07.400,300557.SZ,0.0,100.0,24271741,0,24299747,2,0,2014,-9223372036854775808
2021-11-30 13:06:07.400,300557.SZ,0.0,100.0,24253742,0,24299772,2,0,2014,-9223372036854775808
2021-11-30 13:06:07.400,300557.SZ,0.0,100.0,24253743,0,24299773,2,0,2014,-9223372036854775808
2021-11-30 13:06:11.680,300557.SZ,0.0,100.0,24243339,0,24309246,2,0,2014,-9223372036854775808
2021-11-30 13:06:11.720,300557.SZ,0.0,300.0,24206194,0,24309311,2,0,2014,-9223372036854775808
2021-11-30 13:06:11.800,300557.SZ,0.0,500.0,24244895,0,24309421,2,0,2014,-9223372036854775808
2021-11-30 13:06:43.040,300557.SZ,29.04,2600.0,24299732,24368187,24368188,1,0,2014,-9223372036854775808
2021-11-30 13:06:43.040,300557.SZ,29.04,100.0,24306481,24368187,24368189,1,0,2014,-9223372036854775808
2021-11-30 13:06:43.040,300557.SZ,29.04,100.0,24368197,24368187,24368198,1,0,2014,-9223372036854775808
2021-11-30 13:06:47.730,300557.SZ,0.0,500.0,0,4767005,24375218,2,0,2014,-9223372036854775808
2021-11-30 13:07:34.340,300557.SZ,0.0,100.0,24248202,0,24462966,2,0,2014,-9223372036854775808
2021-11-30 13:07:34.350,300557.SZ,0.0,100.0,24250393,0,24462970,2,0,2014,-9223372036854775808
2021-11-30 13:07:34.350,300557.SZ,0.0,100.0,24250398,0,24462973,2,0,2014,-9223372036854775808
2021-11-30 13:07:34.350,300557.SZ,0.0,100.0,24250396,0,24462974,2,0,2014,-9223372036854775808
2021-11-30 13:08:16.740,300557.SZ,29.04,300.0,24541342,24368187,24541343,1,0,2014,-9223372036854775808
2021-11-30 13:08:24.330,300557.SZ,0.0,3600.0,24248197,0,24554283,2,0,2014,-9223372036854775808
2021-11-30 13:08:34.840,300557.SZ,29.04,500.0,24571792,24368187,24571793,1,0,2014,-9223372036854775808
2021-11-30 13:08:34.840,300557.SZ,29.04,600.0,24571792,24402757,24571794,1,0,2014,-9223372036854775808
2021-11-30 13:08:41.980,300557.SZ,0.0,200.0,24392932,0,24581638,2,0,2014,-9223372036854775808
2021-11-30 13:08:56.310,300557.SZ,0.0,2500.0,24571792,0,24606201,2,0,2014,-9223372036854775808
2021-11-30 13:09:00.920,300557.SZ,29.04,100.0,24614037,24609390,24614038,1,0,2014,-9223372036854775808
2021-11-30 13:09:01.350,300557.SZ,29.04,100.0,24614926,24609390,24614927,1,0,2014,-9223372036854775808
2021-11-30 13:09:01.360,300557.SZ,0.0,100.0,24250809,0,24614963,2,0,2014,-9223372036854775808
2021-11-30 13:09:04.360,300557.SZ,29.04,100.0,24621445,24609390,24621446,1,0,2014,-9223372036854775808
2021-11-30 13:09:04.360,300557.SZ,29.04,100.0,24621447,24609390,24621448,1,0,2014,-9223372036854775808
2021-11-30 13:09:06.650,300557.SZ,29.04,600.0,24626372,24609390,24626373,1,0,2014,-9223372036854775808
2021-11-30 13:09:06.650,300557.SZ,29.04,400.0,24626372,24614027,24626374,1,0,2014,-9223372036854775808
2021-11-30 13:09:07.100,300557.SZ,0.0,100.0,24255004,0,24627636,2,0,2014,-9223372036854775808
2021-11-30 13:09:07.170,300557.SZ,29.05,700.0,24627889,23964313,24627890,1,0,2014,-9223372036854775808
2021-11-30 13:09:07.180,300557.SZ,29.05,500.0,24627917,23964313,24627918,1,0,2014,-9223372036854775808
2021-11-30 13:09:07.180,300557.SZ,29.05,100.0,24627925,23964313,24627926,1,0,2014,-9223372036854775808
2021-11-30 13:09:20.770,300557.SZ,0.0,1500.0,24626372,0,24657224,2,0,2014,-9223372036854775808
2021-11-30 13:09:52.140,300557.SZ,29.04,100.0,24626379,24715438,24715439,1,0,2014,-9223372036854775808
2021-11-30 13:09:52.140,300557.SZ,29.04,100.0,24627645,24715438,24715440,1,0,2014,-9223372036854775808
2021-11-30 13:09:52.150,300557.SZ,29.04,100.0,24715452,24715438,24715453,1,0,2014,-9223372036854775808
2021-11-30 13:09:52.150,300557.SZ,0.0,200.0,24606228,0,24715458,2,0,2014,-9223372036854775808
2021-11-30 13:09:52.520,300557.SZ,29.04,100.0,24716279,24715438,24716280,1,0,2014,-9223372036854775808
2021-11-30 13:09:52.520,300557.SZ,29.05,100.0,24716279,23964313,24716281,1,0,2014,-9223372036854775808
2021-11-30 13:09:52.520,300557.SZ,29.05,300.0,24716279,24502081,24716282,1,0,2014,-9223372036854775808
2021-11-30 13:09:52.520,300557.SZ,29.05,200.0,24716279,24598523,24716283,1,0,2014,-9223372036854775808
2021-11-30 13:09:55.380,300557.SZ,0.0,100.0,24250694,0,24721765,2,0,2014,-9223372036854775808
2021-11-30 13:09:55.380,300557.SZ,0.0,200.0,24615049,0,24721766,2,0,2014,-9223372036854775808
2021-11-30 13:09:55.380,300557.SZ,0.0,100.0,24250695,0,24721767,2,0,2014,-9223372036854775808
2021-11-30 13:09:55.380,300557.SZ,0.0,100.0,24202435,0,24721768,2,0,2014,-9223372036854775808
2021-11-30 13:09:55.380,300557.SZ,0.0,100.0,24202449,0,24721769,2,0,2014,-9223372036854775808
2021-11-30 13:09:55.390,300557.SZ,0.0,200.0,24614972,0,24721801,2,0,2014,-9223372036854775808
2021-11-30 13:09:58.360,300557.SZ,0.0,100.0,24721659,0,24726870,2,0,2014,-9223372036854775808
2021-11-30 13:09:58.360,300557.SZ,0.0,100.0,24721664,0,24726871,2,0,2014,-9223372036854775808
2021-11-30 13:09:58.360,300557.SZ,0.0,100.0,24721665,0,24726872,2,0,2014,-9223372036854775808
2021-11-30 13:09:58.360,300557.SZ,0.0,100.0,24721670,0,24726873,2,0,2014,-9223372036854775808
2021-11-30 13:09:58.360,300557.SZ,0.0,100.0,24721668,0,24726875,2,0,2014,-9223372036854775808
2021-11-30 13:09:58.360,300557.SZ,0.0,100.0,24721681,0,24726880,2,0,2014,-9223372036854775808
2021-11-30 13:09:58.360,300557.SZ,0.0,100.0,24721680,0,24726881,2,0,2014,-9223372036854775808
2021-11-30 13:10:05.070,300557.SZ,29.06,500.0,24741138,24466802,24741139,1,0,2014,-9223372036854775808
2021-11-30 13:10:05.070,300557.SZ,29.06,100.0,24741142,24466802,24741143,1,0,2014,-9223372036854775808
2021-11-30 13:10:07.680,300557.SZ,29.05,100.0,24716279,24750550,24750551,1,0,2014,-9223372036854775808
2021-11-30 13:10:09.440,300557.SZ,0.0,600.0,24230281,0,24755864,2,0,2014,-9223372036854775808
2021-11-30 13:10:10.990,300557.SZ,29.05,200.0,24716279,24761236,24761237,1,0,2014,-9223372036854775808
2021-11-30 13:10:13.420,300557.SZ,29.05,500.0,24716279,24768199,24768200,1,0,2014,-9223372036854775808
2021-11-30 13:10:13.830,300557.SZ,29.04,100.0,24721666,24769247,24769248,1,0,2014,-9223372036854775808
2021-11-30 13:10:13.830,300557.SZ,29.04,100.0,24721667,24769247,24769249,1,0,2014,-9223372036854775808
2021-11-30 13:10:13.830,300557.SZ,29.04,100.0,24721669,24769247,24769250,1,0,2014,-9223372036854775808
2021-11-30 13:10:22.460,300557.SZ,0.0,200.0,0,24768199,24791801,2,0,2014,-9223372036854775808
2021-11-30 13:10:30.450,300557.SZ,0.0,300.0,0,24779644,24807511,2,0,2014,-9223372036854775808
2021-11-30 13:10:49.340,300557.SZ,0.0,100.0,24628534,0,24841939,2,0,2014,-9223372036854775808
2021-11-30 13:10:49.340,300557.SZ,0.0,100.0,24621469,0,24841950,2,0,2014,-9223372036854775808
2021-11-30 13:11:01.560,300557.SZ,0.0,200.0,0,24846265,24864069,2,0,2014,-9223372036854775808
2021-11-30 13:11:18.830,300557.SZ,29.01,200.0,24835397,24900159,24900160,1,0,2014,-9223372036854775808
2021-11-30 13:11:51.110,300557.SZ,29.01,200.0,24835397,24959492,24959493,1,0,2014,-9223372036854775808
2021-11-30 13:11:51.350,300557.SZ,0.0,200.0,0,24769247,24960055,2,0,2014,-9223372036854775808
2021-11-30 13:11:55.340,300557.SZ,0.0,100.0,24721663,0,24967530,2,0,2014,-9223372036854775808
2021-11-30 13:11:55.370,300557.SZ,0.0,100.0,0,24768157,24967597,2,0,2014,-9223372036854775808
2021-11-30 13:12:05.790,300557.SZ,29.01,600.0,24987311,24959492,24987312,1,0,2014,-9223372036854775808
2021-11-30 13:13:12.700,300557.SZ,29.01,800.0,25116279,24959492,25116280,1,0,2014,-9223372036854775808
2021-11-30 13:13:12.710,300557.SZ,29.01,100.0,25116292,24959492,25116293,1,0,2014,-9223372036854775808
2021-11-30 13:13:15.280,300557.SZ,0.0,10000.0,0,7818297,25121148,2,0,2014,-9223372036854775808
2021-11-30 13:13:16.350,300557.SZ,29.01,100.0,25123558,24959492,25123559,1,0,2014,-9223372036854775808
2021-11-30 13:13:16.350,300557.SZ,29.01,100.0,25123578,24959492,25123579,1,0,2014,-9223372036854775808
2021-11-30 13:13:16.350,300557.SZ,29.01,100.0,25123588,24959492,25123589,1,0,2014,-9223372036854775808
2021-11-30 13:13:16.360,300557.SZ,0.0,200.0,24715463,0,25123606,2,0,2014,-9223372036854775808
2021-11-30 13:13:20.270,300557.SZ,28.99,300.0,25123241,25129796,25129797,1,0,2014,-9223372036854775808
2021-11-30 13:13:22.350,300557.SZ,28.99,300.0,25123241,25133208,25133209,1,0,2014,-9223372036854775808
2021-11-30 13:13:22.350,300557.SZ,28.99,300.0,25123241,25133210,25133211,1,0,2014,-9223372036854775808
2021-11-30 13:13:23.330,300557.SZ,28.99,200.0,25123241,25135094,25135095,1,0,2014,-9223372036854775808
2021-11-30 13:13:23.330,300557.SZ,28.99,100.0,25123605,25135094,25135096,1,0,2014,-9223372036854775808
2021-11-30 13:13:25.350,300557.SZ,28.99,100.0,25123605,25138390,25138391,1,0,2014,-9223372036854775808
2021-11-30 13:13:25.350,300557.SZ,28.99,100.0,25128484,25138390,25138392,1,0,2014,-9223372036854775808
2021-11-30 13:13:25.350,300557.SZ,28.99,100.0,25128485,25138390,25138393,1,0,2014,-9223372036854775808
2021-11-30 13:13:35.460,300557.SZ,28.98,600.0,24648959,25155088,25155089,1,0,2014,-9223372036854775808
2021-11-30 13:13:35.460,300557.SZ,28.98,100.0,24721770,25155088,25155090,1,0,2014,-9223372036854775808
2021-11-30 13:13:35.460,300557.SZ,28.98,100.0,24721802,25155088,25155091,1,0,2014,-9223372036854775808
2021-11-30 13:13:35.460,300557.SZ,28.98,100.0,25124038,25155088,25155092,1,0,2014,-9223372036854775808
2021-11-30 13:13:35.460,300557.SZ,28.96,900.0,24213753,25155088,25155093,1,0,2014,-9223372036854775808
2021-11-30 13:13:35.460,300557.SZ,28.94,100.0,21902423,25155088,25155094,1,0,2014,-9223372036854775808
2021-11-30 13:13:35.460,300557.SZ,28.91,1900.0,23014335,25155088,25155095,1,0,2014,-9223372036854775808
2021-11-30 13:13:35.460,300557.SZ,28.9,1200.0,22427674,25155088,25155096,1,0,2014,-9223372036854775808
2021-11-30 13:13:35.550,300557.SZ,28.99,100.0,25155218,25138394,25155219,1,0,2014,-9223372036854775808
2021-11-30 13:13:35.630,300557.SZ,0.0,200.0,0,25155225,25155318,2,0,2014,-9223372036854775808
2021-11-30 13:13:35.630,300557.SZ,0.0,200.0,0,25155232,25155319,2,0,2014,-9223372036854775808
2021-11-30 13:13:35.640,300557.SZ,0.0,100.0,0,25155237,25155336,2,0,2014,-9223372036854775808
2021-11-30 13:13:35.640,300557.SZ,0.0,300.0,0,25155236,25155337,2,0,2014,-9223372036854775808
2021-11-30 13:13:35.650,300557.SZ,0.0,300.0,0,25155231,25155343,2,0,2014,-9223372036854775808
2021-11-30 13:13:51.010,300557.SZ,0.0,400.0,0,24793262,25180209,2,0,2014,-9223372036854775808
2021-11-30 13:14:00.130,300557.SZ,0.0,1000.0,24191599,0,25196704,2,0,2014,-9223372036854775808
2021-11-30 13:14:01.510,300557.SZ,0.0,200.0,0,25155335,25199786,2,0,2014,-9223372036854775808
2021-11-30 13:14:01.510,300557.SZ,0.0,100.0,0,25155338,25199813,2,0,2014,-9223372036854775808
2021-11-30 13:14:01.510,300557.SZ,0.0,200.0,0,25155349,25199837,2,0,2014,-9223372036854775808
2021-11-30 13:14:01.520,300557.SZ,0.0,300.0,0,25155344,25199838,2,0,2014,-9223372036854775808
2021-11-30 13:14:01.520,300557.SZ,0.0,100.0,0,25155258,25199858,2,0,2014,-9223372036854775808
2021-11-30 13:14:01.560,300557.SZ,0.0,300.0,0,25155295,25199912,2,0,2014,-9223372036854775808
2021-11-30 13:14:01.560,300557.SZ,0.0,100.0,0,25155306,25199935,2,0,2014,-9223372036854775808
2021-11-30 13:14:03.070,300557.SZ,0.0,100.0,0,25199778,25202898,2,0,2014,-9223372036854775808
2021-11-30 13:14:03.070,300557.SZ,0.0,100.0,0,25199779,25202899,2,0,2014,-9223372036854775808
2021-11-30 13:14:03.080,300557.SZ,0.0,200.0,0,25199842,25202922,2,0,2014,-9223372036854775808
2021-11-30 13:14:03.100,300557.SZ,0.0,300.0,0,25199839,25202977,2,0,2014,-9223372036854775808
2021-11-30 13:14:03.100,300557.SZ,0.0,400.0,0,25199812,25202980,2,0,2014,-9223372036854775808
2021-11-30 13:14:04.410,300557.SZ,28.9,100.0,22427674,25206844,25206845,1,0,2014,-9223372036854775808
2021-11-30 13:14:04.410,300557.SZ,28.9,300.0,23142513,25206844,25206846,1,0,2014,-9223372036854775808
2021-11-30 13:14:04.420,300557.SZ,0.0,200.0,0,25202958,25206877,2,0,2014,-9223372036854775808
2021-11-30 13:14:04.430,300557.SZ,0.0,300.0,0,25202978,25206890,2,0,2014,-9223372036854775808
2021-11-30 13:14:04.470,300557.SZ,0.0,300.0,0,25202961,25207049,2,0,2014,-9223372036854775808
2021-11-30 13:14:04.480,300557.SZ,0.0,100.0,0,25202890,25207067,2,0,2014,-9223372036854775808
2021-11-30 13:14:04.500,300557.SZ,0.0,100.0,0,25199876,25207153,2,0,2014,-9223372036854775808
2021-11-30 13:14:04.550,300557.SZ,0.0,200.0,0,25206917,25207279,2,0,2014,-9223372036854775808
2021-11-30 13:14:04.560,300557.SZ,0.0,300.0,0,25206894,25207295,2,0,2014,-9223372036854775808
2021-11-30 13:14:04.560,300557.SZ,0.0,400.0,0,25207094,25207299,2,0,2014,-9223372036854775808
2021-11-30 13:14:04.970,300557.SZ,0.0,300.0,0,25207252,25208150,2,0,2014,-9223372036854775808
2021-11-30 13:14:04.970,300557.SZ,0.0,100.0,0,25207272,25208173,2,0,2014,-9223372036854775808
2021-11-30 13:14:07.390,300557.SZ,28.9,100.0,23142513,25213857,25213858,1,0,2014,-9223372036854775808
2021-11-30 13:14:07.420,300557.SZ,28.9,600.0,23142513,25213959,25213960,1,0,2014,-9223372036854775808
2021-11-30 13:14:07.420,300557.SZ,28.9,100.0,25162677,25213959,25213961,1,0,2014,-9223372036854775808
2021-11-30 13:14:07.420,300557.SZ,28.9,100.0,25162684,25213959,25213962,1,0,2014,-9223372036854775808
2021-11-30 13:14:07.430,300557.SZ,0.0,900.0,0,25206862,25213969,2,0,2014,-9223372036854775808
2021-11-30 13:14:07.470,300557.SZ,0.0,1300.0,0,25207163,25214197,2,0,2014,-9223372036854775808
2021-11-30 13:14:08.660,300557.SZ,28.9,100.0,25216934,25213959,25216935,1,0,2014,-9223372036854775808
2021-11-30 13:14:08.660,300557.SZ,28.9,100.0,25216937,25215366,25216938,1,0,2014,-9223372036854775808
2021-11-30 13:14:10.550,300557.SZ,28.9,100.0,25221905,25215366,25221906,1,0,2014,-9223372036854775808
2021-11-30 13:14:11.180,300557.SZ,28.9,200.0,25223321,25215366,25223322,1,0,2014,-9223372036854775808
2021-11-30 13:14:21.530,300557.SZ,0.0,200.0,0,25208015,25244140,2,0,2014,-9223372036854775808
2021-11-30 13:14:31.360,300557.SZ,28.91,100.0,25223635,25261612,25261613,1,0,2014,-9223372036854775808
2021-11-30 13:14:31.360,300557.SZ,28.91,100.0,25223635,25261614,25261615,1,0,2014,-9223372036854775808
2021-11-30 13:14:31.520,300557.SZ,28.91,100.0,25223635,25261946,25261947,1,0,2014,-9223372036854775808
2021-11-30 13:14:31.530,300557.SZ,28.91,100.0,25223635,25261962,25261963,1,0,2014,-9223372036854775808
2021-11-30 13:14:31.540,300557.SZ,0.0,300.0,0,25207296,25261972,2,0,2014,-9223372036854775808
2021-11-30 13:14:37.360,300557.SZ,28.89,100.0,22065707,25271806,25271807,1,0,2014,-9223372036854775808
2021-11-30 13:14:37.380,300557.SZ,28.89,100.0,25174598,25271844,25271845,1,0,2014,-9223372036854775808
2021-11-30 13:14:37.500,300557.SZ,28.89,100.0,25174598,25272165,25272166,1,0,2014,-9223372036854775808
2021-11-30 13:14:37.530,300557.SZ,28.89,100.0,25185517,25272201,25272202,1,0,2014,-9223372036854775808
2021-11-30 13:14:37.530,300557.SZ,28.89,100.0,25187566,25272205,25272206,1,0,2014,-9223372036854775808
2021-11-30 13:14:42.470,300557.SZ,28.89,100.0,25280692,25277547,25280693,1,0,2014,-9223372036854775808
2021-11-30 13:14:42.470,300557.SZ,28.89,100.0,25280692,25277571,25280694,1,0,2014,-9223372036854775808
2021-11-30 13:14:42.470,300557.SZ,28.89,100.0,25280692,25277836,25280695,1,0,2014,-9223372036854775808
2021-11-30 13:14:43.350,300557.SZ,0.0,100.0,0,25266667,25282294,2,0,2014,-9223372036854775808
2021-11-30 13:14:43.350,300557.SZ,28.88,100.0,20764511,25282295,25282296,1,0,2014,-9223372036854775808
2021-11-30 13:14:43.370,300557.SZ,0.0,100.0,0,25266684,25282333,2,0,2014,-9223372036854775808
2021-11-30 13:14:43.370,300557.SZ,28.88,100.0,20764511,25282334,25282335,1,0,2014,-9223372036854775808
2021-11-30 13:14:43.370,300557.SZ,28.88,200.0,20764511,25282339,25282340,1,0,2014,-9223372036854775808
2021-11-30 13:14:43.380,300557.SZ,0.0,200.0,0,25207320,25282348,2,0,2014,-9223372036854775808
2021-11-30 13:14:43.390,300557.SZ,0.0,200.0,0,25266706,25282364,2,0,2014,-9223372036854775808
2021-11-30 13:14:43.400,300557.SZ,0.0,200.0,0,25266787,25282421,2,0,2014,-9223372036854775808
2021-11-30 13:14:43.430,300557.SZ,0.0,300.0,0,25208382,25282491,2,0,2014,-9223372036854775808
2021-11-30 13:14:43.430,300557.SZ,0.0,100.0,0,25208412,25282499,2,0,2014,-9223372036854775808
2021-11-30 13:14:43.740,300557.SZ,0.0,100.0,0,25267204,25282950,2,0,2014,-9223372036854775808
2021-11-30 13:14:43.760,300557.SZ,0.0,100.0,0,25267218,25282976,2,0,2014,-9223372036854775808
2021-11-30 13:14:44.350,300557.SZ,0.0,100.0,0,25263450,25283829,2,0,2014,-9223372036854775808
2021-11-30 13:14:44.350,300557.SZ,0.0,100.0,0,25267162,25283830,2,0,2014,-9223372036854775808
2021-11-30 13:14:44.350,300557.SZ,0.0,100.0,0,25267163,25283831,2,0,2014,-9223372036854775808
2021-11-30 13:14:44.350,300557.SZ,0.0,100.0,0,25268602,25283832,2,0,2014,-9223372036854775808
2021-11-30 13:14:44.350,300557.SZ,0.0,100.0,0,25272172,25283833,2,0,2014,-9223372036854775808
2021-11-30 13:14:44.350,300557.SZ,0.0,100.0,0,25273805,25283834,2,0,2014,-9223372036854775808
2021-11-30 13:14:44.350,300557.SZ,0.0,100.0,0,25277537,25283835,2,0,2014,-9223372036854775808
2021-11-30 13:14:44.350,300557.SZ,0.0,100.0,0,25277538,25283836,2,0,2014,-9223372036854775808
2021-11-30 13:14:44.350,300557.SZ,0.0,100.0,0,25279157,25283837,2,0,2014,-9223372036854775808
2021-11-30 13:14:44.350,300557.SZ,0.0,100.0,0,25282275,25283838,2,0,2014,-9223372036854775808
2021-11-30 13:14:44.350,300557.SZ,0.0,100.0,0,25282279,25283839,2,0,2014,-9223372036854775808
2021-11-30 13:14:46.340,300557.SZ,28.88,100.0,25286852,25282339,25286853,1,0,2014,-9223372036854775808
2021-11-30 13:14:46.340,300557.SZ,28.88,100.0,25286861,25282977,25286862,1,0,2014,-9223372036854775808
2021-11-30 13:14:46.340,300557.SZ,28.88,100.0,25286863,25282979,25286864,1,0,2014,-9223372036854775808
2021-11-30 13:14:46.340,300557.SZ,28.88,100.0,25286866,25286879,25286880,1,0,2014,-9223372036854775808
2021-11-30 13:14:46.340,300557.SZ,28.88,100.0,25286867,25286879,25286881,1,0,2014,-9223372036854775808
2021-11-30 13:14:46.340,300557.SZ,0.0,100.0,0,25283840,25286887,2,0,2014,-9223372036854775808
2021-11-30 13:14:46.340,300557.SZ,28.88,100.0,25286868,25286888,25286889,1,0,2014,-9223372036854775808
2021-11-30 13:14:46.340,300557.SZ,28.88,100.0,25286869,25286888,25286890,1,0,2014,-9223372036854775808
2021-11-30 13:14:46.350,300557.SZ,28.88,100.0,25286882,25286898,25286899,1,0,2014,-9223372036854775808
2021-11-30 13:14:46.520,300557.SZ,0.0,100.0,0,25277863,25287302,2,0,2014,-9223372036854775808
2021-11-30 13:14:47.800,300557.SZ,28.87,100.0,25289092,25287010,25289093,1,0,2014,-9223372036854775808
2021-11-30 13:14:47.810,300557.SZ,0.0,200.0,0,25286905,25289099,2,0,2014,-9223372036854775808
2021-11-30 13:14:48.600,300557.SZ,28.87,100.0,25290108,25287010,25290109,1,0,2014,-9223372036854775808
2021-11-30 13:14:48.600,300557.SZ,28.87,100.0,25290110,25287010,25290111,1,0,2014,-9223372036854775808
2021-11-30 13:14:48.600,300557.SZ,28.87,100.0,25290112,25287033,25290113,1,0,2014,-9223372036854775808
2021-11-30 13:14:48.890,300557.SZ,28.88,100.0,25290588,25286898,25290589,1,0,2014,-9223372036854775808
2021-11-30 13:14:49.350,300557.SZ,28.87,200.0,25290325,25292120,25292121,1,0,2014,-9223372036854775808
2021-11-30 13:14:49.350,300557.SZ,0.0,200.0,0,25286915,25292122,2,0,2014,-9223372036854775808
2021-11-30 13:14:49.350,300557.SZ,28.87,100.0,25292066,25292123,25292124,1,0,2014,-9223372036854775808
2021-11-30 13:14:49.360,300557.SZ,0.0,200.0,0,25288440,25292129,2,0,2014,-9223372036854775808
2021-11-30 13:14:49.480,300557.SZ,0.0,200.0,0,25287317,25292293,2,0,2014,-9223372036854775808
2021-11-30 13:14:49.490,300557.SZ,0.0,200.0,0,25287300,25292298,2,0,2014,-9223372036854775808
2021-11-30 13:14:50.170,300557.SZ,28.87,100.0,25293307,25292123,25293308,1,0,2014,-9223372036854775808
2021-11-30 13:14:50.320,300557.SZ,28.87,100.0,25293482,25292123,25293483,1,0,2014,-9223372036854775808
2021-11-30 13:14:50.320,300557.SZ,28.87,300.0,25293482,25292130,25293484,1,0,2014,-9223372036854775808
2021-11-30 13:14:51.820,300557.SZ,28.87,300.0,25295882,25292132,25295883,1,0,2014,-9223372036854775808
2021-11-30 13:14:51.930,300557.SZ,28.87,300.0,25296112,25292292,25296113,1,0,2014,-9223372036854775808
2021-11-30 13:14:52.040,300557.SZ,28.87,300.0,25296677,25292300,25296678,1,0,2014,-9223372036854775808
2021-11-30 13:14:52.040,300557.SZ,28.87,300.0,25296677,25293527,25296679,1,0,2014,-9223372036854775808
2021-11-30 13:14:52.350,300557.SZ,28.87,100.0,25297634,25297675,25297676,1,0,2014,-9223372036854775808
2021-11-30 13:14:52.810,300557.SZ,28.87,100.0,25297714,25298402,25298403,1,0,2014,-9223372036854775808
2021-11-30 13:14:52.810,300557.SZ,28.87,100.0,25297714,25298404,25298405,1,0,2014,-9223372036854775808
2021-11-30 13:15:01.350,300557.SZ,0.0,100.0,0,25303085,25314058,2,0,2014,-9223372036854775808
2021-11-30 13:15:01.840,300557.SZ,0.0,100.0,25299025,0,25314895,2,0,2014,-9223372036854775808
2021-11-30 13:15:01.870,300557.SZ,0.0,100.0,0,25304277,25315005,2,0,2014,-9223372036854775808
2021-11-30 13:15:01.880,300557.SZ,0.0,100.0,0,25304266,25315017,2,0,2014,-9223372036854775808
2021-11-30 13:15:02.410,300557.SZ,0.0,200.0,25297714,0,25315932,2,0,2014,-9223372036854775808
2021-11-30 13:15:06.860,300557.SZ,0.0,400.0,25296008,0,25325490,2,0,2014,-9223372036854775808
2021-11-30 13:15:06.870,300557.SZ,0.0,200.0,0,25199936,25325538,2,0,2014,-9223372036854775808
2021-11-30 13:15:06.890,300557.SZ,0.0,100.0,0,25261983,25325602,2,0,2014,-9223372036854775808
2021-11-30 13:15:06.890,300557.SZ,0.0,100.0,0,25207303,25325605,2,0,2014,-9223372036854775808
2021-11-30 13:15:06.910,300557.SZ,0.0,300.0,0,25261976,25325727,2,0,2014,-9223372036854775808
2021-11-30 13:15:09.070,300557.SZ,0.0,100.0,25305081,0,25330429,2,0,2014,-9223372036854775808
2021-11-30 13:15:09.090,300557.SZ,28.89,100.0,25330501,25330538,25330539,1,0,2014,-9223372036854775808
2021-11-30 13:15:18.930,300557.SZ,28.9,300.0,25351678,25308492,25351679,1,0,2014,-9223372036854775808
2021-11-30 13:15:22.620,300557.SZ,28.9,200.0,25359092,25309408,25359093,1,0,2014,-9223372036854775808
2021-11-30 13:15:24.620,300557.SZ,28.9,300.0,25361922,25309422,25361923,1,0,2014,-9223372036854775808
2021-11-30 13:15:27.550,300557.SZ,28.9,100.0,25367811,25320620,25367812,1,0,2014,-9223372036854775808
2021-11-30 13:15:27.550,300557.SZ,28.9,100.0,25367811,25322215,25367813,1,0,2014,-9223372036854775808
2021-11-30 13:15:27.550,300557.SZ,28.9,100.0,25367817,25322216,25367818,1,0,2014,-9223372036854775808
2021-11-30 13:15:32.460,300557.SZ,0.0,300.0,25309761,0,25378924,2,0,2014,-9223372036854775808
2021-11-30 13:16:01.350,300557.SZ,28.91,100.0,25436889,25266683,25436890,1,0,2014,-9223372036854775808
2021-11-30 13:16:01.350,300557.SZ,28.9,100.0,25397338,25436897,25436898,1,0,2014,-9223372036854775808
2021-11-30 13:16:04.880,300557.SZ,28.9,100.0,25445718,25436899,25445719,1,0,2014,-9223372036854775808
2021-11-30 13:16:04.880,300557.SZ,28.9,100.0,25445718,25436901,25445720,1,0,2014,-9223372036854775808
2021-11-30 13:16:04.880,300557.SZ,28.9,100.0,25445718,25436902,25445721,1,0,2014,-9223372036854775808
2021-11-30 13:16:04.880,300557.SZ,28.9,100.0,25445718,25436905,25445722,1,0,2014,-9223372036854775808
2021-11-30 13:16:22.150,300557.SZ,28.9,100.0,25480584,25436906,25480585,1,0,2014,-9223372036854775808
2021-11-30 13:16:22.150,300557.SZ,28.9,100.0,25480584,25436907,25480586,1,0,2014,-9223372036854775808
2021-11-30 13:16:22.150,300557.SZ,28.9,100.0,25480584,25436908,25480587,1,0,2014,-9223372036854775808
2021-11-30 13:17:14.500,300557.SZ,28.9,100.0,25579947,25436922,25579948,1,0,2014,-9223372036854775808
2021-11-30 13:17:19.340,300557.SZ,28.89,100.0,25348118,25591610,25591611,1,0,2014,-9223372036854775808
2021-11-30 13:17:19.380,300557.SZ,0.0,1400.0,0,25591644,25591725,2,0,2014,-9223372036854775808
2021-11-30 13:17:19.380,300557.SZ,0.0,1200.0,0,25591646,25591726,2,0,2014,-9223372036854775808
2021-11-30 13:17:19.380,300557.SZ,0.0,1100.0,0,25591645,25591727,2,0,2014,-9223372036854775808
2021-11-30 13:17:20.160,300557.SZ,28.88,100.0,25364823,25593186,25593187,1,0,2014,-9223372036854775808
2021-11-30 13:17:20.160,300557.SZ,28.88,100.0,25450033,25593186,25593188,1,0,2014,-9223372036854775808
2021-11-30 13:17:20.850,300557.SZ,28.89,100.0,25594133,25591619,25594134,1,0,2014,-9223372036854775808
2021-11-30 13:17:22.440,300557.SZ,0.0,100.0,0,25591756,25597220,2,0,2014,-9223372036854775808
2021-11-30 13:17:22.450,300557.SZ,0.0,100.0,0,25591829,25597248,2,0,2014,-9223372036854775808
2021-11-30 13:17:25.350,300557.SZ,0.0,100.0,0,25591620,25603091,2,0,2014,-9223372036854775808
2021-11-30 13:17:25.350,300557.SZ,0.0,100.0,0,25591621,25603094,2,0,2014,-9223372036854775808
2021-11-30 13:17:25.370,300557.SZ,0.0,100.0,0,25591638,25603168,2,0,2014,-9223372036854775808
2021-11-30 13:17:25.370,300557.SZ,28.87,400.0,25301635,25603169,25603170,1,0,2014,-9223372036854775808
2021-11-30 13:17:25.370,300557.SZ,0.0,100.0,0,25591649,25603181,2,0,2014,-9223372036854775808
2021-11-30 13:17:25.370,300557.SZ,0.0,100.0,0,25591637,25603183,2,0,2014,-9223372036854775808
2021-11-30 13:17:25.370,300557.SZ,28.87,100.0,25301635,25603185,25603186,1,0,2014,-9223372036854775808
2021-11-30 13:17:25.370,300557.SZ,28.87,300.0,25302218,25603185,25603187,1,0,2014,-9223372036854775808
2021-11-30 13:17:25.420,300557.SZ,0.0,100.0,0,25591708,25603349,2,0,2014,-9223372036854775808
2021-11-30 13:17:25.420,300557.SZ,0.0,100.0,0,25593352,25603350,2,0,2014,-9223372036854775808
2021-11-30 13:17:25.420,300557.SZ,0.0,100.0,0,25599182,25603351,2,0,2014,-9223372036854775808
2021-11-30 13:17:25.500,300557.SZ,0.0,100.0,0,25592196,25603525,2,0,2014,-9223372036854775808
2021-11-30 13:17:25.500,300557.SZ,28.87,200.0,25302218,25603526,25603527,1,0,2014,-9223372036854775808
2021-11-30 13:17:25.500,300557.SZ,28.87,100.0,25304022,25603526,25603528,1,0,2014,-9223372036854775808
2021-11-30 13:17:25.500,300557.SZ,28.87,100.0,25304228,25603526,25603529,1,0,2014,-9223372036854775808
2021-11-30 13:17:25.520,300557.SZ,0.0,100.0,0,25592150,25603560,2,0,2014,-9223372036854775808
2021-11-30 13:17:25.520,300557.SZ,28.87,200.0,25305241,25603561,25603562,1,0,2014,-9223372036854775808
2021-11-30 13:17:25.520,300557.SZ,28.87,100.0,25307887,25603561,25603563,1,0,2014,-9223372036854775808
2021-11-30 13:17:25.520,300557.SZ,28.87,100.0,25497212,25603561,25603564,1,0,2014,-9223372036854775808
2021-11-30 13:17:25.610,300557.SZ,0.0,100.0,0,25592249,25603738,2,0,2014,-9223372036854775808
2021-11-30 13:17:25.610,300557.SZ,0.0,100.0,0,25593977,25603739,2,0,2014,-9223372036854775808
2021-11-30 13:17:25.610,300557.SZ,0.0,100.0,0,25597501,25603740,2,0,2014,-9223372036854775808
2021-11-30 13:17:25.610,300557.SZ,0.0,100.0,0,25599644,25603741,2,0,2014,-9223372036854775808
2021-11-30 13:17:25.850,300557.SZ,28.87,200.0,25497212,25604018,25604019,1,0,2014,-9223372036854775808
2021-11-30 13:17:29.580,300557.SZ,28.87,100.0,25610652,25605452,25610653,1,0,2014,-9223372036854775808
2021-11-30 13:17:30.160,300557.SZ,28.87,100.0,25611491,25605452,25611492,1,0,2014,-9223372036854775808
2021-11-30 13:17:31.340,300557.SZ,0.0,100.0,0,25597086,25614218,2,0,2014,-9223372036854775808
2021-11-30 13:17:31.340,300557.SZ,28.84,100.0,25295359,25614219,25614220,1,0,2014,-9223372036854775808
2021-11-30 13:17:31.340,300557.SZ,0.0,100.0,0,25597036,25614221,2,0,2014,-9223372036854775808
2021-11-30 13:17:31.350,300557.SZ,0.0,100.0,0,25597111,25614229,2,0,2014,-9223372036854775808
2021-11-30 13:17:31.350,300557.SZ,0.0,400.0,0,25603352,25614230,2,0,2014,-9223372036854775808
2021-11-30 13:17:31.350,300557.SZ,0.0,400.0,0,25603355,25614231,2,0,2014,-9223372036854775808
2021-11-30 13:17:31.350,300557.SZ,0.0,300.0,0,25604848,25614232,2,0,2014,-9223372036854775808
2021-11-30 13:17:31.520,300557.SZ,0.0,100.0,0,25597521,25614756,2,0,2014,-9223372036854775808
2021-11-30 13:17:31.530,300557.SZ,0.0,100.0,0,25597502,25614786,2,0,2014,-9223372036854775808
2021-11-30 13:17:31.570,300557.SZ,0.0,100.0,0,25597484,25614865,2,0,2014,-9223372036854775808
2021-11-30 13:17:31.570,300557.SZ,0.0,400.0,0,25603742,25614866,2,0,2014,-9223372036854775808
2021-11-30 13:17:31.570,300557.SZ,0.0,300.0,0,25603744,25614867,2,0,2014,-9223372036854775808
2021-11-30 13:17:31.640,300557.SZ,0.0,100.0,25293574,0,25614964,2,0,2014,-9223372036854775808
2021-11-30 13:17:31.750,300557.SZ,0.0,100.0,25290103,0,25615184,2,0,2014,-9223372036854775808
2021-11-30 13:17:32.030,300557.SZ,28.84,100.0,25615569,25614222,25615570,1,0,2014,-9223372036854775808
2021-11-30 13:17:32.040,300557.SZ,28.84,100.0,25615654,25614757,25615655,1,0,2014,-9223372036854775808
2021-11-30 13:17:32.040,300557.SZ,28.84,100.0,25615654,25614787,25615656,1,0,2014,-9223372036854775808
2021-11-30 13:17:32.040,300557.SZ,28.87,200.0,25615654,25605452,25615657,1,0,2014,-9223372036854775808
2021-11-30 13:17:32.040,300557.SZ,28.87,100.0,25615654,25608498,25615658,1,0,2014,-9223372036854775808
2021-11-30 13:17:32.240,300557.SZ,28.87,100.0,25616084,25608498,25616085,1,0,2014,-9223372036854775808
2021-11-30 13:17:34.350,300557.SZ,0.0,200.0,0,25608519,25620096,2,0,2014,-9223372036854775808
2021-11-30 13:17:34.360,300557.SZ,28.84,100.0,25618019,25620097,25620098,1,0,2014,-9223372036854775808
2021-11-30 13:17:34.370,300557.SZ,0.0,1000.0,0,25608592,25620138,2,0,2014,-9223372036854775808
2021-11-30 13:17:34.490,300557.SZ,0.0,200.0,0,25608933,25620585,2,0,2014,-9223372036854775808
2021-11-30 13:17:34.500,300557.SZ,0.0,200.0,0,25608930,25620597,2,0,2014,-9223372036854775808
2021-11-30 13:17:34.530,300557.SZ,28.84,100.0,25620708,25620123,25620709,1,0,2014,-9223372036854775808
2021-11-30 13:17:34.530,300557.SZ,28.84,100.0,25620708,25620586,25620710,1,0,2014,-9223372036854775808
2021-11-30 13:17:34.530,300557.SZ,28.84,100.0,25620708,25620598,25620711,1,0,2014,-9223372036854775808
2021-11-30 13:17:34.540,300557.SZ,0.0,3700.0,0,25620714,25620725,2,0,2014,-9223372036854775808
2021-11-30 13:17:34.540,300557.SZ,0.0,400.0,0,25620715,25620726,2,0,2014,-9223372036854775808
2021-11-30 13:17:34.540,300557.SZ,0.0,1400.0,0,25620716,25620727,2,0,2014,-9223372036854775808
2021-11-30 13:17:34.540,300557.SZ,0.0,1100.0,0,25620717,25620728,2,0,2014,-9223372036854775808
2021-11-30 13:17:34.540,300557.SZ,0.0,1400.0,0,25620718,25620731,2,0,2014,-9223372036854775808
2021-11-30 13:17:34.540,300557.SZ,0.0,2300.0,0,25620719,25620732,2,0,2014,-9223372036854775808
2021-11-30 13:17:34.540,300557.SZ,0.0,1200.0,0,25620720,25620734,2,0,2014,-9223372036854775808
2021-11-30 13:17:34.570,300557.SZ,0.0,100.0,0,25616769,25620786,2,0,2014,-9223372036854775808
2021-11-30 13:17:34.570,300557.SZ,28.84,100.0,25620713,25620787,25620788,1,0,2014,-9223372036854775808
2021-11-30 13:17:35.340,300557.SZ,0.0,100.0,0,25619990,25622005,2,0,2014,-9223372036854775808
2021-11-30 13:17:35.340,300557.SZ,0.0,100.0,0,25616317,25622006,2,0,2014,-9223372036854775808
2021-11-30 13:17:35.340,300557.SZ,0.0,3700.0,0,25620794,25622009,2,0,2014,-9223372036854775808
2021-11-30 13:17:35.340,300557.SZ,0.0,1400.0,0,25620795,25622013,2,0,2014,-9223372036854775808
2021-11-30 13:17:35.340,300557.SZ,0.0,1200.0,0,25620797,25622015,2,0,2014,-9223372036854775808
2021-11-30 13:17:35.340,300557.SZ,0.0,1100.0,0,25620796,25622017,2,0,2014,-9223372036854775808
2021-11-30 13:17:35.590,300557.SZ,0.0,2300.0,0,25622014,25622361,2,0,2014,-9223372036854775808
2021-11-30 13:17:35.590,300557.SZ,0.0,400.0,0,25622011,25622362,2,0,2014,-9223372036854775808
2021-11-30 13:17:35.590,300557.SZ,0.0,1400.0,0,25622018,25622363,2,0,2014,-9223372036854775808
2021-11-30 13:17:35.590,300557.SZ,0.0,400.0,0,25622012,25622365,2,0,2014,-9223372036854775808
2021-11-30 13:17:35.590,300557.SZ,0.0,200.0,0,25622019,25622367,2,0,2014,-9223372036854775808
2021-11-30 13:17:35.590,300557.SZ,0.0,100.0,0,25622016,25622370,2,0,2014,-9223372036854775808
2021-11-30 13:17:35.590,300557.SZ,0.0,3800.0,0,25622010,25622371,2,0,2014,-9223372036854775808
2021-11-30 13:17:37.210,300557.SZ,0.0,3700.0,0,25622360,25625535,2,0,2014,-9223372036854775808
2021-11-30 13:17:37.210,300557.SZ,0.0,1200.0,0,25622369,25625536,2,0,2014,-9223372036854775808
2021-11-30 13:17:37.210,300557.SZ,0.0,1200.0,0,25622364,25625537,2,0,2014,-9223372036854775808
2021-11-30 13:17:37.210,300557.SZ,0.0,1200.0,0,25622366,25625538,2,0,2014,-9223372036854775808
2021-11-30 13:17:37.210,300557.SZ,0.0,100.0,0,25622368,25625539,2,0,2014,-9223372036854775808
2021-11-30 13:17:37.360,300557.SZ,28.84,100.0,25625895,25620793,25625896,1,0,2014,-9223372036854775808
2021-11-30 13:17:37.550,300557.SZ,28.84,100.0,25626280,25622007,25626281,1,0,2014,-9223372036854775808
2021-11-30 13:17:37.910,300557.SZ,28.84,100.0,25626801,25622355,25626802,1,0,2014,-9223372036854775808
2021-11-30 13:17:41.100,300557.SZ,0.0,100.0,0,25597042,25632373,2,0,2014,-9223372036854775808
2021-11-30 13:17:46.250,300557.SZ,0.0,1500.0,20147719,0,25640595,2,0,2014,-9223372036854775808
2021-11-30 13:17:46.250,300557.SZ,0.0,1000.0,25216967,0,25640596,2,0,2014,-9223372036854775808
2021-11-30 13:17:49.670,300557.SZ,28.84,100.0,25646727,25625528,25646728,1,0,2014,-9223372036854775808
2021-11-30 13:17:49.810,300557.SZ,28.83,100.0,25617867,25646874,25646875,1,0,2014,-9223372036854775808
2021-11-30 13:17:52.970,300557.SZ,28.84,100.0,25651817,25625529,25651818,1,0,2014,-9223372036854775808
2021-11-30 13:17:57.040,300557.SZ,28.84,100.0,25658168,25625903,25658169,1,0,2014,-9223372036854775808
2021-11-30 13:17:57.170,300557.SZ,28.84,100.0,25658432,25625904,25658433,1,0,2014,-9223372036854775808
2021-11-30 13:17:57.290,300557.SZ,28.84,100.0,25658628,25625905,25658629,1,0,2014,-9223372036854775808
2021-11-30 13:17:58.410,300557.SZ,28.84,100.0,25661252,25625923,25661253,1,0,2014,-9223372036854775808
2021-11-30 13:17:58.410,300557.SZ,28.84,100.0,25661252,25626376,25661254,1,0,2014,-9223372036854775808
2021-11-30 13:17:58.410,300557.SZ,28.84,100.0,25661252,25626389,25661255,1,0,2014,-9223372036854775808
2021-11-30 13:17:58.410,300557.SZ,28.84,100.0,25661252,25627190,25661256,1,0,2014,-9223372036854775808
2021-11-30 13:17:58.410,300557.SZ,28.84,100.0,25661252,25627476,25661257,1,0,2014,-9223372036854775808
2021-11-30 13:18:01.130,300557.SZ,28.84,100.0,25666174,25630695,25666175,1,0,2014,-9223372036854775808
2021-11-30 13:18:01.130,300557.SZ,28.84,100.0,25666174,25630715,25666176,1,0,2014,-9223372036854775808
2021-11-30 13:18:01.130,300557.SZ,28.84,100.0,25666174,25631072,25666177,1,0,2014,-9223372036854775808
2021-11-30 13:18:01.130,300557.SZ,28.84,100.0,25666174,25631077,25666178,1,0,2014,-9223372036854775808
2021-11-30 13:18:01.130,300557.SZ,28.84,100.0,25666174,25631157,25666179,1,0,2014,-9223372036854775808
2021-11-30 13:18:01.130,300557.SZ,28.84,100.0,25666174,25631158,25666180,1,0,2014,-9223372036854775808
2021-11-30 13:18:01.130,300557.SZ,28.84,100.0,25666174,25631326,25666181,1,0,2014,-9223372036854775808
2021-11-30 13:18:01.130,300557.SZ,28.84,100.0,25666174,25631343,25666182,1,0,2014,-9223372036854775808
2021-11-30 13:18:01.130,300557.SZ,28.84,100.0,25666174,25632586,25666183,1,0,2014,-9223372036854775808
2021-11-30 13:18:01.200,300557.SZ,28.84,100.0,25666460,25635898,25666461,1,0,2014,-9223372036854775808
2021-11-30 13:18:01.200,300557.SZ,28.84,100.0,25666460,25635899,25666462,1,0,2014,-9223372036854775808
2021-11-30 13:18:01.330,300557.SZ,0.0,100.0,25286883,0,25666784,2,0,2014,-9223372036854775808
2021-11-30 13:18:01.330,300557.SZ,0.0,200.0,25620105,0,25666785,2,0,2014,-9223372036854775808
2021-11-30 13:18:01.330,300557.SZ,0.0,100.0,25286884,0,25666786,2,0,2014,-9223372036854775808
2021-11-30 13:18:01.460,300557.SZ,28.84,100.0,25667024,25636135,25667025,1,0,2014,-9223372036854775808
2021-11-30 13:18:01.460,300557.SZ,28.84,100.0,25667024,25636139,25667026,1,0,2014,-9223372036854775808
2021-11-30 13:18:01.460,300557.SZ,28.84,100.0,25667024,25636185,25667027,1,0,2014,-9223372036854775808
2021-11-30 13:18:01.460,300557.SZ,28.84,100.0,25667024,25636189,25667028,1,0,2014,-9223372036854775808
2021-11-30 13:18:01.460,300557.SZ,28.84,100.0,25667024,25637610,25667029,1,0,2014,-9223372036854775808
2021-11-30 13:18:01.460,300557.SZ,28.84,100.0,25667024,25640505,25667030,1,0,2014,-9223372036854775808
2021-11-30 13:18:01.460,300557.SZ,28.84,100.0,25667024,25640865,25667031,1,0,2014,-9223372036854775808
2021-11-30 13:18:01.460,300557.SZ,28.84,100.0,25667024,25640881,25667032,1,0,2014,-9223372036854775808
2021-11-30 13:18:01.460,300557.SZ,28.84,100.0,25667024,25641430,25667033,1,0,2014,-9223372036854775808
2021-11-30 13:18:01.460,300557.SZ,28.84,100.0,25667024,25641436,25667034,1,0,2014,-9223372036854775808
2021-11-30 13:18:01.460,300557.SZ,28.84,100.0,25667024,25642203,25667035,1,0,2014,-9223372036854775808
2021-11-30 13:18:01.460,300557.SZ,28.84,100.0,25667024,25651373,25667036,1,0,2014,-9223372036854775808
2021-11-30 13:18:01.480,300557.SZ,0.0,3700.0,0,25667052,25667124,2,0,2014,-9223372036854775808
2021-11-30 13:18:01.480,300557.SZ,0.0,300.0,0,25667056,25667125,2,0,2014,-9223372036854775808
2021-11-30 13:18:04.410,300557.SZ,0.0,1200.0,0,25667126,25674436,2,0,2014,-9223372036854775808
2021-11-30 13:18:04.410,300557.SZ,0.0,1200.0,0,25667128,25674437,2,0,2014,-9223372036854775808
2021-11-30 13:18:04.410,300557.SZ,0.0,900.0,0,25667127,25674438,2,0,2014,-9223372036854775808
2021-11-30 13:18:04.440,300557.SZ,28.85,700.0,25667579,25674556,25674557,1,0,2014,-9223372036854775808
2021-11-30 13:18:04.440,300557.SZ,28.84,800.0,25667024,25674556,25674558,1,0,2014,-9223372036854775808
2021-11-30 13:18:04.440,300557.SZ,0.0,1000.0,0,25667054,25674566,2,0,2014,-9223372036854775808
2021-11-30 13:18:04.440,300557.SZ,0.0,2500.0,0,25667060,25674567,2,0,2014,-9223372036854775808
2021-11-30 13:18:04.440,300557.SZ,0.0,200.0,0,25667053,25674568,2,0,2014,-9223372036854775808
2021-11-30 13:18:04.440,300557.SZ,0.0,1400.0,0,25667062,25674569,2,0,2014,-9223372036854775808
2021-11-30 13:18:04.440,300557.SZ,0.0,800.0,0,25667058,25674570,2,0,2014,-9223372036854775808
2021-11-30 13:18:04.440,300557.SZ,0.0,1800.0,0,25667055,25674571,2,0,2014,-9223372036854775808
2021-11-30 13:18:04.440,300557.SZ,0.0,100.0,0,25667063,25674572,2,0,2014,-9223372036854775808
2021-11-30 13:18:04.440,300557.SZ,0.0,2600.0,0,25667061,25674573,2,0,2014,-9223372036854775808
2021-11-30 13:18:04.440,300557.SZ,0.0,1500.0,0,25667059,25674574,2,0,2014,-9223372036854775808
2021-11-30 13:18:04.440,300557.SZ,0.0,1800.0,0,25667064,25674575,2,0,2014,-9223372036854775808
2021-11-30 13:18:04.440,300557.SZ,0.0,800.0,0,25667065,25674576,2,0,2014,-9223372036854775808
2021-11-30 13:18:04.440,300557.SZ,0.0,2600.0,0,25667057,25674577,2,0,2014,-9223372036854775808
2021-11-30 13:18:04.440,300557.SZ,0.0,1300.0,0,25667066,25674578,2,0,2014,-9223372036854775808
2021-11-30 13:18:04.440,300557.SZ,0.0,1200.0,0,25667067,25674579,2,0,2014,-9223372036854775808
2021-11-30 13:18:04.440,300557.SZ,0.0,100.0,0,25667068,25674580,2,0,2014,-9223372036854775808
2021-11-30 13:18:04.440,300557.SZ,28.84,1300.0,25667024,25674591,25674592,1,0,2014,-9223372036854775808
2021-11-30 13:18:04.450,300557.SZ,28.84,500.0,25667024,25674608,25674609,1,0,2014,-9223372036854775808
2021-11-30 13:18:04.450,300557.SZ,28.84,100.0,25674425,25674608,25674610,1,0,2014,-9223372036854775808
2021-11-30 13:18:04.450,300557.SZ,28.84,100.0,25674426,25674608,25674611,1,0,2014,-9223372036854775808
2021-11-30 13:18:04.450,300557.SZ,0.0,2000.0,0,25667589,25674619,2,0,2014,-9223372036854775808
2021-11-30 13:18:04.470,300557.SZ,0.0,1900.0,0,25667098,25674636,2,0,2014,-9223372036854775808
2021-11-30 13:18:04.780,300557.SZ,28.84,100.0,25675338,25674608,25675339,1,0,2014,-9223372036854775808
2021-11-30 13:18:04.780,300557.SZ,28.84,800.0,25675340,25674608,25675341,1,0,2014,-9223372036854775808
2021-11-30 13:18:04.780,300557.SZ,28.84,200.0,25675340,25675332,25675342,1,0,2014,-9223372036854775808
2021-11-30 13:18:29.300,300557.SZ,0.0,700.0,9080558,0,25720237,2,0,2014,-9223372036854775808
2021-11-30 13:18:34.400,300557.SZ,28.83,500.0,25618023,25728406,25728407,1,0,2014,-9223372036854775808
2021-11-30 13:18:34.400,300557.SZ,28.83,300.0,25643956,25728406,25728408,1,0,2014,-9223372036854775808
2021-11-30 13:18:34.410,300557.SZ,0.0,1200.0,0,25675345,25728411,2,0,2014,-9223372036854775808
2021-11-30 13:18:34.410,300557.SZ,0.0,1200.0,0,25675346,25728412,2,0,2014,-9223372036854775808
2021-11-30 13:18:34.410,300557.SZ,0.0,1200.0,0,25675347,25728413,2,0,2014,-9223372036854775808
2021-11-30 13:18:34.410,300557.SZ,0.0,1200.0,0,25720245,25728414,2,0,2014,-9223372036854775808
2021-11-30 13:18:34.410,300557.SZ,0.0,1200.0,0,25720248,25728415,2,0,2014,-9223372036854775808
2021-11-30 13:18:34.410,300557.SZ,0.0,1200.0,0,25720250,25728416,2,0,2014,-9223372036854775808
2021-11-30 13:18:34.410,300557.SZ,0.0,100.0,0,25720249,25728417,2,0,2014,-9223372036854775808
2021-11-30 13:18:34.410,300557.SZ,0.0,1200.0,0,25675348,25728418,2,0,2014,-9223372036854775808
2021-11-30 13:18:34.410,300557.SZ,0.0,3700.0,0,25720244,25728423,2,0,2014,-9223372036854775808
2021-11-30 13:18:34.410,300557.SZ,28.83,100.0,25647074,25728430,25728431,1,0,2014,-9223372036854775808
2021-11-30 13:18:34.410,300557.SZ,28.83,300.0,25656270,25728430,25728432,1,0,2014,-9223372036854775808
2021-11-30 13:18:37.550,300557.SZ,0.0,200.0,0,25675355,25734150,2,0,2014,-9223372036854775808
2021-11-30 13:18:37.550,300557.SZ,0.0,1400.0,0,25728420,25734152,2,0,2014,-9223372036854775808
2021-11-30 13:18:37.550,300557.SZ,0.0,1500.0,0,25728421,25734153,2,0,2014,-9223372036854775808
2021-11-30 13:18:37.550,300557.SZ,0.0,400.0,0,25728424,25734154,2,0,2014,-9223372036854775808
2021-11-30 13:18:38.380,300557.SZ,0.0,100.0,0,25676331,25735224,2,0,2014,-9223372036854775808
2021-11-30 13:18:43.510,300557.SZ,28.83,500.0,25744035,25728430,25744036,1,0,2014,-9223372036854775808
2021-11-30 13:18:43.580,300557.SZ,0.0,3700.0,0,25744055,25744251,2,0,2014,-9223372036854775808
2021-11-30 13:18:43.580,300557.SZ,0.0,400.0,0,25744056,25744252,2,0,2014,-9223372036854775808
2021-11-30 13:18:43.580,300557.SZ,0.0,100.0,0,25744061,25744253,2,0,2014,-9223372036854775808
2021-11-30 13:18:43.580,300557.SZ,0.0,400.0,0,25744057,25744254,2,0,2014,-9223372036854775808
2021-11-30 13:18:43.580,300557.SZ,0.0,3800.0,0,25744059,25744255,2,0,2014,-9223372036854775808
2021-11-30 13:18:43.580,300557.SZ,0.0,400.0,0,25744066,25744256,2,0,2014,-9223372036854775808
2021-11-30 13:18:43.580,300557.SZ,0.0,100.0,0,25744067,25744257,2,0,2014,-9223372036854775808
2021-11-30 13:18:43.580,300557.SZ,0.0,200.0,0,25744058,25744258,2,0,2014,-9223372036854775808
2021-11-30 13:18:43.580,300557.SZ,0.0,2300.0,0,25744062,25744259,2,0,2014,-9223372036854775808
2021-11-30 13:18:43.580,300557.SZ,0.0,800.0,0,25744065,25744264,2,0,2014,-9223372036854775808
2021-11-30 13:18:43.580,300557.SZ,0.0,1400.0,0,25744068,25744265,2,0,2014,-9223372036854775808
2021-11-30 13:18:43.580,300557.SZ,0.0,1200.0,0,25744064,25744266,2,0,2014,-9223372036854775808
2021-11-30 13:18:43.580,300557.SZ,0.0,1200.0,0,25744063,25744267,2,0,2014,-9223372036854775808
2021-11-30 13:18:46.550,300557.SZ,0.0,300.0,261171,0,25749760,2,0,2014,-9223372036854775808
2021-11-30 13:19:22.930,300557.SZ,0.0,200.0,0,11268829,25823752,2,0,2014,-9223372036854775808
2021-11-30 13:19:28.380,300557.SZ,28.81,300.0,25646751,25832876,25832877,1,0,2014,-9223372036854775808
2021-11-30 13:19:28.380,300557.SZ,28.81,100.0,25650758,25832876,25832878,1,0,2014,-9223372036854775808
2021-11-30 13:19:28.380,300557.SZ,28.81,100.0,25651097,25832876,25832879,1,0,2014,-9223372036854775808
2021-11-30 13:19:28.380,300557.SZ,28.81,100.0,25653081,25832876,25832880,1,0,2014,-9223372036854775808
2021-11-30 13:19:30.930,300557.SZ,28.82,500.0,25834387,25837254,25837255,1,0,2014,-9223372036854775808
2021-11-30 13:19:30.930,300557.SZ,28.81,100.0,25656273,25837254,25837256,1,0,2014,-9223372036854775808
2021-11-30 13:19:30.930,300557.SZ,28.81,100.0,25657971,25837254,25837257,1,0,2014,-9223372036854775808
2021-11-30 13:19:34.410,300557.SZ,0.0,300.0,0,25728430,25843690,2,0,2014,-9223372036854775808
2021-11-30 13:19:34.630,300557.SZ,0.0,200.0,0,25744240,25843981,2,0,2014,-9223372036854775808
2021-11-30 13:19:35.330,300557.SZ,0.0,100.0,0,25738428,25844945,2,0,2014,-9223372036854775808
2021-11-30 13:19:48.700,300557.SZ,28.8,100.0,25289219,25865564,25865565,1,0,2014,-9223372036854775808
2021-11-30 13:19:48.720,300557.SZ,28.8,400.0,25289219,25865582,25865583,1,0,2014,-9223372036854775808
2021-11-30 13:19:48.730,300557.SZ,28.8,700.0,25289219,25865597,25865598,1,0,2014,-9223372036854775808
2021-11-30 13:19:48.730,300557.SZ,28.8,100.0,25743570,25865597,25865599,1,0,2014,-9223372036854775808
2021-11-30 13:19:50.230,300557.SZ,0.0,300.0,0,25837254,25867995,2,0,2014,-9223372036854775808
2021-11-30 13:19:50.800,300557.SZ,28.8,100.0,25868748,25865597,25868749,1,0,2014,-9223372036854775808
2021-11-30 13:19:50.800,300557.SZ,28.8,500.0,25868748,25865719,25868750,1,0,2014,-9223372036854775808
2021-11-30 13:19:52.390,300557.SZ,0.0,100.0,0,25848360,25871483,2,0,2014,-9223372036854775808
2021-11-30 13:19:52.410,300557.SZ,28.8,100.0,25868748,25871500,25871501,1,0,2014,-9223372036854775808
2021-11-30 13:19:52.540,300557.SZ,0.0,200.0,0,25848836,25871665,2,0,2014,-9223372036854775808
2021-11-30 13:19:52.550,300557.SZ,0.0,400.0,0,25871674,25871698,2,0,2014,-9223372036854775808
2021-11-30 13:19:52.550,300557.SZ,0.0,900.0,0,25871673,25871699,2,0,2014,-9223372036854775808
2021-11-30 13:19:52.550,300557.SZ,0.0,100.0,0,25871676,25871700,2,0,2014,-9223372036854775808
2021-11-30 13:19:52.550,300557.SZ,0.0,1300.0,0,25871675,25871701,2,0,2014,-9223372036854775808
2021-11-30 13:19:52.550,300557.SZ,0.0,200.0,0,25871678,25871702,2,0,2014,-9223372036854775808
2021-11-30 13:19:52.550,300557.SZ,0.0,200.0,0,25871679,25871703,2,0,2014,-9223372036854775808
2021-11-30 13:19:52.550,300557.SZ,0.0,200.0,0,25871680,25871704,2,0,2014,-9223372036854775808
2021-11-30 13:19:52.550,300557.SZ,0.0,1200.0,0,25871685,25871705,2,0,2014,-9223372036854775808
2021-11-30 13:19:52.550,300557.SZ,0.0,400.0,0,25871688,25871706,2,0,2014,-9223372036854775808
2021-11-30 13:19:52.550,300557.SZ,0.0,3800.0,0,25871677,25871707,2,0,2014,-9223372036854775808
2021-11-30 13:19:52.550,300557.SZ,0.0,100.0,0,25871689,25871708,2,0,2014,-9223372036854775808
2021-11-30 13:19:52.550,300557.SZ,0.0,200.0,0,25871682,25871709,2,0,2014,-9223372036854775808
2021-11-30 13:19:52.550,300557.SZ,0.0,1100.0,0,25871691,25871710,2,0,2014,-9223372036854775808
2021-11-30 13:19:52.550,300557.SZ,0.0,200.0,0,25871687,25871711,2,0,2014,-9223372036854775808
2021-11-30 13:19:52.550,300557.SZ,0.0,400.0,0,25871681,25871712,2,0,2014,-9223372036854775808
2021-11-30 13:19:52.550,300557.SZ,0.0,400.0,0,25871683,25871713,2,0,2014,-9223372036854775808
2021-11-30 13:19:52.550,300557.SZ,0.0,200.0,0,25871690,25871714,2,0,2014,-9223372036854775808
2021-11-30 13:19:52.550,300557.SZ,0.0,200.0,0,25871694,25871715,2,0,2014,-9223372036854775808
2021-11-30 13:19:52.550,300557.SZ,0.0,200.0,0,25871695,25871716,2,0,2014,-9223372036854775808
2021-11-30 13:19:52.550,300557.SZ,0.0,800.0,0,25871692,25871717,2,0,2014,-9223372036854775808
2021-11-30 13:19:52.550,300557.SZ,0.0,100.0,0,25871686,25871718,2,0,2014,-9223372036854775808
2021-11-30 13:19:52.550,300557.SZ,0.0,2600.0,0,25871684,25871719,2,0,2014,-9223372036854775808
2021-11-30 13:19:52.550,300557.SZ,0.0,1200.0,0,25871693,25871720,2,0,2014,-9223372036854775808
2021-11-30 13:19:52.550,300557.SZ,0.0,300.0,0,25871696,25871721,2,0,2014,-9223372036854775808
2021-11-30 13:19:55.560,300557.SZ,28.8,200.0,25868748,25876097,25876098,1,0,2014,-9223372036854775808
2021-11-30 13:19:55.570,300557.SZ,28.8,400.0,25868748,25876156,25876157,1,0,2014,-9223372036854775808
2021-11-30 13:19:55.580,300557.SZ,0.0,400.0,0,25876104,25876165,2,0,2014,-9223372036854775808
2021-11-30 13:19:55.580,300557.SZ,0.0,100.0,0,25876101,25876166,2,0,2014,-9223372036854775808
2021-11-30 13:19:55.580,300557.SZ,0.0,900.0,0,25876102,25876167,2,0,2014,-9223372036854775808
2021-11-30 13:19:55.580,300557.SZ,0.0,200.0,0,25876108,25876168,2,0,2014,-9223372036854775808
2021-11-30 13:19:55.580,300557.SZ,0.0,1300.0,0,25876103,25876169,2,0,2014,-9223372036854775808
2021-11-30 13:19:55.580,300557.SZ,0.0,200.0,0,25876110,25876170,2,0,2014,-9223372036854775808
2021-11-30 13:19:55.580,300557.SZ,0.0,3800.0,0,25876105,25876171,2,0,2014,-9223372036854775808
2021-11-30 13:19:55.580,300557.SZ,0.0,200.0,0,25876111,25876172,2,0,2014,-9223372036854775808
2021-11-30 13:19:55.580,300557.SZ,0.0,400.0,0,25876106,25876173,2,0,2014,-9223372036854775808
2021-11-30 13:19:55.580,300557.SZ,0.0,400.0,0,25876107,25876174,2,0,2014,-9223372036854775808
2021-11-30 13:19:55.580,300557.SZ,0.0,200.0,0,25876114,25876175,2,0,2014,-9223372036854775808
2021-11-30 13:19:55.580,300557.SZ,0.0,200.0,0,25876124,25876176,2,0,2014,-9223372036854775808
2021-11-30 13:19:55.580,300557.SZ,0.0,100.0,0,25876113,25876177,2,0,2014,-9223372036854775808
2021-11-30 13:19:55.580,300557.SZ,0.0,2600.0,0,25876109,25876178,2,0,2014,-9223372036854775808
2021-11-30 13:19:55.580,300557.SZ,0.0,200.0,0,25876120,25876179,2,0,2014,-9223372036854775808
2021-11-30 13:19:55.580,300557.SZ,0.0,800.0,0,25876115,25876180,2,0,2014,-9223372036854775808
2021-11-30 13:19:55.580,300557.SZ,0.0,1200.0,0,25876112,25876181,2,0,2014,-9223372036854775808
2021-11-30 13:19:55.580,300557.SZ,0.0,400.0,0,25876116,25876182,2,0,2014,-9223372036854775808
2021-11-30 13:19:55.580,300557.SZ,0.0,1200.0,0,25876117,25876183,2,0,2014,-9223372036854775808
2021-11-30 13:19:55.580,300557.SZ,0.0,100.0,0,25876118,25876184,2,0,2014,-9223372036854775808
2021-11-30 13:19:55.580,300557.SZ,0.0,1100.0,0,25876119,25876185,2,0,2014,-9223372036854775808
2021-11-30 13:19:55.580,300557.SZ,0.0,200.0,0,25876121,25876186,2,0,2014,-9223372036854775808
2021-11-30 13:19:55.580,300557.SZ,0.0,200.0,0,25876122,25876187,2,0,2014,-9223372036854775808
2021-11-30 13:19:55.580,300557.SZ,0.0,300.0,0,25876123,25876188,2,0,2014,-9223372036854775808
2021-11-30 13:19:58.960,300557.SZ,28.8,300.0,25868748,25881762,25881763,1,0,2014,-9223372036854775808
2021-11-30 13:19:59.230,300557.SZ,0.0,400.0,0,25881770,25882403,2,0,2014,-9223372036854775808
2021-11-30 13:19:59.230,300557.SZ,0.0,100.0,0,25881771,25882404,2,0,2014,-9223372036854775808
2021-11-30 13:19:59.230,300557.SZ,0.0,900.0,0,25881768,25882405,2,0,2014,-9223372036854775808
2021-11-30 13:19:59.230,300557.SZ,0.0,1300.0,0,25881769,25882406,2,0,2014,-9223372036854775808
2021-11-30 13:19:59.230,300557.SZ,0.0,100.0,0,25881782,25882407,2,0,2014,-9223372036854775808
2021-11-30 13:19:59.230,300557.SZ,0.0,3800.0,0,25881772,25882408,2,0,2014,-9223372036854775808
2021-11-30 13:19:59.230,300557.SZ,0.0,200.0,0,25881774,25882409,2,0,2014,-9223372036854775808
2021-11-30 13:19:59.230,300557.SZ,0.0,200.0,0,25881780,25882410,2,0,2014,-9223372036854775808
2021-11-30 13:19:59.230,300557.SZ,0.0,200.0,0,25881781,25882411,2,0,2014,-9223372036854775808
2021-11-30 13:19:59.230,300557.SZ,0.0,400.0,0,25881785,25882412,2,0,2014,-9223372036854775808
2021-11-30 13:19:59.230,300557.SZ,0.0,400.0,0,25881786,25882413,2,0,2014,-9223372036854775808
2021-11-30 13:19:59.230,300557.SZ,0.0,200.0,0,25881787,25882414,2,0,2014,-9223372036854775808
2021-11-30 13:19:59.230,300557.SZ,0.0,200.0,0,25881788,25882415,2,0,2014,-9223372036854775808
2021-11-30 13:19:59.230,300557.SZ,0.0,200.0,0,25881789,25882416,2,0,2014,-9223372036854775808
2021-11-30 13:19:59.230,300557.SZ,0.0,1200.0,0,25881773,25882417,2,0,2014,-9223372036854775808
2021-11-30 13:19:59.230,300557.SZ,0.0,800.0,0,25881775,25882418,2,0,2014,-9223372036854775808
2021-11-30 13:19:59.230,300557.SZ,0.0,1200.0,0,25881776,25882419,2,0,2014,-9223372036854775808
2021-11-30 13:19:59.230,300557.SZ,0.0,400.0,0,25881777,25882420,2,0,2014,-9223372036854775808
2021-11-30 13:19:59.230,300557.SZ,0.0,848.0,0,25881779,25882421,2,0,2014,-9223372036854775808
2021-11-30 13:19:59.230,300557.SZ,0.0,200.0,0,25881784,25882422,2,0,2014,-9223372036854775808
2021-11-30 13:19:59.230,300557.SZ,0.0,2600.0,0,25881783,25882423,2,0,2014,-9223372036854775808
2021-11-30 13:19:59.230,300557.SZ,0.0,100.0,0,25881778,25882424,2,0,2014,-9223372036854775808
2021-11-30 13:19:59.230,300557.SZ,0.0,200.0,0,25881790,25882425,2,0,2014,-9223372036854775808
2021-11-30 13:19:59.230,300557.SZ,0.0,200.0,0,25881791,25882426,2,0,2014,-9223372036854775808
2021-11-30 13:19:59.230,300557.SZ,0.0,300.0,0,25881792,25882427,2,0,2014,-9223372036854775808
2021-11-30 13:20:01.350,300557.SZ,28.8,300.0,25868748,25886308,25886309,1,0,2014,-9223372036854775808
2021-11-30 13:20:01.360,300557.SZ,0.0,1300.0,0,25886324,25886346,2,0,2014,-9223372036854775808
2021-11-30 13:20:01.360,300557.SZ,0.0,100.0,0,25886322,25886347,2,0,2014,-9223372036854775808
2021-11-30 13:20:01.360,300557.SZ,0.0,900.0,0,25886323,25886348,2,0,2014,-9223372036854775808
2021-11-30 13:20:01.360,300557.SZ,0.0,400.0,0,25886326,25886349,2,0,2014,-9223372036854775808
2021-11-30 13:20:01.360,300557.SZ,0.0,200.0,0,25886329,25886350,2,0,2014,-9223372036854775808
2021-11-30 13:20:01.360,300557.SZ,0.0,200.0,0,25886331,25886351,2,0,2014,-9223372036854775808
2021-11-30 13:20:01.360,300557.SZ,0.0,200.0,0,25886333,25886353,2,0,2014,-9223372036854775808
2021-11-30 13:20:01.360,300557.SZ,0.0,400.0,0,25886325,25886354,2,0,2014,-9223372036854775808
2021-11-30 13:20:01.360,300557.SZ,0.0,200.0,0,25886334,25886355,2,0,2014,-9223372036854775808
2021-11-30 13:20:01.360,300557.SZ,0.0,200.0,0,25886340,25886356,2,0,2014,-9223372036854775808
2021-11-30 13:20:01.360,300557.SZ,0.0,3800.0,0,25886330,25886357,2,0,2014,-9223372036854775808
2021-11-30 13:20:01.360,300557.SZ,0.0,200.0,0,25886328,25886358,2,0,2014,-9223372036854775808
2021-11-30 13:20:01.360,300557.SZ,0.0,2600.0,0,25886332,25886359,2,0,2014,-9223372036854775808
2021-11-30 13:20:01.360,300557.SZ,0.0,100.0,0,25886327,25886360,2,0,2014,-9223372036854775808
2021-11-30 13:20:01.360,300557.SZ,0.0,200.0,0,25886341,25886361,2,0,2014,-9223372036854775808
2021-11-30 13:20:01.360,300557.SZ,0.0,200.0,0,25886342,25886362,2,0,2014,-9223372036854775808
2021-11-30 13:20:01.360,300557.SZ,0.0,300.0,0,25886343,25886363,2,0,2014,-9223372036854775808
2021-11-30 13:20:01.360,300557.SZ,0.0,1200.0,0,25886335,25886364,2,0,2014,-9223372036854775808
2021-11-30 13:20:01.360,300557.SZ,0.0,800.0,0,25886336,25886365,2,0,2014,-9223372036854775808
2021-11-30 13:20:01.360,300557.SZ,0.0,1100.0,0,25886339,25886366,2,0,2014,-9223372036854775808
2021-11-30 13:20:01.360,300557.SZ,0.0,300.0,0,25886338,25886367,2,0,2014,-9223372036854775808
2021-11-30 13:20:01.360,300557.SZ,0.0,400.0,0,25886337,25886368,2,0,2014,-9223372036854775808
2021-11-30 13:20:02.020,300557.SZ,28.8,100.0,25868748,25887583,25887584,1,0,2014,-9223372036854775808
2021-11-30 13:20:02.030,300557.SZ,0.0,400.0,0,25887595,25887636,2,0,2014,-9223372036854775808
2021-11-30 13:20:02.030,300557.SZ,0.0,100.0,0,25887593,25887637,2,0,2014,-9223372036854775808
2021-11-30 13:20:02.040,300557.SZ,0.0,1300.0,0,25887596,25887638,2,0,2014,-9223372036854775808
2021-11-30 13:20:02.040,300557.SZ,0.0,900.0,0,25887594,25887639,2,0,2014,-9223372036854775808
2021-11-30 13:20:02.040,300557.SZ,0.0,200.0,0,25887598,25887640,2,0,2014,-9223372036854775808
2021-11-30 13:20:02.040,300557.SZ,0.0,400.0,0,25887602,25887641,2,0,2014,-9223372036854775808
2021-11-30 13:20:02.040,300557.SZ,0.0,200.0,0,25887600,25887642,2,0,2014,-9223372036854775808
2021-11-30 13:20:02.040,300557.SZ,0.0,200.0,0,25887604,25887643,2,0,2014,-9223372036854775808
2021-11-30 13:20:02.040,300557.SZ,0.0,200.0,0,25887611,25887644,2,0,2014,-9223372036854775808
2021-11-30 13:20:02.040,300557.SZ,0.0,200.0,0,25887612,25887645,2,0,2014,-9223372036854775808
2021-11-30 13:20:02.040,300557.SZ,0.0,100.0,0,25887605,25887646,2,0,2014,-9223372036854775808
2021-11-30 13:20:02.040,300557.SZ,0.0,200.0,0,25887613,25887647,2,0,2014,-9223372036854775808
2021-11-30 13:20:02.040,300557.SZ,0.0,2600.0,0,25887601,25887648,2,0,2014,-9223372036854775808
2021-11-30 13:20:02.040,300557.SZ,0.0,1200.0,0,25887606,25887649,2,0,2014,-9223372036854775808
2021-11-30 13:20:02.040,300557.SZ,0.0,200.0,0,25887614,25887650,2,0,2014,-9223372036854775808
2021-11-30 13:20:02.040,300557.SZ,0.0,800.0,0,25887607,25887651,2,0,2014,-9223372036854775808
2021-11-30 13:20:02.040,300557.SZ,0.0,400.0,0,25887608,25887652,2,0,2014,-9223372036854775808
2021-11-30 13:20:02.040,300557.SZ,0.0,300.0,0,25887609,25887653,2,0,2014,-9223372036854775808
2021-11-30 13:20:02.040,300557.SZ,0.0,1100.0,0,25887610,25887654,2,0,2014,-9223372036854775808
2021-11-30 13:20:02.040,300557.SZ,0.0,300.0,0,25887615,25887655,2,0,2014,-9223372036854775808
2021-11-30 13:20:02.040,300557.SZ,0.0,3800.0,0,25887597,25887657,2,0,2014,-9223372036854775808
2021-11-30 13:20:02.040,300557.SZ,0.0,200.0,0,25887603,25887658,2,0,2014,-9223372036854775808
2021-11-30 13:20:20.290,300557.SZ,0.0,300.0,0,25887634,25935934,2,0,2014,-9223372036854775808
2021-11-30 13:20:23.160,300557.SZ,0.0,900.0,0,25935942,25943340,2,0,2014,-9223372036854775808
2021-11-30 13:20:23.160,300557.SZ,0.0,400.0,0,25935947,25943341,2,0,2014,-9223372036854775808
2021-11-30 13:20:23.160,300557.SZ,0.0,100.0,0,25935944,25943342,2,0,2014,-9223372036854775808
2021-11-30 13:20:23.160,300557.SZ,0.0,1300.0,0,25935943,25943343,2,0,2014,-9223372036854775808
2021-11-30 13:20:23.160,300557.SZ,0.0,200.0,0,25935949,25943344,2,0,2014,-9223372036854775808
2021-11-30 13:20:23.160,300557.SZ,0.0,1200.0,0,25935953,25943345,2,0,2014,-9223372036854775808
2021-11-30 13:20:23.160,300557.SZ,0.0,2600.0,0,25935959,25943346,2,0,2014,-9223372036854775808
2021-11-30 13:20:23.160,300557.SZ,0.0,800.0,0,25935957,25943347,2,0,2014,-9223372036854775808
2021-11-30 13:20:23.160,300557.SZ,0.0,100.0,0,25935952,25943348,2,0,2014,-9223372036854775808
2021-11-30 13:20:23.160,300557.SZ,0.0,400.0,0,25935954,25943349,2,0,2014,-9223372036854775808
2021-11-30 13:20:23.160,300557.SZ,0.0,300.0,0,25935955,25943350,2,0,2014,-9223372036854775808
2021-11-30 13:20:23.160,300557.SZ,0.0,1100.0,0,25935958,25943351,2,0,2014,-9223372036854775808
2021-11-30 13:20:23.160,300557.SZ,0.0,200.0,0,25935945,25943352,2,0,2014,-9223372036854775808
2021-11-30 13:20:23.160,300557.SZ,0.0,200.0,0,25935948,25943353,2,0,2014,-9223372036854775808
2021-11-30 13:20:23.160,300557.SZ,0.0,200.0,0,25935950,25943354,2,0,2014,-9223372036854775808
2021-11-30 13:20:23.160,300557.SZ,0.0,200.0,0,25935956,25943355,2,0,2014,-9223372036854775808
2021-11-30 13:20:23.160,300557.SZ,0.0,200.0,0,25935960,25943356,2,0,2014,-9223372036854775808
2021-11-30 13:20:23.160,300557.SZ,0.0,200.0,0,25935961,25943357,2,0,2014,-9223372036854775808
2021-11-30 13:20:23.160,300557.SZ,0.0,200.0,0,25935964,25943358,2,0,2014,-9223372036854775808
2021-11-30 13:20:23.160,300557.SZ,0.0,300.0,0,25935967,25943359,2,0,2014,-9223372036854775808
2021-11-30 13:20:23.160,300557.SZ,0.0,3800.0,0,25935946,25943371,2,0,2014,-9223372036854775808
2021-11-30 13:20:23.170,300557.SZ,0.0,1000.0,25655345,0,25943507,2,0,2014,-9223372036854775808
2021-11-30 13:20:23.180,300557.SZ,0.0,400.0,0,25943509,25943537,2,0,2014,-9223372036854775808
2021-11-30 13:20:23.180,300557.SZ,0.0,100.0,0,25943510,25943538,2,0,2014,-9223372036854775808
2021-11-30 13:20:23.180,300557.SZ,0.0,900.0,0,25943511,25943539,2,0,2014,-9223372036854775808
2021-11-30 13:20:23.180,300557.SZ,0.0,1300.0,0,25943512,25943540,2,0,2014,-9223372036854775808
2021-11-30 13:20:23.180,300557.SZ,0.0,200.0,0,25943514,25943541,2,0,2014,-9223372036854775808
2021-11-30 13:20:23.180,300557.SZ,0.0,200.0,0,25943515,25943542,2,0,2014,-9223372036854775808
2021-11-30 13:20:23.180,300557.SZ,0.0,200.0,0,25943516,25943543,2,0,2014,-9223372036854775808
2021-11-30 13:20:23.180,300557.SZ,0.0,200.0,0,25943517,25943545,2,0,2014,-9223372036854775808
2021-11-30 13:20:23.180,300557.SZ,0.0,1400.0,0,25943518,25943546,2,0,2014,-9223372036854775808
2021-11-30 13:20:23.180,300557.SZ,0.0,3800.0,0,25943513,25943547,2,0,2014,-9223372036854775808
2021-11-30 13:20:23.180,300557.SZ,0.0,200.0,0,25943519,25943548,2,0,2014,-9223372036854775808
2021-11-30 13:20:23.180,300557.SZ,0.0,1200.0,0,25943520,25943549,2,0,2014,-9223372036854775808
2021-11-30 13:20:23.180,300557.SZ,0.0,400.0,0,25943521,25943550,2,0,2014,-9223372036854775808
2021-11-30 13:20:23.180,300557.SZ,0.0,200.0,0,25943526,25943551,2,0,2014,-9223372036854775808
2021-11-30 13:20:23.180,300557.SZ,0.0,300.0,0,25943522,25943552,2,0,2014,-9223372036854775808
2021-11-30 13:20:23.180,300557.SZ,0.0,800.0,0,25943523,25943553,2,0,2014,-9223372036854775808
2021-11-30 13:20:23.180,300557.SZ,0.0,200.0,0,25943527,25943554,2,0,2014,-9223372036854775808
2021-11-30 13:20:23.180,300557.SZ,0.0,1400.0,0,25943524,25943555,2,0,2014,-9223372036854775808
2021-11-30 13:20:23.180,300557.SZ,0.0,300.0,0,25943528,25943556,2,0,2014,-9223372036854775808
2021-11-30 13:20:23.180,300557.SZ,0.0,848.0,0,25943525,25943558,2,0,2014,-9223372036854775808
2021-11-30 13:20:23.910,300557.SZ,0.0,1500.0,25655346,0,25945238,2,0,2014,-9223372036854775808
2021-11-30 13:20:24.860,300557.SZ,0.0,100.0,0,25946701,25946966,2,0,2014,-9223372036854775808
2021-11-30 13:20:24.860,300557.SZ,0.0,400.0,0,25946702,25946967,2,0,2014,-9223372036854775808
2021-11-30 13:20:24.860,300557.SZ,0.0,900.0,0,25946703,25946968,2,0,2014,-9223372036854775808
2021-11-30 13:20:24.860,300557.SZ,0.0,1300.0,0,25946704,25946969,2,0,2014,-9223372036854775808
2021-11-30 13:20:24.860,300557.SZ,0.0,200.0,0,25946706,25946970,2,0,2014,-9223372036854775808
2021-11-30 13:20:24.860,300557.SZ,0.0,200.0,0,25946707,25946971,2,0,2014,-9223372036854775808
2021-11-30 13:20:24.860,300557.SZ,0.0,200.0,0,25946709,25946972,2,0,2014,-9223372036854775808
2021-11-30 13:20:24.860,300557.SZ,0.0,200.0,0,25946710,25946973,2,0,2014,-9223372036854775808
2021-11-30 13:20:24.860,300557.SZ,0.0,400.0,0,25946713,25946974,2,0,2014,-9223372036854775808
2021-11-30 13:20:24.860,300557.SZ,0.0,3800.0,0,25946705,25946975,2,0,2014,-9223372036854775808
2021-11-30 13:20:24.860,300557.SZ,0.0,200.0,0,25946716,25946976,2,0,2014,-9223372036854775808
2021-11-30 13:20:24.860,300557.SZ,0.0,800.0,0,25946711,25946977,2,0,2014,-9223372036854775808
2021-11-30 13:20:24.860,300557.SZ,0.0,300.0,0,25946712,25946978,2,0,2014,-9223372036854775808
2021-11-30 13:20:24.860,300557.SZ,0.0,1400.0,0,25946714,25946979,2,0,2014,-9223372036854775808
2021-11-30 13:20:24.860,300557.SZ,0.0,848.0,0,25946715,25946980,2,0,2014,-9223372036854775808
2021-11-30 13:20:24.860,300557.SZ,0.0,200.0,0,25946717,25946981,2,0,2014,-9223372036854775808
2021-11-30 13:20:24.860,300557.SZ,0.0,1400.0,0,25946708,25946982,2,0,2014,-9223372036854775808
2021-11-30 13:20:24.860,300557.SZ,0.0,200.0,0,25946718,25946983,2,0,2014,-9223372036854775808
2021-11-30 13:20:24.860,300557.SZ,0.0,300.0,0,25946719,25946984,2,0,2014,-9223372036854775808
2021-11-30 13:20:29.020,300557.SZ,0.0,100.0,25805033,0,25956044,2,0,2014,-9223372036854775808
2021-11-30 13:20:33.590,300557.SZ,0.0,100.0,0,25956047,25963604,2,0,2014,-9223372036854775808
2021-11-30 13:20:33.590,300557.SZ,0.0,400.0,0,25956061,25963605,2,0,2014,-9223372036854775808
2021-11-30 13:20:33.590,300557.SZ,0.0,900.0,0,25956048,25963606,2,0,2014,-9223372036854775808
2021-11-30 13:20:33.590,300557.SZ,0.0,1300.0,0,25956049,25963607,2,0,2014,-9223372036854775808
2021-11-30 13:20:33.590,300557.SZ,0.0,1400.0,0,25956057,25963608,2,0,2014,-9223372036854775808
2021-11-30 13:20:33.590,300557.SZ,0.0,200.0,0,25956050,25963609,2,0,2014,-9223372036854775808
2021-11-30 13:20:33.590,300557.SZ,0.0,200.0,0,25956051,25963610,2,0,2014,-9223372036854775808
2021-11-30 13:20:33.590,300557.SZ,0.0,200.0,0,25956056,25963611,2,0,2014,-9223372036854775808
2021-11-30 13:20:33.590,300557.SZ,0.0,200.0,0,25956060,25963612,2,0,2014,-9223372036854775808
2021-11-30 13:20:33.590,300557.SZ,0.0,800.0,0,25956052,25963613,2,0,2014,-9223372036854775808
2021-11-30 13:20:33.590,300557.SZ,0.0,400.0,0,25956054,25963614,2,0,2014,-9223372036854775808
2021-11-30 13:20:33.590,300557.SZ,0.0,1400.0,0,25956059,25963615,2,0,2014,-9223372036854775808
2021-11-30 13:20:33.590,300557.SZ,0.0,300.0,0,25956055,25963616,2,0,2014,-9223372036854775808
2021-11-30 13:20:33.590,300557.SZ,0.0,848.0,0,25956058,25963617,2,0,2014,-9223372036854775808
2021-11-30 13:20:33.590,300557.SZ,0.0,3800.0,0,25956053,25963618,2,0,2014,-9223372036854775808
2021-11-30 13:20:33.590,300557.SZ,0.0,200.0,0,25956062,25963619,2,0,2014,-9223372036854775808
2021-11-30 13:20:33.590,300557.SZ,0.0,200.0,0,25956063,25963620,2,0,2014,-9223372036854775808
2021-11-30 13:20:33.590,300557.SZ,0.0,200.0,0,25956064,25963621,2,0,2014,-9223372036854775808
2021-11-30 13:20:33.590,300557.SZ,0.0,300.0,0,25956065,25963622,2,0,2014,-9223372036854775808
2021-11-30 13:20:33.850,300557.SZ,0.0,100.0,25932820,0,25964101,2,0,2014,-9223372036854775808
2021-11-30 13:20:33.850,300557.SZ,0.0,100.0,0,25963923,25964110,2,0,2014,-9223372036854775808
2021-11-30 13:20:33.850,300557.SZ,0.0,1300.0,0,25963924,25964111,2,0,2014,-9223372036854775808
2021-11-30 13:20:33.850,300557.SZ,0.0,400.0,0,25963925,25964112,2,0,2014,-9223372036854775808
2021-11-30 13:20:33.850,300557.SZ,0.0,900.0,0,25963922,25964113,2,0,2014,-9223372036854775808
2021-11-30 13:20:33.850,300557.SZ,0.0,200.0,0,25963926,25964114,2,0,2014,-9223372036854775808
2021-11-30 13:20:33.850,300557.SZ,0.0,200.0,0,25963927,25964115,2,0,2014,-9223372036854775808
2021-11-30 13:20:33.850,300557.SZ,0.0,200.0,0,25963933,25964116,2,0,2014,-9223372036854775808
2021-11-30 13:20:33.850,300557.SZ,0.0,3800.0,0,25963928,25964117,2,0,2014,-9223372036854775808
2021-11-30 13:20:33.850,300557.SZ,0.0,200.0,0,25963934,25964118,2,0,2014,-9223372036854775808
2021-11-30 13:20:33.850,300557.SZ,0.0,400.0,0,25963929,25964119,2,0,2014,-9223372036854775808
2021-11-30 13:20:33.850,300557.SZ,0.0,300.0,0,25963930,25964120,2,0,2014,-9223372036854775808
2021-11-30 13:20:33.850,300557.SZ,0.0,800.0,0,25963940,25964121,2,0,2014,-9223372036854775808
2021-11-30 13:20:33.860,300557.SZ,0.0,1400.0,0,25963931,25964122,2,0,2014,-9223372036854775808
2021-11-30 13:20:33.860,300557.SZ,0.0,200.0,0,25963936,25964123,2,0,2014,-9223372036854775808
2021-11-30 13:20:33.860,300557.SZ,0.0,848.0,0,25963932,25964124,2,0,2014,-9223372036854775808
2021-11-30 13:20:33.860,300557.SZ,0.0,200.0,0,25963937,25964125,2,0,2014,-9223372036854775808
2021-11-30 13:20:33.860,300557.SZ,0.0,1400.0,0,25963935,25964126,2,0,2014,-9223372036854775808
2021-11-30 13:20:33.860,300557.SZ,0.0,200.0,0,25963938,25964127,2,0,2014,-9223372036854775808
2021-11-30 13:20:33.860,300557.SZ,0.0,300.0,0,25963939,25964128,2,0,2014,-9223372036854775808
2021-11-30 13:20:36.860,300557.SZ,0.0,200.0,0,25967852,25969524,2,0,2014,-9223372036854775808
2021-11-30 13:20:36.860,300557.SZ,0.0,200.0,0,25967853,25969525,2,0,2014,-9223372036854775808
2021-11-30 13:20:36.860,300557.SZ,0.0,200.0,0,25967854,25969526,2,0,2014,-9223372036854775808
2021-11-30 13:20:36.860,300557.SZ,0.0,800.0,0,25967846,25969527,2,0,2014,-9223372036854775808
2021-11-30 13:20:36.860,300557.SZ,0.0,1400.0,0,25967851,25969528,2,0,2014,-9223372036854775808
2021-11-30 13:20:36.860,300557.SZ,0.0,300.0,0,25967847,25969529,2,0,2014,-9223372036854775808
2021-11-30 13:20:36.860,300557.SZ,0.0,200.0,0,25967855,25969530,2,0,2014,-9223372036854775808
2021-11-30 13:20:36.860,300557.SZ,0.0,400.0,0,25967848,25969531,2,0,2014,-9223372036854775808
2021-11-30 13:20:36.860,300557.SZ,0.0,200.0,0,25967856,25969532,2,0,2014,-9223372036854775808
2021-11-30 13:20:36.860,300557.SZ,0.0,1400.0,0,25967849,25969533,2,0,2014,-9223372036854775808
2021-11-30 13:20:36.860,300557.SZ,0.0,848.0,0,25967850,25969534,2,0,2014,-9223372036854775808
2021-11-30 13:20:36.860,300557.SZ,0.0,200.0,0,25967857,25969535,2,0,2014,-9223372036854775808
2021-11-30 13:20:36.860,300557.SZ,0.0,200.0,0,25967858,25969536,2,0,2014,-9223372036854775808
2021-11-30 13:20:36.860,300557.SZ,0.0,300.0,0,25967859,25969537,2,0,2014,-9223372036854775808
2021-11-30 13:20:36.860,300557.SZ,0.0,400.0,0,25967842,25969546,2,0,2014,-9223372036854775808
2021-11-30 13:20:36.860,300557.SZ,0.0,900.0,0,25967844,25969547,2,0,2014,-9223372036854775808
2021-11-30 13:20:36.860,300557.SZ,0.0,1300.0,0,25967845,25969548,2,0,2014,-9223372036854775808
2021-11-30 13:20:36.860,300557.SZ,0.0,100.0,0,25967843,25969549,2,0,2014,-9223372036854775808
2021-11-30 13:20:37.860,300557.SZ,0.0,100.0,0,25971582,25971602,2,0,2014,-9223372036854775808
2021-11-30 13:20:37.860,300557.SZ,0.0,900.0,0,25971583,25971603,2,0,2014,-9223372036854775808
2021-11-30 13:20:37.860,300557.SZ,0.0,1300.0,0,25971584,25971604,2,0,2014,-9223372036854775808
2021-11-30 13:20:37.860,300557.SZ,0.0,400.0,0,25971585,25971605,2,0,2014,-9223372036854775808
2021-11-30 13:20:37.860,300557.SZ,0.0,800.0,0,25971586,25971606,2,0,2014,-9223372036854775808
2021-11-30 13:20:37.860,300557.SZ,0.0,300.0,0,25971587,25971607,2,0,2014,-9223372036854775808
2021-11-30 13:20:37.860,300557.SZ,0.0,400.0,0,25971588,25971608,2,0,2014,-9223372036854775808
2021-11-30 13:20:37.860,300557.SZ,0.0,848.0,0,25971590,25971609,2,0,2014,-9223372036854775808
2021-11-30 13:20:37.860,300557.SZ,0.0,1400.0,0,25971589,25971610,2,0,2014,-9223372036854775808
2021-11-30 13:20:37.860,300557.SZ,0.0,200.0,0,25971592,25971611,2,0,2014,-9223372036854775808
2021-11-30 13:20:37.860,300557.SZ,0.0,200.0,0,25971593,25971612,2,0,2014,-9223372036854775808
2021-11-30 13:20:37.860,300557.SZ,0.0,200.0,0,25971594,25971613,2,0,2014,-9223372036854775808
2021-11-30 13:20:37.860,300557.SZ,0.0,200.0,0,25971595,25971614,2,0,2014,-9223372036854775808
2021-11-30 13:20:37.860,300557.SZ,0.0,200.0,0,25971597,25971615,2,0,2014,-9223372036854775808
2021-11-30 13:20:37.860,300557.SZ,0.0,1400.0,0,25971591,25971616,2,0,2014,-9223372036854775808
2021-11-30 13:20:37.860,300557.SZ,0.0,200.0,0,25971598,25971617,2,0,2014,-9223372036854775808
2021-11-30 13:20:37.860,300557.SZ,0.0,200.0,0,25971599,25971618,2,0,2014,-9223372036854775808
2021-11-30 13:20:37.860,300557.SZ,0.0,300.0,0,25971600,25971619,2,0,2014,-9223372036854775808
2021-11-30 13:20:40.510,300557.SZ,0.0,100.0,0,25977405,25977429,2,0,2014,-9223372036854775808
2021-11-30 13:20:40.510,300557.SZ,0.0,1300.0,0,25977407,25977430,2,0,2014,-9223372036854775808
2021-11-30 13:20:40.510,300557.SZ,0.0,900.0,0,25977406,25977431,2,0,2014,-9223372036854775808
2021-11-30 13:20:40.510,300557.SZ,0.0,400.0,0,25977409,25977432,2,0,2014,-9223372036854775808
2021-11-30 13:20:40.510,300557.SZ,0.0,200.0,0,25977410,25977433,2,0,2014,-9223372036854775808
2021-11-30 13:20:40.510,300557.SZ,0.0,200.0,0,25977411,25977434,2,0,2014,-9223372036854775808
2021-11-30 13:20:40.510,300557.SZ,0.0,200.0,0,25977412,25977435,2,0,2014,-9223372036854775808
2021-11-30 13:20:40.510,300557.SZ,0.0,200.0,0,25977417,25977436,2,0,2014,-9223372036854775808
2021-11-30 13:20:40.510,300557.SZ,0.0,200.0,0,25977419,25977437,2,0,2014,-9223372036854775808
2021-11-30 13:20:40.510,300557.SZ,0.0,200.0,0,25977420,25977438,2,0,2014,-9223372036854775808
2021-11-30 13:20:40.510,300557.SZ,0.0,800.0,0,25977413,25977439,2,0,2014,-9223372036854775808
2021-11-30 13:20:40.510,300557.SZ,0.0,400.0,0,25977414,25977440,2,0,2014,-9223372036854775808
2021-11-30 13:20:40.510,300557.SZ,0.0,200.0,0,25977421,25977441,2,0,2014,-9223372036854775808
2021-11-30 13:20:40.510,300557.SZ,0.0,1400.0,0,25977415,25977442,2,0,2014,-9223372036854775808
2021-11-30 13:20:40.510,300557.SZ,0.0,300.0,0,25977422,25977443,2,0,2014,-9223372036854775808
2021-11-30 13:20:40.510,300557.SZ,0.0,848.0,0,25977418,25977444,2,0,2014,-9223372036854775808
2021-11-30 13:20:40.510,300557.SZ,0.0,1400.0,0,25977416,25977445,2,0,2014,-9223372036854775808
2021-11-30 13:20:46.360,300557.SZ,28.83,100.0,25988601,25801578,25988602,1,0,2014,-9223372036854775808
2021-11-30 13:20:46.730,300557.SZ,0.0,100.0,0,25801578,25989371,2,0,2014,-9223372036854775808
2021-11-30 13:20:46.730,300557.SZ,0.0,100.0,0,25988613,25989377,2,0,2014,-9223372036854775808
2021-11-30 13:20:46.730,300557.SZ,0.0,900.0,0,25988611,25989378,2,0,2014,-9223372036854775808
2021-11-30 13:20:46.730,300557.SZ,0.0,1300.0,0,25988612,25989379,2,0,2014,-9223372036854775808
2021-11-30 13:20:46.730,300557.SZ,0.0,400.0,0,25988614,25989380,2,0,2014,-9223372036854775808
2021-11-30 13:20:46.730,300557.SZ,0.0,900.0,0,25988621,25989381,2,0,2014,-9223372036854775808
2021-11-30 13:20:46.730,300557.SZ,0.0,200.0,0,25988615,25989382,2,0,2014,-9223372036854775808
2021-11-30 13:20:46.730,300557.SZ,0.0,800.0,0,25988622,25989383,2,0,2014,-9223372036854775808
2021-11-30 13:20:46.730,300557.SZ,0.0,1400.0,0,25988623,25989384,2,0,2014,-9223372036854775808
2021-11-30 13:20:46.730,300557.SZ,0.0,848.0,0,25988624,25989385,2,0,2014,-9223372036854775808
2021-11-30 13:20:46.730,300557.SZ,0.0,600.0,0,25988616,25989386,2,0,2014,-9223372036854775808
2021-11-30 13:20:46.730,300557.SZ,0.0,100.0,0,25988617,25989387,2,0,2014,-9223372036854775808
2021-11-30 13:20:46.730,300557.SZ,0.0,100.0,0,25988618,25989388,2,0,2014,-9223372036854775808
2021-11-30 13:20:46.730,300557.SZ,0.0,100.0,0,25988619,25989389,2,0,2014,-9223372036854775808
2021-11-30 13:20:46.730,300557.SZ,0.0,500.0,0,25988625,25989390,2,0,2014,-9223372036854775808
2021-11-30 13:20:47.360,300557.SZ,0.0,500.0,25963601,0,25990352,2,0,2014,-9223372036854775808
2021-11-30 13:20:47.370,300557.SZ,0.0,400.0,0,25990357,25990370,2,0,2014,-9223372036854775808
2021-11-30 13:20:47.370,300557.SZ,0.0,900.0,0,25990358,25990371,2,0,2014,-9223372036854775808
2021-11-30 13:20:47.370,300557.SZ,0.0,1300.0,0,25990359,25990372,2,0,2014,-9223372036854775808
2021-11-30 13:20:47.370,300557.SZ,0.0,800.0,0,25990360,25990373,2,0,2014,-9223372036854775808
2021-11-30 13:20:47.370,300557.SZ,0.0,200.0,0,25990364,25990374,2,0,2014,-9223372036854775808
2021-11-30 13:20:47.370,300557.SZ,0.0,100.0,0,25990365,25990375,2,0,2014,-9223372036854775808
2021-11-30 13:20:47.370,300557.SZ,0.0,100.0,0,25990366,25990376,2,0,2014,-9223372036854775808
2021-11-30 13:20:47.370,300557.SZ,0.0,1400.0,0,25990362,25990377,2,0,2014,-9223372036854775808
2021-11-30 13:20:47.370,300557.SZ,0.0,848.0,0,25990363,25990378,2,0,2014,-9223372036854775808
2021-11-30 13:20:47.370,300557.SZ,0.0,100.0,0,25990367,25990379,2,0,2014,-9223372036854775808
2021-11-30 13:20:47.370,300557.SZ,0.0,1400.0,0,25990361,25990380,2,0,2014,-9223372036854775808
2021-11-30 13:20:58.740,300557.SZ,0.0,900.0,0,26011056,26012670,2,0,2014,-9223372036854775808
2021-11-30 13:20:58.740,300557.SZ,0.0,1300.0,0,26011058,26012672,2,0,2014,-9223372036854775808
2021-11-30 13:20:58.740,300557.SZ,0.0,400.0,0,26011057,26012673,2,0,2014,-9223372036854775808
2021-11-30 13:20:58.740,300557.SZ,0.0,900.0,0,26011060,26012674,2,0,2014,-9223372036854775808
2021-11-30 13:20:58.740,300557.SZ,0.0,200.0,0,26011061,26012676,2,0,2014,-9223372036854775808
2021-11-30 13:20:58.740,300557.SZ,0.0,800.0,0,26011063,26012677,2,0,2014,-9223372036854775808
2021-11-30 13:20:58.740,300557.SZ,0.0,100.0,0,26011062,26012678,2,0,2014,-9223372036854775808
2021-11-30 13:20:58.740,300557.SZ,0.0,1400.0,0,26011064,26012679,2,0,2014,-9223372036854775808
2021-11-30 13:20:58.740,300557.SZ,0.0,848.0,0,26011065,26012680,2,0,2014,-9223372036854775808
2021-11-30 13:20:58.740,300557.SZ,0.0,100.0,0,26011066,26012681,2,0,2014,-9223372036854775808
2021-11-30 13:20:58.740,300557.SZ,0.0,500.0,0,26011067,26012682,2,0,2014,-9223372036854775808
2021-11-30 13:20:58.740,300557.SZ,0.0,100.0,0,26011069,26012683,2,0,2014,-9223372036854775808
2021-11-30 13:21:01.430,300557.SZ,0.0,100.0,25964103,0,26017783,2,0,2014,-9223372036854775808
2021-11-30 13:21:01.440,300557.SZ,0.0,400.0,0,26017788,26017823,2,0,2014,-9223372036854775808
2021-11-30 13:21:01.440,300557.SZ,0.0,900.0,0,26017789,26017824,2,0,2014,-9223372036854775808
2021-11-30 13:21:01.440,300557.SZ,0.0,1300.0,0,26017791,26017825,2,0,2014,-9223372036854775808
2021-11-30 13:21:01.440,300557.SZ,0.0,200.0,0,26017792,26017827,2,0,2014,-9223372036854775808
2021-11-30 13:21:01.440,300557.SZ,0.0,100.0,0,26017793,26017828,2,0,2014,-9223372036854775808
2021-11-30 13:21:01.440,300557.SZ,0.0,100.0,0,26017794,26017829,2,0,2014,-9223372036854775808
2021-11-30 13:21:01.440,300557.SZ,0.0,100.0,0,26017795,26017830,2,0,2014,-9223372036854775808
2021-11-30 13:21:01.440,300557.SZ,0.0,500.0,0,26017796,26017831,2,0,2014,-9223372036854775808
2021-11-30 13:21:01.440,300557.SZ,0.0,848.0,0,26017797,26017832,2,0,2014,-9223372036854775808
2021-11-30 13:21:01.450,300557.SZ,0.0,2000.0,0,26017798,26017833,2,0,2014,-9223372036854775808
2021-11-30 13:21:01.450,300557.SZ,0.0,300.0,0,26017799,26017834,2,0,2014,-9223372036854775808
2021-11-30 13:21:25.990,300557.SZ,0.0,400.0,0,26019031,26062414,2,0,2014,-9223372036854775808
2021-11-30 13:21:25.990,300557.SZ,0.0,1300.0,0,26019030,26062415,2,0,2014,-9223372036854775808
2021-11-30 13:21:25.990,300557.SZ,0.0,900.0,0,26019029,26062421,2,0,2014,-9223372036854775808
2021-11-30 13:21:25.990,300557.SZ,0.0,2000.0,0,26019041,26062422,2,0,2014,-9223372036854775808
2021-11-30 13:21:25.990,300557.SZ,0.0,500.0,0,26019032,26062423,2,0,2014,-9223372036854775808
2021-11-30 13:21:25.990,300557.SZ,0.0,848.0,0,26019033,26062424,2,0,2014,-9223372036854775808
2021-11-30 13:21:25.990,300557.SZ,0.0,300.0,0,26019042,26062425,2,0,2014,-9223372036854775808
2021-11-30 13:21:25.990,300557.SZ,0.0,200.0,0,26019034,26062426,2,0,2014,-9223372036854775808
2021-11-30 13:21:25.990,300557.SZ,0.0,100.0,0,26019039,26062427,2,0,2014,-9223372036854775808
2021-11-30 13:21:25.990,300557.SZ,0.0,100.0,0,26019040,26062428,2,0,2014,-9223372036854775808
2021-11-30 13:21:25.990,300557.SZ,0.0,100.0,0,26019043,26062429,2,0,2014,-9223372036854775808
2021-11-30 13:21:31.630,300557.SZ,0.0,100.0,26062411,0,26071519,2,0,2014,-9223372036854775808
2021-11-30 13:21:32.540,300557.SZ,0.0,300.0,25926923,0,26072808,2,0,2014,-9223372036854775808
2021-11-30 13:21:32.550,300557.SZ,0.0,1300.0,0,26071526,26072810,2,0,2014,-9223372036854775808
2021-11-30 13:21:32.550,300557.SZ,0.0,400.0,0,26071524,26072811,2,0,2014,-9223372036854775808
2021-11-30 13:21:32.550,300557.SZ,0.0,900.0,0,26071522,26072812,2,0,2014,-9223372036854775808
2021-11-30 13:21:32.550,300557.SZ,0.0,500.0,0,26071525,26072813,2,0,2014,-9223372036854775808
2021-11-30 13:21:32.550,300557.SZ,0.0,848.0,0,26071527,26072814,2,0,2014,-9223372036854775808
2021-11-30 13:21:32.550,300557.SZ,0.0,2000.0,0,26071532,26072815,2,0,2014,-9223372036854775808
2021-11-30 13:21:32.550,300557.SZ,0.0,300.0,0,26071531,26072816,2,0,2014,-9223372036854775808
2021-11-30 13:21:32.550,300557.SZ,0.0,100.0,0,26071528,26072817,2,0,2014,-9223372036854775808
2021-11-30 13:21:32.550,300557.SZ,0.0,100.0,0,26071529,26072818,2,0,2014,-9223372036854775808
2021-11-30 13:21:32.550,300557.SZ,0.0,100.0,0,26071530,26072819,2,0,2014,-9223372036854775808
2021-11-30 13:21:32.610,300557.SZ,0.0,100.0,25946682,0,26072892,2,0,2014,-9223372036854775808
2021-11-30 13:21:34.180,300557.SZ,0.0,200.0,25932612,0,26075212,2,0,2014,-9223372036854775808
2021-11-30 13:21:34.180,300557.SZ,0.0,100.0,0,26072897,26075222,2,0,2014,-9223372036854775808
2021-11-30 13:21:34.180,300557.SZ,0.0,100.0,0,26072900,26075223,2,0,2014,-9223372036854775808
2021-11-30 13:21:34.180,300557.SZ,0.0,100.0,0,26072901,26075224,2,0,2014,-9223372036854775808
2021-11-30 13:21:34.180,300557.SZ,0.0,500.0,0,26072895,26075225,2,0,2014,-9223372036854775808
2021-11-30 13:21:34.180,300557.SZ,0.0,848.0,0,26072896,26075226,2,0,2014,-9223372036854775808
2021-11-30 13:21:34.180,300557.SZ,0.0,2000.0,0,26072898,26075227,2,0,2014,-9223372036854775808
2021-11-30 13:21:34.180,300557.SZ,0.0,300.0,0,26072899,26075228,2,0,2014,-9223372036854775808
2021-11-30 13:21:34.550,300557.SZ,0.0,100.0,25927790,0,26076214,2,0,2014,-9223372036854775808
2021-11-30 13:21:36.460,300557.SZ,0.0,500.0,25969522,0,26079221,2,0,2014,-9223372036854775808
2021-11-30 13:21:37.310,300557.SZ,0.0,400.0,25971581,0,26081148,2,0,2014,-9223372036854775808
2021-11-30 13:21:37.310,300557.SZ,0.0,2000.0,0,26079227,26081156,2,0,2014,-9223372036854775808
2021-11-30 13:21:37.310,300557.SZ,0.0,500.0,0,26079228,26081157,2,0,2014,-9223372036854775808
2021-11-30 13:21:37.310,300557.SZ,0.0,100.0,0,26079231,26081158,2,0,2014,-9223372036854775808
2021-11-30 13:21:37.310,300557.SZ,0.0,100.0,0,26079232,26081159,2,0,2014,-9223372036854775808
2021-11-30 13:21:37.310,300557.SZ,0.0,100.0,0,26079233,26081160,2,0,2014,-9223372036854775808
2021-11-30 13:21:37.310,300557.SZ,0.0,848.0,0,26079229,26081161,2,0,2014,-9223372036854775808
2021-11-30 13:21:37.310,300557.SZ,0.0,300.0,0,26079230,26081162,2,0,2014,-9223372036854775808
2021-11-30 13:21:40.950,300557.SZ,0.0,2000.0,0,26084765,26088096,2,0,2014,-9223372036854775808
2021-11-30 13:21:40.950,300557.SZ,0.0,500.0,0,26084766,26088097,2,0,2014,-9223372036854775808
2021-11-30 13:21:40.950,300557.SZ,0.0,848.0,0,26084767,26088098,2,0,2014,-9223372036854775808
2021-11-30 13:21:40.950,300557.SZ,0.0,300.0,0,26084768,26088099,2,0,2014,-9223372036854775808
2021-11-30 13:21:43.330,300557.SZ,0.0,1600.0,25977401,0,26092956,2,0,2014,-9223372036854775808
2021-11-30 13:21:45.810,300557.SZ,28.82,300.0,26084756,26096836,26096837,1,0,2014,-9223372036854775808
2021-11-30 13:21:45.820,300557.SZ,0.0,500.0,0,26092965,26096843,2,0,2014,-9223372036854775808
2021-11-30 13:21:45.820,300557.SZ,0.0,848.0,0,26092967,26096844,2,0,2014,-9223372036854775808
2021-11-30 13:21:45.820,300557.SZ,0.0,300.0,0,26092966,26096845,2,0,2014,-9223372036854775808
2021-11-30 13:21:45.820,300557.SZ,0.0,2000.0,0,26092968,26096846,2,0,2014,-9223372036854775808
2021-11-30 13:21:46.390,300557.SZ,28.82,200.0,26084756,26098302,26098303,1,0,2014,-9223372036854775808
2021-11-30 13:21:46.390,300557.SZ,28.82,200.0,26088094,26098302,26098304,1,0,2014,-9223372036854775808
2021-11-30 13:21:46.400,300557.SZ,0.0,100.0,0,26096850,26098321,2,0,2014,-9223372036854775808
2021-11-30 13:21:46.400,300557.SZ,0.0,100.0,0,26096851,26098322,2,0,2014,-9223372036854775808
2021-11-30 13:21:46.400,300557.SZ,0.0,100.0,0,26096852,26098324,2,0,2014,-9223372036854775808
2021-11-30 13:21:46.400,300557.SZ,0.0,500.0,0,26098323,26098340,2,0,2014,-9223372036854775808
2021-11-30 13:21:46.400,300557.SZ,0.0,848.0,0,26098328,26098341,2,0,2014,-9223372036854775808
2021-11-30 13:21:46.400,300557.SZ,0.0,400.0,0,26098329,26098342,2,0,2014,-9223372036854775808
2021-11-30 13:21:46.400,300557.SZ,0.0,1000.0,0,26098331,26098343,2,0,2014,-9223372036854775808
2021-11-30 13:21:46.400,300557.SZ,0.0,900.0,0,26098327,26098344,2,0,2014,-9223372036854775808
2021-11-30 13:21:46.690,300557.SZ,28.82,100.0,26088094,26098844,26098845,1,0,2014,-9223372036854775808
2021-11-30 13:21:46.690,300557.SZ,28.83,200.0,26098846,25814823,26098847,1,0,2014,-9223372036854775808
2021-11-30 13:21:46.700,300557.SZ,0.0,1000.0,0,26098853,26098882,2,0,2014,-9223372036854775808
2021-11-30 13:21:46.700,300557.SZ,0.0,500.0,0,26098854,26098883,2,0,2014,-9223372036854775808
2021-11-30 13:21:46.700,300557.SZ,0.0,400.0,0,26098859,26098884,2,0,2014,-9223372036854775808
2021-11-30 13:21:46.700,300557.SZ,0.0,1800.0,0,26098855,26098885,2,0,2014,-9223372036854775808
2021-11-30 13:21:46.700,300557.SZ,0.0,100.0,0,26098856,26098886,2,0,2014,-9223372036854775808
2021-11-30 13:21:46.700,300557.SZ,0.0,100.0,0,26098857,26098887,2,0,2014,-9223372036854775808
2021-11-30 13:21:46.700,300557.SZ,0.0,100.0,0,26098858,26098888,2,0,2014,-9223372036854775808
2021-11-30 13:21:49.700,300557.SZ,28.83,200.0,26098846,26104751,26104752,1,0,2014,-9223372036854775808
2021-11-30 13:21:49.710,300557.SZ,0.0,1000.0,0,26104758,26104764,2,0,2014,-9223372036854775808
2021-11-30 13:21:49.710,300557.SZ,0.0,500.0,0,26104757,26104765,2,0,2014,-9223372036854775808
2021-11-30 13:21:49.710,300557.SZ,0.0,400.0,0,26104759,26104766,2,0,2014,-9223372036854775808
2021-11-30 13:21:49.710,300557.SZ,0.0,1800.0,0,26104760,26104767,2,0,2014,-9223372036854775808
2021-11-30 13:21:49.740,300557.SZ,28.83,300.0,26098846,26104794,26104795,1,0,2014,-9223372036854775808
2021-11-30 13:21:49.890,300557.SZ,28.82,100.0,26088094,26104994,26104995,1,0,2014,-9223372036854775808
2021-11-30 13:21:49.890,300557.SZ,0.0,1800.0,0,26104815,26105000,2,0,2014,-9223372036854775808
2021-11-30 13:21:49.890,300557.SZ,0.0,500.0,0,26104812,26105001,2,0,2014,-9223372036854775808
2021-11-30 13:21:49.890,300557.SZ,0.0,1000.0,0,26104813,26105002,2,0,2014,-9223372036854775808
2021-11-30 13:21:49.890,300557.SZ,0.0,400.0,0,26104814,26105003,2,0,2014,-9223372036854775808
2021-11-30 13:21:55.350,300557.SZ,0.0,100.0,0,26109616,26115387,2,0,2014,-9223372036854775808
2021-11-30 13:21:55.350,300557.SZ,28.78,100.0,26017819,26115388,26115389,1,0,2014,-9223372036854775808
2021-11-30 13:21:55.350,300557.SZ,0.0,100.0,0,26109618,26115391,2,0,2014,-9223372036854775808
2021-11-30 13:21:55.500,300557.SZ,0.0,100.0,0,26110388,26115658,2,0,2014,-9223372036854775808
2021-11-30 13:21:55.500,300557.SZ,0.0,100.0,0,26110387,26115662,2,0,2014,-9223372036854775808
2021-11-30 13:21:58.350,300557.SZ,28.78,100.0,26119876,26115392,26119877,1,0,2014,-9223372036854775808
2021-11-30 13:21:58.350,300557.SZ,28.78,100.0,26119884,26115659,26119885,1,0,2014,-9223372036854775808
2021-11-30 13:22:02.150,300557.SZ,28.78,100.0,26126618,26119897,26126619,1,0,2014,-9223372036854775808
2021-11-30 13:22:02.150,300557.SZ,28.78,100.0,26126618,26119918,26126620,1,0,2014,-9223372036854775808
2021-11-30 13:22:02.150,300557.SZ,28.78,100.0,26126618,26120142,26126621,1,0,2014,-9223372036854775808
2021-11-30 13:22:04.440,300557.SZ,28.78,100.0,26132534,26120149,26132535,1,0,2014,-9223372036854775808
2021-11-30 13:22:17.120,300557.SZ,28.81,200.0,26158588,26104994,26158589,1,0,2014,-9223372036854775808
2021-11-30 13:23:10.830,300557.SZ,28.81,200.0,26158588,26249628,26249629,1,0,2014,-9223372036854775808
2021-11-30 13:23:12.980,300557.SZ,28.83,100.0,26253327,26109604,26253328,1,0,2014,-9223372036854775808
2021-11-30 13:23:12.980,300557.SZ,28.83,100.0,26253327,26109605,26253329,1,0,2014,-9223372036854775808
2021-11-30 13:23:41.810,300557.SZ,28.77,100.0,26012662,26302896,26302897,1,0,2014,-9223372036854775808
2021-11-30 13:23:41.820,300557.SZ,0.0,100.0,0,26109606,26302905,2,0,2014,-9223372036854775808
2021-11-30 13:23:41.830,300557.SZ,0.0,400.0,0,26104796,26302923,2,0,2014,-9223372036854775808
2021-11-30 13:23:41.830,300557.SZ,0.0,200.0,0,26104797,26302924,2,0,2014,-9223372036854775808
2021-11-30 13:23:47.090,300557.SZ,28.77,100.0,26113421,26312516,26312517,1,0,2014,-9223372036854775808
2021-11-30 13:23:47.100,300557.SZ,0.0,100.0,0,26302932,26312524,2,0,2014,-9223372036854775808
2021-11-30 13:23:47.100,300557.SZ,0.0,100.0,0,26302933,26312525,2,0,2014,-9223372036854775808
2021-11-30 13:23:47.100,300557.SZ,0.0,2000.0,0,26302925,26312526,2,0,2014,-9223372036854775808
2021-11-30 13:23:47.100,300557.SZ,0.0,100.0,0,26302934,26312527,2,0,2014,-9223372036854775808
2021-11-30 13:23:47.100,300557.SZ,0.0,500.0,0,26302926,26312528,2,0,2014,-9223372036854775808
2021-11-30 13:23:47.100,300557.SZ,0.0,1000.0,0,26302927,26312529,2,0,2014,-9223372036854775808
2021-11-30 13:23:47.100,300557.SZ,0.0,200.0,0,26302928,26312530,2,0,2014,-9223372036854775808
2021-11-30 13:24:01.100,300557.SZ,28.77,100.0,26334289,26334376,26334377,1,0,2014,-9223372036854775808
2021-11-30 13:24:01.100,300557.SZ,0.0,1800.0,0,26334294,26334399,2,0,2014,-9223372036854775808
2021-11-30 13:24:01.100,300557.SZ,0.0,500.0,0,26334295,26334400,2,0,2014,-9223372036854775808
2021-11-30 13:24:01.100,300557.SZ,0.0,400.0,0,26334296,26334402,2,0,2014,-9223372036854775808
2021-11-30 13:24:01.100,300557.SZ,0.0,1000.0,0,26334297,26334403,2,0,2014,-9223372036854775808
2021-11-30 13:24:33.130,300557.SZ,0.0,500.0,0,26393187,26393371,2,0,2014,-9223372036854775808
2021-11-30 13:24:33.130,300557.SZ,0.0,1800.0,0,26393188,26393372,2,0,2014,-9223372036854775808
2021-11-30 13:24:33.130,300557.SZ,0.0,1000.0,0,26393189,26393373,2,0,2014,-9223372036854775808
2021-11-30 13:24:33.130,300557.SZ,0.0,400.0,0,26393190,26393374,2,0,2014,-9223372036854775808
2021-11-30 13:24:55.500,300557.SZ,28.77,100.0,26334289,26428619,26428620,1,0,2014,-9223372036854775808
2021-11-30 13:24:55.620,300557.SZ,0.0,300.0,0,26393361,26428812,2,0,2014,-9223372036854775808
2021-11-30 13:25:10.440,300557.SZ,0.0,200.0,26417254,0,26458681,2,0,2014,-9223372036854775808
2021-11-30 13:25:11.770,300557.SZ,0.0,500.0,25967836,0,26461213,2,0,2014,-9223372036854775808
2021-11-30 13:25:42.200,300557.SZ,0.0,1800.0,26225446,0,26519956,2,0,2014,-9223372036854775808
2021-11-30 13:25:55.330,300557.SZ,0.0,100.0,26488326,0,26541258,2,0,2014,-9223372036854775808
2021-11-30 13:26:24.860,300557.SZ,28.79,100.0,26593204,26593211,26593212,1,0,2014,-9223372036854775808
2021-11-30 13:26:24.980,300557.SZ,0.0,300.0,0,26428822,26593416,2,0,2014,-9223372036854775808
2021-11-30 13:26:24.980,300557.SZ,0.0,300.0,0,26410156,26593417,2,0,2014,-9223372036854775808
2021-11-30 13:26:24.980,300557.SZ,0.0,100.0,0,26410157,26593418,2,0,2014,-9223372036854775808
2021-11-30 13:26:24.980,300557.SZ,0.0,100.0,0,26428814,26593419,2,0,2014,-9223372036854775808
2021-11-30 13:26:25.000,300557.SZ,28.79,100.0,26593458,26593213,26593459,1,0,2014,-9223372036854775808
2021-11-30 13:26:25.000,300557.SZ,28.79,100.0,26593458,26593214,26593460,1,0,2014,-9223372036854775808
2021-11-30 13:26:25.000,300557.SZ,28.79,100.0,26593458,26593215,26593461,1,0,2014,-9223372036854775808
2021-11-30 13:26:28.340,300557.SZ,28.79,100.0,26599342,26593216,26599343,1,0,2014,-9223372036854775808
2021-11-30 13:26:28.340,300557.SZ,0.0,100.0,0,26414751,26599349,2,0,2014,-9223372036854775808
2021-11-30 13:26:28.340,300557.SZ,28.79,100.0,26599350,26593217,26599351,1,0,2014,-9223372036854775808
2021-11-30 13:26:31.330,300557.SZ,28.79,100.0,26604057,26593218,26604058,1,0,2014,-9223372036854775808
2021-11-30 13:26:31.380,300557.SZ,0.0,500.0,0,26604059,26604121,2,0,2014,-9223372036854775808
2021-11-30 13:26:31.380,300557.SZ,0.0,1800.0,0,26604061,26604122,2,0,2014,-9223372036854775808
2021-11-30 13:26:31.380,300557.SZ,0.0,400.0,0,26604060,26604123,2,0,2014,-9223372036854775808
2021-11-30 13:26:31.380,300557.SZ,0.0,1000.0,0,26604062,26604124,2,0,2014,-9223372036854775808
2021-11-30 13:26:33.480,300557.SZ,28.79,100.0,26607351,26607358,26607359,1,0,2014,-9223372036854775808
2021-11-30 13:26:34.360,300557.SZ,28.78,500.0,26451026,26609243,26609244,1,0,2014,-9223372036854775808
2021-11-30 13:26:34.360,300557.SZ,28.78,200.0,26461949,26609243,26609245,1,0,2014,-9223372036854775808
2021-11-30 13:26:34.420,300557.SZ,28.79,100.0,26609400,26607360,26609401,1,0,2014,-9223372036854775808
2021-11-30 13:26:37.360,300557.SZ,28.78,100.0,26535099,26614339,26614340,1,0,2014,-9223372036854775808
2021-11-30 13:26:37.360,300557.SZ,28.78,100.0,26535099,26614347,26614348,1,0,2014,-9223372036854775808
2021-11-30 13:26:40.350,300557.SZ,28.78,700.0,26535099,26618981,26618982,1,0,2014,-9223372036854775808
2021-11-30 13:26:40.350,300557.SZ,28.78,900.0,26535099,26618989,26618990,1,0,2014,-9223372036854775808
2021-11-30 13:26:43.270,300557.SZ,28.77,400.0,26410030,26623716,26623717,1,0,2014,-9223372036854775808
2021-11-30 13:26:43.530,300557.SZ,28.77,200.0,26424818,26624183,26624184,1,0,2014,-9223372036854775808
2021-11-30 13:26:46.760,300557.SZ,0.0,600.0,0,26618989,26629354,2,0,2014,-9223372036854775808
2021-11-30 13:26:58.090,300557.SZ,28.77,100.0,26648212,26624183,26648213,1,0,2014,-9223372036854775808
2021-11-30 13:26:58.560,300557.SZ,28.77,100.0,26649177,26624183,26649178,1,0,2014,-9223372036854775808
2021-11-30 13:26:58.640,300557.SZ,28.77,100.0,26649418,26624183,26649419,1,0,2014,-9223372036854775808
2021-11-30 13:26:58.660,300557.SZ,28.77,100.0,26649629,26624183,26649630,1,0,2014,-9223372036854775808
2021-11-30 13:26:58.760,300557.SZ,28.77,600.0,26649730,26624183,26649731,1,0,2014,-9223372036854775808
2021-11-30 13:26:58.780,300557.SZ,0.0,100.0,26631120,0,26649756,2,0,2014,-9223372036854775808
2021-11-30 13:26:58.780,300557.SZ,0.0,100.0,26631121,0,26649757,2,0,2014,-9223372036854775808
2021-11-30 13:27:00.400,300557.SZ,0.0,100.0,26651785,0,26652394,2,0,2014,-9223372036854775808
2021-11-30 13:27:00.400,300557.SZ,0.0,100.0,26651757,0,26652395,2,0,2014,-9223372036854775808
2021-11-30 13:27:02.460,300557.SZ,0.0,2000.0,0,19063083,26656330,2,0,2014,-9223372036854775808
2021-11-30 13:27:04.370,300557.SZ,28.78,100.0,26652369,26660692,26660693,1,0,2014,-9223372036854775808
2021-11-30 13:27:04.370,300557.SZ,28.78,100.0,26652369,26660694,26660695,1,0,2014,-9223372036854775808
2021-11-30 13:27:12.340,300557.SZ,0.0,5000.0,0,25199770,26676506,2,0,2014,-9223372036854775808
2021-11-30 13:27:34.050,300557.SZ,28.78,700.0,26652369,26713784,26713785,1,0,2014,-9223372036854775808
2021-11-30 13:27:34.050,300557.SZ,28.78,100.0,26654407,26713784,26713786,1,0,2014,-9223372036854775808
2021-11-30 13:27:34.050,300557.SZ,28.78,100.0,26654408,26713784,26713787,1,0,2014,-9223372036854775808
2021-11-30 13:27:34.050,300557.SZ,28.77,1600.0,26649730,26713784,26713788,1,0,2014,-9223372036854775808
2021-11-30 13:27:34.050,300557.SZ,28.77,100.0,26654373,26713784,26713789,1,0,2014,-9223372036854775808
2021-11-30 13:27:34.050,300557.SZ,28.76,100.0,26019027,26713784,26713790,1,0,2014,-9223372036854775808
2021-11-30 13:27:34.050,300557.SZ,28.76,400.0,26125885,26713784,26713791,1,0,2014,-9223372036854775808
2021-11-30 13:27:34.050,300557.SZ,28.76,1900.0,26488324,26713784,26713792,1,0,2014,-9223372036854775808
2021-11-30 13:27:34.120,300557.SZ,28.76,2700.0,26488324,26713969,26713970,1,0,2014,-9223372036854775808
2021-11-30 13:27:34.120,300557.SZ,0.0,400.0,0,26604115,26713971,2,0,2014,-9223372036854775808
2021-11-30 13:27:34.120,300557.SZ,0.0,400.0,0,26604116,26713972,2,0,2014,-9223372036854775808
2021-11-30 13:27:34.130,300557.SZ,28.76,400.0,26488324,26714004,26714005,1,0,2014,-9223372036854775808
2021-11-30 13:27:34.130,300557.SZ,28.76,400.0,26488324,26714006,26714007,1,0,2014,-9223372036854775808
2021-11-30 13:27:34.170,300557.SZ,28.76,1300.0,26488324,26714099,26714100,1,0,2014,-9223372036854775808
2021-11-30 13:27:47.270,300557.SZ,0.0,600.0,0,26719689,26735666,2,0,2014,-9223372036854775808
2021-11-30 13:27:51.030,300557.SZ,28.78,200.0,26742876,26714554,26742877,1,0,2014,-9223372036854775808
2021-11-30 13:27:51.030,300557.SZ,28.78,900.0,26742876,26714741,26742878,1,0,2014,-9223372036854775808
2021-11-30 13:27:51.030,300557.SZ,28.78,100.0,26742876,26714846,26742879,1,0,2014,-9223372036854775808
2021-11-30 13:27:51.030,300557.SZ,28.78,300.0,26742876,26720572,26742880,1,0,2014,-9223372036854775808
2021-11-30 13:27:51.040,300557.SZ,0.0,100.0,0,26714104,26742889,2,0,2014,-9223372036854775808
2021-11-30 13:30:00.530,300557.SZ,28.78,400.0,26742876,27011922,27011923,1,0,2014,-9223372036854775808
2021-11-30 13:30:04.460,300557.SZ,28.78,100.0,26742876,27026559,27026560,1,0,2014,-9223372036854775808
2021-11-30 13:30:04.460,300557.SZ,28.78,100.0,26742876,27026561,27026562,1,0,2014,-9223372036854775808
2021-11-30 13:30:19.150,300557.SZ,0.0,1000.0,25960882,0,27077409,2,0,2014,-9223372036854775808
2021-11-30 13:30:19.150,300557.SZ,0.0,1500.0,25963635,0,27077411,2,0,2014,-9223372036854775808
2021-11-30 13:30:30.930,300557.SZ,0.0,700.0,0,26710056,27104649,2,0,2014,-9223372036854775808
2021-11-30 13:30:31.650,300557.SZ,0.0,1000.0,0,27104666,27106607,2,0,2014,-9223372036854775808
2021-11-30 13:30:31.650,300557.SZ,0.0,400.0,0,27104668,27106608,2,0,2014,-9223372036854775808
2021-11-30 13:30:31.650,300557.SZ,0.0,1800.0,0,27104667,27106609,2,0,2014,-9223372036854775808
2021-11-30 13:30:31.650,300557.SZ,0.0,500.0,0,27104669,27106610,2,0,2014,-9223372036854775808
2021-11-30 13:30:31.650,300557.SZ,0.0,100.0,0,27104670,27106611,2,0,2014,-9223372036854775808
2021-11-30 13:30:31.650,300557.SZ,0.0,100.0,0,27104671,27106612,2,0,2014,-9223372036854775808
2021-11-30 13:30:31.650,300557.SZ,0.0,100.0,0,27104672,27106613,2,0,2014,-9223372036854775808
2021-11-30 13:30:34.390,300557.SZ,28.77,100.0,27103197,27113688,27113689,1,0,2014,-9223372036854775808
2021-11-30 13:30:39.800,300557.SZ,28.76,700.0,26722327,27124495,27124496,1,0,2014,-9223372036854775808
2021-11-30 13:30:44.330,300557.SZ,0.0,600.0,227505,0,27134224,2,0,2014,-9223372036854775808
2021-11-30 13:31:45.390,300557.SZ,0.0,200.0,2622925,0,27262402,2,0,2014,-9223372036854775808
2021-11-30 13:32:52.000,300557.SZ,0.0,2200.0,27080284,0,27398280,2,0,2014,-9223372036854775808
2021-11-30 13:33:13.870,300557.SZ,28.78,300.0,27384365,27449320,27449321,1,0,2014,-9223372036854775808
2021-11-30 13:33:14.030,300557.SZ,28.78,100.0,27449550,27449320,27449551,1,0,2014,-9223372036854775808
2021-11-30 13:33:18.700,300557.SZ,28.78,100.0,27460480,27449320,27460481,1,0,2014,-9223372036854775808
2021-11-30 13:33:18.740,300557.SZ,0.0,200.0,27262532,0,27460550,2,0,2014,-9223372036854775808
2021-11-30 13:33:19.280,300557.SZ,0.0,500.0,0,5425579,27462059,2,0,2014,-9223372036854775808
2021-11-30 13:33:20.530,300557.SZ,28.77,200.0,27334635,27464891,27464892,1,0,2014,-9223372036854775808
2021-11-30 13:33:27.090,300557.SZ,28.77,100.0,27477920,27464891,27477921,1,0,2014,-9223372036854775808
2021-11-30 13:33:45.520,300557.SZ,28.78,100.0,27519251,27449320,27519252,1,0,2014,-9223372036854775808
2021-11-30 13:33:45.530,300557.SZ,28.78,100.0,27519254,27449320,27519255,1,0,2014,-9223372036854775808
2021-11-30 13:33:45.530,300557.SZ,28.78,100.0,27519256,27449320,27519257,1,0,2014,-9223372036854775808
2021-11-30 13:33:45.530,300557.SZ,28.78,100.0,27519259,27449320,27519260,1,0,2014,-9223372036854775808
2021-11-30 13:33:45.640,300557.SZ,28.78,100.0,27519505,27449320,27519506,1,0,2014,-9223372036854775808
2021-11-30 13:33:45.720,300557.SZ,28.78,100.0,27519702,27455392,27519703,1,0,2014,-9223372036854775808
2021-11-30 13:33:45.720,300557.SZ,28.78,100.0,27519704,27462812,27519705,1,0,2014,-9223372036854775808
2021-11-30 13:33:45.770,300557.SZ,28.78,100.0,27519840,27462812,27519841,1,0,2014,-9223372036854775808
2021-11-30 13:33:46.060,300557.SZ,28.78,100.0,27520587,27462812,27520588,1,0,2014,-9223372036854775808
2021-11-30 13:33:46.060,300557.SZ,28.78,100.0,27520589,27462812,27520590,1,0,2014,-9223372036854775808
2021-11-30 13:33:46.060,300557.SZ,28.78,100.0,27520592,27462812,27520593,1,0,2014,-9223372036854775808
2021-11-30 13:33:46.210,300557.SZ,28.79,200.0,27521015,27456320,27521016,1,0,2014,-9223372036854775808
2021-11-30 13:33:46.210,300557.SZ,28.79,100.0,27521015,27460470,27521017,1,0,2014,-9223372036854775808
2021-11-30 13:33:46.400,300557.SZ,28.79,100.0,27521644,27460470,27521645,1,0,2014,-9223372036854775808
2021-11-30 13:33:46.770,300557.SZ,28.83,100.0,27522494,27106602,27522495,1,0,2014,-9223372036854775808
2021-11-30 13:33:48.000,300557.SZ,0.0,100.0,27522079,0,27524469,2,0,2014,-9223372036854775808
2021-11-30 13:33:48.570,300557.SZ,28.83,100.0,27525494,27106602,27525495,1,0,2014,-9223372036854775808
2021-11-30 13:34:04.650,300557.SZ,0.0,100.0,27526909,0,27557599,2,0,2014,-9223372036854775808
2021-11-30 13:34:17.600,300557.SZ,0.0,500.0,0,27580618,27586761,2,0,2014,-9223372036854775808
2021-11-30 13:34:41.150,300557.SZ,0.0,400.0,0,26393182,27628515,2,0,2014,-9223372036854775808
2021-11-30 13:34:49.570,300557.SZ,28.78,100.0,27520746,27644264,27644265,1,0,2014,-9223372036854775808
2021-11-30 13:34:56.090,300557.SZ,28.82,100.0,27657349,27656088,27657350,1,0,2014,-9223372036854775808
2021-11-30 13:34:56.090,300557.SZ,28.82,100.0,27657349,27656092,27657351,1,0,2014,-9223372036854775808
2021-11-30 13:34:56.090,300557.SZ,28.83,800.0,27657349,27106602,27657352,1,0,2014,-9223372036854775808
2021-11-30 13:35:12.110,300557.SZ,0.0,200.0,0,22962000,27690212,2,0,2014,-9223372036854775808
2021-11-30 13:36:10.770,300557.SZ,0.0,5000.0,0,27764084,27790727,2,0,2014,-9223372036854775808
2021-11-30 13:36:20.630,300557.SZ,28.78,300.0,27662428,27809694,27809695,1,0,2014,-9223372036854775808
2021-11-30 13:36:48.600,300557.SZ,28.78,700.0,27858525,27809694,27858526,1,0,2014,-9223372036854775808
2021-11-30 13:36:50.560,300557.SZ,0.0,100.0,27821433,0,27862094,2,0,2014,-9223372036854775808
2021-11-30 13:36:50.640,300557.SZ,0.0,100.0,27847019,0,27862210,2,0,2014,-9223372036854775808
2021-11-30 13:37:03.330,300557.SZ,28.82,100.0,27890322,27772417,27890323,1,0,2014,-9223372036854775808
2021-11-30 13:37:04.130,300557.SZ,28.83,100.0,27892893,27106602,27892894,1,0,2014,-9223372036854775808
2021-11-30 13:37:04.130,300557.SZ,28.83,100.0,27892895,27106602,27892896,1,0,2014,-9223372036854775808
2021-11-30 13:37:20.420,300557.SZ,0.0,2300.0,26722327,0,27925857,2,0,2014,-9223372036854775808
2021-11-30 13:37:33.690,300557.SZ,28.83,900.0,27947480,27106602,27947481,1,0,2014,-9223372036854775808
2021-11-30 13:37:33.690,300557.SZ,0.0,100.0,27942142,0,27947494,2,0,2014,-9223372036854775808
2021-11-30 13:37:33.700,300557.SZ,28.84,100.0,27947498,27947500,27947501,1,0,2014,-9223372036854775808
2021-11-30 13:37:33.700,300557.SZ,0.0,400.0,0,27947486,27947502,2,0,2014,-9223372036854775808
2021-11-30 13:37:33.700,300557.SZ,0.0,1000.0,0,27947485,27947503,2,0,2014,-9223372036854775808
2021-11-30 13:37:33.700,300557.SZ,0.0,1400.0,0,27947488,27947504,2,0,2014,-9223372036854775808
2021-11-30 13:37:33.700,300557.SZ,0.0,400.0,0,27947489,27947505,2,0,2014,-9223372036854775808
2021-11-30 13:37:33.700,300557.SZ,0.0,500.0,0,27947487,27947506,2,0,2014,-9223372036854775808
2021-11-30 13:37:34.340,300557.SZ,28.83,100.0,27947480,27949213,27949214,1,0,2014,-9223372036854775808
2021-11-30 13:37:37.350,300557.SZ,28.83,100.0,27947480,27954016,27954017,1,0,2014,-9223372036854775808
2021-11-30 13:37:37.350,300557.SZ,28.83,100.0,27947480,27954018,27954019,1,0,2014,-9223372036854775808
2021-11-30 13:37:37.350,300557.SZ,28.83,100.0,27947480,27954022,27954023,1,0,2014,-9223372036854775808
2021-11-30 13:37:37.350,300557.SZ,0.0,1000.0,0,27949233,27954029,2,0,2014,-9223372036854775808
2021-11-30 13:37:37.350,300557.SZ,0.0,400.0,0,27949232,27954030,2,0,2014,-9223372036854775808
2021-11-30 13:37:37.350,300557.SZ,0.0,900.0,0,27949235,27954031,2,0,2014,-9223372036854775808
2021-11-30 13:37:37.350,300557.SZ,0.0,1400.0,0,27949234,27954032,2,0,2014,-9223372036854775808
2021-11-30 13:37:37.350,300557.SZ,28.83,300.0,27947480,27954041,27954042,1,0,2014,-9223372036854775808
2021-11-30 13:37:47.400,300557.SZ,0.0,200.0,0,27954090,27971338,2,0,2014,-9223372036854775808
2021-11-30 13:38:05.410,300557.SZ,0.0,100.0,27892299,0,28003439,2,0,2014,-9223372036854775808
2021-11-30 13:38:05.950,300557.SZ,0.0,100.0,27890515,0,28004260,2,0,2014,-9223372036854775808
2021-11-30 13:38:06.330,300557.SZ,28.83,300.0,28004878,27954041,28004879,1,0,2014,-9223372036854775808
2021-11-30 13:38:06.330,300557.SZ,28.83,100.0,28004878,27954111,28004880,1,0,2014,-9223372036854775808
2021-11-30 13:38:21.340,300557.SZ,28.83,100.0,28035357,27954135,28035358,1,0,2014,-9223372036854775808
2021-11-30 13:38:21.340,300557.SZ,28.83,100.0,28035357,27954607,28035359,1,0,2014,-9223372036854775808
2021-11-30 13:38:21.350,300557.SZ,0.0,400.0,0,28004881,28035363,2,0,2014,-9223372036854775808
2021-11-30 13:38:21.350,300557.SZ,0.0,100.0,0,28004886,28035364,2,0,2014,-9223372036854775808
2021-11-30 13:38:21.350,300557.SZ,0.0,100.0,0,28004887,28035365,2,0,2014,-9223372036854775808
2021-11-30 13:38:21.350,300557.SZ,0.0,1400.0,0,28004883,28035366,2,0,2014,-9223372036854775808
2021-11-30 13:38:21.350,300557.SZ,0.0,100.0,0,28004888,28035367,2,0,2014,-9223372036854775808
2021-11-30 13:38:21.350,300557.SZ,0.0,1000.0,0,28004882,28035368,2,0,2014,-9223372036854775808
2021-11-30 13:38:21.350,300557.SZ,0.0,900.0,0,28004884,28035369,2,0,2014,-9223372036854775808
2021-11-30 13:38:25.390,300557.SZ,28.83,100.0,28035357,28043637,28043638,1,0,2014,-9223372036854775808
2021-11-30 13:38:26.160,300557.SZ,28.83,100.0,28035357,28045299,28045300,1,0,2014,-9223372036854775808
2021-11-30 13:38:28.040,300557.SZ,0.0,100.0,0,28045299,28048905,2,0,2014,-9223372036854775808
2021-11-30 13:38:33.070,300557.SZ,0.0,700.0,0,28035419,28059842,2,0,2014,-9223372036854775808
2021-11-30 13:38:58.710,300557.SZ,0.0,500.0,25933480,0,28107452,2,0,2014,-9223372036854775808
2021-11-30 13:38:58.710,300557.SZ,0.0,1000.0,0,28059852,28107457,2,0,2014,-9223372036854775808
2021-11-30 13:38:58.710,300557.SZ,0.0,400.0,0,28059851,28107458,2,0,2014,-9223372036854775808
2021-11-30 13:38:58.710,300557.SZ,0.0,900.0,0,28059853,28107459,2,0,2014,-9223372036854775808
2021-11-30 13:38:58.710,300557.SZ,0.0,1400.0,0,28059854,28107460,2,0,2014,-9223372036854775808
2021-11-30 13:39:07.510,300557.SZ,0.0,1000.0,0,28125940,28125946,2,0,2014,-9223372036854775808
2021-11-30 13:39:07.510,300557.SZ,0.0,1400.0,0,28125942,28125947,2,0,2014,-9223372036854775808
2021-11-30 13:39:07.510,300557.SZ,0.0,900.0,0,28125941,28125948,2,0,2014,-9223372036854775808
2021-11-30 13:39:07.510,300557.SZ,0.0,400.0,0,28125939,28125949,2,0,2014,-9223372036854775808
2021-11-30 13:39:24.510,300557.SZ,0.0,1000.0,0,28158287,28158293,2,0,2014,-9223372036854775808
2021-11-30 13:39:24.510,300557.SZ,0.0,1400.0,0,28158286,28158294,2,0,2014,-9223372036854775808
2021-11-30 13:39:24.510,300557.SZ,0.0,400.0,0,28158288,28158295,2,0,2014,-9223372036854775808
2021-11-30 13:39:24.510,300557.SZ,0.0,900.0,0,28158289,28158296,2,0,2014,-9223372036854775808
2021-11-30 13:39:31.740,300557.SZ,0.0,700.0,0,28164387,28172814,2,0,2014,-9223372036854775808
2021-11-30 13:39:31.740,300557.SZ,0.0,400.0,0,28164386,28172817,2,0,2014,-9223372036854775808
2021-11-30 13:39:50.200,300557.SZ,28.88,200.0,28203537,28158272,28203538,1,0,2014,-9223372036854775808
2021-11-30 13:40:12.070,300557.SZ,0.0,100.0,0,28246301,28254419,2,0,2014,-9223372036854775808
2021-11-30 13:40:13.700,300557.SZ,28.84,300.0,28218677,28259107,28259108,1,0,2014,-9223372036854775808
2021-11-30 13:40:30.050,300557.SZ,0.0,100.0,18683268,0,28292414,2,0,2014,-9223372036854775808
2021-11-30 13:41:05.220,300557.SZ,0.0,400.0,0,28347914,28355875,2,0,2014,-9223372036854775808
2021-11-30 13:41:18.280,300557.SZ,0.0,300.0,0,320456,28384132,2,0,2014,-9223372036854775808
2021-11-30 13:41:25.760,300557.SZ,0.0,400.0,0,28362165,28400080,2,0,2014,-9223372036854775808
2021-11-30 13:41:35.940,300557.SZ,0.0,100.0,0,28374184,28419410,2,0,2014,-9223372036854775808
2021-11-30 13:41:35.940,300557.SZ,28.84,100.0,28218677,28419412,28419413,1,0,2014,-9223372036854775808
2021-11-30 13:41:46.230,300557.SZ,0.0,400.0,0,28402869,28439000,2,0,2014,-9223372036854775808
2021-11-30 13:41:57.000,300557.SZ,28.83,300.0,28125928,28459135,28459136,1,0,2014,-9223372036854775808
2021-11-30 13:41:57.060,300557.SZ,28.83,300.0,28125928,28459271,28459272,1,0,2014,-9223372036854775808
2021-11-30 13:41:57.060,300557.SZ,28.83,100.0,28125928,28459273,28459274,1,0,2014,-9223372036854775808
2021-11-30 13:42:01.700,300557.SZ,28.83,200.0,28164383,28468817,28468818,1,0,2014,-9223372036854775808
2021-11-30 13:42:06.840,300557.SZ,0.0,400.0,0,28441742,28481923,2,0,2014,-9223372036854775808
2021-11-30 13:42:07.000,300557.SZ,28.83,100.0,28164383,28482358,28482359,1,0,2014,-9223372036854775808
2021-11-30 13:42:19.470,300557.SZ,0.0,200.0,0,4158761,28513656,2,0,2014,-9223372036854775808
2021-11-30 13:42:19.680,300557.SZ,28.79,100.0,27997658,28514054,28514055,1,0,2014,-9223372036854775808
2021-11-30 13:42:22.390,300557.SZ,28.85,100.0,28519259,28459266,28519260,1,0,2014,-9223372036854775808
2021-11-30 13:42:27.350,300557.SZ,0.0,400.0,0,28485520,28529088,2,0,2014,-9223372036854775808
2021-11-30 13:42:41.100,300557.SZ,0.0,2000.0,27861913,0,28557356,2,0,2014,-9223372036854775808
2021-11-30 13:42:47.660,300557.SZ,0.0,400.0,0,28532270,28572311,2,0,2014,-9223372036854775808
2021-11-30 13:43:08.070,300557.SZ,0.0,400.0,0,28574266,28612206,2,0,2014,-9223372036854775808
2021-11-30 13:43:13.520,300557.SZ,0.0,100.0,0,28361072,28623209,2,0,2014,-9223372036854775808
2021-11-30 13:43:28.260,300557.SZ,0.0,400.0,0,28613675,28649736,2,0,2014,-9223372036854775808
2021-11-30 13:43:48.430,300557.SZ,0.0,400.0,0,28650791,28686174,2,0,2014,-9223372036854775808
2021-11-30 13:44:31.950,300557.SZ,28.8,200.0,28774204,28612906,28774205,1,0,2014,-9223372036854775808
2021-11-30 13:44:32.080,300557.SZ,28.8,100.0,28774566,28612906,28774567,1,0,2014,-9223372036854775808
2021-11-30 13:44:36.280,300557.SZ,28.79,100.0,27997658,28782427,28782428,1,0,2014,-9223372036854775808
2021-11-30 13:44:38.760,300557.SZ,0.0,200.0,0,28771791,28787640,2,0,2014,-9223372036854775808
2021-11-30 13:44:48.830,300557.SZ,28.79,100.0,28806025,28805407,28806026,1,0,2014,-9223372036854775808
2021-11-30 13:44:52.350,300557.SZ,28.79,100.0,28813273,28805407,28813274,1,0,2014,-9223372036854775808
2021-11-30 13:44:52.390,300557.SZ,0.0,100.0,28790792,0,28813395,2,0,2014,-9223372036854775808
2021-11-30 13:44:52.500,300557.SZ,0.0,100.0,0,28796618,28813595,2,0,2014,-9223372036854775808
2021-11-30 13:45:14.090,300557.SZ,28.79,100.0,28813275,28864225,28864226,1,0,2014,-9223372036854775808
2021-11-30 13:45:27.830,300557.SZ,28.77,500.0,27477920,28892815,28892816,1,0,2014,-9223372036854775808
2021-11-30 13:45:49.640,300557.SZ,0.0,100.0,25946959,0,28937380,2,0,2014,-9223372036854775808
2021-11-30 13:46:09.050,300557.SZ,0.0,100.0,0,28529106,28980328,2,0,2014,-9223372036854775808
2021-11-30 13:46:12.090,300557.SZ,0.0,100.0,0,28254420,28986842,2,0,2014,-9223372036854775808
2021-11-30 13:46:21.340,300557.SZ,0.0,1600.0,0,26554709,29008568,2,0,2014,-9223372036854775808
2021-11-30 13:47:04.590,300557.SZ,0.0,100.0,29025795,0,29095703,2,0,2014,-9223372036854775808
2021-11-30 13:47:05.990,300557.SZ,0.0,600.0,13945265,0,29099420,2,0,2014,-9223372036854775808
2021-11-30 13:47:09.480,300557.SZ,0.0,600.0,0,28701790,29109574,2,0,2014,-9223372036854775808
2021-11-30 13:47:10.550,300557.SZ,28.79,100.0,29112668,29107491,29112669,1,0,2014,-9223372036854775808
2021-11-30 13:47:13.300,300557.SZ,28.78,200.0,28923400,29119633,29119634,1,0,2014,-9223372036854775808
2021-11-30 13:47:13.300,300557.SZ,28.78,100.0,28956708,29119633,29119635,1,0,2014,-9223372036854775808
2021-11-30 13:47:13.300,300557.SZ,28.78,600.0,29025589,29119633,29119636,1,0,2014,-9223372036854775808
2021-11-30 13:47:13.570,300557.SZ,0.0,100.0,0,28819050,29120479,2,0,2014,-9223372036854775808
2021-11-30 13:47:15.960,300557.SZ,28.78,400.0,29025589,29126494,29126495,1,0,2014,-9223372036854775808
2021-11-30 13:47:19.390,300557.SZ,28.78,100.0,29137573,29126494,29137574,1,0,2014,-9223372036854775808
2021-11-30 13:47:35.800,300557.SZ,28.77,1000.0,27477920,29181200,29181201,1,0,2014,-9223372036854775808
2021-11-30 13:47:35.810,300557.SZ,28.77,100.0,27477920,29181204,29181205,1,0,2014,-9223372036854775808
2021-11-30 13:47:46.610,300557.SZ,28.77,900.0,27477920,29211512,29211513,1,0,2014,-9223372036854775808
2021-11-30 13:47:46.610,300557.SZ,28.77,400.0,27477920,29211525,29211526,1,0,2014,-9223372036854775808
2021-11-30 13:47:46.610,300557.SZ,28.77,1000.0,29007733,29211527,29211528,1,0,2014,-9223372036854775808
2021-11-30 13:47:46.610,300557.SZ,28.77,200.0,29007733,29211529,29211530,1,0,2014,-9223372036854775808
2021-11-30 13:47:46.610,300557.SZ,28.77,100.0,29129117,29211529,29211531,1,0,2014,-9223372036854775808
2021-11-30 13:47:46.820,300557.SZ,28.75,100.0,25963919,29212019,29212020,1,0,2014,-9223372036854775808
2021-11-30 13:47:46.820,300557.SZ,28.75,200.0,27158249,29212019,29212021,1,0,2014,-9223372036854775808
2021-11-30 13:47:46.820,300557.SZ,0.0,1500.0,0,29211532,29212024,2,0,2014,-9223372036854775808
2021-11-30 13:47:46.830,300557.SZ,0.0,100.0,0,28986843,29212044,2,0,2014,-9223372036854775808
2021-11-30 13:47:54.150,300557.SZ,28.75,500.0,29236464,29237025,29237026,1,0,2014,-9223372036854775808
2021-11-30 13:47:54.680,300557.SZ,0.0,500.0,0,29206203,29238510,2,0,2014,-9223372036854775808
2021-11-30 13:47:57.860,300557.SZ,0.0,700.0,0,29211545,29247405,2,0,2014,-9223372036854775808
2021-11-30 13:47:57.860,300557.SZ,0.0,100.0,0,29211529,29247406,2,0,2014,-9223372036854775808
2021-11-30 13:47:57.860,300557.SZ,0.0,500.0,0,29211533,29247407,2,0,2014,-9223372036854775808
2021-11-30 13:47:57.860,300557.SZ,0.0,200.0,0,29211546,29247408,2,0,2014,-9223372036854775808
2021-11-30 13:47:57.860,300557.SZ,0.0,100.0,0,29211539,29247409,2,0,2014,-9223372036854775808
2021-11-30 13:47:57.860,300557.SZ,0.0,100.0,0,29211538,29247411,2,0,2014,-9223372036854775808
2021-11-30 13:47:57.860,300557.SZ,0.0,400.0,0,29211534,29247412,2,0,2014,-9223372036854775808
2021-11-30 13:47:57.870,300557.SZ,0.0,1000.0,28939977,0,29247453,2,0,2014,-9223372036854775808
2021-11-30 13:48:02.360,300557.SZ,0.0,1000.0,25120622,0,29265652,2,0,2014,-9223372036854775808
2021-11-30 13:48:02.430,300557.SZ,28.74,2000.0,25943334,29265814,29265815,1,0,2014,-9223372036854775808
2021-11-30 13:48:02.630,300557.SZ,28.72,300.0,26407506,29267252,29267253,1,0,2014,-9223372036854775808
2021-11-30 13:48:02.640,300557.SZ,0.0,100.0,0,29212077,29267281,2,0,2014,-9223372036854775808
2021-11-30 13:48:02.640,300557.SZ,0.0,100.0,0,29212076,29267282,2,0,2014,-9223372036854775808
2021-11-30 13:48:02.640,300557.SZ,0.0,100.0,0,29212083,29267295,2,0,2014,-9223372036854775808
2021-11-30 13:48:02.640,300557.SZ,0.0,100.0,0,29212084,29267296,2,0,2014,-9223372036854775808
2021-11-30 13:48:02.640,300557.SZ,0.0,100.0,0,29212045,29267306,2,0,2014,-9223372036854775808
2021-11-30 13:48:06.380,300557.SZ,0.0,600.0,28864221,0,29286921,2,0,2014,-9223372036854775808
2021-11-30 13:48:07.240,300557.SZ,0.0,1500.0,28939978,0,29292040,2,0,2014,-9223372036854775808
2021-11-30 13:48:08.190,300557.SZ,0.0,100.0,0,29291767,29297304,2,0,2014,-9223372036854775808
2021-11-30 13:48:08.190,300557.SZ,28.71,100.0,25869331,29297350,29297351,1,0,2014,-9223372036854775808
2021-11-30 13:48:08.340,300557.SZ,28.7,100.0,26928664,29298154,29298155,1,0,2014,-9223372036854775808
2021-11-30 13:48:09.470,300557.SZ,0.0,1200.0,0,27857250,29303418,2,0,2014,-9223372036854775808
2021-11-30 13:48:09.500,300557.SZ,0.0,400.0,0,29303478,29303518,2,0,2014,-9223372036854775808
2021-11-30 13:48:10.680,300557.SZ,0.0,100.0,0,29137725,29311783,2,0,2014,-9223372036854775808
2021-11-30 13:48:13.570,300557.SZ,28.7,100.0,26928664,29323066,29323067,1,0,2014,-9223372036854775808
2021-11-30 13:48:13.580,300557.SZ,28.7,100.0,26928664,29323069,29323070,1,0,2014,-9223372036854775808
2021-11-30 13:48:15.140,300557.SZ,0.0,500.0,0,29247393,29328236,2,0,2014,-9223372036854775808
2021-11-30 13:48:26.520,300557.SZ,0.0,100.0,0,29318436,29364121,2,0,2014,-9223372036854775808
2021-11-30 13:48:31.440,300557.SZ,28.7,100.0,29378393,29331044,29378394,1,0,2014,-9223372036854775808
2021-11-30 13:48:35.360,300557.SZ,0.0,400.0,0,29331044,29389568,2,0,2014,-9223372036854775808
2021-11-30 13:48:38.140,300557.SZ,28.7,400.0,29397369,29384986,29397370,1,0,2014,-9223372036854775808
2021-11-30 13:48:38.140,300557.SZ,28.7,400.0,29397369,29390993,29397371,1,0,2014,-9223372036854775808
2021-11-30 13:48:38.150,300557.SZ,28.73,100.0,29397394,29303479,29397395,1,0,2014,-9223372036854775808
2021-11-30 13:48:39.560,300557.SZ,0.0,25000.0,0,27410390,29400602,2,0,2014,-9223372036854775808
2021-11-30 13:48:55.290,300557.SZ,0.0,200.0,0,12912938,29444301,2,0,2014,-9223372036854775808
2021-11-30 13:48:56.280,300557.SZ,28.73,200.0,29447407,29303554,29447408,1,0,2014,-9223372036854775808
2021-11-30 13:48:57.510,300557.SZ,28.7,700.0,29397369,29450894,29450895,1,0,2014,-9223372036854775808
2021-11-30 13:49:17.740,300557.SZ,28.7,200.0,29397369,29515661,29515662,1,0,2014,-9223372036854775808
2021-11-30 13:49:25.120,300557.SZ,28.7,100.0,29397369,29535689,29535690,1,0,2014,-9223372036854775808
2021-11-30 13:49:28.230,300557.SZ,0.0,300.0,0,7392471,29544064,2,0,2014,-9223372036854775808
2021-11-30 13:49:29.030,300557.SZ,28.7,2000.0,29397369,29546328,29546329,1,0,2014,-9223372036854775808
2021-11-30 13:49:29.050,300557.SZ,0.0,100.0,0,29267307,29546427,2,0,2014,-9223372036854775808
2021-11-30 13:49:29.060,300557.SZ,0.0,100.0,0,29291943,29546436,2,0,2014,-9223372036854775808
2021-11-30 13:49:29.060,300557.SZ,0.0,100.0,0,29291959,29546437,2,0,2014,-9223372036854775808
2021-11-30 13:49:29.080,300557.SZ,0.0,100.0,0,29303554,29546528,2,0,2014,-9223372036854775808
2021-11-30 13:49:29.080,300557.SZ,28.7,100.0,29397369,29546529,29546530,1,0,2014,-9223372036854775808
2021-11-30 13:49:31.060,300557.SZ,0.0,300.0,0,28172813,29551920,2,0,2014,-9223372036854775808
2021-11-30 13:49:33.040,300557.SZ,0.0,100.0,0,29267316,29557465,2,0,2014,-9223372036854775808
2021-11-30 13:49:33.080,300557.SZ,0.0,100.0,0,29546429,29557575,2,0,2014,-9223372036854775808
2021-11-30 13:49:33.080,300557.SZ,0.0,300.0,0,29546428,29557577,2,0,2014,-9223372036854775808
2021-11-30 13:49:33.080,300557.SZ,28.7,100.0,29397369,29557578,29557579,1,0,2014,-9223372036854775808
2021-11-30 13:49:34.470,300557.SZ,28.7,100.0,29397369,29562146,29562147,1,0,2014,-9223372036854775808
2021-11-30 13:49:45.070,300557.SZ,0.0,100.0,0,28892830,29589386,2,0,2014,-9223372036854775808
2021-11-30 13:49:45.080,300557.SZ,0.0,100.0,0,29557581,29589401,2,0,2014,-9223372036854775808
2021-11-30 13:49:45.090,300557.SZ,0.0,200.0,0,29562215,29589440,2,0,2014,-9223372036854775808
2021-11-30 13:49:45.090,300557.SZ,0.0,100.0,0,29562214,29589442,2,0,2014,-9223372036854775808
2021-11-30 13:49:45.100,300557.SZ,0.0,100.0,0,29546487,29589466,2,0,2014,-9223372036854775808
2021-11-30 13:49:45.100,300557.SZ,0.0,100.0,0,29546485,29589468,2,0,2014,-9223372036854775808
2021-11-30 13:49:45.140,300557.SZ,0.0,100.0,0,29546483,29589549,2,0,2014,-9223372036854775808
2021-11-30 13:50:09.590,300557.SZ,0.0,1000.0,29331091,0,29664619,2,0,2014,-9223372036854775808
2021-11-30 13:50:17.190,300557.SZ,0.0,3000.0,0,29265814,29697823,2,0,2014,-9223372036854775808
2021-11-30 13:50:20.180,300557.SZ,0.0,200.0,0,6313628,29707650,2,0,2014,-9223372036854775808
2021-11-30 13:50:20.310,300557.SZ,28.7,300.0,29397369,29708038,29708039,1,0,2014,-9223372036854775808
2021-11-30 13:50:35.670,300557.SZ,28.69,300.0,29625821,29752361,29752362,1,0,2014,-9223372036854775808
2021-11-30 13:50:36.160,300557.SZ,28.69,200.0,29625821,29753574,29753575,1,0,2014,-9223372036854775808
2021-11-30 13:50:53.310,300557.SZ,28.68,500.0,14907021,29799381,29799382,1,0,2014,-9223372036854775808
2021-11-30 13:50:53.310,300557.SZ,28.68,400.0,26724522,29799381,29799383,1,0,2014,-9223372036854775808
2021-11-30 13:50:53.310,300557.SZ,28.68,2000.0,29388966,29799381,29799384,1,0,2014,-9223372036854775808
2021-11-30 13:50:53.310,300557.SZ,28.68,100.0,29799401,29799381,29799402,1,0,2014,-9223372036854775808
2021-11-30 13:50:58.590,300557.SZ,0.0,100.0,0,29323051,29815673,2,0,2014,-9223372036854775808
2021-11-30 13:51:03.700,300557.SZ,28.69,200.0,29830296,29804727,29830297,1,0,2014,-9223372036854775808
2021-11-30 13:51:07.420,300557.SZ,28.69,100.0,29844158,29833998,29844159,1,0,2014,-9223372036854775808
2021-11-30 13:51:07.440,300557.SZ,0.0,100.0,0,29573973,29844186,2,0,2014,-9223372036854775808
2021-11-30 13:51:07.440,300557.SZ,0.0,100.0,0,29267283,29844187,2,0,2014,-9223372036854775808
2021-11-30 13:51:07.440,300557.SZ,0.0,200.0,0,29589388,29844198,2,0,2014,-9223372036854775808
2021-11-30 13:51:07.440,300557.SZ,0.0,300.0,0,29664659,29844204,2,0,2014,-9223372036854775808
2021-11-30 13:51:07.440,300557.SZ,0.0,300.0,0,29589441,29844214,2,0,2014,-9223372036854775808
2021-11-30 13:51:07.440,300557.SZ,0.0,100.0,0,29589511,29844227,2,0,2014,-9223372036854775808
2021-11-30 13:51:07.440,300557.SZ,0.0,100.0,0,29589492,29844228,2,0,2014,-9223372036854775808
2021-11-30 13:51:07.450,300557.SZ,0.0,100.0,0,29589562,29844243,2,0,2014,-9223372036854775808
2021-11-30 13:51:07.550,300557.SZ,0.0,100.0,29834512,0,29844653,2,0,2014,-9223372036854775808
2021-11-30 13:51:22.900,300557.SZ,0.0,200.0,29844493,0,29901235,2,0,2014,-9223372036854775808
2021-11-30 13:51:36.420,300557.SZ,0.0,200.0,29875009,0,29938718,2,0,2014,-9223372036854775808
2021-11-30 13:52:09.050,300557.SZ,0.0,100.0,0,29267297,30017714,2,0,2014,-9223372036854775808
2021-11-30 13:52:09.050,300557.SZ,0.0,100.0,0,29267298,30017715,2,0,2014,-9223372036854775808
2021-11-30 13:52:09.860,300557.SZ,28.73,100.0,30019869,29389990,30019870,1,0,2014,-9223372036854775808
2021-11-30 13:52:09.860,300557.SZ,28.73,200.0,30019869,29557545,30019871,1,0,2014,-9223372036854775808
2021-11-30 13:52:25.420,300557.SZ,28.68,200.0,29974561,30057032,30057033,1,0,2014,-9223372036854775808
2021-11-30 13:52:25.420,300557.SZ,28.67,100.0,29844320,30057032,30057034,1,0,2014,-9223372036854775808
2021-11-30 13:52:25.420,300557.SZ,28.67,200.0,29906058,30057032,30057035,1,0,2014,-9223372036854775808
2021-11-30 13:52:25.420,300557.SZ,28.67,500.0,29934173,30057032,30057036,1,0,2014,-9223372036854775808
2021-11-30 13:52:25.420,300557.SZ,28.66,200.0,29830280,30057032,30057037,1,0,2014,-9223372036854775808
2021-11-30 13:52:26.490,300557.SZ,28.68,100.0,30059637,30059439,30059638,1,0,2014,-9223372036854775808
2021-11-30 13:52:56.260,300557.SZ,28.66,300.0,29830280,30126181,30126182,1,0,2014,-9223372036854775808
2021-11-30 13:52:58.510,300557.SZ,0.0,100.0,0,29126494,30130611,2,0,2014,-9223372036854775808
2021-11-30 13:53:20.420,300557.SZ,28.67,100.0,30129883,30180024,30180025,1,0,2014,-9223372036854775808
2021-11-30 13:53:20.530,300557.SZ,28.67,100.0,30129883,30180248,30180249,1,0,2014,-9223372036854775808
2021-11-30 13:53:26.670,300557.SZ,28.7,100.0,30191206,30191539,30191540,1,0,2014,-9223372036854775808
2021-11-30 13:54:02.490,300557.SZ,28.7,200.0,30191206,30260752,30260753,1,0,2014,-9223372036854775808
2021-11-30 13:54:41.560,300557.SZ,0.0,200.0,0,30322433,30343858,2,0,2014,-9223372036854775808
2021-11-30 13:55:02.630,300557.SZ,0.0,300.0,30204948,0,30384360,2,0,2014,-9223372036854775808
2021-11-30 13:55:03.610,300557.SZ,0.0,200.0,0,30356283,30386471,2,0,2014,-9223372036854775808
2021-11-30 13:55:06.740,300557.SZ,28.7,100.0,30393779,30393771,30393780,1,0,2014,-9223372036854775808
2021-11-30 13:55:24.000,300557.SZ,0.0,100.0,0,30393771,30427494,2,0,2014,-9223372036854775808
2021-11-30 13:55:35.080,300557.SZ,0.0,300.0,0,30417548,30451008,2,0,2014,-9223372036854775808
2021-11-30 13:55:37.920,300557.SZ,0.0,200.0,0,30454733,30456027,2,0,2014,-9223372036854775808
2021-11-30 13:55:43.340,300557.SZ,28.68,100.0,30343493,30466475,30466476,1,0,2014,-9223372036854775808
2021-11-30 13:55:43.340,300557.SZ,28.68,100.0,30360878,30466477,30466478,1,0,2014,-9223372036854775808
2021-11-30 13:55:43.520,300557.SZ,28.68,200.0,30360878,30466793,30466794,1,0,2014,-9223372036854775808
2021-11-30 13:55:43.540,300557.SZ,28.68,100.0,30360878,30466845,30466846,1,0,2014,-9223372036854775808
2021-11-30 13:55:43.770,300557.SZ,28.68,100.0,30360878,30467197,30467198,1,0,2014,-9223372036854775808
2021-11-30 13:55:44.310,300557.SZ,0.0,100.0,0,30462028,30468089,2,0,2014,-9223372036854775808
2021-11-30 13:55:46.000,300557.SZ,0.0,100.0,0,30467682,30471085,2,0,2014,-9223372036854775808
2021-11-30 13:55:46.240,300557.SZ,28.68,100.0,30471546,30467199,30471547,1,0,2014,-9223372036854775808
2021-11-30 13:55:59.030,300557.SZ,28.67,100.0,30129883,30493959,30493960,1,0,2014,-9223372036854775808
2021-11-30 13:55:59.030,300557.SZ,28.67,100.0,30471195,30493959,30493961,1,0,2014,-9223372036854775808
2021-11-30 13:55:59.230,300557.SZ,0.0,200.0,0,30493753,30494289,2,0,2014,-9223372036854775808
2021-11-30 13:56:04.360,300557.SZ,0.0,100.0,0,30329997,30504329,2,0,2014,-9223372036854775808
2021-11-30 13:56:04.820,300557.SZ,0.0,100.0,0,30495824,30505376,2,0,2014,-9223372036854775808
2021-11-30 13:56:06.390,300557.SZ,0.0,300.0,0,30483087,30508600,2,0,2014,-9223372036854775808
2021-11-30 13:56:06.860,300557.SZ,28.67,100.0,30509997,30509996,30509998,1,0,2014,-9223372036854775808
2021-11-30 13:56:07.150,300557.SZ,0.0,100.0,0,28247264,30510694,2,0,2014,-9223372036854775808
2021-11-30 13:56:07.260,300557.SZ,0.0,100.0,0,29267341,30511126,2,0,2014,-9223372036854775808
2021-11-30 13:56:07.260,300557.SZ,0.0,100.0,0,29212042,30511127,2,0,2014,-9223372036854775808
2021-11-30 13:56:07.260,300557.SZ,0.0,200.0,0,29212041,30511128,2,0,2014,-9223372036854775808
2021-11-30 13:56:07.260,300557.SZ,0.0,100.0,0,29267343,30511129,2,0,2014,-9223372036854775808
2021-11-30 13:56:07.260,300557.SZ,0.0,100.0,0,29212043,30511131,2,0,2014,-9223372036854775808
2021-11-30 13:56:09.710,300557.SZ,28.67,100.0,30510678,30516655,30516656,1,0,2014,-9223372036854775808
2021-11-30 13:56:15.540,300557.SZ,28.67,100.0,30527940,30516655,30527941,1,0,2014,-9223372036854775808
2021-11-30 13:56:16.110,300557.SZ,28.67,100.0,30529156,30516655,30529157,1,0,2014,-9223372036854775808
2021-11-30 13:56:19.440,300557.SZ,0.0,200.0,0,30505641,30534795,2,0,2014,-9223372036854775808
2021-11-30 13:56:20.060,300557.SZ,28.67,100.0,30529158,30535730,30535731,1,0,2014,-9223372036854775808
2021-11-30 13:56:20.430,300557.SZ,28.67,100.0,30536343,30535730,30536344,1,0,2014,-9223372036854775808
2021-11-30 13:56:26.010,300557.SZ,28.69,100.0,30536592,30545615,30545616,1,0,2014,-9223372036854775808
2021-11-30 13:56:36.530,300557.SZ,0.0,100.0,30536392,0,30562735,2,0,2014,-9223372036854775808
2021-11-30 13:56:50.540,300557.SZ,28.66,600.0,29901147,30585643,30585644,1,0,2014,-9223372036854775808
2021-11-30 13:56:55.340,300557.SZ,0.0,100.0,30569190,0,30593605,2,0,2014,-9223372036854775808
2021-11-30 13:56:55.340,300557.SZ,0.0,100.0,30569192,0,30593608,2,0,2014,-9223372036854775808
2021-11-30 13:56:55.400,300557.SZ,0.0,100.0,30064947,0,30593765,2,0,2014,-9223372036854775808
2021-11-30 13:58:03.510,300557.SZ,28.73,100.0,30703643,29557545,30703644,1,0,2014,-9223372036854775808
2021-11-30 13:58:03.510,300557.SZ,28.73,100.0,30703643,30593600,30703645,1,0,2014,-9223372036854775808
2021-11-30 13:58:03.510,300557.SZ,28.73,300.0,30703643,30594422,30703646,1,0,2014,-9223372036854775808
2021-11-30 13:58:03.940,300557.SZ,28.73,100.0,30704649,30595022,30704650,1,0,2014,-9223372036854775808
2021-11-30 13:58:03.940,300557.SZ,28.73,100.0,30704651,30595022,30704652,1,0,2014,-9223372036854775808
2021-11-30 13:58:04.560,300557.SZ,28.73,100.0,30706656,30595022,30706657,1,0,2014,-9223372036854775808
2021-11-30 13:58:07.360,300557.SZ,0.0,100.0,30595723,0,30711778,2,0,2014,-9223372036854775808
2021-11-30 13:58:07.360,300557.SZ,0.0,100.0,30595724,0,30711779,2,0,2014,-9223372036854775808
2021-11-30 13:58:07.370,300557.SZ,0.0,100.0,30598207,0,30711812,2,0,2014,-9223372036854775808
2021-11-30 13:58:07.400,300557.SZ,0.0,100.0,30064907,0,30711857,2,0,2014,-9223372036854775808
2021-11-30 13:58:07.400,300557.SZ,0.0,200.0,30593722,0,30711858,2,0,2014,-9223372036854775808
2021-11-30 13:58:07.400,300557.SZ,0.0,100.0,30064906,0,30711859,2,0,2014,-9223372036854775808
2021-11-30 13:58:09.050,300557.SZ,28.7,100.0,30706714,30714682,30714683,1,0,2014,-9223372036854775808
2021-11-30 13:58:10.380,300557.SZ,0.0,100.0,30714656,0,30717668,2,0,2014,-9223372036854775808
2021-11-30 13:58:10.380,300557.SZ,0.0,100.0,30714657,0,30717669,2,0,2014,-9223372036854775808
2021-11-30 13:58:10.420,300557.SZ,0.0,100.0,30714934,0,30717713,2,0,2014,-9223372036854775808
2021-11-30 13:58:10.430,300557.SZ,28.7,100.0,30717691,30717739,30717740,1,0,2014,-9223372036854775808
2021-11-30 13:58:10.570,300557.SZ,28.7,100.0,30717691,30717997,30717998,1,0,2014,-9223372036854775808
2021-11-30 13:58:11.300,300557.SZ,28.7,100.0,30718976,30718965,30718977,1,0,2014,-9223372036854775808
2021-11-30 13:58:11.310,300557.SZ,28.69,100.0,30705046,30718984,30718985,1,0,2014,-9223372036854775808
2021-11-30 13:58:12.050,300557.SZ,28.7,100.0,30720171,30720190,30720191,1,0,2014,-9223372036854775808
2021-11-30 13:58:12.060,300557.SZ,28.7,100.0,30720172,30720217,30720218,1,0,2014,-9223372036854775808
2021-11-30 13:58:13.350,300557.SZ,28.7,100.0,30720477,30722741,30722742,1,0,2014,-9223372036854775808
2021-11-30 13:58:18.250,300557.SZ,0.0,100.0,0,30721770,30730676,2,0,2014,-9223372036854775808
2021-11-30 13:58:18.370,300557.SZ,0.0,100.0,0,30722726,30730762,2,0,2014,-9223372036854775808
2021-11-30 13:58:19.110,300557.SZ,28.7,100.0,30731961,30722743,30731962,1,0,2014,-9223372036854775808
2021-11-30 13:58:20.720,300557.SZ,0.0,100.0,0,30727990,30734173,2,0,2014,-9223372036854775808
2021-11-30 13:58:23.620,300557.SZ,28.7,100.0,30737986,30722801,30737987,1,0,2014,-9223372036854775808
2021-11-30 13:58:27.590,300557.SZ,28.7,100.0,30743317,30722855,30743318,1,0,2014,-9223372036854775808
2021-11-30 13:58:31.340,300557.SZ,28.7,100.0,30743317,30748714,30748715,1,0,2014,-9223372036854775808
2021-11-30 13:58:31.340,300557.SZ,28.7,100.0,30744109,30748718,30748719,1,0,2014,-9223372036854775808
2021-11-30 13:58:33.760,300557.SZ,28.7,100.0,30744235,30752130,30752131,1,0,2014,-9223372036854775808
2021-11-30 13:58:37.330,300557.SZ,28.7,100.0,30744236,30758043,30758044,1,0,2014,-9223372036854775808
2021-11-30 13:58:41.700,300557.SZ,0.0,500.0,0,30693820,30764519,2,0,2014,-9223372036854775808
2021-11-30 13:58:42.790,300557.SZ,0.0,100.0,0,30759280,30766025,2,0,2014,-9223372036854775808
2021-11-30 13:58:42.850,300557.SZ,0.0,100.0,0,30752328,30766154,2,0,2014,-9223372036854775808
2021-11-30 13:58:42.900,300557.SZ,0.0,100.0,0,30752060,30766190,2,0,2014,-9223372036854775808
2021-11-30 13:58:46.530,300557.SZ,0.0,100.0,0,30759750,30771680,2,0,2014,-9223372036854775808
2021-11-30 13:58:46.860,300557.SZ,0.0,100.0,0,30758724,30772032,2,0,2014,-9223372036854775808
2021-11-30 13:58:49.650,300557.SZ,0.0,100.0,0,30755701,30776144,2,0,2014,-9223372036854775808
2021-11-30 13:59:38.390,300557.SZ,28.7,100.0,30851382,30758051,30851383,1,0,2014,-9223372036854775808
2021-11-30 13:59:38.400,300557.SZ,0.0,100.0,30851385,0,30851388,2,0,2014,-9223372036854775808
2021-11-30 13:59:38.400,300557.SZ,0.0,100.0,30851387,0,30851390,2,0,2014,-9223372036854775808
2021-11-30 13:59:38.410,300557.SZ,0.0,100.0,30851395,0,30851398,2,0,2014,-9223372036854775808
2021-11-30 13:59:38.410,300557.SZ,0.0,100.0,30851391,0,30851406,2,0,2014,-9223372036854775808
2021-11-30 13:59:43.340,300557.SZ,28.73,100.0,30851404,30858471,30858472,1,0,2014,-9223372036854775808
2021-11-30 13:59:43.390,300557.SZ,28.73,100.0,30851408,30858542,30858543,1,0,2014,-9223372036854775808
2021-11-30 13:59:46.000,300557.SZ,0.0,100.0,0,30859496,30861920,2,0,2014,-9223372036854775808
2021-11-30 13:59:56.000,300557.SZ,0.0,100.0,0,30862144,30875988,2,0,2014,-9223372036854775808
2021-11-30 14:00:10.480,300557.SZ,0.0,100.0,0,30858542,30910183,2,0,2014,-9223372036854775808
2021-11-30 14:00:10.490,300557.SZ,0.0,200.0,0,30862025,30910216,2,0,2014,-9223372036854775808
2021-11-30 14:00:10.630,300557.SZ,0.0,100.0,0,30859215,30910580,2,0,2014,-9223372036854775808
2021-11-30 14:00:10.630,300557.SZ,0.0,100.0,0,30859214,30910586,2,0,2014,-9223372036854775808
2021-11-30 14:00:13.280,300557.SZ,0.0,100.0,0,30866774,30916107,2,0,2014,-9223372036854775808
2021-11-30 14:00:13.360,300557.SZ,0.0,100.0,0,30862527,30916349,2,0,2014,-9223372036854775808
2021-11-30 14:00:13.790,300557.SZ,0.0,200.0,0,6889,30917311,2,0,2014,-9223372036854775808
2021-11-30 14:00:15.080,300557.SZ,0.0,100.0,0,30862723,30919903,2,0,2014,-9223372036854775808
2021-11-30 14:00:15.710,300557.SZ,0.0,100.0,0,30867387,30921858,2,0,2014,-9223372036854775808
2021-11-30 14:00:16.640,300557.SZ,28.7,300.0,30851382,30925772,30925773,1,0,2014,-9223372036854775808
2021-11-30 14:00:16.640,300557.SZ,28.69,100.0,30706466,30925772,30925774,1,0,2014,-9223372036854775808
2021-11-30 14:00:16.640,300557.SZ,28.69,200.0,30706929,30925772,30925775,1,0,2014,-9223372036854775808
2021-11-30 14:00:16.640,300557.SZ,28.69,100.0,30714947,30925772,30925776,1,0,2014,-9223372036854775808
2021-11-30 14:00:16.640,300557.SZ,28.69,100.0,30714948,30925772,30925777,1,0,2014,-9223372036854775808
2021-11-30 14:00:16.640,300557.SZ,28.68,100.0,30703881,30925772,30925778,1,0,2014,-9223372036854775808
2021-11-30 14:00:16.640,300557.SZ,28.67,100.0,30587965,30925772,30925779,1,0,2014,-9223372036854775808
2021-11-30 14:00:17.110,300557.SZ,28.67,100.0,30587965,30926736,30926737,1,0,2014,-9223372036854775808
2021-11-30 14:00:22.920,300557.SZ,0.0,100.0,0,30918256,30942855,2,0,2014,-9223372036854775808
2021-11-30 14:00:22.930,300557.SZ,0.0,100.0,0,30918295,30942882,2,0,2014,-9223372036854775808
2021-11-30 14:00:25.330,300557.SZ,28.67,700.0,30587965,30947970,30947971,1,0,2014,-9223372036854775808
2021-11-30 14:00:27.780,300557.SZ,0.0,100.0,0,30899919,30952383,2,0,2014,-9223372036854775808
2021-11-30 14:01:09.450,300557.SZ,0.0,300.0,0,30929845,31034715,2,0,2014,-9223372036854775808
2021-11-30 14:01:42.850,300557.SZ,0.0,100.0,0,30858473,31096705,2,0,2014,-9223372036854775808
2021-11-30 14:01:54.480,300557.SZ,28.67,300.0,30587965,31123369,31123370,1,0,2014,-9223372036854775808
2021-11-30 14:02:11.540,300557.SZ,28.67,100.0,31096697,31170600,31170601,1,0,2014,-9223372036854775808
2021-11-30 14:02:16.440,300557.SZ,28.66,800.0,29901147,31183064,31183065,1,0,2014,-9223372036854775808
2021-11-30 14:02:19.420,300557.SZ,28.66,100.0,29901147,31189145,31189146,1,0,2014,-9223372036854775808
2021-11-30 14:02:19.440,300557.SZ,28.66,500.0,29901147,31189177,31189178,1,0,2014,-9223372036854775808
2021-11-30 14:02:19.440,300557.SZ,28.66,300.0,30524286,31189177,31189179,1,0,2014,-9223372036854775808
2021-11-30 14:02:22.390,300557.SZ,28.66,100.0,30524286,31195498,31195499,1,0,2014,-9223372036854775808
2021-11-30 14:02:25.480,300557.SZ,0.0,100.0,0,30949350,31201562,2,0,2014,-9223372036854775808
2021-11-30 14:02:25.480,300557.SZ,0.0,100.0,0,30949357,31201563,2,0,2014,-9223372036854775808
2021-11-30 14:02:28.620,300557.SZ,28.66,100.0,30524286,31207716,31207717,1,0,2014,-9223372036854775808
2021-11-30 14:02:33.130,300557.SZ,0.0,100.0,0,30953888,31215610,2,0,2014,-9223372036854775808
2021-11-30 14:02:33.860,300557.SZ,28.66,100.0,31217025,31207716,31217026,1,0,2014,-9223372036854775808
2021-11-30 14:02:33.860,300557.SZ,28.66,100.0,31217025,31207895,31217027,1,0,2014,-9223372036854775808
2021-11-30 14:02:33.860,300557.SZ,28.66,100.0,31217025,31207896,31217028,1,0,2014,-9223372036854775808
2021-11-30 14:02:33.860,300557.SZ,28.67,100.0,31217025,31199495,31217029,1,0,2014,-9223372036854775808
2021-11-30 14:02:33.860,300557.SZ,28.68,300.0,31217025,30934046,31217030,1,0,2014,-9223372036854775808
2021-11-30 14:02:33.860,300557.SZ,28.68,200.0,31217025,30938772,31217031,1,0,2014,-9223372036854775808
2021-11-30 14:02:33.860,300557.SZ,28.68,100.0,31217025,31189199,31217032,1,0,2014,-9223372036854775808
2021-11-30 14:02:37.360,300557.SZ,28.67,100.0,31224151,31217587,31224152,1,0,2014,-9223372036854775808
2021-11-30 14:03:03.180,300557.SZ,28.68,100.0,31270515,31189199,31270516,1,0,2014,-9223372036854775808
2021-11-30 14:03:10.700,300557.SZ,0.0,300.0,31233387,0,31290304,2,0,2014,-9223372036854775808
2021-11-30 14:03:16.390,300557.SZ,0.0,100.0,31224153,0,31303246,2,0,2014,-9223372036854775808
2021-11-30 14:03:20.650,300557.SZ,0.0,1000.0,29708075,0,31312055,2,0,2014,-9223372036854775808
2021-11-30 14:03:56.840,300557.SZ,28.68,200.0,31376689,31378994,31378995,1,0,2014,-9223372036854775808
2021-11-30 14:03:56.850,300557.SZ,28.7,100.0,31378996,30929866,31378997,1,0,2014,-9223372036854775808
2021-11-30 14:03:59.830,300557.SZ,0.0,100.0,31332121,0,31384704,2,0,2014,-9223372036854775808
2021-11-30 14:04:01.380,300557.SZ,28.7,100.0,31387920,30929866,31387921,1,0,2014,-9223372036854775808
2021-11-30 14:04:03.000,300557.SZ,0.0,100.0,31388761,0,31390853,2,0,2014,-9223372036854775808
2021-11-30 14:04:13.580,300557.SZ,28.7,200.0,31411488,31416329,31416330,1,0,2014,-9223372036854775808
2021-11-30 14:04:19.390,300557.SZ,0.0,100.0,0,31422033,31428907,2,0,2014,-9223372036854775808
2021-11-30 14:04:43.020,300557.SZ,0.0,3700.0,31376689,0,31476628,2,0,2014,-9223372036854775808
2021-11-30 14:04:46.300,300557.SZ,28.69,100.0,31404954,31483189,31483190,1,0,2014,-9223372036854775808
2021-11-30 14:04:46.300,300557.SZ,28.69,400.0,31474541,31483189,31483191,1,0,2014,-9223372036854775808
2021-11-30 14:04:46.410,300557.SZ,28.69,100.0,31474541,31483388,31483389,1,0,2014,-9223372036854775808
2021-11-30 14:04:52.660,300557.SZ,28.69,100.0,31474541,31495707,31495708,1,0,2014,-9223372036854775808
2021-11-30 14:04:52.660,300557.SZ,28.67,100.0,31332128,31495711,31495712,1,0,2014,-9223372036854775808
2021-11-30 14:04:59.190,300557.SZ,28.69,300.0,31508958,31495707,31508959,1,0,2014,-9223372036854775808
2021-11-30 14:04:59.190,300557.SZ,28.7,1800.0,31508958,31416329,31508960,1,0,2014,-9223372036854775808
2021-11-30 14:04:59.190,300557.SZ,28.7,100.0,31508958,31507239,31508961,1,0,2014,-9223372036854775808
2021-11-30 14:05:39.690,300557.SZ,28.71,100.0,31599516,31530526,31599517,1,0,2014,-9223372036854775808
2021-11-30 14:05:58.380,300557.SZ,28.71,100.0,31638380,31586121,31638381,1,0,2014,-9223372036854775808
2021-11-30 14:05:58.780,300557.SZ,28.71,100.0,31639127,31586121,31639128,1,0,2014,-9223372036854775808
2021-11-30 14:06:25.920,300557.SZ,28.7,200.0,31700270,31653008,31700271,1,0,2014,-9223372036854775808
2021-11-30 14:06:27.400,300557.SZ,28.71,200.0,31702696,31586121,31702697,1,0,2014,-9223372036854775808
2021-11-30 14:06:28.100,300557.SZ,28.71,100.0,31704033,31586121,31704034,1,0,2014,-9223372036854775808
2021-11-30 14:06:58.470,300557.SZ,0.0,500.0,29412519,0,31763302,2,0,2014,-9223372036854775808
2021-11-30 14:07:00.850,300557.SZ,0.0,1000.0,0,3930104,31768106,2,0,2014,-9223372036854775808
2021-11-30 14:07:01.760,300557.SZ,28.72,300.0,31770434,31391630,31770435,1,0,2014,-9223372036854775808
2021-11-30 14:07:10.470,300557.SZ,0.0,100.0,31537077,0,31790637,2,0,2014,-9223372036854775808
2021-11-30 14:07:17.950,300557.SZ,0.0,1500.0,31625803,0,31805428,2,0,2014,-9223372036854775808
2021-11-30 14:07:30.340,300557.SZ,28.73,400.0,31829411,30870047,31829412,1,0,2014,-9223372036854775808
2021-11-30 14:07:30.970,300557.SZ,28.74,100.0,31830775,31399167,31830776,1,0,2014,-9223372036854775808
2021-11-30 14:08:09.300,300557.SZ,0.0,2000.0,30769168,0,31907155,2,0,2014,-9223372036854775808
2021-11-30 14:08:09.460,300557.SZ,28.73,100.0,31829411,31907435,31907436,1,0,2014,-9223372036854775808
2021-11-30 14:08:09.460,300557.SZ,28.73,100.0,31848729,31907435,31907437,1,0,2014,-9223372036854775808
2021-11-30 14:08:12.280,300557.SZ,28.73,100.0,31848729,31913988,31913989,1,0,2014,-9223372036854775808
2021-11-30 14:08:15.700,300557.SZ,28.73,100.0,31848729,31922104,31922105,1,0,2014,-9223372036854775808
2021-11-30 14:08:15.700,300557.SZ,28.72,100.0,31770434,31922104,31922106,1,0,2014,-9223372036854775808
2021-11-30 14:08:15.820,300557.SZ,28.72,200.0,31770434,31922434,31922435,1,0,2014,-9223372036854775808
2021-11-30 14:08:15.820,300557.SZ,28.72,100.0,31800550,31922434,31922436,1,0,2014,-9223372036854775808
2021-11-30 14:08:19.400,300557.SZ,0.0,100.0,0,31923955,31930626,2,0,2014,-9223372036854775808
2021-11-30 14:08:19.400,300557.SZ,0.0,100.0,0,31923956,31930637,2,0,2014,-9223372036854775808
2021-11-30 14:08:19.440,300557.SZ,0.0,100.0,0,31924010,31930712,2,0,2014,-9223372036854775808
2021-11-30 14:08:19.440,300557.SZ,0.0,200.0,0,31922569,31930727,2,0,2014,-9223372036854775808
2021-11-30 14:08:25.100,300557.SZ,0.0,100.0,0,31922393,31941619,2,0,2014,-9223372036854775808
2021-11-30 14:08:29.670,300557.SZ,0.0,300.0,0,31924531,31950712,2,0,2014,-9223372036854775808
2021-11-30 14:08:31.390,300557.SZ,0.0,100.0,0,31936609,31954479,2,0,2014,-9223372036854775808
2021-11-30 14:08:31.390,300557.SZ,0.0,100.0,0,31936608,31954480,2,0,2014,-9223372036854775808
2021-11-30 14:08:34.400,300557.SZ,28.7,100.0,31700270,31960679,31960680,1,0,2014,-9223372036854775808
2021-11-30 14:08:34.400,300557.SZ,28.7,100.0,31700270,31960681,31960682,1,0,2014,-9223372036854775808
2021-11-30 14:08:34.400,300557.SZ,28.7,100.0,31700270,31960695,31960696,1,0,2014,-9223372036854775808
2021-11-30 14:08:34.870,300557.SZ,0.0,1000.0,31591675,0,31961575,2,0,2014,-9223372036854775808
2021-11-30 14:08:49.460,300557.SZ,0.0,100.0,0,31922570,31989188,2,0,2014,-9223372036854775808
2021-11-30 14:08:57.290,300557.SZ,0.0,300.0,31835692,0,32004262,2,0,2014,-9223372036854775808
2021-11-30 14:08:57.470,300557.SZ,28.7,100.0,31700270,32004569,32004570,1,0,2014,-9223372036854775808
2021-11-30 14:08:59.440,300557.SZ,28.71,100.0,32008480,31942789,32008481,1,0,2014,-9223372036854775808
2021-11-30 14:08:59.440,300557.SZ,28.71,200.0,32008480,31946993,32008482,1,0,2014,-9223372036854775808
2021-11-30 14:08:59.440,300557.SZ,28.71,200.0,32008480,31948732,32008483,1,0,2014,-9223372036854775808
2021-11-30 14:09:01.330,300557.SZ,28.7,400.0,31700270,32014125,32014126,1,0,2014,-9223372036854775808
2021-11-30 14:09:01.330,300557.SZ,28.7,100.0,31727588,32014133,32014134,1,0,2014,-9223372036854775808
2021-11-30 14:09:04.430,300557.SZ,28.7,100.0,31727588,32023488,32023489,1,0,2014,-9223372036854775808
2021-11-30 14:09:06.000,300557.SZ,0.0,100.0,0,32024516,32027317,2,0,2014,-9223372036854775808
2021-11-30 14:09:10.820,300557.SZ,28.68,200.0,31617956,32043092,32043093,1,0,2014,-9223372036854775808
2021-11-30 14:09:18.830,300557.SZ,28.68,300.0,31617956,32062840,32062841,1,0,2014,-9223372036854775808
2021-11-30 14:09:21.890,300557.SZ,28.68,100.0,32069839,32069887,32069888,1,0,2014,-9223372036854775808
2021-11-30 14:09:21.920,300557.SZ,28.68,100.0,32069839,32069949,32069950,1,0,2014,-9223372036854775808
2021-11-30 14:09:22.470,300557.SZ,0.0,100.0,0,32023932,32072318,2,0,2014,-9223372036854775808
2021-11-30 14:09:26.870,300557.SZ,0.0,1000.0,0,32042540,32082923,2,0,2014,-9223372036854775808
2021-11-30 14:09:36.790,300557.SZ,28.68,400.0,32069839,32106659,32106660,1,0,2014,-9223372036854775808
2021-11-30 14:09:36.790,300557.SZ,28.68,500.0,32102001,32106659,32106661,1,0,2014,-9223372036854775808
2021-11-30 14:09:36.790,300557.SZ,28.67,100.0,31332128,32106659,32106662,1,0,2014,-9223372036854775808
2021-11-30 14:09:52.570,300557.SZ,0.0,300.0,183844,0,32142345,2,0,2014,-9223372036854775808
2021-11-30 14:09:57.080,300557.SZ,28.67,100.0,31332128,32153173,32153174,1,0,2014,-9223372036854775808
2021-11-30 14:09:57.090,300557.SZ,28.67,100.0,31332128,32153228,32153229,1,0,2014,-9223372036854775808
2021-11-30 14:09:57.410,300557.SZ,28.69,100.0,32154187,32062249,32154188,1,0,2014,-9223372036854775808
2021-11-30 14:10:10.620,300557.SZ,28.67,100.0,31332128,32197437,32197438,1,0,2014,-9223372036854775808
2021-11-30 14:10:13.440,300557.SZ,0.0,100.0,0,32196903,32205679,2,0,2014,-9223372036854775808
2021-11-30 14:10:13.450,300557.SZ,28.67,100.0,31332128,32205698,32205699,1,0,2014,-9223372036854775808
2021-11-30 14:10:13.600,300557.SZ,28.67,200.0,31332128,32206165,32206166,1,0,2014,-9223372036854775808
2021-11-30 14:10:13.610,300557.SZ,0.0,200.0,0,32154232,32206197,2,0,2014,-9223372036854775808
2021-11-30 14:10:18.290,300557.SZ,28.67,300.0,31332128,32218933,32218934,1,0,2014,-9223372036854775808
2021-11-30 14:10:18.320,300557.SZ,0.0,200.0,0,32218117,32219046,2,0,2014,-9223372036854775808
2021-11-30 14:10:18.350,300557.SZ,0.0,200.0,0,32219063,32219116,2,0,2014,-9223372036854775808
2021-11-30 14:10:18.380,300557.SZ,0.0,200.0,0,32219158,32219184,2,0,2014,-9223372036854775808
2021-11-30 14:10:18.410,300557.SZ,0.0,200.0,0,32219203,32219248,2,0,2014,-9223372036854775808
2021-11-30 14:10:20.700,300557.SZ,28.67,100.0,31332128,32225848,32225849,1,0,2014,-9223372036854775808
2021-11-30 14:10:20.710,300557.SZ,28.67,200.0,31332128,32225871,32225872,1,0,2014,-9223372036854775808
2021-11-30 14:10:20.730,300557.SZ,28.67,100.0,31332128,32225898,32225899,1,0,2014,-9223372036854775808
2021-11-30 14:10:20.790,300557.SZ,28.67,200.0,31332128,32226056,32226057,1,0,2014,-9223372036854775808
2021-11-30 14:10:20.870,300557.SZ,28.67,100.0,31332128,32226249,32226250,1,0,2014,-9223372036854775808
2021-11-30 14:10:21.470,300557.SZ,0.0,100.0,0,32182503,32227901,2,0,2014,-9223372036854775808
2021-11-30 14:10:21.510,300557.SZ,28.67,100.0,31332128,32228037,32228038,1,0,2014,-9223372036854775808
2021-11-30 14:10:21.560,300557.SZ,0.0,100.0,0,32182197,32228123,2,0,2014,-9223372036854775808
2021-11-30 14:10:21.850,300557.SZ,28.67,100.0,31332128,32228877,32228878,1,0,2014,-9223372036854775808
2021-11-30 14:10:22.350,300557.SZ,0.0,100.0,0,32182454,32230539,2,0,2014,-9223372036854775808
2021-11-30 14:10:22.810,300557.SZ,0.0,100.0,0,32188062,32231701,2,0,2014,-9223372036854775808
2021-11-30 14:10:22.940,300557.SZ,28.67,100.0,31332128,32232028,32232029,1,0,2014,-9223372036854775808
2021-11-30 14:10:23.160,300557.SZ,0.0,300.0,0,32230601,32232549,2,0,2014,-9223372036854775808
2021-11-30 14:10:23.220,300557.SZ,0.0,100.0,0,32188657,32232691,2,0,2014,-9223372036854775808
2021-11-30 14:10:23.340,300557.SZ,0.0,100.0,0,32187895,32232905,2,0,2014,-9223372036854775808
2021-11-30 14:10:23.680,300557.SZ,28.66,100.0,31250263,32233458,32233459,1,0,2014,-9223372036854775808
2021-11-30 14:10:23.700,300557.SZ,0.0,300.0,0,32232722,32233637,2,0,2014,-9223372036854775808
2021-11-30 14:10:23.730,300557.SZ,0.0,300.0,0,32233734,32233931,2,0,2014,-9223372036854775808
2021-11-30 14:10:34.910,300557.SZ,0.0,100.0,0,31809248,32261544,2,0,2014,-9223372036854775808
2021-11-30 14:10:38.350,300557.SZ,0.0,100.0,0,32232509,32269323,2,0,2014,-9223372036854775808
2021-11-30 14:10:49.330,300557.SZ,28.67,100.0,32295787,32234777,32295788,1,0,2014,-9223372036854775808
2021-11-30 14:11:07.800,300557.SZ,28.69,300.0,32351078,32234711,32351079,1,0,2014,-9223372036854775808
2021-11-30 14:11:14.100,300557.SZ,0.0,200.0,0,29095583,32370174,2,0,2014,-9223372036854775808
2021-11-30 14:11:14.270,300557.SZ,28.66,100.0,31250263,32370553,32370554,1,0,2014,-9223372036854775808
2021-11-30 14:11:14.300,300557.SZ,28.66,100.0,31250263,32370607,32370608,1,0,2014,-9223372036854775808
2021-11-30 14:11:24.840,300557.SZ,28.66,300.0,31250263,32399444,32399445,1,0,2014,-9223372036854775808
2021-11-30 14:11:29.140,300557.SZ,28.69,100.0,32409630,32399071,32409631,1,0,2014,-9223372036854775808
2021-11-30 14:11:29.140,300557.SZ,28.7,200.0,32409630,32218997,32409632,1,0,2014,-9223372036854775808
2021-11-30 14:11:29.300,300557.SZ,28.66,100.0,31250263,32409925,32409926,1,0,2014,-9223372036854775808
2021-11-30 14:11:41.850,300557.SZ,0.0,1000.0,31332158,0,32439916,2,0,2014,-9223372036854775808
2021-11-30 14:11:53.080,300557.SZ,28.66,100.0,31250263,32465847,32465848,1,0,2014,-9223372036854775808
2021-11-30 14:11:53.100,300557.SZ,0.0,1500.0,29331092,0,32465882,2,0,2014,-9223372036854775808
2021-11-30 14:11:54.750,300557.SZ,0.0,500.0,26861329,0,32469971,2,0,2014,-9223372036854775808
2021-11-30 14:12:01.340,300557.SZ,28.67,300.0,32474990,32488890,32488891,1,0,2014,-9223372036854775808
2021-11-30 14:12:04.430,300557.SZ,28.67,100.0,32474990,32497511,32497512,1,0,2014,-9223372036854775808
2021-11-30 14:12:10.600,300557.SZ,28.67,100.0,32474990,32515942,32515943,1,0,2014,-9223372036854775808
2021-11-30 14:12:16.470,300557.SZ,28.66,200.0,31250263,32532403,32532404,1,0,2014,-9223372036854775808
2021-11-30 14:12:16.470,300557.SZ,28.66,100.0,32298248,32532403,32532405,1,0,2014,-9223372036854775808
2021-11-30 14:12:16.640,300557.SZ,28.65,100.0,14620541,32532918,32532919,1,0,2014,-9223372036854775808
2021-11-30 14:12:19.460,300557.SZ,28.65,100.0,32532419,32540066,32540067,1,0,2014,-9223372036854775808
2021-11-30 14:12:19.680,300557.SZ,28.63,200.0,31617995,32540574,32540575,1,0,2014,-9223372036854775808
2021-11-30 14:12:19.690,300557.SZ,28.65,100.0,32540590,32540066,32540591,1,0,2014,-9223372036854775808
2021-11-30 14:12:22.780,300557.SZ,28.63,200.0,31617995,32548608,32548609,1,0,2014,-9223372036854775808
2021-11-30 14:12:24.980,300557.SZ,0.0,100.0,0,31418466,32554103,2,0,2014,-9223372036854775808
2021-11-30 14:12:27.670,300557.SZ,0.0,100.0,0,31406182,32560456,2,0,2014,-9223372036854775808
2021-11-30 14:12:28.250,300557.SZ,0.0,100.0,0,31411682,32562076,2,0,2014,-9223372036854775808
2021-11-30 14:12:28.440,300557.SZ,0.0,100.0,0,31404327,32562623,2,0,2014,-9223372036854775808
2021-11-30 14:12:35.110,300557.SZ,0.0,100.0,0,32471652,32580247,2,0,2014,-9223372036854775808
2021-11-30 14:12:42.620,300557.SZ,28.64,100.0,32567786,32598324,32598325,1,0,2014,-9223372036854775808
2021-11-30 14:12:42.620,300557.SZ,28.63,400.0,31617995,32598324,32598326,1,0,2014,-9223372036854775808
2021-11-30 14:12:42.620,300557.SZ,28.66,100.0,32598341,32579414,32598342,1,0,2014,-9223372036854775808
2021-11-30 14:12:58.310,300557.SZ,28.64,600.0,32632793,32638419,32638420,1,0,2014,-9223372036854775808
2021-11-30 14:12:58.310,300557.SZ,28.63,2200.0,31617995,32638419,32638421,1,0,2014,-9223372036854775808
2021-11-30 14:12:58.310,300557.SZ,28.63,100.0,32548193,32638419,32638422,1,0,2014,-9223372036854775808
2021-11-30 14:12:58.550,300557.SZ,28.62,700.0,25742652,32639203,32639204,1,0,2014,-9223372036854775808
2021-11-30 14:12:59.200,300557.SZ,28.63,200.0,32640719,32638419,32640720,1,0,2014,-9223372036854775808
2021-11-30 14:13:03.680,300557.SZ,28.63,100.0,32651677,32638419,32651678,1,0,2014,-9223372036854775808
2021-11-30 14:13:05.170,300557.SZ,0.0,100.0,0,32601447,32657279,2,0,2014,-9223372036854775808
2021-11-30 14:13:07.440,300557.SZ,28.62,100.0,32664498,32651878,32664499,1,0,2014,-9223372036854775808
2021-11-30 14:13:11.950,300557.SZ,0.0,300.0,0,32432212,32676905,2,0,2014,-9223372036854775808
2021-11-30 14:13:11.950,300557.SZ,0.0,100.0,0,32433970,32676912,2,0,2014,-9223372036854775808
2021-11-30 14:13:12.140,300557.SZ,0.0,100.0,0,32651671,32677448,2,0,2014,-9223372036854775808
2021-11-30 14:13:13.710,300557.SZ,0.0,400.0,0,32651878,32682158,2,0,2014,-9223372036854775808
2021-11-30 14:13:15.470,300557.SZ,0.0,100.0,0,32587515,32686376,2,0,2014,-9223372036854775808
2021-11-30 14:13:15.600,300557.SZ,28.61,100.0,32686651,32678824,32686652,1,0,2014,-9223372036854775808
2021-11-30 14:13:15.600,300557.SZ,28.62,400.0,32686651,32676479,32686653,1,0,2014,-9223372036854775808
2021-11-30 14:13:15.600,300557.SZ,28.63,1800.0,32686651,32638419,32686654,1,0,2014,-9223372036854775808
2021-11-30 14:13:19.000,300557.SZ,0.0,100.0,32691132,0,32695748,2,0,2014,-9223372036854775808
2021-11-30 14:13:19.120,300557.SZ,28.63,500.0,32686651,32696091,32696092,1,0,2014,-9223372036854775808
2021-11-30 14:13:19.280,300557.SZ,0.0,100.0,0,32572439,32696575,2,0,2014,-9223372036854775808
2021-11-30 14:13:22.940,300557.SZ,28.63,2100.0,32686651,32705021,32705022,1,0,2014,-9223372036854775808
2021-11-30 14:13:34.930,300557.SZ,28.63,100.0,32686651,32735617,32735618,1,0,2014,-9223372036854775808
2021-11-30 14:13:35.080,300557.SZ,28.63,100.0,32735995,32735617,32735996,1,0,2014,-9223372036854775808
2021-11-30 14:13:35.140,300557.SZ,28.63,100.0,32736186,32735617,32736187,1,0,2014,-9223372036854775808
2021-11-30 14:13:35.140,300557.SZ,28.63,100.0,32736195,32735617,32736196,1,0,2014,-9223372036854775808
2021-11-30 14:13:38.100,300557.SZ,28.63,100.0,32743428,32735617,32743429,1,0,2014,-9223372036854775808
2021-11-30 14:13:53.360,300557.SZ,28.63,500.0,32778063,32735617,32778064,1,0,2014,-9223372036854775808
2021-11-30 14:14:00.870,300557.SZ,28.64,200.0,32790087,32793892,32793893,1,0,2014,-9223372036854775808
2021-11-30 14:14:06.710,300557.SZ,0.0,600.0,32778500,0,32808850,2,0,2014,-9223372036854775808
2021-11-30 14:14:09.040,300557.SZ,0.0,100.0,0,32705048,32816167,2,0,2014,-9223372036854775808
2021-11-30 14:14:12.370,300557.SZ,0.0,300.0,32769789,0,32824003,2,0,2014,-9223372036854775808
2021-11-30 14:14:13.650,300557.SZ,0.0,600.0,32789062,0,32827276,2,0,2014,-9223372036854775808
2021-11-30 14:14:16.590,300557.SZ,0.0,300.0,32758545,0,32833905,2,0,2014,-9223372036854775808
2021-11-30 14:14:27.630,300557.SZ,0.0,300.0,0,23266272,32857070,2,0,2014,-9223372036854775808
2021-11-30 14:14:31.020,300557.SZ,28.68,500.0,32864735,32600880,32864736,1,0,2014,-9223372036854775808
2021-11-30 14:14:31.020,300557.SZ,28.68,100.0,32864735,32705078,32864737,1,0,2014,-9223372036854775808
2021-11-30 14:14:33.110,300557.SZ,0.0,100.0,0,32197237,32869225,2,0,2014,-9223372036854775808
2021-11-30 14:14:49.790,300557.SZ,0.0,1000.0,32602991,0,32904434,2,0,2014,-9223372036854775808
2021-11-30 14:15:03.570,300557.SZ,28.64,500.0,32790087,32934005,32934006,1,0,2014,-9223372036854775808
2021-11-30 14:15:12.330,300557.SZ,28.64,300.0,32962303,32934005,32962304,1,0,2014,-9223372036854775808
2021-11-30 14:15:13.090,300557.SZ,28.64,100.0,32965311,32934005,32965312,1,0,2014,-9223372036854775808
2021-11-30 14:15:13.660,300557.SZ,28.64,200.0,32968044,32934005,32968045,1,0,2014,-9223372036854775808
2021-11-30 14:15:13.660,300557.SZ,28.64,100.0,32968044,32954657,32968046,1,0,2014,-9223372036854775808
2021-11-30 14:15:26.690,300557.SZ,0.0,500.0,32968044,0,33015883,2,0,2014,-9223372036854775808
2021-11-30 14:15:29.690,300557.SZ,0.0,300.0,32982345,0,33023859,2,0,2014,-9223372036854775808
2021-11-30 14:15:59.260,300557.SZ,0.0,100.0,0,32934002,33102754,2,0,2014,-9223372036854775808
2021-11-30 14:16:03.080,300557.SZ,28.68,100.0,33112156,32963766,33112157,1,0,2014,-9223372036854775808
2021-11-30 14:16:09.040,300557.SZ,0.0,100.0,0,32206232,33131160,2,0,2014,-9223372036854775808
2021-11-30 14:16:09.050,300557.SZ,0.0,100.0,33033712,0,33131276,2,0,2014,-9223372036854775808
2021-11-30 14:16:09.070,300557.SZ,0.0,100.0,0,32218997,33131418,2,0,2014,-9223372036854775808
2021-11-30 14:16:09.080,300557.SZ,0.0,100.0,0,32206230,33131528,2,0,2014,-9223372036854775808
2021-11-30 14:16:50.970,300557.SZ,0.0,100.0,0,32710809,33240416,2,0,2014,-9223372036854775808
2021-11-30 14:16:56.580,300557.SZ,0.0,100.0,0,32707316,33253958,2,0,2014,-9223372036854775808
2021-11-30 14:17:04.960,300557.SZ,0.0,500.0,30235097,0,33274567,2,0,2014,-9223372036854775808
2021-11-30 14:17:24.110,300557.SZ,0.0,100.0,0,32890920,33320802,2,0,2014,-9223372036854775808
2021-11-30 14:17:24.420,300557.SZ,0.0,100.0,33111325,0,33321447,2,0,2014,-9223372036854775808
2021-11-30 14:17:24.850,300557.SZ,0.0,100.0,1686,0,33322457,2,0,2014,-9223372036854775808
2021-11-30 14:17:39.820,300557.SZ,28.65,100.0,33131289,33356017,33356018,1,0,2014,-9223372036854775808
2021-11-30 14:17:59.290,300557.SZ,28.65,100.0,33394962,33356017,33394963,1,0,2014,-9223372036854775808
2021-11-30 14:17:59.690,300557.SZ,28.65,100.0,33395579,33356017,33395580,1,0,2014,-9223372036854775808
2021-11-30 14:18:04.020,300557.SZ,0.0,100.0,32771489,0,33404296,2,0,2014,-9223372036854775808
2021-11-30 14:18:08.690,300557.SZ,28.65,100.0,33414855,33380349,33414856,1,0,2014,-9223372036854775808
2021-11-30 14:18:15.350,300557.SZ,0.0,600.0,0,31913552,33428218,2,0,2014,-9223372036854775808
2021-11-30 14:18:16.030,300557.SZ,0.0,300.0,0,31923307,33429761,2,0,2014,-9223372036854775808
2021-11-30 14:18:21.700,300557.SZ,0.0,100.0,33414855,0,33441760,2,0,2014,-9223372036854775808
2021-11-30 14:20:08.190,300557.SZ,0.0,3000.0,0,9242193,33639197,2,0,2014,-9223372036854775808
2021-11-30 14:21:00.310,300557.SZ,28.65,100.0,33444702,33740820,33740821,1,0,2014,-9223372036854775808
2021-11-30 14:21:00.310,300557.SZ,28.65,100.0,33458255,33740820,33740822,1,0,2014,-9223372036854775808
2021-11-30 14:21:17.250,300557.SZ,0.0,200.0,0,33740820,33777286,2,0,2014,-9223372036854775808
2021-11-30 14:21:45.340,300557.SZ,28.65,200.0,33828897,33788141,33828898,1,0,2014,-9223372036854775808
2021-11-30 14:21:50.160,300557.SZ,28.65,100.0,33830788,33838352,33838353,1,0,2014,-9223372036854775808
2021-11-30 14:21:50.160,300557.SZ,28.64,100.0,32992757,33838352,33838354,1,0,2014,-9223372036854775808
2021-11-30 14:22:24.200,300557.SZ,0.0,500.0,0,31779356,33903417,2,0,2014,-9223372036854775808
2021-11-30 14:22:40.100,300557.SZ,28.64,100.0,32992757,33930468,33930469,1,0,2014,-9223372036854775808
2021-11-30 14:23:06.860,300557.SZ,28.64,100.0,32992757,33979880,33979881,1,0,2014,-9223372036854775808
2021-11-30 14:23:06.860,300557.SZ,28.64,500.0,33182555,33979880,33979882,1,0,2014,-9223372036854775808
2021-11-30 14:23:16.010,300557.SZ,0.0,400.0,32689818,0,33999875,2,0,2014,-9223372036854775808
2021-11-30 14:23:57.700,300557.SZ,28.66,100.0,34077280,33883093,34077281,1,0,2014,-9223372036854775808
2021-11-30 14:23:58.560,300557.SZ,28.67,100.0,34079243,33863947,34079244,1,0,2014,-9223372036854775808
2021-11-30 14:24:05.710,300557.SZ,28.68,400.0,34093954,32963766,34093955,1,0,2014,-9223372036854775808
2021-11-30 14:24:05.710,300557.SZ,28.68,300.0,34093954,33434259,34093956,1,0,2014,-9223372036854775808
2021-11-30 14:24:07.370,300557.SZ,28.67,100.0,34085357,34098108,34098109,1,0,2014,-9223372036854775808
2021-11-30 14:24:10.720,300557.SZ,0.0,100.0,34077280,0,34105819,2,0,2014,-9223372036854775808
2021-11-30 14:24:11.710,300557.SZ,0.0,100.0,34079374,0,34107452,2,0,2014,-9223372036854775808
2021-11-30 14:24:26.240,300557.SZ,28.73,500.0,34136480,33433711,34136481,1,0,2014,-9223372036854775808
2021-11-30 14:24:31.390,300557.SZ,28.73,100.0,34136480,34145444,34145445,1,0,2014,-9223372036854775808
2021-11-30 14:24:31.560,300557.SZ,28.73,100.0,34136480,34145686,34145687,1,0,2014,-9223372036854775808
2021-11-30 14:24:31.580,300557.SZ,28.73,1300.0,34136480,34145719,34145720,1,0,2014,-9223372036854775808
2021-11-30 14:24:33.000,300557.SZ,0.0,100.0,0,34145925,34147689,2,0,2014,-9223372036854775808
2021-11-30 14:24:34.000,300557.SZ,0.0,200.0,0,34146415,34149453,2,0,2014,-9223372036854775808
2021-11-30 14:24:36.000,300557.SZ,0.0,200.0,0,34149597,34153101,2,0,2014,-9223372036854775808
2021-11-30 14:24:36.000,300557.SZ,0.0,100.0,0,34150858,34153103,2,0,2014,-9223372036854775808
2021-11-30 14:24:37.700,300557.SZ,28.65,100.0,34150772,34156229,34156230,1,0,2014,-9223372036854775808
2021-11-30 14:24:38.000,300557.SZ,0.0,200.0,0,34153246,34156623,2,0,2014,-9223372036854775808
2021-11-30 14:24:43.400,300557.SZ,0.0,1000.0,0,34150300,34165867,2,0,2014,-9223372036854775808
2021-11-30 14:25:36.770,300557.SZ,28.69,100.0,34259425,34169274,34259426,1,0,2014,-9223372036854775808
2021-11-30 14:25:36.770,300557.SZ,28.7,100.0,34259425,34145931,34259427,1,0,2014,-9223372036854775808
2021-11-30 14:25:36.770,300557.SZ,28.7,100.0,34259425,34148807,34259428,1,0,2014,-9223372036854775808
2021-11-30 14:25:36.770,300557.SZ,28.72,100.0,34259425,34148963,34259429,1,0,2014,-9223372036854775808
2021-11-30 14:25:54.950,300557.SZ,0.0,1900.0,34150772,0,34289187,2,0,2014,-9223372036854775808
2021-11-30 14:26:08.380,300557.SZ,28.66,100.0,34183935,34314685,34314686,1,0,2014,-9223372036854775808
2021-11-30 14:26:08.380,300557.SZ,28.66,100.0,34204447,34314685,34314687,1,0,2014,-9223372036854775808
2021-11-30 14:26:08.380,300557.SZ,28.66,200.0,34239463,34314685,34314688,1,0,2014,-9223372036854775808
2021-11-30 14:26:09.090,300557.SZ,28.66,200.0,34239463,34315815,34315816,1,0,2014,-9223372036854775808
2021-11-30 14:26:15.200,300557.SZ,0.0,300.0,0,34300246,34327789,2,0,2014,-9223372036854775808
2021-11-30 14:26:18.350,300557.SZ,28.66,300.0,34239463,34333142,34333143,1,0,2014,-9223372036854775808
2021-11-30 14:27:42.230,300557.SZ,28.67,300.0,34361276,34473265,34473266,1,0,2014,-9223372036854775808
2021-11-30 14:27:42.230,300557.SZ,28.67,600.0,34423936,34473265,34473267,1,0,2014,-9223372036854775808
2021-11-30 14:28:07.190,300557.SZ,28.67,300.0,34423936,34515607,34515608,1,0,2014,-9223372036854775808
2021-11-30 14:28:34.040,300557.SZ,28.72,200.0,34558543,34148963,34558544,1,0,2014,-9223372036854775808
2021-11-30 14:28:34.040,300557.SZ,28.72,200.0,34558543,34150344,34558545,1,0,2014,-9223372036854775808
2021-11-30 14:29:12.400,300557.SZ,0.0,1000.0,0,29107317,34618593,2,0,2014,-9223372036854775808
2021-11-30 14:29:42.470,300557.SZ,0.0,500.0,34075636,0,34665806,2,0,2014,-9223372036854775808
2021-11-30 14:29:49.100,300557.SZ,0.0,500.0,0,34651258,34675867,2,0,2014,-9223372036854775808
2021-11-30 14:29:53.210,300557.SZ,28.67,100.0,34423936,34681423,34681424,1,0,2014,-9223372036854775808
2021-11-30 14:29:56.000,300557.SZ,0.0,100.0,0,34682306,34685560,2,0,2014,-9223372036854775808
2021-11-30 14:29:58.000,300557.SZ,0.0,100.0,0,34685609,34687883,2,0,2014,-9223372036854775808
2021-11-30 14:29:58.710,300557.SZ,28.67,400.0,34688984,34681423,34688985,1,0,2014,-9223372036854775808
2021-11-30 14:30:00.720,300557.SZ,0.0,100.0,0,34127058,34692735,2,0,2014,-9223372036854775808
2021-11-30 14:30:00.880,300557.SZ,0.0,300.0,0,34127487,34693143,2,0,2014,-9223372036854775808
2021-11-30 14:30:01.380,300557.SZ,28.67,100.0,34688984,34694521,34694522,1,0,2014,-9223372036854775808
2021-11-30 14:30:02.530,300557.SZ,0.0,100.0,0,34582997,34696694,2,0,2014,-9223372036854775808
2021-11-30 14:30:05.030,300557.SZ,28.68,100.0,34699731,34704649,34704650,1,0,2014,-9223372036854775808
2021-11-30 14:30:05.340,300557.SZ,0.0,100.0,0,34136031,34706020,2,0,2014,-9223372036854775808
2021-11-30 14:30:09.120,300557.SZ,0.0,500.0,0,241860,34725078,2,0,2014,-9223372036854775808
2021-11-30 14:30:11.690,300557.SZ,0.0,200.0,34688984,0,34735433,2,0,2014,-9223372036854775808
2021-11-30 14:30:14.690,300557.SZ,0.0,400.0,34695122,0,34744756,2,0,2014,-9223372036854775808
2021-11-30 14:30:16.620,300557.SZ,28.68,100.0,34699731,34751506,34751507,1,0,2014,-9223372036854775808
2021-11-30 14:31:01.360,300557.SZ,28.72,100.0,34845803,34731672,34845804,1,0,2014,-9223372036854775808
2021-11-30 14:31:01.360,300557.SZ,28.72,300.0,34845803,34807309,34845805,1,0,2014,-9223372036854775808
2021-11-30 14:31:32.040,300557.SZ,28.68,300.0,34699731,34924084,34924085,1,0,2014,-9223372036854775808
2021-11-30 14:31:32.040,300557.SZ,28.68,2600.0,34754948,34924084,34924086,1,0,2014,-9223372036854775808
2021-11-30 14:31:47.790,300557.SZ,28.67,100.0,34955706,34941412,34955707,1,0,2014,-9223372036854775808
2021-11-30 14:31:47.790,300557.SZ,28.68,400.0,34955706,34924084,34955708,1,0,2014,-9223372036854775808
2021-11-30 14:31:49.240,300557.SZ,0.0,100.0,0,34723861,34958493,2,0,2014,-9223372036854775808
2021-11-30 14:31:49.620,300557.SZ,0.0,300.0,0,34725504,34959392,2,0,2014,-9223372036854775808
2021-11-30 14:31:51.840,300557.SZ,0.0,100.0,0,34745709,34962746,2,0,2014,-9223372036854775808
2021-11-30 14:32:02.560,300557.SZ,28.68,11500.0,34983826,34924084,34983827,1,0,2014,-9223372036854775808
2021-11-30 14:32:03.080,300557.SZ,28.68,100.0,34984687,34924084,34984688,1,0,2014,-9223372036854775808
2021-11-30 14:32:03.100,300557.SZ,0.0,2000.0,0,3230464,34984734,2,0,2014,-9223372036854775808
2021-11-30 14:32:04.900,300557.SZ,0.0,2000.0,0,3444872,34988575,2,0,2014,-9223372036854775808
2021-11-30 14:32:07.730,300557.SZ,28.67,500.0,34995172,34985476,34995173,1,0,2014,-9223372036854775808
2021-11-30 14:32:10.730,300557.SZ,28.68,4700.0,35001560,34924084,35001561,1,0,2014,-9223372036854775808
2021-11-30 14:32:10.740,300557.SZ,28.68,400.0,35001576,34924084,35001577,1,0,2014,-9223372036854775808
2021-11-30 14:32:14.810,300557.SZ,0.0,300.0,0,34612047,35008484,2,0,2014,-9223372036854775808
2021-11-30 14:32:20.740,300557.SZ,0.0,600.0,34995172,0,35019006,2,0,2014,-9223372036854775808
2021-11-30 14:32:22.630,300557.SZ,0.0,600.0,48578,0,35022295,2,0,2014,-9223372036854775808
2021-11-30 14:33:23.020,300557.SZ,0.0,100.0,0,34121883,35131854,2,0,2014,-9223372036854775808
2021-11-30 14:33:23.750,300557.SZ,0.0,200.0,0,35025232,35132943,2,0,2014,-9223372036854775808
2021-11-30 14:33:23.760,300557.SZ,0.0,100.0,0,35023368,35132955,2,0,2014,-9223372036854775808
2021-11-30 14:33:26.300,300557.SZ,0.0,100.0,0,35042400,35137628,2,0,2014,-9223372036854775808
2021-11-30 14:33:50.590,300557.SZ,28.72,200.0,35178621,34808790,35178622,1,0,2014,-9223372036854775808
2021-11-30 14:34:00.360,300557.SZ,28.69,100.0,35132012,35195013,35195014,1,0,2014,-9223372036854775808
2021-11-30 14:34:00.360,300557.SZ,28.68,300.0,35007998,35195013,35195015,1,0,2014,-9223372036854775808
2021-11-30 14:34:52.850,300557.SZ,0.0,500.0,34060112,0,35295013,2,0,2014,-9223372036854775808
2021-11-30 14:34:55.710,300557.SZ,0.0,500.0,32905369,0,35300849,2,0,2014,-9223372036854775808
2021-11-30 14:35:57.210,300557.SZ,28.71,100.0,35416727,35220603,35416728,1,0,2014,-9223372036854775808
2021-11-30 14:36:00.210,300557.SZ,0.0,500.0,124298,0,35422215,2,0,2014,-9223372036854775808
2021-11-30 14:36:13.890,300557.SZ,28.69,100.0,35245527,35454501,35454502,1,0,2014,-9223372036854775808
2021-11-30 14:36:20.130,300557.SZ,28.69,100.0,35467820,35454501,35467821,1,0,2014,-9223372036854775808
2021-11-30 14:36:40.720,300557.SZ,0.0,100.0,0,35500107,35509169,2,0,2014,-9223372036854775808
2021-11-30 14:36:43.180,300557.SZ,28.69,100.0,35470631,35513715,35513716,1,0,2014,-9223372036854775808
2021-11-30 14:37:06.030,300557.SZ,28.7,100.0,35554471,35501853,35554472,1,0,2014,-9223372036854775808
2021-11-30 14:37:06.030,300557.SZ,28.7,100.0,35554471,35544196,35554473,1,0,2014,-9223372036854775808
2021-11-30 14:37:23.430,300557.SZ,0.0,100.0,0,35572603,35588003,2,0,2014,-9223372036854775808
2021-11-30 14:37:25.390,300557.SZ,28.69,100.0,35478167,35592107,35592108,1,0,2014,-9223372036854775808
2021-11-30 14:37:26.510,300557.SZ,28.71,100.0,35594244,35484149,35594245,1,0,2014,-9223372036854775808
2021-11-30 14:37:44.600,300557.SZ,0.0,100.0,0,35597901,35626119,2,0,2014,-9223372036854775808
2021-11-30 14:37:47.740,300557.SZ,28.71,100.0,35632761,35627011,35632762,1,0,2014,-9223372036854775808
2021-11-30 14:37:47.740,300557.SZ,28.72,500.0,35632761,34808790,35632763,1,0,2014,-9223372036854775808
2021-11-30 14:37:48.200,300557.SZ,0.0,100.0,34397882,0,35633545,2,0,2014,-9223372036854775808
2021-11-30 14:37:51.130,300557.SZ,0.0,400.0,35071246,0,35638373,2,0,2014,-9223372036854775808
2021-11-30 14:38:24.450,300557.SZ,28.69,100.0,35488914,35701325,35701326,1,0,2014,-9223372036854775808
2021-11-30 14:38:38.390,300557.SZ,0.0,100.0,0,34127820,35725877,2,0,2014,-9223372036854775808
2021-11-30 14:39:12.430,300557.SZ,0.0,400.0,2656407,0,35786576,2,0,2014,-9223372036854775808
2021-11-30 14:39:24.100,300557.SZ,28.71,100.0,35808928,35719828,35808929,1,0,2014,-9223372036854775808
2021-11-30 14:39:24.100,300557.SZ,28.72,100.0,35808928,34808790,35808930,1,0,2014,-9223372036854775808
2021-11-30 14:39:51.730,300557.SZ,28.72,200.0,35858958,34808790,35858959,1,0,2014,-9223372036854775808
2021-11-30 14:39:51.730,300557.SZ,28.72,100.0,35858958,35856719,35858960,1,0,2014,-9223372036854775808
2021-11-30 14:39:53.360,300557.SZ,0.0,200.0,0,31230194,35861970,2,0,2014,-9223372036854775808
2021-11-30 14:39:57.040,300557.SZ,28.72,400.0,35869777,35856719,35869778,1,0,2014,-9223372036854775808
2021-11-30 14:40:01.360,300557.SZ,28.72,400.0,35869777,35880793,35880794,1,0,2014,-9223372036854775808
2021-11-30 14:40:02.190,300557.SZ,28.72,200.0,35869777,35882782,35882783,1,0,2014,-9223372036854775808
2021-11-30 14:40:23.110,300557.SZ,28.73,100.0,35937153,34670222,35937154,1,0,2014,-9223372036854775808
2021-11-30 14:40:57.590,300557.SZ,0.0,400.0,0,34670222,36008192,2,0,2014,-9223372036854775808
2021-11-30 14:41:13.220,300557.SZ,28.73,100.0,36046411,35881634,36046412,1,0,2014,-9223372036854775808
2021-11-30 14:41:17.660,300557.SZ,0.0,100.0,36008328,0,36056379,2,0,2014,-9223372036854775808
2021-11-30 14:41:17.950,300557.SZ,0.0,400.0,0,136584,36057207,2,0,2014,-9223372036854775808
2021-11-30 14:41:22.490,300557.SZ,28.73,100.0,36067689,35881634,36067690,1,0,2014,-9223372036854775808
2021-11-30 14:41:36.030,300557.SZ,28.73,100.0,36095692,35881634,36095693,1,0,2014,-9223372036854775808
2021-11-30 14:41:36.030,300557.SZ,28.73,200.0,36095692,36087372,36095694,1,0,2014,-9223372036854775808
2021-11-30 14:41:36.030,300557.SZ,28.74,100.0,36095700,34113619,36095701,1,0,2014,-9223372036854775808
2021-11-30 14:41:49.470,300557.SZ,28.73,100.0,36095692,36124639,36124640,1,0,2014,-9223372036854775808
2021-11-30 14:41:57.230,300557.SZ,0.0,200.0,15020905,0,36141172,2,0,2014,-9223372036854775808
2021-11-30 14:41:57.840,300557.SZ,0.0,500.0,35007998,0,36142322,2,0,2014,-9223372036854775808
2021-11-30 14:42:22.590,300557.SZ,0.0,200.0,34070544,0,36198789,2,0,2014,-9223372036854775808
2021-11-30 14:43:29.440,300557.SZ,0.0,200.0,0,36322139,36338001,2,0,2014,-9223372036854775808
2021-11-30 14:43:36.110,300557.SZ,28.73,100.0,36225389,36351550,36351551,1,0,2014,-9223372036854775808
2021-11-30 14:43:40.740,300557.SZ,28.72,200.0,36056300,36362523,36362524,1,0,2014,-9223372036854775808
2021-11-30 14:43:40.740,300557.SZ,28.72,500.0,36169587,36362523,36362525,1,0,2014,-9223372036854775808
2021-11-30 14:43:40.750,300557.SZ,28.72,300.0,36362563,36362523,36362564,1,0,2014,-9223372036854775808
2021-11-30 14:43:46.790,300557.SZ,28.73,100.0,36373854,36351550,36373855,1,0,2014,-9223372036854775808
2021-11-30 14:43:49.280,300557.SZ,28.73,100.0,36373854,36378474,36378475,1,0,2014,-9223372036854775808
2021-11-30 14:43:52.480,300557.SZ,28.73,100.0,36373854,36384453,36384454,1,0,2014,-9223372036854775808
2021-11-30 14:44:08.400,300557.SZ,0.0,100.0,0,36396013,36417375,2,0,2014,-9223372036854775808
2021-11-30 14:44:13.500,300557.SZ,28.73,200.0,36428887,36428907,36428908,1,0,2014,-9223372036854775808
2021-11-30 14:44:13.500,300557.SZ,28.71,400.0,36078804,36428907,36428909,1,0,2014,-9223372036854775808
2021-11-30 14:44:31.000,300557.SZ,0.0,100.0,0,36437464,36464835,2,0,2014,-9223372036854775808
2021-11-30 14:44:32.660,300557.SZ,28.71,100.0,36078804,36468623,36468624,1,0,2014,-9223372036854775808
2021-11-30 14:44:33.850,300557.SZ,0.0,100.0,0,36148413,36471184,2,0,2014,-9223372036854775808
2021-11-30 14:44:41.230,300557.SZ,0.0,200.0,0,8846529,36487454,2,0,2014,-9223372036854775808
2021-11-30 14:44:41.620,300557.SZ,0.0,100.0,0,36124797,36488176,2,0,2014,-9223372036854775808
2021-11-30 14:44:44.600,300557.SZ,0.0,200.0,27359644,0,36494127,2,0,2014,-9223372036854775808
2021-11-30 14:44:44.650,300557.SZ,0.0,200.0,30354448,0,36494195,2,0,2014,-9223372036854775808
2021-11-30 14:44:48.050,300557.SZ,28.71,100.0,36078804,36500379,36500380,1,0,2014,-9223372036854775808
2021-11-30 14:44:48.050,300557.SZ,28.7,700.0,36040987,36500379,36500381,1,0,2014,-9223372036854775808
2021-11-30 14:44:49.600,300557.SZ,28.72,100.0,36503730,36454861,36503731,1,0,2014,-9223372036854775808
2021-11-30 14:44:51.610,300557.SZ,0.0,200.0,27403552,0,36507857,2,0,2014,-9223372036854775808
2021-11-30 14:44:51.670,300557.SZ,0.0,200.0,30317713,0,36508020,2,0,2014,-9223372036854775808
2021-11-30 14:44:59.160,300557.SZ,0.0,200.0,27442898,0,36523242,2,0,2014,-9223372036854775808
2021-11-30 14:45:04.680,300557.SZ,28.72,100.0,36540300,36472597,36540301,1,0,2014,-9223372036854775808
2021-11-30 14:45:10.530,300557.SZ,28.74,100.0,36555641,36558118,36558119,1,0,2014,-9223372036854775808
2021-11-30 14:45:12.550,300557.SZ,28.74,200.0,36555641,36562523,36562524,1,0,2014,-9223372036854775808
2021-11-30 14:45:12.550,300557.SZ,28.72,100.0,36541749,36562523,36562525,1,0,2014,-9223372036854775808
2021-11-30 14:45:12.550,300557.SZ,28.72,100.0,36556577,36562523,36562526,1,0,2014,-9223372036854775808
2021-11-30 14:45:12.550,300557.SZ,28.71,1900.0,36534633,36562523,36562527,1,0,2014,-9223372036854775808
2021-11-30 14:45:12.550,300557.SZ,28.7,400.0,36084865,36562523,36562528,1,0,2014,-9223372036854775808
2021-11-30 14:45:17.790,300557.SZ,0.0,200.0,35764302,0,36577384,2,0,2014,-9223372036854775808
2021-11-30 14:45:50.270,300557.SZ,28.71,400.0,36585936,36649995,36649996,1,0,2014,-9223372036854775808
2021-11-30 14:45:55.480,300557.SZ,28.71,100.0,36585936,36660406,36660407,1,0,2014,-9223372036854775808
2021-11-30 14:46:10.760,300557.SZ,28.72,400.0,36695327,36679608,36695328,1,0,2014,-9223372036854775808
2021-11-30 14:46:13.180,300557.SZ,28.72,100.0,36700094,36679608,36700095,1,0,2014,-9223372036854775808
2021-11-30 14:46:17.730,300557.SZ,0.0,100.0,0,36656355,36709847,2,0,2014,-9223372036854775808
2021-11-30 14:46:36.110,300557.SZ,28.78,100.0,36745800,36198379,36745801,1,0,2014,-9223372036854775808
2021-11-30 14:47:33.800,300557.SZ,0.0,2000.0,35457438,0,36875145,2,0,2014,-9223372036854775808
2021-11-30 14:47:59.960,300557.SZ,0.0,200.0,0,25264,36930247,2,0,2014,-9223372036854775808
2021-11-30 14:48:04.490,300557.SZ,0.0,1000.0,32954790,0,36941263,2,0,2014,-9223372036854775808
2021-11-30 14:48:19.460,300557.SZ,0.0,600.0,0,36941233,36973852,2,0,2014,-9223372036854775808
2021-11-30 14:48:22.450,300557.SZ,0.0,200.0,0,25278,36979814,2,0,2014,-9223372036854775808
2021-11-30 14:48:32.710,300557.SZ,28.78,400.0,36999113,36376624,36999114,1,0,2014,-9223372036854775808
2021-11-30 14:48:32.710,300557.SZ,28.78,200.0,36999113,36777463,36999115,1,0,2014,-9223372036854775808
2021-11-30 14:48:34.200,300557.SZ,0.0,100.0,33182555,0,37002562,2,0,2014,-9223372036854775808
2021-11-30 14:48:34.480,300557.SZ,0.0,600.0,0,36979835,37003237,2,0,2014,-9223372036854775808
2021-11-30 14:48:52.460,300557.SZ,0.0,600.0,0,37010021,37042401,2,0,2014,-9223372036854775808
2021-11-30 14:48:54.150,300557.SZ,0.0,200.0,0,30887708,37045619,2,0,2014,-9223372036854775808
2021-11-30 14:48:55.420,300557.SZ,28.72,100.0,36700096,37048852,37048853,1,0,2014,-9223372036854775808
2021-11-30 14:49:02.230,300557.SZ,0.0,100.0,0,37050747,37064165,2,0,2014,-9223372036854775808
2021-11-30 14:49:07.500,300557.SZ,0.0,600.0,0,37049012,37078070,2,0,2014,-9223372036854775808
2021-11-30 14:49:11.220,300557.SZ,28.77,100.0,37086748,37071211,37086749,1,0,2014,-9223372036854775808
2021-11-30 14:49:11.220,300557.SZ,28.77,600.0,37086748,37085035,37086750,1,0,2014,-9223372036854775808
2021-11-30 14:49:11.220,300557.SZ,28.78,100.0,37086748,36777463,37086751,1,0,2014,-9223372036854775808
2021-11-30 14:49:11.220,300557.SZ,28.78,300.0,37086748,36887374,37086752,1,0,2014,-9223372036854775808
2021-11-30 14:49:22.800,300557.SZ,0.0,1000.0,0,6104393,37113022,2,0,2014,-9223372036854775808
2021-11-30 14:49:36.230,300557.SZ,28.78,100.0,37141510,36887374,37141511,1,0,2014,-9223372036854775808
2021-11-30 14:50:15.180,300557.SZ,0.0,300.0,37093954,0,37250931,2,0,2014,-9223372036854775808
2021-11-30 14:50:21.350,300557.SZ,28.73,100.0,37174482,37268292,37268293,1,0,2014,-9223372036854775808
2021-11-30 14:50:21.350,300557.SZ,28.73,100.0,37182505,37268292,37268294,1,0,2014,-9223372036854775808
2021-11-30 14:50:25.870,300557.SZ,28.78,300.0,37280624,36887374,37280625,1,0,2014,-9223372036854775808
2021-11-30 14:50:30.180,300557.SZ,0.0,100.0,0,37270863,37290880,2,0,2014,-9223372036854775808
2021-11-30 14:51:20.750,300557.SZ,0.0,600.0,10411031,0,37418809,2,0,2014,-9223372036854775808
2021-11-30 14:51:23.990,300557.SZ,0.0,500.0,10378893,0,37427814,2,0,2014,-9223372036854775808
2021-11-30 14:51:29.580,300557.SZ,0.0,200.0,664156,0,37442266,2,0,2014,-9223372036854775808
2021-11-30 14:51:37.210,300557.SZ,28.78,300.0,37461617,36887374,37461618,1,0,2014,-9223372036854775808
2021-11-30 14:51:37.210,300557.SZ,28.78,200.0,37461617,36983437,37461619,1,0,2014,-9223372036854775808
2021-11-30 14:51:40.590,300557.SZ,28.77,100.0,37471597,37469478,37471598,1,0,2014,-9223372036854775808
2021-11-30 14:51:47.370,300557.SZ,28.77,200.0,37489309,37469478,37489310,1,0,2014,-9223372036854775808
2021-11-30 14:52:13.400,300557.SZ,28.72,100.0,36700288,37558911,37558912,1,0,2014,-9223372036854775808
2021-11-30 14:52:16.680,300557.SZ,28.76,100.0,37567932,37509627,37567933,1,0,2014,-9223372036854775808
2021-11-30 14:52:24.500,300557.SZ,28.77,100.0,37587528,37469478,37587529,1,0,2014,-9223372036854775808
2021-11-30 14:52:25.430,300557.SZ,28.76,300.0,37580208,37590116,37590117,1,0,2014,-9223372036854775808
2021-11-30 14:52:26.170,300557.SZ,28.76,100.0,37580208,37591841,37591842,1,0,2014,-9223372036854775808
2021-11-30 14:52:28.680,300557.SZ,28.77,100.0,37597668,37469478,37597669,1,0,2014,-9223372036854775808
2021-11-30 14:52:33.660,300557.SZ,0.0,500.0,102402,0,37609995,2,0,2014,-9223372036854775808
2021-11-30 14:52:35.620,300557.SZ,0.0,1000.0,102401,0,37615571,2,0,2014,-9223372036854775808
2021-11-30 14:52:37.290,300557.SZ,0.0,200.0,102400,0,37620584,2,0,2014,-9223372036854775808
2021-11-30 14:52:50.930,300557.SZ,28.76,100.0,37580208,37657405,37657406,1,0,2014,-9223372036854775808
2021-11-30 14:53:08.970,300557.SZ,28.76,100.0,37580208,37719502,37719503,1,0,2014,-9223372036854775808
2021-11-30 14:53:12.470,300557.SZ,28.76,200.0,37618111,37729854,37729855,1,0,2014,-9223372036854775808
2021-11-30 14:53:16.560,300557.SZ,28.74,100.0,37742208,37739420,37742209,1,0,2014,-9223372036854775808
2021-11-30 14:53:17.630,300557.SZ,0.0,100.0,0,37633665,37745027,2,0,2014,-9223372036854775808
2021-11-30 14:53:17.630,300557.SZ,28.72,100.0,36710876,37745028,37745029,1,0,2014,-9223372036854775808
2021-11-30 14:53:19.650,300557.SZ,0.0,100.0,0,37623688,37750459,2,0,2014,-9223372036854775808
2021-11-30 14:53:21.620,300557.SZ,0.0,100.0,0,37617674,37755395,2,0,2014,-9223372036854775808
2021-11-30 14:53:23.590,300557.SZ,0.0,100.0,0,37605182,37760380,2,0,2014,-9223372036854775808
2021-11-30 14:53:23.600,300557.SZ,28.72,100.0,36710876,37760394,37760395,1,0,2014,-9223372036854775808
2021-11-30 14:53:25.140,300557.SZ,28.73,100.0,37764433,37755405,37764434,1,0,2014,-9223372036854775808
2021-11-30 14:53:27.580,300557.SZ,0.0,100.0,0,37767682,37770480,2,0,2014,-9223372036854775808
2021-11-30 14:53:28.140,300557.SZ,28.73,100.0,37772003,37770486,37772004,1,0,2014,-9223372036854775808
2021-11-30 14:53:28.660,300557.SZ,28.75,100.0,37773478,37750478,37773479,1,0,2014,-9223372036854775808
2021-11-30 14:53:28.990,300557.SZ,0.0,100.0,0,37603363,37774152,2,0,2014,-9223372036854775808
2021-11-30 14:53:32.110,300557.SZ,28.72,100.0,36710876,37782092,37782093,1,0,2014,-9223372036854775808
2021-11-30 14:53:32.110,300557.SZ,28.72,100.0,36764591,37782092,37782094,1,0,2014,-9223372036854775808
2021-11-30 14:53:36.080,300557.SZ,28.75,100.0,37792950,37766511,37792951,1,0,2014,-9223372036854775808
2021-11-30 14:53:37.740,300557.SZ,0.0,200.0,0,37729854,37798171,2,0,2014,-9223372036854775808
2021-11-30 14:53:40.560,300557.SZ,28.74,100.0,37805642,37797741,37805643,1,0,2014,-9223372036854775808
2021-11-30 14:53:58.870,300557.SZ,28.72,200.0,36764591,37853251,37853252,1,0,2014,-9223372036854775808
2021-11-30 14:54:11.990,300557.SZ,0.0,100.0,0,37806634,37891861,2,0,2014,-9223372036854775808
2021-11-30 14:54:15.690,300557.SZ,0.0,600.0,0,34663964,37902113,2,0,2014,-9223372036854775808
2021-11-30 14:54:16.120,300557.SZ,28.73,100.0,37903453,37888418,37903454,1,0,2014,-9223372036854775808
2021-11-30 14:54:16.200,300557.SZ,28.74,100.0,37903737,37799158,37903738,1,0,2014,-9223372036854775808
2021-11-30 14:54:17.640,300557.SZ,0.0,100.0,0,37815751,37907485,2,0,2014,-9223372036854775808
2021-11-30 14:54:19.590,300557.SZ,28.73,100.0,37913118,37907519,37913119,1,0,2014,-9223372036854775808
2021-11-30 14:54:19.720,300557.SZ,0.0,100.0,0,37814253,37913521,2,0,2014,-9223372036854775808
2021-11-30 14:54:19.730,300557.SZ,0.0,100.0,0,37808254,37913714,2,0,2014,-9223372036854775808
2021-11-30 14:54:19.990,300557.SZ,28.72,100.0,36764591,37914330,37914331,1,0,2014,-9223372036854775808
2021-11-30 14:54:23.570,300557.SZ,0.0,100.0,0,37803681,37924241,2,0,2014,-9223372036854775808
2021-11-30 14:54:25.810,300557.SZ,28.72,300.0,37930439,37920884,37930440,1,0,2014,-9223372036854775808
2021-11-30 14:54:25.810,300557.SZ,28.73,100.0,37930439,37924225,37930441,1,0,2014,-9223372036854775808
2021-11-30 14:54:29.220,300557.SZ,28.71,100.0,37939308,37930815,37939309,1,0,2014,-9223372036854775808
2021-11-30 14:54:29.220,300557.SZ,28.71,100.0,37939308,37934537,37939310,1,0,2014,-9223372036854775808
2021-11-30 14:54:29.830,300557.SZ,28.73,100.0,37939308,37940600,37940601,1,0,2014,-9223372036854775808
2021-11-30 14:54:31.820,300557.SZ,28.71,100.0,37946340,37945460,37946341,1,0,2014,-9223372036854775808
2021-11-30 14:54:32.270,300557.SZ,0.0,100.0,0,36727886,37947493,2,0,2014,-9223372036854775808
2021-11-30 14:54:34.300,300557.SZ,0.0,100.0,0,36115863,37952907,2,0,2014,-9223372036854775808
2021-11-30 14:54:37.590,300557.SZ,28.71,100.0,37962893,37950754,37962894,1,0,2014,-9223372036854775808
2021-11-30 14:54:38.800,300557.SZ,0.0,100.0,0,36114012,37967070,2,0,2014,-9223372036854775808
2021-11-30 14:54:38.890,300557.SZ,0.0,200.0,0,36117254,37967300,2,0,2014,-9223372036854775808
2021-11-30 14:54:39.850,300557.SZ,0.0,100.0,0,37963033,37970768,2,0,2014,-9223372036854775808
2021-11-30 14:54:41.300,300557.SZ,0.0,600.0,124152,0,37975088,2,0,2014,-9223372036854775808
2021-11-30 14:54:41.610,300557.SZ,0.0,100.0,0,36120921,37975838,2,0,2014,-9223372036854775808
2021-11-30 14:54:45.190,300557.SZ,0.0,2000.0,32360211,0,37985732,2,0,2014,-9223372036854775808
2021-11-30 14:54:53.320,300557.SZ,28.71,100.0,38007719,37970858,38007720,1,0,2014,-9223372036854775808
2021-11-30 14:54:55.670,300557.SZ,0.0,100.0,0,37956387,38014888,2,0,2014,-9223372036854775808
2021-11-30 14:55:07.930,300557.SZ,28.71,100.0,38057530,38003802,38057531,1,0,2014,-9223372036854775808
2021-11-30 14:55:11.670,300557.SZ,28.71,100.0,38070343,38014926,38070344,1,0,2014,-9223372036854775808
2021-11-30 14:55:13.570,300557.SZ,0.0,100.0,0,37955149,38077486,2,0,2014,-9223372036854775808
2021-11-30 14:55:13.600,300557.SZ,28.71,100.0,38070343,38077587,38077588,1,0,2014,-9223372036854775808
2021-11-30 14:55:15.690,300557.SZ,28.71,100.0,38070343,38083544,38083545,1,0,2014,-9223372036854775808
2021-11-30 14:55:17.170,300557.SZ,0.0,200.0,0,29751945,38088363,2,0,2014,-9223372036854775808
2021-11-30 14:55:19.620,300557.SZ,28.71,100.0,38096142,38087160,38096143,1,0,2014,-9223372036854775808
2021-11-30 14:55:23.570,300557.SZ,0.0,100.0,0,38098820,38107886,2,0,2014,-9223372036854775808
2021-11-30 14:55:23.580,300557.SZ,28.71,100.0,38096144,38107928,38107929,1,0,2014,-9223372036854775808
2021-11-30 14:55:23.660,300557.SZ,28.7,600.0,36084865,38108166,38108167,1,0,2014,-9223372036854775808
2021-11-30 14:55:23.660,300557.SZ,28.7,400.0,36659076,38108166,38108168,1,0,2014,-9223372036854775808
2021-11-30 14:55:23.660,300557.SZ,28.69,500.0,35795342,38108166,38108169,1,0,2014,-9223372036854775808
2021-11-30 14:55:23.660,300557.SZ,28.69,200.0,35880445,38108166,38108170,1,0,2014,-9223372036854775808
2021-11-30 14:55:25.670,300557.SZ,28.71,100.0,38114105,38114390,38114391,1,0,2014,-9223372036854775808
2021-11-30 14:55:25.790,300557.SZ,0.0,100.0,0,38096353,38114752,2,0,2014,-9223372036854775808
2021-11-30 14:55:28.570,300557.SZ,28.75,100.0,38123405,38089963,38123406,1,0,2014,-9223372036854775808
2021-11-30 14:55:28.570,300557.SZ,28.76,100.0,38123405,37957448,38123407,1,0,2014,-9223372036854775808
2021-11-30 14:55:29.910,300557.SZ,28.7,100.0,38123577,38126914,38126915,1,0,2014,-9223372036854775808
2021-11-30 14:55:29.910,300557.SZ,28.7,100.0,38126099,38126914,38126916,1,0,2014,-9223372036854775808
2021-11-30 14:55:29.910,300557.SZ,28.69,100.0,35880445,38126914,38126917,1,0,2014,-9223372036854775808
2021-11-30 14:55:35.580,300557.SZ,28.69,300.0,35880445,38144030,38144031,1,0,2014,-9223372036854775808
2021-11-30 14:55:46.050,300557.SZ,0.0,200.0,0,11206648,38176509,2,0,2014,-9223372036854775808
2021-11-30 14:55:52.580,300557.SZ,28.7,100.0,38186628,38197856,38197857,1,0,2014,-9223372036854775808
2021-11-30 14:55:55.550,300557.SZ,28.69,100.0,35880445,38206954,38206955,1,0,2014,-9223372036854775808
2021-11-30 14:55:59.790,300557.SZ,0.0,100.0,0,38142731,38219605,2,0,2014,-9223372036854775808
2021-11-30 14:56:00.020,300557.SZ,0.0,100.0,0,37267367,38220483,2,0,2014,-9223372036854775808
2021-11-30 14:56:00.030,300557.SZ,0.0,100.0,0,37264026,38220639,2,0,2014,-9223372036854775808
2021-11-30 14:56:00.370,300557.SZ,28.69,100.0,35880445,38222640,38222641,1,0,2014,-9223372036854775808
2021-11-30 14:56:00.440,300557.SZ,28.69,100.0,35880445,38223274,38223275,1,0,2014,-9223372036854775808
2021-11-30 14:56:01.950,300557.SZ,28.69,100.0,35880445,38229990,38229991,1,0,2014,-9223372036854775808
2021-11-30 14:56:05.070,300557.SZ,0.0,100.0,0,38137622,38241755,2,0,2014,-9223372036854775808
2021-11-30 14:56:05.080,300557.SZ,28.69,200.0,35935435,38241827,38241828,1,0,2014,-9223372036854775808
2021-11-30 14:56:05.630,300557.SZ,0.0,100.0,0,38133506,38243537,2,0,2014,-9223372036854775808
2021-11-30 14:56:07.560,300557.SZ,0.0,100.0,0,38132018,38250037,2,0,2014,-9223372036854775808
2021-11-30 14:56:08.550,300557.SZ,0.0,800.0,124162,0,38252924,2,0,2014,-9223372036854775808
2021-11-30 14:56:11.690,300557.SZ,0.0,100.0,0,38259373,38263226,2,0,2014,-9223372036854775808
2021-11-30 14:56:11.720,300557.SZ,28.7,100.0,38256136,38263324,38263325,1,0,2014,-9223372036854775808
2021-11-30 14:56:16.640,300557.SZ,0.0,200.0,38184013,0,38279391,2,0,2014,-9223372036854775808
2021-11-30 14:56:30.000,300557.SZ,0.0,500.0,0,37107067,38319734,2,0,2014,-9223372036854775808
2021-11-30 14:56:30.340,300557.SZ,28.7,500.0,38296604,38320828,38320829,1,0,2014,-9223372036854775808
2021-11-30 14:56:35.350,300557.SZ,0.0,100.0,0,38250073,38336951,2,0,2014,-9223372036854775808
2021-11-30 14:56:35.360,300557.SZ,28.7,100.0,38296604,38336976,38336977,1,0,2014,-9223372036854775808
2021-11-30 14:56:36.940,300557.SZ,28.73,100.0,38341676,38243563,38341677,1,0,2014,-9223372036854775808
2021-11-30 14:56:36.940,300557.SZ,28.74,2500.0,38341676,38216645,38341678,1,0,2014,-9223372036854775808
2021-11-30 14:56:36.940,300557.SZ,28.75,2300.0,38341676,38202214,38341679,1,0,2014,-9223372036854775808
2021-11-30 14:56:37.360,300557.SZ,28.75,100.0,38341676,38342833,38342834,1,0,2014,-9223372036854775808
2021-11-30 14:56:37.730,300557.SZ,28.75,100.0,38341676,38343832,38343833,1,0,2014,-9223372036854775808
2021-11-30 14:56:39.520,300557.SZ,0.0,2000.0,0,5880953,38348425,2,0,2014,-9223372036854775808
2021-11-30 14:56:43.660,300557.SZ,0.0,100.0,0,38353541,38360019,2,0,2014,-9223372036854775808
2021-11-30 14:56:43.670,300557.SZ,0.0,100.0,0,38348672,38360047,2,0,2014,-9223372036854775808
2021-11-30 14:56:45.360,300557.SZ,28.71,200.0,38344086,38364538,38364539,1,0,2014,-9223372036854775808
2021-11-30 14:56:55.000,300557.SZ,0.0,200.0,0,37044801,38392958,2,0,2014,-9223372036854775808
2021-11-30 15:00:00.000,300557.SZ,28.7,700.0,38481534,38496447,38617545,1,0,2014,-9223372036854775808
2021-11-30 15:00:00.000,300557.SZ,28.7,200.0,38484279,38496447,38617546,1,0,2014,-9223372036854775808
2021-11-30 15:00:00.000,300557.SZ,28.7,200.0,38488320,38496447,38617547,1,0,2014,-9223372036854775808
2021-11-30 15:00:00.000,300557.SZ,28.7,500.0,38491004,38496447,38617548,1,0,2014,-9223372036854775808
2021-11-30 15:00:00.000,300557.SZ,28.7,100.0,38458021,38496447,38617549,1,0,2014,-9223372036854775808
2021-11-30 15:00:00.000,300557.SZ,28.7,300.0,38530819,38496447,38617550,1,0,2014,-9223372036854775808
2021-11-30 15:00:00.000,300557.SZ,28.7,200.0,38530819,38523697,38617551,1,0,2014,-9223372036854775808
2021-11-30 15:00:00.000,300557.SZ,28.7,500.0,38530819,38525691,38617552,1,0,2014,-9223372036854775808
2021-11-30 15:00:00.000,300557.SZ,28.7,600.0,38529811,38478332,38617553,1,0,2014,-9223372036854775808
2021-11-30 15:00:00.000,300557.SZ,28.7,200.0,38530137,38478332,38617554,1,0,2014,-9223372036854775808
2021-11-30 15:00:00.000,300557.SZ,28.7,100.0,38530297,38478332,38617555,1,0,2014,-9223372036854775808
2021-11-30 15:00:00.000,300557.SZ,28.7,800.0,38530570,38478332,38617556,1,0,2014,-9223372036854775808
2021-11-30 15:00:00.000,300557.SZ,28.7,500.0,38530604,38478332,38617557,1,0,2014,-9223372036854775808
2021-11-30 15:00:00.000,300557.SZ,28.7,100.0,38530649,38478332,38617558,1,0,2014,-9223372036854775808
2021-11-30 15:00:00.000,300557.SZ,28.7,400.0,38530746,38478332,38617559,1,0,2014,-9223372036854775808
2021-11-30 15:00:00.000,300557.SZ,28.7,200.0,38531289,38478332,38617560,1,0,2014,-9223372036854775808
2021-11-30 15:00:00.000,300557.SZ,28.7,300.0,38463162,38478332,38617561,1,0,2014,-9223372036854775808
2021-11-30 15:00:00.000,300557.SZ,28.7,1000.0,38407289,38478332,38617562,1,0,2014,-9223372036854775808
2021-11-30 15:00:00.000,300557.SZ,28.7,600.0,38344086,38478332,38617563,1,0,2014,-9223372036854775808
2021-11-30 15:00:00.000,300557.SZ,28.7,100.0,38296604,38478332,38617564,1,0,2014,-9223372036854775808
2021-11-30 15:00:00.000,300557.SZ,28.7,100.0,38296604,38477161,38617565,1,0,2014,-9223372036854775808
